{"mean":{"confidence_interval":{"confidence_level":0.95,"lower_bound":309240.1169152732,"upper_bound":309573.4808712392},"point_estimate":309390.04642569885,"standard_error":85.73046050994076},"median":{"confidence_interval":{"confidence_level":0.95,"lower_bound":309111.2103658536,"upper_bound":309215.91472445463},"point_estimate":309169.62395506795,"standard_error":27.213575095813763},"median_abs_dev":{"confidence_interval":{"confidence_level":0.95,"lower_bound":125.31380414996632,"upper_bound":231.95973763185563},"point_estimate":184.435436725651,"standard_error":29.423525955480557},"slope":{"confidence_interval":{"confidence_level":0.95,"lower_bound":309227.1276953305,"upper_bound":309481.8093329154},"point_estimate":309336.5721043298,"standard_error":65.4239704309334},"std_dev":{"confidence_interval":{"confidence_level":0.95,"lower_bound":435.792256313851,"upper_bound":1223.4199221127171},"point_estimate":859.7704112874684,"standard_error":204.22776047797169}}