{"mean":{"confidence_interval":{"confidence_level":0.95,"lower_bound":309211.88473723567,"upper_bound":310417.95827972074},"point_estimate":309655.9417324883,"standard_error":336.50331206438887},"median":{"confidence_interval":{"confidence_level":0.95,"lower_bound":309090.62313988095,"upper_bound":309190.96875},"point_estimate":309139.2713888889,"standard_error":28.371018810280372},"median_abs_dev":{"confidence_interval":{"confidence_level":0.95,"lower_bound":144.28897372038412,"upper_bound":255.5599547219079},"point_estimate":186.36176628502508,"standard_error":28.394854939981947},"slope":{"confidence_interval":{"confidence_level":0.95,"lower_bound":309178.5159316089,"upper_bound":310814.65152429556},"point_estimate":309754.2387350377,"standard_error":452.8593613456166},"std_dev":{"confidence_interval":{"confidence_level":0.95,"lower_bound":405.855742496326,"upper_bound":5724.618588785158},"point_estimate":3393.0053813791837,"standard_error":1747.9809555527968}}