{"mean":{"confidence_interval":{"confidence_level":0.95,"lower_bound":309119.95786250266,"upper_bound":309364.1765688464},"point_estimate":309226.9277046619,"standard_error":62.7094496167755},"median":{"confidence_interval":{"confidence_level":0.95,"lower_bound":309071.4855072464,"upper_bound":309136.2705882353},"point_estimate":309106.3416666667,"standard_error":14.801133735679038},"median_abs_dev":{"confidence_interval":{"confidence_level":0.95,"lower_bound":101.1969449571297,"upper_bound":200.95537440781376},"point_estimate":137.44342307424003,"standard_error":24.66301731782773},"slope":{"confidence_interval":{"confidence_level":0.95,"lower_bound":309158.953692621,"upper_bound":309668.039022838},"point_estimate":309375.59153465345,"standard_error":133.02929045231062},"std_dev":{"confidence_interval":{"confidence_level":0.95,"lower_bound":249.94497973130578,"upper_bound":921.5735659569664},"point_estimate":628.4406836577261,"standard_error":175.34884994415808}}