{"mean":{"confidence_interval":{"confidence_level":0.95,"lower_bound":309175.18391930533,"upper_bound":309500.4672535299},"point_estimate":309325.6438589258,"standard_error":83.49775538075572},"median":{"confidence_interval":{"confidence_level":0.95,"lower_bound":309076.915625,"upper_bound":309147.63964716136},"point_estimate":309113.3747835498,"standard_error":20.12135256079072},"median_abs_dev":{"confidence_interval":{"confidence_level":0.95,"lower_bound":137.83881371666484,"upper_bound":240.82304405155432},"point_estimate":193.99645389855468,"standard_error":27.005385703677568},"slope":{"confidence_interval":{"confidence_level":0.95,"lower_bound":309233.9548266837,"upper_bound":309821.6530479415},"point_estimate":309503.38696468156,"standard_error":151.03345789945305},"std_dev":{"confidence_interval":{"confidence_level":0.95,"lower_bound":513.6086156066611,"upper_bound":1097.7055116589834},"point_estimate":840.7952228644757,"standard_error":149.3437697654747}}