{"mean":{"confidence_interval":{"confidence_level":0.95,"lower_bound":440434.0370960376,"upper_bound":443889.5400626961},"point_estimate":442220.0445231077,"standard_error":881.5029843732635},"median":{"confidence_interval":{"confidence_level":0.95,"lower_bound":442076.6987951807,"upper_bound":446891.16475095786},"point_estimate":445602.5145348837,"standard_error":1351.4654739532937},"median_abs_dev":{"confidence_interval":{"confidence_level":0.95,"lower_bound":4831.849953962797,"upper_bound":9689.010547886144},"point_estimate":6395.271772756875,"standard_error":1342.8569170608182},"slope":{"confidence_interval":{"confidence_level":0.95,"lower_bound":443207.15602897736,"upper_bound":445980.2841644042},"point_estimate":444633.26577508496,"standard_error":707.8504032007615},"std_dev":{"confidence_interval":{"confidence_level":0.95,"lower_bound":6893.545684911205,"upper_bound":11001.339958035325},"point_estimate":8862.208803462294,"standard_error":1077.6528156150214}}