{"mean":{"confidence_interval":{"confidence_level":0.95,"lower_bound":309125.4061879897,"upper_bound":309935.87894834694},"point_estimate":309413.6366815906,"standard_error":243.968532296781},"median":{"confidence_interval":{"confidence_level":0.95,"lower_bound":309055.2173913043,"upper_bound":309131.76715176716},"point_estimate":309087.96448863635,"standard_error":20.88534053675392},"median_abs_dev":{"confidence_interval":{"confidence_level":0.95,"lower_bound":109.54335626446068,"upper_bound":225.97898807233344},"point_estimate":158.9743232222047,"standard_error":29.670186570892508},"slope":{"confidence_interval":{"confidence_level":0.95,"lower_bound":309161.6691173183,"upper_bound":311340.85319450434},"point_estimate":309873.0449268509,"standard_error":645.1037033270802},"std_dev":{"confidence_interval":{"confidence_level":0.95,"lower_bound":232.04653739388223,"upper_bound":4192.108548303609},"point_estimate":2455.869854665586,"standard_error":1400.625881633901}}