{"mean":{"confidence_interval":{"confidence_level":0.95,"lower_bound":452048.84110616025,"upper_bound":453664.344598799},"point_estimate":453062.12319233053,"standard_error":455.91264310932445},"median":{"confidence_interval":{"confidence_level":0.95,"lower_bound":453353.484375,"upper_bound":453611.13684210525},"point_estimate":453440.2986111111,"standard_error":81.22799654580352},"median_abs_dev":{"confidence_interval":{"confidence_level":0.95,"lower_bound":425.07027397074563,"upper_bound":710.2236173055501},"point_estimate":612.8255921402904,"standard_error":70.1936312027386},"slope":{"confidence_interval":{"confidence_level":0.95,"lower_bound":453395.33756925014,"upper_bound":453709.9614744615},"point_estimate":453544.72142653074,"standard_error":80.08416159771434},"std_dev":{"confidence_interval":{"confidence_level":0.95,"lower_bound":647.889105150125,"upper_bound":7771.566691326632},"point_estimate":4576.872073711987,"standard_error":2411.950593222448}}