{"mean":{"confidence_interval":{"confidence_level":0.95,"lower_bound":261664.3542487663,"upper_bound":262519.039199702},"point_estimate":261976.99339371856,"standard_error":245.60205252250915},"median":{"confidence_interval":{"confidence_level":0.95,"lower_bound":261630.97619047618,"upper_bound":261736.3515625},"point_estimate":261681.26033266127,"standard_error":26.91154377667314},"median_abs_dev":{"confidence_interval":{"confidence_level":0.95,"lower_bound":191.61539573607428,"upper_bound":323.3643345763119},"point_estimate":260.51762755378525,"standard_error":31.81163264417038},"slope":{"confidence_interval":{"confidence_level":0.95,"lower_bound":261767.10737656796,"upper_bound":263177.3554488231},"point_estimate":262261.44476281956,"standard_error":393.9833442761931},"std_dev":{"confidence_interval":{"confidence_level":0.95,"lower_bound":329.6629264966728,"upper_bound":4200.1329196910865},"point_estimate":2477.9846903603134,"standard_error":1323.864193969149}}