{"mean":{"confidence_interval":{"confidence_level":0.95,"lower_bound":315082.1323931265,"upper_bound":318864.9605046007},"point_estimate":316799.16974995786,"standard_error":966.5536059644352},"median":{"confidence_interval":{"confidence_level":0.95,"lower_bound":314911.94444444444,"upper_bound":317355.609375},"point_estimate":316547.7041109548,"standard_error":568.3265584099977},"median_abs_dev":{"confidence_interval":{"confidence_level":0.95,"lower_bound":3268.20213221977,"upper_bound":6838.301704206531},"point_estimate":5460.049775188513,"standard_error":985.2026892058618},"slope":{"confidence_interval":{"confidence_level":0.95,"lower_bound":316204.9950493347,"upper_bound":324481.14230256336},"point_estimate":319837.28660854144,"standard_error":2147.170632726408},"std_dev":{"confidence_interval":{"confidence_level":0.95,"lower_bound":4961.566989968227,"upper_bound":14044.563958936995},"point_estimate":9704.813491476638,"standard_error":2396.1101994290902}}