{"mean":{"confidence_interval":{"confidence_level":0.95,"lower_bound":448165.3669447768,"upper_bound":449661.86230592796},"point_estimate":448978.9013938584,"standard_error":381.8991357738875},"median":{"confidence_interval":{"confidence_level":0.95,"lower_bound":449480.7395833333,"upper_bound":450521.4711097205},"point_estimate":450170.0207431457,"standard_error":285.35875992345615},"median_abs_dev":{"confidence_interval":{"confidence_level":0.95,"lower_bound":1160.7903352892893,"upper_bound":2364.6380568047307},"point_estimate":1601.3813438689094,"standard_error":325.77623165287014},"slope":{"confidence_interval":{"confidence_level":0.95,"lower_bound":448909.1459397403,"upper_bound":449913.5627155071},"point_estimate":449429.90105315007,"standard_error":255.7715351535142},"std_dev":{"confidence_interval":{"confidence_level":0.95,"lower_bound":2325.1572414982516,"upper_bound":5436.667548898369},"point_estimate":3843.1849645213088,"standard_error":859.1496991947126}}