{"mean":{"confidence_interval":{"confidence_level":0.95,"lower_bound":352121.69965402136,"upper_bound":361907.6104754454},"point_estimate":356967.50584926514,"standard_error":2494.3005407426754},"median":{"confidence_interval":{"confidence_level":0.95,"lower_bound":347480.984929078,"upper_bound":359232.8818604651},"point_estimate":352447.88095238095,"standard_error":3106.7901685815305},"median_abs_dev":{"confidence_interval":{"confidence_level":0.95,"lower_bound":18089.900393805267,"upper_bound":29487.75885754568},"point_estimate":23949.40389294175,"standard_error":2947.2737055195626},"slope":{"confidence_interval":{"confidence_level":0.95,"lower_bound":356240.01619755104,"upper_bound":369408.4955944751},"point_estimate":362629.4164307177,"standard_error":3337.8093945395995},"std_dev":{"confidence_interval":{"confidence_level":0.95,"lower_bound":21073.162516261465,"upper_bound":28746.210757291592},"point_estimate":25047.683174895672,"standard_error":1951.729027511319}}