{"mean":{"confidence_interval":{"confidence_level":0.95,"lower_bound":376859.9367280757,"upper_bound":385255.8223141339},"point_estimate":380911.2524343753,"standard_error":2148.6605535058384},"median":{"confidence_interval":{"confidence_level":0.95,"lower_bound":372808.68367346935,"upper_bound":379807.95970695966},"point_estimate":376457.9284511785,"standard_error":1823.4308620698603},"median_abs_dev":{"confidence_interval":{"confidence_level":0.95,"lower_bound":11286.371144034736,"upper_bound":20964.583221834084},"point_estimate":15383.448524459889,"standard_error":2616.9292087872504},"slope":{"confidence_interval":{"confidence_level":0.95,"lower_bound":373188.97483625036,"upper_bound":380111.36861285585},"point_estimate":376551.33442589035,"standard_error":1764.06957891327},"std_dev":{"confidence_interval":{"confidence_level":0.95,"lower_bound":16426.351791947367,"upper_bound":26748.732876762842},"point_estimate":21633.877002325666,"standard_error":2667.4147902490186}}