{"mean":{"confidence_interval":{"confidence_level":0.95,"lower_bound":309226.4757787015,"upper_bound":309629.2819547667},"point_estimate":309406.9114740536,"standard_error":103.29558026014281},"median":{"confidence_interval":{"confidence_level":0.95,"lower_bound":309057.2960526316,"upper_bound":309134.1866197183},"point_estimate":309112.88831521734,"standard_error":17.921325430428322},"median_abs_dev":{"confidence_interval":{"confidence_level":0.95,"lower_bound":111.33713248651175,"upper_bound":216.22761879967962},"point_estimate":159.98376833525998,"standard_error":27.206936162219773},"slope":{"confidence_interval":{"confidence_level":0.95,"lower_bound":309267.1126454991,"upper_bound":309928.13696081133},"point_estimate":309562.95403723954,"standard_error":170.02002708239107},"std_dev":{"confidence_interval":{"confidence_level":0.95,"lower_bound":530.7463338468622,"upper_bound":1466.5114312347637},"point_estimate":1037.8754009117197,"standard_error":240.83882447419867}}