{"mean":{"confidence_interval":{"confidence_level":0.95,"lower_bound":432125.0166005164,"upper_bound":436289.35557950905},"point_estimate":434259.9014942824,"standard_error":1060.234444143988},"median":{"confidence_interval":{"confidence_level":0.95,"lower_bound":431660.63969764835,"upper_bound":437967.7878787879},"point_estimate":435678.5535353535,"standard_error":1893.3515162356066},"median_abs_dev":{"confidence_interval":{"confidence_level":0.95,"lower_bound":8907.153642776491,"upper_bound":13504.59382287186},"point_estimate":11336.199360398194,"standard_error":1165.188667333752},"slope":{"confidence_interval":{"confidence_level":0.95,"lower_bound":431675.770862976,"upper_bound":436684.4322425578},"point_estimate":434170.41712230927,"standard_error":1277.1560047129014},"std_dev":{"confidence_interval":{"confidence_level":0.95,"lower_bound":9022.46927870183,"upper_bound":12144.149392984666},"point_estimate":10643.961731521505,"standard_error":797.104603486994}}