{"mean":{"confidence_interval":{"confidence_level":0.95,"lower_bound":375138.1764255064,"upper_bound":376442.73973506095},"point_estimate":375861.40936258214,"standard_error":331.7071476182686},"median":{"confidence_interval":{"confidence_level":0.95,"lower_bound":375724.6638180503,"upper_bound":375789.1105042017},"point_estimate":375748.7454688731,"standard_error":15.426243959226476},"median_abs_dev":{"confidence_interval":{"confidence_level":0.95,"lower_bound":99.18217290580527,"upper_bound":183.16793804455645},"point_estimate":134.12799977018187,"standard_error":21.879474205659022},"slope":{"confidence_interval":{"confidence_level":0.95,"lower_bound":375795.3414657141,"upper_bound":376880.2676547787},"point_estimate":376284.80586670607,"standard_error":279.9613931511887},"std_dev":{"confidence_interval":{"confidence_level":0.95,"lower_bound":1267.7982005981055,"upper_bound":5281.214034676922},"point_estimate":3346.546645126712,"standard_error":1132.227715781328}}