{"mean":{"confidence_interval":{"confidence_level":0.95,"lower_bound":397322.7006348832,"upper_bound":408439.5743020376},"point_estimate":402766.57182137953,"standard_error":2825.901793879425},"median":{"confidence_interval":{"confidence_level":0.95,"lower_bound":388810.44444444444,"upper_bound":406766.924074074},"point_estimate":398738.24490184867,"standard_error":5738.303356395824},"median_abs_dev":{"confidence_interval":{"confidence_level":0.95,"lower_bound":20467.78095329098,"upper_bound":32929.21133950729},"point_estimate":27216.24933681242,"standard_error":3055.8135051895256},"slope":{"confidence_interval":{"confidence_level":0.95,"lower_bound":398661.6024732025,"upper_bound":413405.0501982646},"point_estimate":405675.2305807596,"standard_error":3766.107149716583},"std_dev":{"confidence_interval":{"confidence_level":0.95,"lower_bound":23594.16679755611,"upper_bound":32866.52398921382},"point_estimate":28367.287076945788,"standard_error":2378.446326136366}}