{"mean":{"confidence_interval":{"confidence_level":0.95,"lower_bound":449631.4156637883,"upper_bound":454397.010901045},"point_estimate":451462.4816734331,"standard_error":1310.727855192666},"median":{"confidence_interval":{"confidence_level":0.95,"lower_bound":451165.78723404254,"upper_bound":451270.5257806826},"point_estimate":451215.9972222223,"standard_error":28.069260606262027},"median_abs_dev":{"confidence_interval":{"confidence_level":0.95,"lower_bound":173.49366338291088,"upper_bound":507.23402571698983},"point_estimate":263.3892516370122,"standard_error":82.63003032952672},"slope":{"confidence_interval":{"confidence_level":0.95,"lower_bound":450345.3153025705,"upper_bound":455098.84911886725},"point_estimate":451974.0850795527,"standard_error":1329.7847794712743},"std_dev":{"confidence_interval":{"confidence_level":0.95,"lower_bound":2095.205327855634,"upper_bound":22199.815800591325},"point_estimate":13133.750172199927,"standard_error":6580.042259425252}}