{"mean":{"confidence_interval":{"confidence_level":0.95,"lower_bound":316269.87558448233,"upper_bound":319353.9689356184},"point_estimate":318038.19997012825,"standard_error":797.2884524951029},"median":{"confidence_interval":{"confidence_level":0.95,"lower_bound":319436.63732394367,"upper_bound":320675.59444444446},"point_estimate":320094.3797969449,"standard_error":309.53744433830235},"median_abs_dev":{"confidence_interval":{"confidence_level":0.95,"lower_bound":840.511582103768,"upper_bound":2564.960467553724},"point_estimate":1605.6206123190386,"standard_error":431.4683289706967},"slope":{"confidence_interval":{"confidence_level":0.95,"lower_bound":317707.7153716294,"upper_bound":319404.4934522876},"point_estimate":318569.5058408453,"standard_error":430.96221910061814},"std_dev":{"confidence_interval":{"confidence_level":0.95,"lower_bound":2674.6034994535316,"upper_bound":12252.20443823902},"point_estimate":8003.5264791519185,"standard_error":2593.782597417998}}