{"mean":{"confidence_interval":{"confidence_level":0.95,"lower_bound":309169.18847190595,"upper_bound":309557.4534917642},"point_estimate":309327.7830922756,"standard_error":101.18802476092704},"median":{"confidence_interval":{"confidence_level":0.95,"lower_bound":309064.9772727273,"upper_bound":309150.46010638296},"point_estimate":309095.9449070827,"standard_error":21.02152454256171},"median_abs_dev":{"confidence_interval":{"confidence_level":0.95,"lower_bound":101.92266508355343,"upper_bound":186.0649863179254},"point_estimate":147.22372571108073,"standard_error":21.289481208109343},"slope":{"confidence_interval":{"confidence_level":0.95,"lower_bound":309117.6695286925,"upper_bound":309331.72589234624},"point_estimate":309207.3857942959,"standard_error":55.58063308738447},"std_dev":{"confidence_interval":{"confidence_level":0.95,"lower_bound":335.06022766974337,"upper_bound":1626.9672534623055},"point_estimate":1014.8117041739368,"standard_error":393.7914094154188}}