{"mean":{"confidence_interval":{"confidence_level":0.95,"lower_bound":374827.09228681086,"upper_bound":375670.4485361859},"point_estimate":375382.0284535128,"standard_error":268.0184246679836},"median":{"confidence_interval":{"confidence_level":0.95,"lower_bound":375612.7267759563,"upper_bound":375642.07936507935},"point_estimate":375621.2204980843,"standard_error":7.767788540779468},"median_abs_dev":{"confidence_interval":{"confidence_level":0.95,"lower_bound":33.749532368100986,"upper_bound":62.83344160765691},"point_estimate":47.28616995069906,"standard_error":7.474211129332275},"slope":{"confidence_interval":{"confidence_level":0.95,"lower_bound":375625.348100877,"upper_bound":375676.5302186688},"point_estimate":375645.3401674794,"standard_error":13.512889025620236},"std_dev":{"confidence_interval":{"confidence_level":0.95,"lower_bound":73.0834186701368,"upper_bound":4653.16240644887},"point_estimate":2713.914422439476,"standard_error":1647.4462028604898}}