{"mean":{"confidence_interval":{"confidence_level":0.95,"lower_bound":309171.3562922994,"upper_bound":309438.2421006087},"point_estimate":309292.0668728724,"standard_error":68.50555099182361},"median":{"confidence_interval":{"confidence_level":0.95,"lower_bound":309094.1009447675,"upper_bound":309184.9818181818},"point_estimate":309132.14967105264,"standard_error":18.517518755495004},"median_abs_dev":{"confidence_interval":{"confidence_level":0.95,"lower_bound":117.89527637195195,"upper_bound":210.13034916018603},"point_estimate":172.59281317469356,"standard_error":23.944522336794737},"slope":{"confidence_interval":{"confidence_level":0.95,"lower_bound":309218.45562393405,"upper_bound":309479.18390194},"point_estimate":309333.2212110241,"standard_error":66.69069398997506},"std_dev":{"confidence_interval":{"confidence_level":0.95,"lower_bound":346.32091990801166,"upper_bound":970.2099056091314},"point_estimate":694.1385465422246,"standard_error":157.95368084340114}}