{"mean":{"confidence_interval":{"confidence_level":0.95,"lower_bound":309080.97269939736,"upper_bound":309290.9996556502},"point_estimate":309178.62032959773,"standard_error":53.64531749613192},"median":{"confidence_interval":{"confidence_level":0.95,"lower_bound":309003.10661764705,"upper_bound":309123.20713141025},"point_estimate":309064.0611220175,"standard_error":28.639120788872617},"median_abs_dev":{"confidence_interval":{"confidence_level":0.95,"lower_bound":176.03979724684123,"upper_bound":299.70500272713747},"point_estimate":247.02946552616896,"standard_error":32.21229340731228},"slope":{"confidence_interval":{"confidence_level":0.95,"lower_bound":309081.93389495125,"upper_bound":309240.7262075421},"point_estimate":309152.3718346387,"standard_error":40.630942678053124},"std_dev":{"confidence_interval":{"confidence_level":0.95,"lower_bound":350.8615713640104,"upper_bound":717.6854810553394},"point_estimate":539.0489528459234,"standard_error":94.81546451142536}}