{"mean":{"confidence_interval":{"confidence_level":0.95,"lower_bound":374039.3762598085,"upper_bound":374921.064419225},"point_estimate":374607.7254192728,"standard_error":264.24961248676317},"median":{"confidence_interval":{"confidence_level":0.95,"lower_bound":374782.86666666664,"upper_bound":374923.3846153846},"point_estimate":374833.32252948754,"standard_error":33.78832726302102},"median_abs_dev":{"confidence_interval":{"confidence_level":0.95,"lower_bound":183.081761141534,"upper_bound":312.32291865425043},"point_estimate":234.22873334158612,"standard_error":33.248975174979726},"slope":{"confidence_interval":{"confidence_level":0.95,"lower_bound":374743.6004014166,"upper_bound":374879.75134453666},"point_estimate":374808.93268213386,"standard_error":34.81063834991338},"std_dev":{"confidence_interval":{"confidence_level":0.95,"lower_bound":283.5422308595683,"upper_bound":4546.681643273525},"point_estimate":2661.2160084229467,"standard_error":1517.1028743019535}}