{"mean":{"confidence_interval":{"confidence_level":0.95,"lower_bound":309396.33990038995,"upper_bound":312491.2450993981},"point_estimate":310653.4960589234,"standard_error":798.8492913896738},"median":{"confidence_interval":{"confidence_level":0.95,"lower_bound":309269.56028911564,"upper_bound":309363.5571428572},"point_estimate":309318.4772727273,"standard_error":25.529323309957793},"median_abs_dev":{"confidence_interval":{"confidence_level":0.95,"lower_bound":137.79912123779368,"upper_bound":304.2496470655728},"point_estimate":204.58807167655374,"standard_error":44.6667015461378},"slope":{"confidence_interval":{"confidence_level":0.95,"lower_bound":309389.7652057493,"upper_bound":314065.7047456611},"point_estimate":311500.6405209103,"standard_error":1176.1435479683848},"std_dev":{"confidence_interval":{"confidence_level":0.95,"lower_bound":357.4625339129834,"upper_bound":13134.33795539935},"point_estimate":8038.392020173195,"standard_error":3347.7939702007207}}