{"mean":{"confidence_interval":{"confidence_level":0.95,"lower_bound":-0.16045570325331604,"upper_bound":-0.1480867375626118},"point_estimate":-0.1544162621817985,"standard_error":0.003127245310550123},"median":{"confidence_interval":{"confidence_level":0.95,"lower_bound":-0.16334476417669483,"upper_bound":-0.14741754960842512},"point_estimate":-0.15761254447358786,"standard_error":0.003993808345235961}}