{"mean":{"confidence_interval":{"confidence_level":0.95,"lower_bound":-0.011549360508873594,"upper_bound":-0.004496425936625218},"point_estimate":-0.008351784726204459,"standard_error":0.0018244308749603571},"median":{"confidence_interval":{"confidence_level":0.95,"lower_bound":-0.010923821915128307,"upper_bound":-0.0055683783150618504},"point_estimate":-0.008099193639644953,"standard_error":0.0014292762651012473}}