{"mean":{"confidence_interval":{"confidence_level":0.95,"lower_bound":-0.10931665723727532,"upper_bound":-0.09257666726949043},"point_estimate":-0.0998301457847729,"standard_error":0.004320371142562736},"median":{"confidence_interval":{"confidence_level":0.95,"lower_bound":-0.09745159923490188,"upper_bound":-0.09454744644801538},"point_estimate":-0.09561917212311011,"standard_error":0.0007364699047075858}}