{"mean":{"confidence_interval":{"confidence_level":0.95,"lower_bound":-0.026703572399454544,"upper_bound":-0.00895364977164909},"point_estimate":-0.017674613884318457,"standard_error":0.004548303827596605},"median":{"confidence_interval":{"confidence_level":0.95,"lower_bound":-0.034749780604954816,"upper_bound":-0.007528347653186647},"point_estimate":-0.018983231032316805,"standard_error":0.007149088945167833}}