{"mean":{"confidence_interval":{"confidence_level":0.95,"lower_bound":0.010129758681917945,"upper_bound":0.01725251666219573},"point_estimate":0.013581674399422816,"standard_error":0.0018220961635494171},"median":{"confidence_interval":{"confidence_level":0.95,"lower_bound":0.010232117335717161,"upper_bound":0.012354302103634973},"point_estimate":0.011359695385154911,"standard_error":0.0005293358489729742}}