{"mean":{"confidence_interval":{"confidence_level":0.95,"lower_bound":0.006623633775188565,"upper_bound":0.0073731865009196255},"point_estimate":0.0069956380144229335,"standard_error":0.00018964699614343433},"median":{"confidence_interval":{"confidence_level":0.95,"lower_bound":0.006714934846116183,"upper_bound":0.0073963362129558785},"point_estimate":0.007063925833280749,"standard_error":0.00017043218857907833}}