{"mean":{"confidence_interval":{"confidence_level":0.95,"lower_bound":-0.021223075627819842,"upper_bound":-0.00730997814222372},"point_estimate":-0.014322541059713867,"standard_error":0.0035524167951509387},"median":{"confidence_interval":{"confidence_level":0.95,"lower_bound":0.002907173433412986,"upper_bound":0.0066502710090101036},"point_estimate":0.005226264652725243,"standard_error":0.003197738121154462}}