{"mean":{"confidence_interval":{"confidence_level":0.95,"lower_bound":-0.0469480454808915,"upper_bound":-0.04627491022505468},"point_estimate":-0.046626091270260184,"standard_error":0.00017190892145877885},"median":{"confidence_interval":{"confidence_level":0.95,"lower_bound":-0.047108374588475055,"upper_bound":-0.04639389828185547},"point_estimate":-0.04674600092150727,"standard_error":0.0001787683545822493}}