{"mean":{"confidence_interval":{"confidence_level":0.95,"lower_bound":-0.11591238407573512,"upper_bound":-0.11022456699201043},"point_estimate":-0.11305005655202216,"standard_error":0.001456526264505909},"median":{"confidence_interval":{"confidence_level":0.95,"lower_bound":-0.1108835925946634,"upper_bound":-0.10685031575356807},"point_estimate":-0.10864477743211987,"standard_error":0.0010509154444511067}}