{"mean":{"confidence_interval":{"confidence_level":0.95,"lower_bound":0.1092618274172274,"upper_bound":0.11667150799007756},"point_estimate":0.1122428968166338,"standard_error":0.001997945386123003},"median":{"confidence_interval":{"confidence_level":0.95,"lower_bound":0.10822992546640098,"upper_bound":0.11046128238787167},"point_estimate":0.10923398582137844,"standard_error":0.0005442010478544278}}