{"mean":{"confidence_interval":{"confidence_level":0.95,"lower_bound":-0.10726331420048169,"upper_bound":-0.09745988454549583},"point_estimate":-0.10225033903295677,"standard_error":0.002499423241322405},"median":{"confidence_interval":{"confidence_level":0.95,"lower_bound":-0.09144145162163975,"upper_bound":-0.08900623799291063},"point_estimate":-0.08987432375297033,"standard_error":0.0006158432469048307}}