{"mean":{"confidence_interval":{"confidence_level":0.95,"lower_bound":-0.051469501845085766,"upper_bound":-0.017885674688967044},"point_estimate":-0.034292720312544156,"standard_error":0.008572483009010336},"median":{"confidence_interval":{"confidence_level":0.95,"lower_bound":-0.04904703275999056,"upper_bound":-0.008481259963956767},"point_estimate":-0.03248311720124564,"standard_error":0.01016218092975544}}