{"mean":{"confidence_interval":{"confidence_level":0.95,"lower_bound":-0.07014396822981857,"upper_bound":-0.053838364597686435},"point_estimate":-0.06202738544037467,"standard_error":0.004167567400619847},"median":{"confidence_interval":{"confidence_level":0.95,"lower_bound":-0.09298569451949709,"upper_bound":-0.04849335614577377},"point_estimate":-0.05539453681750561,"standard_error":0.012076161483778875}}