{"mean":{"confidence_interval":{"confidence_level":0.95,"lower_bound":-0.04765268614777006,"upper_bound":-0.025841940861536683},"point_estimate":-0.03630959698431324,"standard_error":0.0055622387218147015},"median":{"confidence_interval":{"confidence_level":0.95,"lower_bound":-0.02919729138493221,"upper_bound":-0.008858864573965897},"point_estimate":-0.018275355465089627,"standard_error":0.005906669343138792}}