{"mean":{"confidence_interval":{"confidence_level":0.95,"lower_bound":-0.13677963854916475,"upper_bound":-0.13582667103791501},"point_estimate":-0.1363096718347061,"standard_error":0.00024416119744795833},"median":{"confidence_interval":{"confidence_level":0.95,"lower_bound":-0.13656196946587462,"upper_bound":-0.13561895373881883},"point_estimate":-0.1360402827631081,"standard_error":0.00023031214762677692}}