{"mean":{"confidence_interval":{"confidence_level":0.95,"lower_bound":0.000691809630008905,"upper_bound":0.002296187662337895},"point_estimate":0.001342588582838422,"standard_error":0.00041064848755007453},"median":{"confidence_interval":{"confidence_level":0.95,"lower_bound":0.0006379919829055947,"upper_bound":0.0012485975590319498},"point_estimate":0.0010078822627073158,"standard_error":0.0001558571674215811}}