{"mean":{"confidence_interval":{"confidence_level":0.95,"lower_bound":-0.03378729642552877,"upper_bound":-0.014219246278783834},"point_estimate":-0.02446226932220741,"standard_error":0.005143875339161823},"median":{"confidence_interval":{"confidence_level":0.95,"lower_bound":-0.04476944378982474,"upper_bound":-0.012714217269658268},"point_estimate":-0.03235237912968192,"standard_error":0.008782202940085861}}