{"mean":{"confidence_interval":{"confidence_level":0.95,"lower_bound":-0.06991297725703378,"upper_bound":-0.06014399060742292},"point_estimate":-0.06469107085396952,"standard_error":0.0024855460770685377},"median":{"confidence_interval":{"confidence_level":0.95,"lower_bound":-0.06761983111232261,"upper_bound":-0.0616178007778887},"point_estimate":-0.06504426729800028,"standard_error":0.0015473899048170149}}