{"mean":{"confidence_interval":{"confidence_level":0.95,"lower_bound":-0.012943139883454313,"upper_bound":0.0010323107735032578},"point_estimate":-0.005088842010061323,"standard_error":0.003582163143911411},"median":{"confidence_interval":{"confidence_level":0.95,"lower_bound":-0.006940275685588526,"upper_bound":-0.0046398135945128205},"point_estimate":-0.005874419528105523,"standard_error":0.0006194916345950509}}