{"mean":{"confidence_interval":{"confidence_level":0.95,"lower_bound":0.034813450503604584,"upper_bound":0.03915843453219541},"point_estimate":0.036923022515714665,"standard_error":0.0011080041746523816},"median":{"confidence_interval":{"confidence_level":0.95,"lower_bound":0.03424702466066054,"upper_bound":0.038194000755923385},"point_estimate":0.03652039432775589,"standard_error":0.0010780147932564197}}