{"mean":{"confidence_interval":{"confidence_level":0.95,"lower_bound":0.013690830058543957,"upper_bound":0.02688826780550096},"point_estimate":0.020418719622428805,"standard_error":0.003293210471043745},"median":{"confidence_interval":{"confidence_level":0.95,"lower_bound":0.0012827964924029267,"upper_bound":0.003458768999051065},"point_estimate":0.0021029616951893093,"standard_error":0.0005523637999960316}}