{"mean":{"confidence_interval":{"confidence_level":0.95,"lower_bound":-0.00014076283639974374,"upper_bound":0.009949272381977244},"point_estimate":0.004381565018112932,"standard_error":0.002613087995318889},"median":{"confidence_interval":{"confidence_level":0.95,"lower_bound":-0.001129594181919269,"upper_bound":0.0016602754986200052},"point_estimate":0.00032506230531637037,"standard_error":0.0007089067915545974}}