{"mean":{"confidence_interval":{"confidence_level":0.95,"lower_bound":1.2287095751925843,"upper_bound":1.2330740350825553},"point_estimate":1.2309149333790521,"standard_error":0.0011175162790827105},"median":{"confidence_interval":{"confidence_level":0.95,"lower_bound":1.2272345831014269,"upper_bound":1.231404716494934},"point_estimate":1.2289253676213114,"standard_error":0.0010181853592268232}}