{"mean":{"confidence_interval":{"confidence_level":0.95,"lower_bound":0.11052151903682055,"upper_bound":0.12559451428019683},"point_estimate":0.11816153199583623,"standard_error":0.003612812986286324},"median":{"confidence_interval":{"confidence_level":0.95,"lower_bound":0.12361239600762164,"upper_bound":0.12736798242010638},"point_estimate":0.12565328434135714,"standard_error":0.000900666593376851}}