{"mean":{"confidence_interval":{"confidence_level":0.95,"lower_bound":0.0007640272489136071,"upper_bound":0.004341674143114898},"point_estimate":0.0022684033030473394,"standard_error":0.0009125885194592208},"median":{"confidence_interval":{"confidence_level":0.95,"lower_bound":0.0003298842845704808,"upper_bound":0.002043091428900128},"point_estimate":0.001242749368456364,"standard_error":0.0004335263396132512}}