{"mean":{"confidence_interval":{"confidence_level":0.95,"lower_bound":-0.10290893500102283,"upper_bound":-0.09409936834321571},"point_estimate":-0.09859691869512832,"standard_error":0.0022653821384262655},"median":{"confidence_interval":{"confidence_level":0.95,"lower_bound":-0.10326900462609055,"upper_bound":-0.10084059386837418},"point_estimate":-0.10214016099766798,"standard_error":0.0006456409409195829}}