{"mean":{"confidence_interval":{"confidence_level":0.95,"lower_bound":0.01682578406402831,"upper_bound":0.04719274891022352},"point_estimate":0.03126274505452176,"standard_error":0.007755375509062971},"median":{"confidence_interval":{"confidence_level":0.95,"lower_bound":0.0129373695800159,"upper_bound":0.04747175765992728},"point_estimate":0.03149906413700476,"standard_error":0.008611444412042465}}