{"mean":{"confidence_interval":{"confidence_level":0.95,"lower_bound":0.011406843794339733,"upper_bound":0.016197710849071623},"point_estimate":0.013794303459546242,"standard_error":0.0012279228377739307},"median":{"confidence_interval":{"confidence_level":0.95,"lower_bound":0.010123807765157311,"upper_bound":0.01824508974379313},"point_estimate":0.013712201515928557,"standard_error":0.0021914748397480746}}