{"mean":{"confidence_interval":{"confidence_level":0.95,"lower_bound":-0.1492788620674399,"upper_bound":-0.14834768561708342},"point_estimate":-0.14879709260973295,"standard_error":0.00023804832328609154},"median":{"confidence_interval":{"confidence_level":0.95,"lower_bound":-0.1489410884801319,"upper_bound":-0.14804166701257915},"point_estimate":-0.14844827897223223,"standard_error":0.00021038815908896256}}