{"mean":{"confidence_interval":{"confidence_level":0.95,"lower_bound":-0.005392781040611072,"upper_bound":-0.002658976187262614},"point_estimate":-0.00406035661424875,"standard_error":0.0006965351305373909},"median":{"confidence_interval":{"confidence_level":0.95,"lower_bound":-0.004215267705818815,"upper_bound":-0.0017290708643517005},"point_estimate":-0.002943919935317396,"standard_error":0.0006676038929336906}}