{"mean":{"confidence_interval":{"confidence_level":0.95,"lower_bound":0.11631018045456458,"upper_bound":0.12147084416744115},"point_estimate":0.11887926033306684,"standard_error":0.001307943246111705},"median":{"confidence_interval":{"confidence_level":0.95,"lower_bound":0.11310654345722981,"upper_bound":0.12450393578227836},"point_estimate":0.11922433492465156,"standard_error":0.0029615223794054336}}