{"mean":{"confidence_interval":{"confidence_level":0.95,"lower_bound":-0.04815476519655542,"upper_bound":-0.026204078581505048},"point_estimate":-0.037146175988808205,"standard_error":0.0055967172538707735},"median":{"confidence_interval":{"confidence_level":0.95,"lower_bound":-0.03730741684698036,"upper_bound":-0.013631150915734858},"point_estimate":-0.024532734684035162,"standard_error":0.006736331119862575}}