{"mean":{"confidence_interval":{"confidence_level":0.95,"lower_bound":0.18447527899298988,"upper_bound":0.1878793397068853},"point_estimate":0.18612385955594934,"standard_error":0.00087140292248099},"median":{"confidence_interval":{"confidence_level":0.95,"lower_bound":0.18540821395196172,"upper_bound":0.18903183720241312},"point_estimate":0.18709030039365682,"standard_error":0.0009147169413839278}}