{"mean":{"confidence_interval":{"confidence_level":0.95,"lower_bound":0.25991412042668527,"upper_bound":0.2917133705137016},"point_estimate":0.27398116751457513,"standard_error":0.008113263701733086},"median":{"confidence_interval":{"confidence_level":0.95,"lower_bound":0.2425681861676754,"upper_bound":0.26246337943152337},"point_estimate":0.25158430468496973,"standard_error":0.005560040725291309}}