{"mean":{"confidence_interval":{"confidence_level":0.95,"lower_bound":-0.03758533127243723,"upper_bound":0.014159913886180436},"point_estimate":-0.010062516071636773,"standard_error":0.013219668002172788},"median":{"confidence_interval":{"confidence_level":0.95,"lower_bound":-0.009365532224596754,"upper_bound":0.03367382256583033},"point_estimate":0.013711925234665578,"standard_error":0.011271948190379574}}