{"mean":{"confidence_interval":{"confidence_level":0.95,"lower_bound":-0.15261161817158808,"upper_bound":-0.14939121642241854},"point_estimate":-0.15114276574226104,"standard_error":0.0008142732823920427},"median":{"confidence_interval":{"confidence_level":0.95,"lower_bound":-0.15269590831178215,"upper_bound":-0.15098636999413562},"point_estimate":-0.1517786015846253,"standard_error":0.00041501090754743727}}