{"mean":{"confidence_interval":{"confidence_level":0.95,"lower_bound":0.09717270744639876,"upper_bound":0.1061920451106313},"point_estimate":0.10285044937305576,"standard_error":0.002512219744201465},"median":{"confidence_interval":{"confidence_level":0.95,"lower_bound":0.10277065745668379,"upper_bound":0.10516695061646653},"point_estimate":0.10427920286465175,"standard_error":0.0005452133349875661}}