{"mean":{"confidence_interval":{"confidence_level":0.95,"lower_bound":-0.09228772541855355,"upper_bound":-0.08054554408910508},"point_estimate":-0.08631952980141533,"standard_error":0.002987239337934337},"median":{"confidence_interval":{"confidence_level":0.95,"lower_bound":-0.0968840545477263,"upper_bound":-0.0941687132873914},"point_estimate":-0.09557561205906484,"standard_error":0.0007169545747770726}}