{"mean":{"confidence_interval":{"confidence_level":0.95,"lower_bound":-0.010327418549018199,"upper_bound":-0.0012341316922646784},"point_estimate":-0.005621765975379223,"standard_error":0.0023176144349431166},"median":{"confidence_interval":{"confidence_level":0.95,"lower_bound":-0.00046642574380162394,"upper_bound":0.0016487441873924702},"point_estimate":0.00039951474757571326,"standard_error":0.0005420227825544118}}