{"mean":{"confidence_interval":{"confidence_level":0.95,"lower_bound":0.0007969456450248946,"upper_bound":0.00529095734924212},"point_estimate":0.003016200024712923,"standard_error":0.0011446045399894987},"median":{"confidence_interval":{"confidence_level":0.95,"lower_bound":0.0029082777044129315,"upper_bound":0.00431126596173903},"point_estimate":0.0036550079747448283,"standard_error":0.00034494449308388234}}