{"mean":{"confidence_interval":{"confidence_level":0.95,"lower_bound":-0.016709066352964645,"upper_bound":-0.01195300180878414},"point_estimate":-0.01424599295527651,"standard_error":0.0012156522621477662},"median":{"confidence_interval":{"confidence_level":0.95,"lower_bound":-0.017861291786410605,"upper_bound":-0.010900664580611785},"point_estimate":-0.01386360549797161,"standard_error":0.001668486756474298}}