{"mean":{"confidence_interval":{"confidence_level":0.95,"lower_bound":0.10309728242230358,"upper_bound":0.11295746943870756},"point_estimate":0.10796394084714134,"standard_error":0.0024388524836836197},"median":{"confidence_interval":{"confidence_level":0.95,"lower_bound":0.09884834392206843,"upper_bound":0.10243018364371914},"point_estimate":0.10035295786409781,"standard_error":0.0009404915999768515}}