{"mean":{"confidence_interval":{"confidence_level":0.95,"lower_bound":0.10045384670775487,"upper_bound":0.105713177927365},"point_estimate":0.10302048801231867,"standard_error":0.0013367021037993688},"median":{"confidence_interval":{"confidence_level":0.95,"lower_bound":0.10063202847947239,"upper_bound":0.10409922458270437},"point_estimate":0.10257925598141626,"standard_error":0.0009471438323753809}}