{"mean":{"confidence_interval":{"confidence_level":0.95,"lower_bound":0.07909018057039542,"upper_bound":0.08857514961372556},"point_estimate":0.08365734989287477,"standard_error":0.002361152740404423},"median":{"confidence_interval":{"confidence_level":0.95,"lower_bound":0.07679110028443015,"upper_bound":0.08984042429317274},"point_estimate":0.08416930206119955,"standard_error":0.0033603148572327944}}