{"mean":{"confidence_interval":{"confidence_level":0.95,"lower_bound":-0.10483656924367256,"upper_bound":-0.09940694363231926},"point_estimate":-0.10233019614647076,"standard_error":0.001396361314642453},"median":{"confidence_interval":{"confidence_level":0.95,"lower_bound":-0.10274020001694151,"upper_bound":-0.10002084567170322},"point_estimate":-0.10146346505640536,"standard_error":0.0007370398735058261}}