{"mean":{"confidence_interval":{"confidence_level":0.95,"lower_bound":0.10448324654437564,"upper_bound":0.11231785331155916},"point_estimate":0.10850368927961473,"standard_error":0.0019804204500988992},"median":{"confidence_interval":{"confidence_level":0.95,"lower_bound":0.10967224244344864,"upper_bound":0.11445166742033619},"point_estimate":0.1121076294816945,"standard_error":0.0012322624647468268}}