{"mean":{"confidence_interval":{"confidence_level":0.95,"lower_bound":-0.0015822622222098064,"upper_bound":0.012593053815058236},"point_estimate":0.005492708583060946,"standard_error":0.0036260298869575146},"median":{"confidence_interval":{"confidence_level":0.95,"lower_bound":-0.0066814373448489395,"upper_bound":0.015387836820975437},"point_estimate":0.004447773534130173,"standard_error":0.005733859030746257}}