{"mean":{"confidence_interval":{"confidence_level":0.95,"lower_bound":0.006859017449424071,"upper_bound":0.015495729338266071},"point_estimate":0.011534487128375348,"standard_error":0.002207033095121071},"median":{"confidence_interval":{"confidence_level":0.95,"lower_bound":0.006868502676566912,"upper_bound":0.009191988206409984},"point_estimate":0.007857406966583103,"standard_error":0.0006524833705856394}}