{"mean":{"confidence_interval":{"confidence_level":0.95,"lower_bound":-0.16038283995625996,"upper_bound":-0.1595221013861661},"point_estimate":-0.1599451458001092,"standard_error":0.00021994449057988934},"median":{"confidence_interval":{"confidence_level":0.95,"lower_bound":-0.16035920554057725,"upper_bound":-0.1597526631136471},"point_estimate":-0.16007325753410517,"standard_error":0.0001586580689741461}}