{"mean":{"confidence_interval":{"confidence_level":0.95,"lower_bound":0.12691153097144348,"upper_bound":0.13496989080208438},"point_estimate":0.1308807145730897,"standard_error":0.002059370469677938},"median":{"confidence_interval":{"confidence_level":0.95,"lower_bound":0.12272559826555618,"upper_bound":0.12679994140557738},"point_estimate":0.12457014309233339,"standard_error":0.0009111400627382961}}