{"mean":{"confidence_interval":{"confidence_level":0.95,"lower_bound":-0.0036282755682470274,"upper_bound":-0.001994146546254405},"point_estimate":-0.0027955937672207165,"standard_error":0.00041450679070558286},"median":{"confidence_interval":{"confidence_level":0.95,"lower_bound":-0.003758397875931352,"upper_bound":-0.0017616749025111123},"point_estimate":-0.002533255071972662,"standard_error":0.0005257136138321573}}