{"mean":{"confidence_interval":{"confidence_level":0.95,"lower_bound":-0.10768552750543192,"upper_bound":-0.10597900610798326},"point_estimate":-0.10685079166114886,"standard_error":0.00044621773113270364},"median":{"confidence_interval":{"confidence_level":0.95,"lower_bound":-0.10723092655306421,"upper_bound":-0.10477173948203877},"point_estimate":-0.10553388187888013,"standard_error":0.000686124228596761}}