{"mean":{"confidence_interval":{"confidence_level":0.95,"lower_bound":53112162.29825,"upper_bound":53603869.82},"point_estimate":53333377.58,"standard_error":125826.66534721544},"median":{"confidence_interval":{"confidence_level":0.95,"lower_bound":53217821.0,"upper_bound":53486669.0},"point_estimate":53388150.0,"standard_error":66756.85555626368},"median_abs_dev":{"confidence_interval":{"confidence_level":0.95,"lower_bound":418022.7690786123,"upper_bound":791528.3612425625},"point_estimate":557060.9946101904,"standard_error":94991.72427983441},"slope":null,"std_dev":{"confidence_interval":{"confidence_level":0.95,"lower_bound":645841.0097080246,"upper_bound":1807012.372376849},"point_estimate":1267751.7807801636,"standard_error":311106.45386503334}}