{"mean":{"confidence_interval":{"confidence_level":0.95,"lower_bound":6525625.63284375,"upper_bound":6532844.0280625},"point_estimate":6528693.6925,"standard_error":1864.3020968634871},"median":{"confidence_interval":{"confidence_level":0.95,"lower_bound":6522625.6875,"upper_bound":6525100.875},"point_estimate":6523845.4375,"standard_error":738.6607156357835},"median_abs_dev":{"confidence_interval":{"confidence_level":0.95,"lower_bound":3359.756865352392,"upper_bound":6436.244473233819},"point_estimate":4751.269603148103,"standard_error":802.4281097081499},"slope":null,"std_dev":{"confidence_interval":{"confidence_level":0.95,"lower_bound":7922.725534991974,"upper_bound":28905.60459160195},"point_estimate":18632.571745667745,"standard_error":6286.332007324542}}