{"mean":{"confidence_interval":{"confidence_level":0.95,"lower_bound":6523675.8566875,"upper_bound":6531550.94184375},"point_estimate":6527117.53625,"standard_error":2025.5091448796695},"median":{"confidence_interval":{"confidence_level":0.95,"lower_bound":6521975.75,"upper_bound":6523733.3125},"point_estimate":6523049.5,"standard_error":426.16082985116066},"median_abs_dev":{"confidence_interval":{"confidence_level":0.95,"lower_bound":2280.05343452096,"upper_bound":3726.515033841133},"point_estimate":3098.8192699849606,"standard_error":382.56327923377825},"slope":null,"std_dev":{"confidence_interval":{"confidence_level":0.95,"lower_bound":5563.664466007999,"upper_bound":29727.831459983794},"point_estimate":20344.2120906751,"standard_error":5823.438288912567}}