{"mean":{"confidence_interval":{"confidence_level":0.95,"lower_bound":6523295.8350625,"upper_bound":6525774.89071875},"point_estimate":6524385.5125,"standard_error":639.4316272471463},"median":{"confidence_interval":{"confidence_level":0.95,"lower_bound":6522715.8125,"upper_bound":6523716.375},"point_estimate":6523229.75,"standard_error":272.1631962056371},"median_abs_dev":{"confidence_interval":{"confidence_level":0.95,"lower_bound":2046.0806261748075,"upper_bound":3614.8567233234644},"point_estimate":2683.8766023516655,"standard_error":391.1328816931366},"slope":null,"std_dev":{"confidence_interval":{"confidence_level":0.95,"lower_bound":3160.9502791354166,"upper_bound":9682.429370909344},"point_estimate":6440.119827447905,"standard_error":1859.563515772463}}