{"mean":{"confidence_interval":{"confidence_level":0.95,"lower_bound":6527387.81725,"upper_bound":6533841.456625001},"point_estimate":6530277.115,"standard_error":1655.9420101370351},"median":{"confidence_interval":{"confidence_level":0.95,"lower_bound":6524608.5,"upper_bound":6526579.625},"point_estimate":6525475.5625,"standard_error":495.8326385863988},"median_abs_dev":{"confidence_interval":{"confidence_level":0.95,"lower_bound":2924.6137730777264,"upper_bound":5195.400957763195},"point_estimate":4137.658539041877,"standard_error":510.1486291319513},"slope":null,"std_dev":{"confidence_interval":{"confidence_level":0.95,"lower_bound":8176.8169613260125,"upper_bound":23938.30947266589},"point_estimate":16637.466765249992,"standard_error":4093.653923866731}}