{"mean":{"confidence_interval":{"confidence_level":0.95,"lower_bound":6526399.69765625,"upper_bound":6543050.1359375},"point_estimate":6533695.53,"standard_error":4294.445958161911},"median":{"confidence_interval":{"confidence_level":0.95,"lower_bound":6522694.25,"upper_bound":6524156.9375},"point_estimate":6523487.5625,"standard_error":427.50584186133455},"median_abs_dev":{"confidence_interval":{"confidence_level":0.95,"lower_bound":2035.9804138541222,"upper_bound":3411.9258519262075},"point_estimate":2563.508016988635,"standard_error":363.8224225607113},"slope":null,"std_dev":{"confidence_interval":{"confidence_level":0.95,"lower_bound":19543.67516022733,"upper_bound":63408.61320746716},"point_estimate":43115.18643833163,"standard_error":11635.284666158197}}