{"mean":{"confidence_interval":{"confidence_level":0.95,"lower_bound":6522863.29021875,"upper_bound":6525317.72625},"point_estimate":6523967.3825,"standard_error":629.0233025903564},"median":{"confidence_interval":{"confidence_level":0.95,"lower_bound":6521673.25,"upper_bound":6523626.3125},"point_estimate":6522787.25,"standard_error":552.801537848333},"median_abs_dev":{"confidence_interval":{"confidence_level":0.95,"lower_bound":2732.709738984704,"upper_bound":4458.919420838356},"point_estimate":3423.971976712346,"standard_error":444.1907864322473},"slope":null,"std_dev":{"confidence_interval":{"confidence_level":0.95,"lower_bound":3592.4453458081125,"upper_bound":9142.24115161698},"point_estimate":6327.964599546395,"standard_error":1567.2647960083505}}