{"mean":{"confidence_interval":{"confidence_level":0.95,"lower_bound":-0.006832242978596727,"upper_bound":0.013204531677433887},"point_estimate":0.003305749246789391,"standard_error":0.005108834529967144},"median":{"confidence_interval":{"confidence_level":0.95,"lower_bound":-0.0007807814748177627,"upper_bound":0.00415108406693987},"point_estimate":0.002056433708781835,"standard_error":0.0011965914748286875}}