{"mean":{"confidence_interval":{"confidence_level":0.95,"lower_bound":-0.01111420430666354,"upper_bound":0.028258086314116113},"point_estimate":0.009265491534967918,"standard_error":0.009822860881186725},"median":{"confidence_interval":{"confidence_level":0.95,"lower_bound":0.007287013917650187,"upper_bound":0.02040445652194456},"point_estimate":0.01464486141192145,"standard_error":0.0033843827220552247}}