{"mean":{"confidence_interval":{"confidence_level":0.95,"lower_bound":-0.0294469442513571,"upper_bound":-0.005757209519195732},"point_estimate":-0.018504069247832766,"standard_error":0.005985828788804152},"median":{"confidence_interval":{"confidence_level":0.95,"lower_bound":-0.024279459945171222,"upper_bound":-0.019771599540809648},"point_estimate":-0.02211185392324111,"standard_error":0.0011676206471045573}}