{"mean":{"confidence_interval":{"confidence_level":0.95,"lower_bound":-0.0027113488757834836,"upper_bound":0.0057112645028841785},"point_estimate":0.00200896122013261,"standard_error":0.002154276041651558},"median":{"confidence_interval":{"confidence_level":0.95,"lower_bound":0.0007921209887846725,"upper_bound":0.007809058466990409},"point_estimate":0.0050142570410967036,"standard_error":0.0018214551603037833}}