{"mean":{"confidence_interval":{"confidence_level":0.95,"lower_bound":-0.060680629067105446,"upper_bound":-0.031236480207036132},"point_estimate":-0.043162128656422216,"standard_error":0.007795333297399944},"median":{"confidence_interval":{"confidence_level":0.95,"lower_bound":-0.04102361375316321,"upper_bound":-0.026264071117547028},"point_estimate":-0.03368240311212689,"standard_error":0.003989416521165213}}