{"mean":{"confidence_interval":{"confidence_level":0.95,"lower_bound":0.02137576421953144,"upper_bound":0.03301563330133646},"point_estimate":0.027232645419550394,"standard_error":0.002963829515452351},"median":{"confidence_interval":{"confidence_level":0.95,"lower_bound":0.018211842797734877,"upper_bound":0.03559072202095582},"point_estimate":0.027320327385138565,"standard_error":0.00451177189935534}}