{"mean":{"confidence_interval":{"confidence_level":0.95,"lower_bound":-0.009802246010111726,"upper_bound":0.016519437636652232},"point_estimate":0.0036348721359220626,"standard_error":0.006691740501321269},"median":{"confidence_interval":{"confidence_level":0.95,"lower_bound":-0.0020753796830818043,"upper_bound":0.00691586509506803},"point_estimate":0.0029820795384252197,"standard_error":0.0024284719410473665}}