{"mean":{"confidence_interval":{"confidence_level":0.95,"lower_bound":0.07805770995583391,"upper_bound":0.09332676852932219},"point_estimate":0.08591564465923751,"standard_error":0.00389517440794313},"median":{"confidence_interval":{"confidence_level":0.95,"lower_bound":0.08637440843783684,"upper_bound":0.09895227668076112},"point_estimate":0.09298982637310638,"standard_error":0.003206109802842651}}