{"mean":{"confidence_interval":{"confidence_level":0.95,"lower_bound":-0.16950684480753725,"upper_bound":-0.15883692706203617},"point_estimate":-0.16517621546203864,"standard_error":0.002722062707730102},"median":{"confidence_interval":{"confidence_level":0.95,"lower_bound":-0.16817152090699572,"upper_bound":-0.1658826879399286},"point_estimate":-0.16709718085503122,"standard_error":0.0006413457582391932}}