{"mean":{"confidence_interval":{"confidence_level":0.95,"lower_bound":-0.006522417155469943,"upper_bound":0.011763337925741982},"point_estimate":0.0032850773422108404,"standard_error":0.00466565014875896},"median":{"confidence_interval":{"confidence_level":0.95,"lower_bound":0.002875774126271935,"upper_bound":0.006459427018318475},"point_estimate":0.004514821947297465,"standard_error":0.0009349615696398497}}