{"mean":{"confidence_interval":{"confidence_level":0.95,"lower_bound":0.02968169693336851,"upper_bound":0.03468428137377188},"point_estimate":0.03226296489506186,"standard_error":0.0012768720400419273},"median":{"confidence_interval":{"confidence_level":0.95,"lower_bound":0.029760640299775303,"upper_bound":0.032880450192936284},"point_estimate":0.030934748626178843,"standard_error":0.0008076700542692888}}