{"mean":{"confidence_interval":{"confidence_level":0.95,"lower_bound":-0.01297063828544622,"upper_bound":0.0025820506293326986},"point_estimate":-0.004471697449834222,"standard_error":0.003992140579873836},"median":{"confidence_interval":{"confidence_level":0.95,"lower_bound":0.0001125125376353342,"upper_bound":0.004746486347212642},"point_estimate":0.0016847919909093179,"standard_error":0.0012652594548263755}}