{"mean":{"confidence_interval":{"confidence_level":0.95,"lower_bound":-0.031008960603105994,"upper_bound":0.002659612877346583},"point_estimate":-0.014601826432535936,"standard_error":0.008554517504221754},"median":{"confidence_interval":{"confidence_level":0.95,"lower_bound":-0.01972916145351067,"upper_bound":-0.0050880749865931385},"point_estimate":-0.010084754125569195,"standard_error":0.0037811507077716226}}