{"mean":{"confidence_interval":{"confidence_level":0.95,"lower_bound":-0.013898514947238283,"upper_bound":-0.002776862202218716},"point_estimate":-0.008248535853249472,"standard_error":0.002823140454536192},"median":{"confidence_interval":{"confidence_level":0.95,"lower_bound":-0.00762768635099853,"upper_bound":-0.0022236329566822643},"point_estimate":-0.004613604450586117,"standard_error":0.0014141864596533718}}