{"mean":{"confidence_interval":{"confidence_level":0.95,"lower_bound":-0.06227996793646099,"upper_bound":-0.056263267614728364},"point_estimate":-0.05915173502452853,"standard_error":0.0015297351685810766},"median":{"confidence_interval":{"confidence_level":0.95,"lower_bound":-0.0587407516160719,"upper_bound":-0.055280223088008604},"point_estimate":-0.05674419231573302,"standard_error":0.0008773217578940773}}