{"mean":{"confidence_interval":{"confidence_level":0.95,"lower_bound":-0.010542556914022824,"upper_bound":0.0017505600575901047},"point_estimate":-0.004054058272309757,"standard_error":0.003143719224578353},"median":{"confidence_interval":{"confidence_level":0.95,"lower_bound":-0.003879149212089761,"upper_bound":0.0011207579689636081},"point_estimate":-0.0015176571433906938,"standard_error":0.0012618568726601236}}