{"mean":{"confidence_interval":{"confidence_level":0.95,"lower_bound":-0.015494989896580267,"upper_bound":0.021285589502893255},"point_estimate":0.003137690567038387,"standard_error":0.009251245944374136},"median":{"confidence_interval":{"confidence_level":0.95,"lower_bound":0.0009962592667875914,"upper_bound":0.004539649667611778},"point_estimate":0.002744729348524544,"standard_error":0.0009018765505771346}}