{"mean":{"confidence_interval":{"confidence_level":0.95,"lower_bound":0.017190017111811978,"upper_bound":0.032607245487592855},"point_estimate":0.02433145209950549,"standard_error":0.0038793002328960523},"median":{"confidence_interval":{"confidence_level":0.95,"lower_bound":0.008761184863227856,"upper_bound":0.027519346334445194},"point_estimate":0.019627040356246406,"standard_error":0.004833382752593164}}