{"mean":{"confidence_interval":{"confidence_level":0.95,"lower_bound":0.002033387520403066,"upper_bound":0.015977995300925956},"point_estimate":0.008986699699662815,"standard_error":0.003511034860891465},"median":{"confidence_interval":{"confidence_level":0.95,"lower_bound":0.006645086617170577,"upper_bound":0.012973658571394988},"point_estimate":0.009207221545716182,"standard_error":0.0016637243660554025}}