{"mean":{"confidence_interval":{"confidence_level":0.95,"lower_bound":-0.005389356361448842,"upper_bound":0.00751044113878976},"point_estimate":0.0008653979081312269,"standard_error":0.003228541595293933},"median":{"confidence_interval":{"confidence_level":0.95,"lower_bound":-0.004396274372801656,"upper_bound":0.004340899469285905},"point_estimate":-0.0001245373220295498,"standard_error":0.0024265004776372998}}