{"mean":{"confidence_interval":{"confidence_level":0.95,"lower_bound":-0.0033563835422696668,"upper_bound":0.011037832676978514},"point_estimate":0.004581782772466125,"standard_error":0.0036828167127835928},"median":{"confidence_interval":{"confidence_level":0.95,"lower_bound":-0.0014197680829494178,"upper_bound":0.02014974672814511},"point_estimate":0.008836766669870766,"standard_error":0.005449863949647024}}