{"mean":{"confidence_interval":{"confidence_level":0.95,"lower_bound":-0.02809371625942563,"upper_bound":-0.016614476574202838},"point_estimate":-0.022136091908964484,"standard_error":0.002937561081509141},"median":{"confidence_interval":{"confidence_level":0.95,"lower_bound":-0.02778269506329689,"upper_bound":-0.016492541863796693},"point_estimate":-0.021834605033562937,"standard_error":0.0033536153084929767}}