{"mean":{"confidence_interval":{"confidence_level":0.95,"lower_bound":-0.007796605368219781,"upper_bound":-0.002075674273540779},"point_estimate":-0.005012218241571054,"standard_error":0.0014569319841800244},"median":{"confidence_interval":{"confidence_level":0.95,"lower_bound":-0.005465337810121373,"upper_bound":-0.0021465409350918526},"point_estimate":-0.0038706001486755737,"standard_error":0.000891752676441925}}