{"mean":{"confidence_interval":{"confidence_level":0.95,"lower_bound":0.12074518695806634,"upper_bound":0.14091100249699473},"point_estimate":0.13052154769942148,"standard_error":0.005150589968917817},"median":{"confidence_interval":{"confidence_level":0.95,"lower_bound":0.11163443921094718,"upper_bound":0.1364989228806308},"point_estimate":0.12130266239675636,"standard_error":0.007099389619962069}}