{"mean":{"confidence_interval":{"confidence_level":0.95,"lower_bound":0.003396103909110456,"upper_bound":0.02205206322070932},"point_estimate":0.011343392717665823,"standard_error":0.004725249985250585},"median":{"confidence_interval":{"confidence_level":0.95,"lower_bound":0.000544981927863836,"upper_bound":0.0052879739568199025},"point_estimate":0.002973387502674729,"standard_error":0.0013566671071969499}}