{"mean":{"confidence_interval":{"confidence_level":0.95,"lower_bound":0.026275475492784712,"upper_bound":0.03808881512821212},"point_estimate":0.032064836475132585,"standard_error":0.0029991386242098515},"median":{"confidence_interval":{"confidence_level":0.95,"lower_bound":0.025318592393116734,"upper_bound":0.04007891980835058},"point_estimate":0.033005112528458724,"standard_error":0.0038718403471441776}}