{"mean":{"confidence_interval":{"confidence_level":0.95,"lower_bound":-0.01093668562640382,"upper_bound":0.009397596812485587},"point_estimate":-0.0003851310944974484,"standard_error":0.005104359780030324},"median":{"confidence_interval":{"confidence_level":0.95,"lower_bound":-0.00003644737851604685,"upper_bound":0.0045199238101827355},"point_estimate":0.0018379226304765517,"standard_error":0.0011249833932624723}}