{"mean":{"confidence_interval":{"confidence_level":0.95,"lower_bound":0.0034145226302430363,"upper_bound":0.043639889643773855},"point_estimate":0.02070349112508829,"standard_error":0.010405790823616859},"median":{"confidence_interval":{"confidence_level":0.95,"lower_bound":0.0024839213166572413,"upper_bound":0.01995915888469435},"point_estimate":0.012076702258153382,"standard_error":0.005273676455170801}}