{"mean":{"confidence_interval":{"confidence_level":0.95,"lower_bound":-0.022458795247126264,"upper_bound":-0.0009072476930365847},"point_estimate":-0.009548174279488064,"standard_error":0.005728693269564103},"median":{"confidence_interval":{"confidence_level":0.95,"lower_bound":-0.007230405584353727,"upper_bound":-0.00369595270276446},"point_estimate":-0.00548508565664152,"standard_error":0.0008911587362141323}}