{"mean":{"confidence_interval":{"confidence_level":0.95,"lower_bound":-0.015564983903395776,"upper_bound":0.00008256957588066461},"point_estimate":-0.008978942145917324,"standard_error":0.004083563503696545},"median":{"confidence_interval":{"confidence_level":0.95,"lower_bound":-0.015390076077369863,"upper_bound":-0.011884025233845241},"point_estimate":-0.013496723907551633,"standard_error":0.0009107555516074026}}