{"mean":{"confidence_interval":{"confidence_level":0.95,"lower_bound":-0.00447919729862087,"upper_bound":0.00860333121682586},"point_estimate":0.0017429327467832767,"standard_error":0.0033173677228970537},"median":{"confidence_interval":{"confidence_level":0.95,"lower_bound":-0.008990782730136315,"upper_bound":0.005454143142823664},"point_estimate":-0.0015659859948303767,"standard_error":0.0035510317642240535}}