{"mean":{"confidence_interval":{"confidence_level":0.95,"lower_bound":0.013989526317729758,"upper_bound":0.03515850781760489},"point_estimate":0.023808453316315648,"standard_error":0.005659308404486322},"median":{"confidence_interval":{"confidence_level":0.95,"lower_bound":0.007651753030140096,"upper_bound":0.03009876265602111},"point_estimate":0.020362860788998294,"standard_error":0.006240058359056577}}