{"mean":{"confidence_interval":{"confidence_level":0.95,"lower_bound":-0.002153172411593812,"upper_bound":0.02992943276628921},"point_estimate":0.010388455821514597,"standard_error":0.008106238945618946},"median":{"confidence_interval":{"confidence_level":0.95,"lower_bound":-0.0041202884148020535,"upper_bound":5.527636913971179e-6},"point_estimate":-0.0024208511663904586,"standard_error":0.0010211359562575337}}