{"mean":{"confidence_interval":{"confidence_level":0.95,"lower_bound":-0.007122567179340023,"upper_bound":-0.0026878640488588157},"point_estimate":-0.004917443001338673,"standard_error":0.0011374471700859028},"median":{"confidence_interval":{"confidence_level":0.95,"lower_bound":-0.0069981177732278965,"upper_bound":-0.0010772778941642303},"point_estimate":-0.003779516157353169,"standard_error":0.001436478688074748}}