{"mean":{"confidence_interval":{"confidence_level":0.95,"lower_bound":0.029418442278003023,"upper_bound":0.04171380612753594},"point_estimate":0.034930838232370975,"standard_error":0.003114853172813007},"median":{"confidence_interval":{"confidence_level":0.95,"lower_bound":0.031237828708669646,"upper_bound":0.040849898715794364},"point_estimate":0.0367951813684948,"standard_error":0.0026024663670090667}}