{"mean":{"confidence_interval":{"confidence_level":0.95,"lower_bound":0.0026602501695568437,"upper_bound":0.01457918700448636},"point_estimate":0.008037555280115738,"standard_error":0.002963448165934204},"median":{"confidence_interval":{"confidence_level":0.95,"lower_bound":0.001999109900197249,"upper_bound":0.00591601439461753},"point_estimate":0.0036597621082918863,"standard_error":0.0009909761787665853}}