{"mean":{"confidence_interval":{"confidence_level":0.95,"lower_bound":0.011497237734661214,"upper_bound":0.024025946679052383},"point_estimate":0.017674324627663607,"standard_error":0.003191352690034717},"median":{"confidence_interval":{"confidence_level":0.95,"lower_bound":0.0056910255581656966,"upper_bound":0.02677030031287253},"point_estimate":0.019579486843475102,"standard_error":0.005945067525958838}}