{"mean":{"confidence_interval":{"confidence_level":0.95,"lower_bound":0.01892607480351422,"upper_bound":0.05304844226011836},"point_estimate":0.0341977602337884,"standard_error":0.008854623403065467},"median":{"confidence_interval":{"confidence_level":0.95,"lower_bound":0.014081202880772858,"upper_bound":0.03273473355964773},"point_estimate":0.024609057574591198,"standard_error":0.004636089836138737}}