{"mean":{"confidence_interval":{"confidence_level":0.95,"lower_bound":-0.013843724689363896,"upper_bound":0.010070276970907526},"point_estimate":-0.0014377616206024957,"standard_error":0.006099563177575504},"median":{"confidence_interval":{"confidence_level":0.95,"lower_bound":-0.0034609756904002698,"upper_bound":0.003937498028500297},"point_estimate":-0.000013986171949142978,"standard_error":0.0018580427384574225}}