{"mean":{"confidence_interval":{"confidence_level":0.95,"lower_bound":-0.02174829019796826,"upper_bound":-0.00918741823623568},"point_estimate":-0.015827934294464052,"standard_error":0.0031632410806404694},"median":{"confidence_interval":{"confidence_level":0.95,"lower_bound":-0.025598765606771767,"upper_bound":-0.00410053780751829},"point_estimate":-0.018954029305354614,"standard_error":0.006180698723160265}}