{"mean":{"confidence_interval":{"confidence_level":0.95,"lower_bound":-0.021602581155103648,"upper_bound":0.01986725657233258},"point_estimate":-0.0006501356441993567,"standard_error":0.01053821644294042},"median":{"confidence_interval":{"confidence_level":0.95,"lower_bound":-0.002366331384483167,"upper_bound":0.010759083925561352},"point_estimate":0.0037448319037847178,"standard_error":0.003188024921154634}}