{"mean":{"confidence_interval":{"confidence_level":0.95,"lower_bound":0.013179034396123357,"upper_bound":0.018045953350059367},"point_estimate":0.015683118709412636,"standard_error":0.0012457990423012167},"median":{"confidence_interval":{"confidence_level":0.95,"lower_bound":0.012033913996987167,"upper_bound":0.019737487060175418},"point_estimate":0.015992542661479092,"standard_error":0.0020564216707162687}}