{"mean":{"confidence_interval":{"confidence_level":0.95,"lower_bound":0.08618356255898862,"upper_bound":0.0916771800106646},"point_estimate":0.08889194319413929,"standard_error":0.0014030728421563713},"median":{"confidence_interval":{"confidence_level":0.95,"lower_bound":0.0852506705435434,"upper_bound":0.09245569370316664},"point_estimate":0.08880442355256557,"standard_error":0.0018262972426108578}}