{"mean":{"confidence_interval":{"confidence_level":0.95,"lower_bound":0.01631969164542335,"upper_bound":0.022004030361717667},"point_estimate":0.019203734719741572,"standard_error":0.0014617805268956022},"median":{"confidence_interval":{"confidence_level":0.95,"lower_bound":0.01882619841537969,"upper_bound":0.02518584629847842},"point_estimate":0.021969766192423412,"standard_error":0.001700318086016683}}