{"mean":{"confidence_interval":{"confidence_level":0.95,"lower_bound":-0.0484370563130877,"upper_bound":-0.043836266117588604},"point_estimate":-0.0461978325743978,"standard_error":0.0011711435486551876},"median":{"confidence_interval":{"confidence_level":0.95,"lower_bound":-0.04710566804752703,"upper_bound":-0.04400305735747878},"point_estimate":-0.04570694330471936,"standard_error":0.0007994694860927737}}