{"mean":{"confidence_interval":{"confidence_level":0.95,"lower_bound":-0.007908505292874235,"upper_bound":-0.003570031087880232},"point_estimate":-0.005743405378252242,"standard_error":0.001111031462168779},"median":{"confidence_interval":{"confidence_level":0.95,"lower_bound":-0.006681021029876555,"upper_bound":-0.001006830003001613},"point_estimate":-0.004210442573418405,"standard_error":0.00153348258866912}}