{"mean":{"confidence_interval":{"confidence_level":0.95,"lower_bound":-0.06008451708224247,"upper_bound":-0.05571753664913249},"point_estimate":-0.0579695170333927,"standard_error":0.001116280118647694},"median":{"confidence_interval":{"confidence_level":0.95,"lower_bound":-0.06086050489339789,"upper_bound":-0.055554151708991806},"point_estimate":-0.058417365078819894,"standard_error":0.001245929186231641}}