{"mean":{"confidence_interval":{"confidence_level":0.95,"lower_bound":-0.0061459592811439,"upper_bound":-0.002129895050230525},"point_estimate":-0.004087999828097932,"standard_error":0.0010291637054148648},"median":{"confidence_interval":{"confidence_level":0.95,"lower_bound":-0.005815190319305996,"upper_bound":-0.0008899384357022866},"point_estimate":-0.0029336980116475564,"standard_error":0.001369148959210484}}