{"mean":{"confidence_interval":{"confidence_level":0.95,"lower_bound":0.09640372569936032,"upper_bound":0.10183152313761451},"point_estimate":0.09919768900332215,"standard_error":0.0013715104840861156},"median":{"confidence_interval":{"confidence_level":0.95,"lower_bound":0.09378697956320653,"upper_bound":0.1002635124537623},"point_estimate":0.09669601830018504,"standard_error":0.00167076071594392}}