{"mean":{"confidence_interval":{"confidence_level":0.95,"lower_bound":-0.0003872630709322866,"upper_bound":0.004857812052497466},"point_estimate":0.0022189101881291418,"standard_error":0.0013292292517139868},"median":{"confidence_interval":{"confidence_level":0.95,"lower_bound":0.000612381656648564,"upper_bound":0.006479538678333618},"point_estimate":0.002865678041048536,"standard_error":0.0015073511370924217}}