{"mean":{"confidence_interval":{"confidence_level":0.95,"lower_bound":-0.043878075493960354,"upper_bound":-0.04023700768718344},"point_estimate":-0.04207825581449143,"standard_error":0.0009306460975313631},"median":{"confidence_interval":{"confidence_level":0.95,"lower_bound":-0.044621563847139,"upper_bound":-0.041427075313810846},"point_estimate":-0.043131381001793145,"standard_error":0.0008279719460510525}}