{"mean":{"confidence_interval":{"confidence_level":0.95,"lower_bound":-0.009915119490078218,"upper_bound":-0.006593559303545194},"point_estimate":-0.008287595152393412,"standard_error":0.0008479102357811003},"median":{"confidence_interval":{"confidence_level":0.95,"lower_bound":-0.010897786677770404,"upper_bound":-0.007905239486542759},"point_estimate":-0.00964068185488487,"standard_error":0.0007238658209637658}}