{"mean":{"confidence_interval":{"confidence_level":0.95,"lower_bound":-0.012119232795688994,"upper_bound":-0.008624467007674046},"point_estimate":-0.010371943953467189,"standard_error":0.0008902557514533855},"median":{"confidence_interval":{"confidence_level":0.95,"lower_bound":-0.011922244970429707,"upper_bound":-0.007367463887782089},"point_estimate":-0.009492530879466776,"standard_error":0.0011907981414460234}}