{"mean":{"confidence_interval":{"confidence_level":0.95,"lower_bound":-0.026131476555722764,"upper_bound":-0.023219126015801086},"point_estimate":-0.024640632885278846,"standard_error":0.0007472028292761109},"median":{"confidence_interval":{"confidence_level":0.95,"lower_bound":-0.026025467782137657,"upper_bound":-0.022999705616264077},"point_estimate":-0.0246518367573193,"standard_error":0.0007732498827931441}}