{"mean":{"confidence_interval":{"confidence_level":0.95,"lower_bound":-0.06788685221355235,"upper_bound":-0.06151749457459699},"point_estimate":-0.06481427765163816,"standard_error":0.0016569260864573543},"median":{"confidence_interval":{"confidence_level":0.95,"lower_bound":-0.06759353132553704,"upper_bound":-0.06202474038941597},"point_estimate":-0.06534495483625702,"standard_error":0.001377765658653577}}