{"mean":{"confidence_interval":{"confidence_level":0.95,"lower_bound":0.05160317223907927,"upper_bound":0.05642337020838458},"point_estimate":0.05378732238853301,"standard_error":0.0012313536014482418},"median":{"confidence_interval":{"confidence_level":0.95,"lower_bound":0.050384877269446626,"upper_bound":0.055616429776418404},"point_estimate":0.05337781544193798,"standard_error":0.001540514521947165}}