{"mean":{"confidence_interval":{"confidence_level":0.95,"lower_bound":0.038866464292727505,"upper_bound":0.042840594852130445},"point_estimate":0.04088151157317221,"standard_error":0.0010080174654868825},"median":{"confidence_interval":{"confidence_level":0.95,"lower_bound":0.038479182157418634,"upper_bound":0.04180962282920153},"point_estimate":0.040171351351933504,"standard_error":0.0008306544925278422}}