{"mean":{"confidence_interval":{"confidence_level":0.95,"lower_bound":0.06906906487873078,"upper_bound":0.07691421867831494},"point_estimate":0.07300230332072988,"standard_error":0.0019916383423283675},"median":{"confidence_interval":{"confidence_level":0.95,"lower_bound":0.07065584187740304,"upper_bound":0.07496188979332685},"point_estimate":0.07250950020755575,"standard_error":0.0010814437189610507}}