{"mean":{"confidence_interval":{"confidence_level":0.95,"lower_bound":-0.000017097319605752226,"upper_bound":0.0003236401970369895},"point_estimate":0.00015873068969352033,"standard_error":0.0000870178210935257},"median":{"confidence_interval":{"confidence_level":0.95,"lower_bound":-0.00003960539742897673,"upper_bound":0.0004202372039614488},"point_estimate":0.00012459564524180955,"standard_error":0.00012028959735532731}}