{"mean":{"confidence_interval":{"confidence_level":0.95,"lower_bound":-0.0006050890667755965,"upper_bound":0.00012848720838674603},"point_estimate":-0.00020186804979160922,"standard_error":0.00018768618930972624},"median":{"confidence_interval":{"confidence_level":0.95,"lower_bound":-0.000029319282518924794,"upper_bound":0.0002996032827997652},"point_estimate":0.00012658091693062978,"standard_error":0.00008787022070336861}}