{"mean":{"confidence_interval":{"confidence_level":0.95,"lower_bound":-0.16646967564149026,"upper_bound":-0.16506137360076215},"point_estimate":-0.16577465073143616,"standard_error":0.00035931827364658935},"median":{"confidence_interval":{"confidence_level":0.95,"lower_bound":-0.16707159250059922,"upper_bound":-0.1660765200439037},"point_estimate":-0.16655516820025174,"standard_error":0.00028669388466544753}}