{"mean":{"confidence_interval":{"confidence_level":0.95,"lower_bound":0.19874843407904177,"upper_bound":0.20003829046918548},"point_estimate":0.19948147033419938,"standard_error":0.0003461135415559709},"median":{"confidence_interval":{"confidence_level":0.95,"lower_bound":0.20023105753405834,"upper_bound":0.20059220623250273},"point_estimate":0.2003947392217904,"standard_error":0.00008939720957662627}}