{"mean":{"confidence_interval":{"confidence_level":0.95,"lower_bound":0.037007164920832024,"upper_bound":0.06192707350843388},"point_estimate":0.048838569304970436,"standard_error":0.006433915081280639},"median":{"confidence_interval":{"confidence_level":0.95,"lower_bound":0.03594084283043042,"upper_bound":0.07464236358053615},"point_estimate":0.05742352191737243,"standard_error":0.010266780754330868}}