{"mean":{"confidence_interval":{"confidence_level":0.95,"lower_bound":0.0006481788167240432,"upper_bound":0.0009797673516930838},"point_estimate":0.0008054152366647749,"standard_error":0.00008612179308096212},"median":{"confidence_interval":{"confidence_level":0.95,"lower_bound":0.0007131197493392971,"upper_bound":0.0009541857410422848},"point_estimate":0.0008692610760427932,"standard_error":0.0000707719970742923}}