{"mean":{"confidence_interval":{"confidence_level":0.95,"lower_bound":0.19642152386598508,"upper_bound":0.19813315453249755},"point_estimate":0.19741891700824699,"standard_error":0.00044268863007533446},"median":{"confidence_interval":{"confidence_level":0.95,"lower_bound":0.197662841699205,"upper_bound":0.19850547784896788},"point_estimate":0.19818919805475121,"standard_error":0.00022436269594775697}}