{"mean":{"confidence_interval":{"confidence_level":0.95,"lower_bound":-0.04688609417578227,"upper_bound":-0.032061902599265356},"point_estimate":-0.039286368819899,"standard_error":0.0037308457473426613},"median":{"confidence_interval":{"confidence_level":0.95,"lower_bound":-0.04580319159674273,"upper_bound":-0.029265010151817705},"point_estimate":-0.037131341660504136,"standard_error":0.004114764217244368}}