{"mean":{"confidence_interval":{"confidence_level":0.95,"lower_bound":-0.0004067323850844795,"upper_bound":0.0016408791366584003},"point_estimate":0.0005433693318634969,"standard_error":0.000524798209940521},"median":{"confidence_interval":{"confidence_level":0.95,"lower_bound":-0.00006629465027974124,"upper_bound":0.00024427441399410554},"point_estimate":0.00012515989323191867,"standard_error":0.0000806007477734568}}