{"mean":{"confidence_interval":{"confidence_level":0.95,"lower_bound":0.01320277524930495,"upper_bound":0.0324060094978457},"point_estimate":0.02198464014668078,"standard_error":0.004961951018675465},"median":{"confidence_interval":{"confidence_level":0.95,"lower_bound":0.010320719265183964,"upper_bound":0.03073364863294436},"point_estimate":0.019115684971113378,"standard_error":0.004912493497822534}}