{"mean":{"confidence_interval":{"confidence_level":0.95,"lower_bound":-0.0005792850715233222,"upper_bound":-0.00010663401952498155},"point_estimate":-0.0003422481292227886,"standard_error":0.00012185605568178376},"median":{"confidence_interval":{"confidence_level":0.95,"lower_bound":-0.0008645308903389992,"upper_bound":-0.000378206260517544},"point_estimate":-0.0006741249201898114,"standard_error":0.00012613584808937928}}