{"mean":{"confidence_interval":{"confidence_level":0.95,"lower_bound":0.2594831183254353,"upper_bound":0.28867844075797694},"point_estimate":0.27353644478146855,"standard_error":0.007740979575055485},"median":{"confidence_interval":{"confidence_level":0.95,"lower_bound":0.23804826101103416,"upper_bound":0.24898334483129894},"point_estimate":0.24414291507806074,"standard_error":0.002626302811851623}}