{"mean":{"confidence_interval":{"confidence_level":0.95,"lower_bound":-0.10629384760755384,"upper_bound":-0.09088874423747575},"point_estimate":-0.09915045779838172,"standard_error":0.003959970876690824},"median":{"confidence_interval":{"confidence_level":0.95,"lower_bound":-0.11942293188854226,"upper_bound":-0.1009508883506649},"point_estimate":-0.11182939880532738,"standard_error":0.00552684634264694}}