{"mean":{"confidence_interval":{"confidence_level":0.95,"lower_bound":0.23985839752982546,"upper_bound":0.24047486419101352},"point_estimate":0.2401409037620359,"standard_error":0.0001597759172173869},"median":{"confidence_interval":{"confidence_level":0.95,"lower_bound":0.23948173578529008,"upper_bound":0.2396636514858308},"point_estimate":0.23958544608989163,"standard_error":0.00004499637024138399}}