{"mean":{"confidence_interval":{"confidence_level":0.95,"lower_bound":0.035056587072723716,"upper_bound":0.03693098036951235},"point_estimate":0.03596285620288664,"standard_error":0.0004785809263095727},"median":{"confidence_interval":{"confidence_level":0.95,"lower_bound":0.033122584689762036,"upper_bound":0.03521934558094597},"point_estimate":0.03405416900873437,"standard_error":0.0005360603265558127}}