{"mean":{"confidence_interval":{"confidence_level":0.95,"lower_bound":-0.0035573860262293477,"upper_bound":0.00024316342162392007},"point_estimate":-0.0012228144617290049,"standard_error":0.001018256106404108},"median":{"confidence_interval":{"confidence_level":0.95,"lower_bound":0.00009782583777462328,"upper_bound":0.000421880883378023},"point_estimate":0.0002799372770299069,"standard_error":0.00008544383325999238}}