{"mean":{"confidence_interval":{"confidence_level":0.95,"lower_bound":0.0036521040372157255,"upper_bound":0.011473268507803613},"point_estimate":0.007419535786632903,"standard_error":0.0020224868959278},"median":{"confidence_interval":{"confidence_level":0.95,"lower_bound":0.0010392751806926892,"upper_bound":0.010986090255069358},"point_estimate":0.004499119483155178,"standard_error":0.0028141877842537077}}