{"mean":{"confidence_interval":{"confidence_level":0.95,"lower_bound":0.18517016659458702,"upper_bound":0.2102921320061618},"point_estimate":0.19694124386886003,"standard_error":0.006451861920600958},"median":{"confidence_interval":{"confidence_level":0.95,"lower_bound":0.174266734396479,"upper_bound":0.1947261703278227},"point_estimate":0.18257054131690054,"standard_error":0.005341632428661714}}