{"mean":{"confidence_interval":{"confidence_level":0.95,"lower_bound":0.17762807128621216,"upper_bound":0.19327330839945067},"point_estimate":0.18452621326746232,"standard_error":0.004047516760301837},"median":{"confidence_interval":{"confidence_level":0.95,"lower_bound":0.17135470352109095,"upper_bound":0.1879263879494429},"point_estimate":0.1781835833655041,"standard_error":0.004201313886712415}}