{"mean":{"confidence_interval":{"confidence_level":0.95,"lower_bound":-0.2857814925383363,"upper_bound":-0.28485071965850683},"point_estimate":-0.2853730954254885,"standard_error":0.0002315369299300988},"median":{"confidence_interval":{"confidence_level":0.95,"lower_bound":-0.28570547180233835,"upper_bound":-0.28527547988913377},"point_estimate":-0.2854801650860792,"standard_error":0.00010560071168368687}}