{"mean":{"confidence_interval":{"confidence_level":0.95,"lower_bound":-0.0005051602302593715,"upper_bound":0.0020698991520936285},"point_estimate":0.0005685130653798609,"standard_error":0.0006893401389827253},"median":{"confidence_interval":{"confidence_level":0.95,"lower_bound":-0.0005423082227259401,"upper_bound":-0.00024038853964813978},"point_estimate":-0.0004085720432115414,"standard_error":0.00007388873139216043}}