{"mean":{"confidence_interval":{"confidence_level":0.95,"lower_bound":-0.00047861140344060134,"upper_bound":0.003287300728535653},"point_estimate":0.0007873444195343193,"standard_error":0.000997349280151104},"median":{"confidence_interval":{"confidence_level":0.95,"lower_bound":-0.00003380820317544497,"upper_bound":0.0002308991981776476},"point_estimate":0.00007384077587380133,"standard_error":0.00006736806302096815}}