{"mean":{"confidence_interval":{"confidence_level":0.95,"lower_bound":-0.0018924433868323899,"upper_bound":-0.000014175802031339151},"point_estimate":-0.000878016767163925,"standard_error":0.0004802633798520805},"median":{"confidence_interval":{"confidence_level":0.95,"lower_bound":-0.00013599389819276522,"upper_bound":0.00017249147045816926},"point_estimate":0.000024318828272251736,"standard_error":0.00008211490877781196}}