{"mean":{"confidence_interval":{"confidence_level":0.95,"lower_bound":-0.00006820968732606505,"upper_bound":0.00043246343558220877},"point_estimate":0.00017930375189201264,"standard_error":0.00012714091422628222},"median":{"confidence_interval":{"confidence_level":0.95,"lower_bound":-0.00008047811588385301,"upper_bound":0.0002716251858629892},"point_estimate":0.00008243519398298815,"standard_error":0.00009133839353908577}}