{"mean":{"confidence_interval":{"confidence_level":0.95,"lower_bound":0.10489123643469711,"upper_bound":0.12029734269964762},"point_estimate":0.11270175079531919,"standard_error":0.003944752482777995},"median":{"confidence_interval":{"confidence_level":0.95,"lower_bound":0.1149109443202978,"upper_bound":0.13265754921326245},"point_estimate":0.1244211209298487,"standard_error":0.004802902925350661}}