{"mean":{"confidence_interval":{"confidence_level":0.95,"lower_bound":-0.0010876556054710829,"upper_bound":0.0000352249605563117},"point_estimate":-0.0004725090486674688,"standard_error":0.0002880438425081065},"median":{"confidence_interval":{"confidence_level":0.95,"lower_bound":-0.00042977240310282383,"upper_bound":0.00010241673258737372},"point_estimate":-0.00010844918597796571,"standard_error":0.00013933955848516452}}