{"mean":{"confidence_interval":{"confidence_level":0.95,"lower_bound":0.00018469088349863384,"upper_bound":0.0007223910732650991},"point_estimate":0.0004421897654161011,"standard_error":0.00013450562481740375},"median":{"confidence_interval":{"confidence_level":0.95,"lower_bound":0.0002614417789858881,"upper_bound":0.0005248312827094586},"point_estimate":0.0003649224514272742,"standard_error":0.00006741847252488284}}