{"mean":{"confidence_interval":{"confidence_level":0.95,"lower_bound":0.09425551372100839,"upper_bound":0.10870764008562823},"point_estimate":0.10163163833743072,"standard_error":0.003582350586174088},"median":{"confidence_interval":{"confidence_level":0.95,"lower_bound":0.08555367207519793,"upper_bound":0.1027899352948698},"point_estimate":0.09661538385977186,"standard_error":0.004660175006202184}}