{"mean":{"confidence_interval":{"confidence_level":0.95,"lower_bound":-0.000504011533662671,"upper_bound":-0.00025335864249807777},"point_estimate":-0.00037560316571816355,"standard_error":0.0000638497318280015},"median":{"confidence_interval":{"confidence_level":0.95,"lower_bound":-0.0004297995658820719,"upper_bound":-0.000242674575538393},"point_estimate":-0.0003277300417832141,"standard_error":0.00004744288607315348}}