{"mean":{"confidence_interval":{"confidence_level":0.95,"lower_bound":-0.000266363530514479,"upper_bound":0.0014882847343847367},"point_estimate":0.0004514958469661323,"standard_error":0.0004491809225867672},"median":{"confidence_interval":{"confidence_level":0.95,"lower_bound":-0.0001265830051441208,"upper_bound":0.0002564433338256844},"point_estimate":0.00007691497975148565,"standard_error":0.00009435259621661294}}