{"mean":{"confidence_interval":{"confidence_level":0.95,"lower_bound":-0.023220803140096613,"upper_bound":-0.00018307501406706497},"point_estimate":-0.011793535521975818,"standard_error":0.006168119108867222},"median":{"confidence_interval":{"confidence_level":0.95,"lower_bound":-0.04349994220842057,"upper_bound":-0.0014998213711933106},"point_estimate":-0.020191958797137866,"standard_error":0.009479280161294687}}