{"mean":{"confidence_interval":{"confidence_level":0.95,"lower_bound":0.017415194046712764,"upper_bound":0.02249328860635932},"point_estimate":0.019898809327977274,"standard_error":0.0012986626445611051},"median":{"confidence_interval":{"confidence_level":0.95,"lower_bound":0.016371210377123635,"upper_bound":0.02281768565265585},"point_estimate":0.017629149600312255,"standard_error":0.0016397111677041649}}