{"mean":{"confidence_interval":{"confidence_level":0.95,"lower_bound":0.19412393507114636,"upper_bound":0.19613440239665542},"point_estimate":0.19529341081690665,"standard_error":0.0005372235079413146},"median":{"confidence_interval":{"confidence_level":0.95,"lower_bound":0.19542049573473788,"upper_bound":0.197351651330957},"point_estimate":0.1963508567829937,"standard_error":0.0005012243530258861}}