{"mean":{"confidence_interval":{"confidence_level":0.95,"lower_bound":-0.1944446803611949,"upper_bound":-0.16454130831974134},"point_estimate":-0.17896614797913435,"standard_error":0.007605684923776048},"median":{"confidence_interval":{"confidence_level":0.95,"lower_bound":-0.18872394963448436,"upper_bound":-0.14348994915060642},"point_estimate":-0.1680228655816679,"standard_error":0.010899600351096706}}