{"mean":{"confidence_interval":{"confidence_level":0.95,"lower_bound":0.24091166902277084,"upper_bound":0.24205592132063763},"point_estimate":0.24150641678920937,"standard_error":0.0002899629913350854},"median":{"confidence_interval":{"confidence_level":0.95,"lower_bound":0.23971995766521603,"upper_bound":0.24125988935458895},"point_estimate":0.24078002842916102,"standard_error":0.00047680268522034365}}