{"mean":{"confidence_interval":{"confidence_level":0.95,"lower_bound":-0.00040243102058655495,"upper_bound":0.0013152402973140404},"point_estimate":0.00042288231661036235,"standard_error":0.0004344698422500122},"median":{"confidence_interval":{"confidence_level":0.95,"lower_bound":0.0003404352210691908,"upper_bound":0.0005583624128083495},"point_estimate":0.000434829108548751,"standard_error":0.000055545239266091245}}