{"mean":{"confidence_interval":{"confidence_level":0.95,"lower_bound":-0.000945960261518638,"upper_bound":0.0002803085985800864},"point_estimate":-0.000327257158340144,"standard_error":0.0003108300670576812},"median":{"confidence_interval":{"confidence_level":0.95,"lower_bound":-0.0004975501108097635,"upper_bound":-0.0000729871525086967},"point_estimate":-0.00030642075232401034,"standard_error":0.0001085102588075733}}