{"mean":{"confidence_interval":{"confidence_level":0.95,"lower_bound":0.024121288772467886,"upper_bound":0.031612914568700745},"point_estimate":0.02787434676181455,"standard_error":0.0019154919676262956},"median":{"confidence_interval":{"confidence_level":0.95,"lower_bound":0.023864844727257806,"upper_bound":0.03377490353656598},"point_estimate":0.02824707278694394,"standard_error":0.0027465100017921556}}