{"mean":{"confidence_interval":{"confidence_level":0.95,"lower_bound":-0.00045926623303661735,"upper_bound":0.0009613338702141204},"point_estimate":0.00023571162149349512,"standard_error":0.0003591681038581183},"median":{"confidence_interval":{"confidence_level":0.95,"lower_bound":-7.663972767413263e-6,"upper_bound":0.0002950919410437402},"point_estimate":0.0001270621762237134,"standard_error":0.0000787742207877}}