{"mean":{"confidence_interval":{"confidence_level":0.95,"lower_bound":0.01877239677611846,"upper_bound":0.026823259291042883},"point_estimate":0.023035422472409417,"standard_error":0.002054203952063864},"median":{"confidence_interval":{"confidence_level":0.95,"lower_bound":0.03162815478228285,"upper_bound":0.032354705101612424},"point_estimate":0.03207419047073978,"standard_error":0.00017798603603146713}}