{"mean":{"confidence_interval":{"confidence_level":0.95,"lower_bound":-0.005988752654168913,"upper_bound":0.007471495705866792},"point_estimate":0.00044727497700014496,"standard_error":0.003232840927986894},"median":{"confidence_interval":{"confidence_level":0.95,"lower_bound":-0.00917492695210298,"upper_bound":-0.00020056745924201813},"point_estimate":-0.004958436148480128,"standard_error":0.0021656393264290925}}