{"mean":{"confidence_interval":{"confidence_level":0.95,"lower_bound":-0.11276535716660319,"upper_bound":-0.0857373615725191},"point_estimate":-0.0994999250756502,"standard_error":0.006903294183192583},"median":{"confidence_interval":{"confidence_level":0.95,"lower_bound":-0.10926771461495632,"upper_bound":-0.07992504044181781},"point_estimate":-0.09281126627297043,"standard_error":0.0073031281719166735}}