{"mean":{"confidence_interval":{"confidence_level":0.95,"lower_bound":-0.02469588775079642,"upper_bound":-0.018354683266917343},"point_estimate":-0.02152975362202425,"standard_error":0.001620132513472112},"median":{"confidence_interval":{"confidence_level":0.95,"lower_bound":-0.02474212422288047,"upper_bound":-0.017417345000738937},"point_estimate":-0.021221249662846886,"standard_error":0.0019056721073105346}}