{"mean":{"confidence_interval":{"confidence_level":0.95,"lower_bound":0.047315140271134426,"upper_bound":0.0663700659282937},"point_estimate":0.0569009465713628,"standard_error":0.004860980485701169},"median":{"confidence_interval":{"confidence_level":0.95,"lower_bound":0.04966151636497029,"upper_bound":0.07052275840351308},"point_estimate":0.05758368807384473,"standard_error":0.005238122429761365}}