{"mean":{"confidence_interval":{"confidence_level":0.95,"lower_bound":-0.04204210331009258,"upper_bound":-0.03310981851819945},"point_estimate":-0.037928522084643146,"standard_error":0.002266050098831656},"median":{"confidence_interval":{"confidence_level":0.95,"lower_bound":-0.05355909361667199,"upper_bound":-0.033553574389663554},"point_estimate":-0.0447030859072175,"standard_error":0.0050431336889054995}}