{"mean":{"confidence_interval":{"confidence_level":0.95,"lower_bound":0.2143085440408278,"upper_bound":0.23047813618271523},"point_estimate":0.22245592369978517,"standard_error":0.0038935757235334725},"median":{"confidence_interval":{"confidence_level":0.95,"lower_bound":0.21254851768312677,"upper_bound":0.22518556521179356},"point_estimate":0.21670473587221561,"standard_error":0.003331989606471552}}