{"mean":{"confidence_interval":{"confidence_level":0.95,"lower_bound":-0.0878410768218022,"upper_bound":-0.06754531376130596},"point_estimate":-0.0776515171304012,"standard_error":0.005163084304016874},"median":{"confidence_interval":{"confidence_level":0.95,"lower_bound":-0.08897107880766042,"upper_bound":-0.05895607506291756},"point_estimate":-0.07544820242758854,"standard_error":0.008216871595757368}}