{"mean":{"confidence_interval":{"confidence_level":0.95,"lower_bound":-0.01927756204607592,"upper_bound":-0.008928525331856677},"point_estimate":-0.013719903194554961,"standard_error":0.0026509858566019376},"median":{"confidence_interval":{"confidence_level":0.95,"lower_bound":-0.011036951607673373,"upper_bound":-0.006229960139223167},"point_estimate":-0.009451120439467608,"standard_error":0.0013246214568849732}}