{"mean":{"confidence_interval":{"confidence_level":0.95,"lower_bound":-0.00032298497844736833,"upper_bound":0.003796307134270397},"point_estimate":0.0017255588393845223,"standard_error":0.001049161665070301},"median":{"confidence_interval":{"confidence_level":0.95,"lower_bound":0.00041141405047605143,"upper_bound":0.003803687427552882},"point_estimate":0.002567140801849499,"standard_error":0.0008557275169903137}}