{"mean":{"confidence_interval":{"confidence_level":0.95,"lower_bound":-0.0056158013609930195,"upper_bound":-0.0025281256542564923},"point_estimate":-0.004218918414853334,"standard_error":0.0007798160378409067},"median":{"confidence_interval":{"confidence_level":0.95,"lower_bound":-0.0059487954370551765,"upper_bound":-0.0039553909384884576},"point_estimate":-0.00497655641562289,"standard_error":0.0005245412862873119}}