{"mean":{"confidence_interval":{"confidence_level":0.95,"lower_bound":0.001633772916829697,"upper_bound":0.03003819935093872},"point_estimate":0.015770228620422655,"standard_error":0.007241274194517358},"median":{"confidence_interval":{"confidence_level":0.95,"lower_bound":0.007562958547702614,"upper_bound":0.014135716279299437},"point_estimate":0.011948636031366089,"standard_error":0.0017752747601759479}}