{"mean":{"confidence_interval":{"confidence_level":0.95,"lower_bound":-0.0036644324542691813,"upper_bound":0.0002410397651076862},"point_estimate":-0.0017304427490911767,"standard_error":0.0009956694102908337},"median":{"confidence_interval":{"confidence_level":0.95,"lower_bound":-0.002101253710261819,"upper_bound":0.00017542549100468607},"point_estimate":-0.0009273826205209446,"standard_error":0.0005490914472108974}}