{"mean":{"confidence_interval":{"confidence_level":0.95,"lower_bound":-0.00461850483264955,"upper_bound":0.005513707374847337},"point_estimate":-0.0005511217219470455,"standard_error":0.0025875697311817554},"median":{"confidence_interval":{"confidence_level":0.95,"lower_bound":-0.005046529531460453,"upper_bound":-0.0026833256076884086},"point_estimate":-0.003992792284824964,"standard_error":0.0006354432978750217}}