{"mean":{"confidence_interval":{"confidence_level":0.95,"lower_bound":-0.001582577329114493,"upper_bound":-0.00036740429542243846},"point_estimate":-0.0009125283732587253,"standard_error":0.0003093983497054901},"median":{"confidence_interval":{"confidence_level":0.95,"lower_bound":-0.001045711006923633,"upper_bound":-0.00015040085223427813},"point_estimate":-0.0004883646066098368,"standard_error":0.00023166220425884667}}