{"mean":{"confidence_interval":{"confidence_level":0.95,"lower_bound":0.9227183306391142,"upper_bound":0.9256823243083682},"point_estimate":0.9244566357233914,"standard_error":0.0007572932056647327},"median":{"confidence_interval":{"confidence_level":0.95,"lower_bound":0.9241918971250234,"upper_bound":0.9255974144839783},"point_estimate":0.9248061032342634,"standard_error":0.0003569073261942588}}