{"mean":{"confidence_interval":{"confidence_level":0.95,"lower_bound":0.003932025781353482,"upper_bound":0.008757200300652726},"point_estimate":0.006113213836701492,"standard_error":0.0012280174005482626},"median":{"confidence_interval":{"confidence_level":0.95,"lower_bound":0.0037105125215077805,"upper_bound":0.006021044830441126},"point_estimate":0.004768476732582849,"standard_error":0.0005869069062834708}}