{"mean":{"confidence_interval":{"confidence_level":0.95,"lower_bound":-0.003990716976630797,"upper_bound":0.0050848206592622154},"point_estimate":-0.00014089773366576797,"standard_error":0.002281605842058529},"median":{"confidence_interval":{"confidence_level":0.95,"lower_bound":-0.003914388432952438,"upper_bound":0.00047063923875678704},"point_estimate":-0.0024737737998919984,"standard_error":0.0011186739277045242}}