{"mean":{"confidence_interval":{"confidence_level":0.95,"lower_bound":-0.001816286381292184,"upper_bound":-0.0009856696897427549},"point_estimate":-0.0014095666326953138,"standard_error":0.0002124057203534058},"median":{"confidence_interval":{"confidence_level":0.95,"lower_bound":-0.0019379649737498728,"upper_bound":-0.001310999951792735},"point_estimate":-0.0015383117470326724,"standard_error":0.00016836201566008906}}