{"mean":{"confidence_interval":{"confidence_level":0.95,"lower_bound":-0.000034130730297346244,"upper_bound":0.0014226166086257486},"point_estimate":0.0006082260501090175,"standard_error":0.0003585636507120424},"median":{"confidence_interval":{"confidence_level":0.95,"lower_bound":0.0003804674626253224,"upper_bound":0.0009488467161145094},"point_estimate":0.0006819894283982553,"standard_error":0.00014734101433144667}}