{"mean":{"confidence_interval":{"confidence_level":0.95,"lower_bound":-0.48162751924646696,"upper_bound":-0.4805599028567092},"point_estimate":-0.4811606771446375,"standard_error":0.0002745393236568306},"median":{"confidence_interval":{"confidence_level":0.95,"lower_bound":-0.48180147074992885,"upper_bound":-0.48144163419798847},"point_estimate":-0.4816326953679988,"standard_error":0.00009173422868518952}}