{"mean":{"confidence_interval":{"confidence_level":0.95,"lower_bound":-0.0031724256937160776,"upper_bound":0.03284825829432522},"point_estimate":0.012080542343786416,"standard_error":0.00928148790740121},"median":{"confidence_interval":{"confidence_level":0.95,"lower_bound":0.0035001174155870896,"upper_bound":0.00814878753928641},"point_estimate":0.005033395319694156,"standard_error":0.0012069578777227864}}