{"mean":{"confidence_interval":{"confidence_level":0.95,"lower_bound":0.007488831072309571,"upper_bound":0.01896740384832388},"point_estimate":0.01293015570468481,"standard_error":0.002946175692725197},"median":{"confidence_interval":{"confidence_level":0.95,"lower_bound":0.005888730774538331,"upper_bound":0.010298216511116622},"point_estimate":0.008515104381887628,"standard_error":0.0011221021746698045}}