{"mean":{"confidence_interval":{"confidence_level":0.95,"lower_bound":-0.008585175062390454,"upper_bound":0.0024805540811324556},"point_estimate":-0.003109140635929264,"standard_error":0.0029349305217481634},"median":{"confidence_interval":{"confidence_level":0.95,"lower_bound":-0.01192741338141631,"upper_bound":-0.008332982811570355},"point_estimate":-0.00991414408412461,"standard_error":0.0009137420703430324}}