{"mean":{"confidence_interval":{"confidence_level":0.95,"lower_bound":0.003926899442887055,"upper_bound":0.010281669097434753},"point_estimate":0.007137777189847538,"standard_error":0.001613542844439473},"median":{"confidence_interval":{"confidence_level":0.95,"lower_bound":0.0010910383900375464,"upper_bound":0.008839437215686585},"point_estimate":0.0046861071994352965,"standard_error":0.0018188719416958117}}