{"mean":{"confidence_interval":{"confidence_level":0.95,"lower_bound":0.003364982275129042,"upper_bound":0.011398436310636528},"point_estimate":0.006628991650824867,"standard_error":0.0021132783769296577},"median":{"confidence_interval":{"confidence_level":0.95,"lower_bound":0.0018763348968960226,"upper_bound":0.0041658857170838726},"point_estimate":0.002903967760076176,"standard_error":0.0005583844145333313}}