{"mean":{"confidence_interval":{"confidence_level":0.95,"lower_bound":-0.005205060116455891,"upper_bound":0.007074429483197262},"point_estimate":0.0020789830579586166,"standard_error":0.0032271576561350027},"median":{"confidence_interval":{"confidence_level":0.95,"lower_bound":0.003090858081475023,"upper_bound":0.006544698700078566},"point_estimate":0.004567057593712454,"standard_error":0.0008684610441542484}}