{"mean":{"confidence_interval":{"confidence_level":0.95,"lower_bound":-0.07645275515027095,"upper_bound":-0.06975374149405086},"point_estimate":-0.07313832775342277,"standard_error":0.001708597236554097},"median":{"confidence_interval":{"confidence_level":0.95,"lower_bound":-0.07551128995898271,"upper_bound":-0.07036390205245517},"point_estimate":-0.07309763777710776,"standard_error":0.0013567691910611878}}