{"mean":{"confidence_interval":{"confidence_level":0.95,"lower_bound":-0.007010639517812799,"upper_bound":0.007418786365904317},"point_estimate":0.0006202582287999636,"standard_error":0.003659855818495011},"median":{"confidence_interval":{"confidence_level":0.95,"lower_bound":-0.0016249717309089196,"upper_bound":0.002138063288099401},"point_estimate":0.00018411021102004987,"standard_error":0.0009986311916533523}}