{"mean":{"confidence_interval":{"confidence_level":0.95,"lower_bound":0.6060400928621654,"upper_bound":0.620572500848472},"point_estimate":0.6126416849272329,"standard_error":0.003767335815300858},"median":{"confidence_interval":{"confidence_level":0.95,"lower_bound":0.6062352566666207,"upper_bound":0.6145726733895871},"point_estimate":0.6097123814644365,"standard_error":0.002195547714551649}}