{"mean":{"confidence_interval":{"confidence_level":0.95,"lower_bound":0.004180578746556152,"upper_bound":0.0096020897586287},"point_estimate":0.00696968157648592,"standard_error":0.0013857796335500394},"median":{"confidence_interval":{"confidence_level":0.95,"lower_bound":0.004585618837870786,"upper_bound":0.009160576078637768},"point_estimate":0.006808070845146341,"standard_error":0.0011935540784820517}}