{"mean":{"confidence_interval":{"confidence_level":0.95,"lower_bound":-0.017864194727460158,"upper_bound":0.024541159440619742},"point_estimate":-0.00010239845003645609,"standard_error":0.011048447330422595},"median":{"confidence_interval":{"confidence_level":0.95,"lower_bound":-0.012837296450419524,"upper_bound":-0.008313704605587738},"point_estimate":-0.010330860704919953,"standard_error":0.001144708115479167}}