{"mean":{"confidence_interval":{"confidence_level":0.95,"lower_bound":0.000036417657116372126,"upper_bound":0.0021191391994326678},"point_estimate":0.0008650580191813528,"standard_error":0.0005367046133110918},"median":{"confidence_interval":{"confidence_level":0.95,"lower_bound":-0.00022891849592443503,"upper_bound":0.0006593791009627805},"point_estimate":0.00016204662165852923,"standard_error":0.00023720342703129264}}