{"mean":{"confidence_interval":{"confidence_level":0.95,"lower_bound":0.030411897617232644,"upper_bound":0.04106321157160847},"point_estimate":0.03588061126655129,"standard_error":0.0027305578895376477},"median":{"confidence_interval":{"confidence_level":0.95,"lower_bound":0.039156104418760496,"upper_bound":0.04675153568790216},"point_estimate":0.043633091665173485,"standard_error":0.002026141253356944}}