{"mean":{"confidence_interval":{"confidence_level":0.95,"lower_bound":-0.01783665787236963,"upper_bound":-0.008515581827911468},"point_estimate":-0.012833789838899268,"standard_error":0.0023812470554134273},"median":{"confidence_interval":{"confidence_level":0.95,"lower_bound":-0.011508044854790178,"upper_bound":-0.008037030332677442},"point_estimate":-0.010129474889800871,"standard_error":0.0009135414885707847}}