{"mean":{"confidence_interval":{"confidence_level":0.95,"lower_bound":-0.00643074819475693,"upper_bound":-0.0013837776527560431},"point_estimate":-0.0037273562031528984,"standard_error":0.0012882486456339722},"median":{"confidence_interval":{"confidence_level":0.95,"lower_bound":-0.004516465926326615,"upper_bound":-0.0017093725228599643},"point_estimate":-0.0028494959571203626,"standard_error":0.0007118629245914833}}