{"mean":{"confidence_interval":{"confidence_level":0.95,"lower_bound":-0.035855822469342824,"upper_bound":-0.02225832276731434},"point_estimate":-0.02969925604070034,"standard_error":0.003440566151157735},"median":{"confidence_interval":{"confidence_level":0.95,"lower_bound":-0.03657714655509736,"upper_bound":-0.023534335849668464},"point_estimate":-0.03014748102529552,"standard_error":0.0032971259347783473}}