{"mean":{"confidence_interval":{"confidence_level":0.95,"lower_bound":0.010943125348195104,"upper_bound":0.019070497718852844},"point_estimate":0.01450258794620396,"standard_error":0.002167386173994753},"median":{"confidence_interval":{"confidence_level":0.95,"lower_bound":0.00922035120653475,"upper_bound":0.011720552206100354},"point_estimate":0.010438019402838616,"standard_error":0.0006341837550852968}}