{"mean":{"confidence_interval":{"confidence_level":0.95,"lower_bound":-0.008439242641876316,"upper_bound":0.003635897858828599},"point_estimate":-0.0018256174609827536,"standard_error":0.0030772696173848252},"median":{"confidence_interval":{"confidence_level":0.95,"lower_bound":-0.003578854688498933,"upper_bound":-0.0003697860337257275},"point_estimate":-0.002157774565867965,"standard_error":0.0008000535795560031}}