{"mean":{"confidence_interval":{"confidence_level":0.95,"lower_bound":-0.44089157574110255,"upper_bound":-0.4297491610675751},"point_estimate":-0.43522397934801205,"standard_error":0.0028088394249970194},"median":{"confidence_interval":{"confidence_level":0.95,"lower_bound":-0.4441324056586748,"upper_bound":-0.42809949782239226},"point_estimate":-0.43772240543218444,"standard_error":0.0038772891923096993}}