{"mean":{"confidence_interval":{"confidence_level":0.95,"lower_bound":-0.0028791551269275596,"upper_bound":0.003758424859985078},"point_estimate":0.00030816655684651195,"standard_error":0.0016879289771164015},"median":{"confidence_interval":{"confidence_level":0.95,"lower_bound":-0.0022650556089296447,"upper_bound":-0.00017253622121926604},"point_estimate":-0.0014652920019359028,"standard_error":0.0005347895040106046}}