{"mean":{"confidence_interval":{"confidence_level":0.95,"lower_bound":-0.011077056694205977,"upper_bound":-0.002339676655856135},"point_estimate":-0.005957008389036678,"standard_error":0.0022746351017688},"median":{"confidence_interval":{"confidence_level":0.95,"lower_bound":-0.00467507267575995,"upper_bound":-0.0019714519578826195},"point_estimate":-0.003490087498284389,"standard_error":0.0006876710665010021}}