{"mean":{"confidence_interval":{"confidence_level":0.95,"lower_bound":-0.0009770839517889123,"upper_bound":0.0022709657535256774},"point_estimate":0.0006721905800679551,"standard_error":0.0008221353336094556},"median":{"confidence_interval":{"confidence_level":0.95,"lower_bound":-0.0009088037056934617,"upper_bound":0.0018699262306440811},"point_estimate":0.00035520256732168853,"standard_error":0.0007337446192196087}}