{"mean":{"confidence_interval":{"confidence_level":0.95,"lower_bound":0.0024296642321552935,"upper_bound":0.006020466456653517},"point_estimate":0.004228769476253724,"standard_error":0.000915646481534354},"median":{"confidence_interval":{"confidence_level":0.95,"lower_bound":0.0027872493246785535,"upper_bound":0.00528780493440828},"point_estimate":0.003815887198877599,"standard_error":0.000663055847238161}}