{"mean":{"confidence_interval":{"confidence_level":0.95,"lower_bound":-0.004111324308079503,"upper_bound":-0.001469227305603608},"point_estimate":-0.002765551737523242,"standard_error":0.0006714715950341619},"median":{"confidence_interval":{"confidence_level":0.95,"lower_bound":-0.004003181757066154,"upper_bound":-0.0014532777710880573},"point_estimate":-0.0028646762568403927,"standard_error":0.0007033084797315911}}