{"mean":{"confidence_interval":{"confidence_level":0.95,"lower_bound":-0.0047658184552055284,"upper_bound":0.0014173594043143112},"point_estimate":-0.0017344783923141094,"standard_error":0.0015654452685666303},"median":{"confidence_interval":{"confidence_level":0.95,"lower_bound":-0.0022576709889844393,"upper_bound":0.0016506320342510872},"point_estimate":-0.00010664999645582096,"standard_error":0.001021295274318653}}