{"mean":{"confidence_interval":{"confidence_level":0.95,"lower_bound":6471374.27065625,"upper_bound":6496249.9225},"point_estimate":6482012.85125,"standard_error":6450.260481652555},"median":{"confidence_interval":{"confidence_level":0.95,"lower_bound":6465210.1875,"upper_bound":6474318.33125},"point_estimate":6470564.625,"standard_error":2500.746049699065},"median_abs_dev":{"confidence_interval":{"confidence_level":0.95,"lower_bound":15305.064853280783,"upper_bound":23629.585717990994},"point_estimate":19969.973007962108,"standard_error":2150.4822488367618},"slope":null,"std_dev":{"confidence_interval":{"confidence_level":0.95,"lower_bound":25684.075737268504,"upper_bound":101768.37720813665},"point_estimate":65168.1482676182,"standard_error":22584.64957847127}}