{"mean":{"confidence_interval":{"confidence_level":0.95,"lower_bound":8645400.708333334,"upper_bound":8685007.913333334},"point_estimate":8664309.184999999,"standard_error":10097.192893870571},"median":{"confidence_interval":{"confidence_level":0.95,"lower_bound":8628533.5,"upper_bound":8655841.666666666},"point_estimate":8638892.333333332,"standard_error":6846.095447507572},"median_abs_dev":{"confidence_interval":{"confidence_level":0.95,"lower_bound":43525.92292726132,"upper_bound":73536.09075572396},"point_estimate":54731.78417831475,"standard_error":7851.823415944558},"slope":null,"std_dev":{"confidence_interval":{"confidence_level":0.95,"lower_bound":76451.8906443932,"upper_bound":125864.67671896527},"point_estimate":102212.48018409665,"standard_error":12629.731731844453}}