{"mean":{"confidence_interval":{"confidence_level":0.95,"lower_bound":7291364.282535714,"upper_bound":7345529.0762142865},"point_estimate":7315064.635714288,"standard_error":13949.32497690714},"median":{"confidence_interval":{"confidence_level":0.95,"lower_bound":7256919.0,"upper_bound":7294930.142857143},"point_estimate":7274888.285714285,"standard_error":9412.048226196628},"median_abs_dev":{"confidence_interval":{"confidence_level":0.95,"lower_bound":35061.37137753682,"upper_bound":81180.0792587652},"point_estimate":55063.868922420814,"standard_error":12008.897101337501},"slope":null,"std_dev":{"confidence_interval":{"confidence_level":0.95,"lower_bound":68754.88873311137,"upper_bound":210933.12905919447},"point_estimate":139612.19649798403,"standard_error":41291.072413145295}}