{"mean":{"confidence_interval":{"confidence_level":0.95,"lower_bound":8789410.398333332,"upper_bound":8853253.108333334},"point_estimate":8820003.916666664,"standard_error":16262.69562698388},"median":{"confidence_interval":{"confidence_level":0.95,"lower_bound":8753245.833333334,"upper_bound":8811750.166666666},"point_estimate":8788061.75,"standard_error":13105.831525892067},"median_abs_dev":{"confidence_interval":{"confidence_level":0.95,"lower_bound":89621.43870890232,"upper_bound":162998.52370619774},"point_estimate":121499.31494295505,"standard_error":18108.747457538942},"slope":null,"std_dev":{"confidence_interval":{"confidence_level":0.95,"lower_bound":122500.36640149834,"upper_bound":200975.1888484249},"point_estimate":163357.72340928478,"standard_error":20083.588409227115}}