{"mean":{"confidence_interval":{"confidence_level":0.95,"lower_bound":8189010.84834375,"upper_bound":8242646.04625},"point_estimate":8215621.3825,"standard_error":13652.016770465465},"median":{"confidence_interval":{"confidence_level":0.95,"lower_bound":8192121.125,"upper_bound":8257265.375},"point_estimate":8247139.5625,"standard_error":13028.8515599418},"median_abs_dev":{"confidence_interval":{"confidence_level":0.95,"lower_bound":94627.49929502606,"upper_bound":193247.64031916857},"point_estimate":136895.40525712073,"standard_error":28611.079560663515},"slope":null,"std_dev":{"confidence_interval":{"confidence_level":0.95,"lower_bound":119481.82299243583,"upper_bound":154495.10294705146},"point_estimate":137785.15828798022,"standard_error":8944.507211218352}}