{"mean":{"confidence_interval":{"confidence_level":0.95,"lower_bound":56603.01563109898,"upper_bound":56650.20517719011},"point_estimate":56626.71226529435,"standard_error":12.063439846409883},"median":{"confidence_interval":{"confidence_level":0.95,"lower_bound":56618.96465201465,"upper_bound":56658.02777777778},"point_estimate":56637.89179182312,"standard_error":9.00119120768799},"median_abs_dev":{"confidence_interval":{"confidence_level":0.95,"lower_bound":52.231536386892834,"upper_bound":91.62607405391879},"point_estimate":66.48810618802455,"standard_error":9.948045483231992},"slope":{"confidence_interval":{"confidence_level":0.95,"lower_bound":56621.973824535155,"upper_bound":56649.41705644294},"point_estimate":56635.969038963594,"standard_error":6.980146943966629},"std_dev":{"confidence_interval":{"confidence_level":0.95,"lower_bound":89.01034880370118,"upper_bound":150.9450703452781},"point_estimate":121.26012780253154,"standard_error":15.921200662384472}}