{"mean":{"confidence_interval":{"confidence_level":0.95,"lower_bound":35612.50472828158,"upper_bound":35638.3275283311},"point_estimate":35624.466454525565,"standard_error":6.624719946619598},"median":{"confidence_interval":{"confidence_level":0.95,"lower_bound":35607.97311131668,"upper_bound":35622.39333333333},"point_estimate":35615.093644909306,"standard_error":4.315715864320693},"median_abs_dev":{"confidence_interval":{"confidence_level":0.95,"lower_bound":24.165116140994762,"upper_bound":41.644039189967465},"point_estimate":29.925176284500306,"standard_error":4.46024800462638},"slope":{"confidence_interval":{"confidence_level":0.95,"lower_bound":35612.90146742984,"upper_bound":35623.4226435608},"point_estimate":35618.050007388796,"standard_error":2.673987640642871},"std_dev":{"confidence_interval":{"confidence_level":0.95,"lower_bound":39.88510046751035,"upper_bound":88.28747724013267},"point_estimate":66.54300123247636,"standard_error":12.371027378694155}}