{"mean":{"confidence_interval":{"confidence_level":0.95,"lower_bound":35415.631018971566,"upper_bound":35429.80610515662},"point_estimate":35422.53027920088,"standard_error":3.6053456829511537},"median":{"confidence_interval":{"confidence_level":0.95,"lower_bound":35414.39141414141,"upper_bound":35428.62639292636},"point_estimate":35424.24408602151,"standard_error":3.3048157615275096},"median_abs_dev":{"confidence_interval":{"confidence_level":0.95,"lower_bound":22.859709133582495,"upper_bound":33.64000638820787},"point_estimate":29.571887182363653,"standard_error":2.723523816331489},"slope":{"confidence_interval":{"confidence_level":0.95,"lower_bound":35428.81145116144,"upper_bound":35440.98765843191},"point_estimate":35434.69718437515,"standard_error":3.0955471593462676},"std_dev":{"confidence_interval":{"confidence_level":0.95,"lower_bound":27.486334546363818,"upper_bound":44.43307535031964},"point_estimate":36.14467080105869,"standard_error":4.355725445907904}}