{"mean":{"confidence_interval":{"confidence_level":0.95,"lower_bound":35509.304672353435,"upper_bound":35524.92620707403},"point_estimate":35516.605677334555,"standard_error":3.993969527007195},"median":{"confidence_interval":{"confidence_level":0.95,"lower_bound":35504.49513741239,"upper_bound":35517.08943089431},"point_estimate":35511.3504145937,"standard_error":3.0926648702236306},"median_abs_dev":{"confidence_interval":{"confidence_level":0.95,"lower_bound":17.101431146104908,"upper_bound":35.77253250633087},"point_estimate":23.87246699473284,"standard_error":4.8098084018866025},"slope":{"confidence_interval":{"confidence_level":0.95,"lower_bound":35507.843541144284,"upper_bound":35518.13807723184},"point_estimate":35512.86305649968,"standard_error":2.6212142895953736},"std_dev":{"confidence_interval":{"confidence_level":0.95,"lower_bound":25.947140092298216,"upper_bound":54.35510178200497},"point_estimate":40.133337658879256,"standard_error":7.466720151228955}}