{"mean":{"confidence_interval":{"confidence_level":0.95,"lower_bound":35437.25893106782,"upper_bound":35461.628162202294},"point_estimate":35447.77029143474,"standard_error":6.273617500011021},"median":{"confidence_interval":{"confidence_level":0.95,"lower_bound":35433.874213836476,"upper_bound":35444.635416666664},"point_estimate":35438.135492567766,"standard_error":2.420435467822216},"median_abs_dev":{"confidence_interval":{"confidence_level":0.95,"lower_bound":17.00671439714101,"upper_bound":26.970949760119403},"point_estimate":21.938861573292836,"standard_error":2.5547201556276757},"slope":{"confidence_interval":{"confidence_level":0.95,"lower_bound":35438.84155276784,"upper_bound":35448.39072393476},"point_estimate":35443.36478104527,"standard_error":2.4391349411761873},"std_dev":{"confidence_interval":{"confidence_level":0.95,"lower_bound":26.942067951059336,"upper_bound":97.49634646906873},"point_estimate":63.26933852037324,"standard_error":20.333626323115084}}