{"mean":{"confidence_interval":{"confidence_level":0.95,"lower_bound":35602.126665974334,"upper_bound":35618.50693489809},"point_estimate":35610.25944099461,"standard_error":4.184914982639248},"median":{"confidence_interval":{"confidence_level":0.95,"lower_bound":35605.92568306011,"upper_bound":35619.645833333336},"point_estimate":35611.70238095238,"standard_error":3.105429610169569},"median_abs_dev":{"confidence_interval":{"confidence_level":0.95,"lower_bound":27.49324612637103,"upper_bound":43.87663041808336},"point_estimate":35.72571736574396,"standard_error":4.127691301944987},"slope":{"confidence_interval":{"confidence_level":0.95,"lower_bound":35615.74147905518,"upper_bound":35629.38633737128},"point_estimate":35622.564635436676,"standard_error":3.4760536157678237},"std_dev":{"confidence_interval":{"confidence_level":0.95,"lower_bound":34.80553707864228,"upper_bound":49.443791352416255},"point_estimate":42.02695461930171,"standard_error":3.769807786721433}}