{"mean":{"confidence_interval":{"confidence_level":0.95,"lower_bound":44100844.01325,"upper_bound":44266446.485},"point_estimate":44183150.66,"standard_error":42190.426073800096},"median":{"confidence_interval":{"confidence_level":0.95,"lower_bound":44031416.0,"upper_bound":44300474.0},"point_estimate":44222798.75,"standard_error":63786.12317892142},"median_abs_dev":{"confidence_interval":{"confidence_level":0.95,"lower_bound":348955.47865480185,"upper_bound":518239.086500667},"point_estimate":425368.6812981963,"standard_error":41590.42241605931},"slope":null,"std_dev":{"confidence_interval":{"confidence_level":0.95,"lower_bound":366437.4932881958,"upper_bound":473663.1757024205},"point_estimate":422238.83749826136,"standard_error":27442.918492814755}}