{"mean":{"confidence_interval":{"confidence_level":0.95,"lower_bound":43626419.622625,"upper_bound":44083123.82225},"point_estimate":43856780.515,"standard_error":116844.362912027},"median":{"confidence_interval":{"confidence_level":0.95,"lower_bound":43596037.5,"upper_bound":44412947.75},"point_estimate":44151796.75,"standard_error":182608.03728217454},"median_abs_dev":{"confidence_interval":{"confidence_level":0.95,"lower_bound":966799.7363358736,"upper_bound":1670367.1831950545},"point_estimate":1349338.328294456,"standard_error":175490.03401598363},"slope":null,"std_dev":{"confidence_interval":{"confidence_level":0.95,"lower_bound":1055087.066796962,"upper_bound":1278549.6748278076},"point_estimate":1177284.8790872314,"standard_error":57125.92468701506}}