{"mean":{"confidence_interval":{"confidence_level":0.95,"lower_bound":44133929.28,"upper_bound":44278793.505},"point_estimate":44203988.46,"standard_error":36796.53078158744},"median":{"confidence_interval":{"confidence_level":0.95,"lower_bound":44148781.25,"upper_bound":44255838.5},"point_estimate":44200412.75,"standard_error":27597.525033712933},"median_abs_dev":{"confidence_interval":{"confidence_level":0.95,"lower_bound":187410.8202815429,"upper_bound":313701.84583067894},"point_estimate":244412.16541081667,"standard_error":32723.77053044421},"slope":null,"std_dev":{"confidence_interval":{"confidence_level":0.95,"lower_bound":270399.6874614885,"upper_bound":478734.83116752433},"point_estimate":368936.39835275605,"standard_error":55594.348443106726}}