{"mean":{"confidence_interval":{"confidence_level":0.95,"lower_bound":44573605.562375,"upper_bound":44827635.469375},"point_estimate":44696869.97,"standard_error":64770.60784191029},"median":{"confidence_interval":{"confidence_level":0.95,"lower_bound":44446140.25,"upper_bound":44705511.0},"point_estimate":44537854.5,"standard_error":63333.48179123993},"median_abs_dev":{"confidence_interval":{"confidence_level":0.95,"lower_bound":417311.1210912466,"upper_bound":718683.6655408144},"point_estimate":579068.337969482,"standard_error":79054.5368692854},"slope":null,"std_dev":{"confidence_interval":{"confidence_level":0.95,"lower_bound":525401.1635162074,"upper_bound":769822.4848501212},"point_estimate":651570.0796977927,"standard_error":62393.33009979091}}