{"mean":{"confidence_interval":{"confidence_level":0.95,"lower_bound":41230.92298934111,"upper_bound":41782.319484398075},"point_estimate":41502.361969803256,"standard_error":140.06177302383045},"median":{"confidence_interval":{"confidence_level":0.95,"lower_bound":40642.55181598063,"upper_bound":42106.85317460317},"point_estimate":40776.147569444445,"standard_error":325.8825066374729},"median_abs_dev":{"confidence_interval":{"confidence_level":0.95,"lower_bound":709.7653530015782,"upper_bound":1989.6853409171592},"point_estimate":1310.5736652504943,"standard_error":351.66585656532607},"slope":{"confidence_interval":{"confidence_level":0.95,"lower_bound":40556.63894785592,"upper_bound":40767.871610558424},"point_estimate":40655.89828087286,"standard_error":53.60839066793195},"std_dev":{"confidence_interval":{"confidence_level":0.95,"lower_bound":1253.5188799179027,"upper_bound":1543.6377253828603},"point_estimate":1407.9332661673322,"standard_error":74.14932141927507}}