{"mean":{"confidence_interval":{"confidence_level":0.95,"lower_bound":21444.17621875,"upper_bound":21669.9000625},"point_estimate":21551.485,"standard_error":57.61903524868062},"median":{"confidence_interval":{"confidence_level":0.95,"lower_bound":21335.625,"upper_bound":21524.75},"point_estimate":21412.875,"standard_error":47.30578006504395},"median_abs_dev":{"confidence_interval":{"confidence_level":0.95,"lower_bound":258.2503829151392,"upper_bound":421.6143675148487},"point_estimate":323.02146926522255,"standard_error":40.73972754763676},"slope":null,"std_dev":{"confidence_interval":{"confidence_level":0.95,"lower_bound":419.2919211878194,"upper_bound":723.4046486324049},"point_estimate":578.7262147631126,"standard_error":77.93073072462437}}