{"mean":{"confidence_interval":{"confidence_level":0.95,"lower_bound":20790.108250000005,"upper_bound":21062.87432142857},"point_estimate":20921.942857142858,"standard_error":69.7948737056708},"median":{"confidence_interval":{"confidence_level":0.95,"lower_bound":20705.071428571428,"upper_bound":20981.214285714286},"point_estimate":20827.357142857145,"standard_error":74.71032301988082},"median_abs_dev":{"confidence_interval":{"confidence_level":0.95,"lower_bound":432.91919231414795,"upper_bound":722.555687172078},"point_estimate":586.685989584245,"standard_error":74.17313040621633},"slope":null,"std_dev":{"confidence_interval":{"confidence_level":0.95,"lower_bound":548.8697196136143,"upper_bound":836.6607867022483},"point_estimate":699.4515349930717,"standard_error":73.78436540980245}}