{"mean":{"confidence_interval":{"confidence_level":0.95,"lower_bound":21472.3524375,"upper_bound":21785.22946875},"point_estimate":21619.25375,"standard_error":79.91755322621182},"median":{"confidence_interval":{"confidence_level":0.95,"lower_bound":21278.625,"upper_bound":21499.75},"point_estimate":21415.0625,"standard_error":53.70968973951622},"median_abs_dev":{"confidence_interval":{"confidence_level":0.95,"lower_bound":301.15311965346336,"upper_bound":577.7506772428751},"point_estimate":385.10534316301346,"standard_error":72.25797012516462},"slope":null,"std_dev":{"confidence_interval":{"confidence_level":0.95,"lower_bound":543.6426573214106,"upper_bound":1034.0512484529754},"point_estimate":802.0021177802007,"standard_error":125.42048962625336}}