{"mean":{"confidence_interval":{"confidence_level":0.95,"lower_bound":20880.968017562627,"upper_bound":21487.50389452116},"point_estimate":21179.22880954125,"standard_error":155.48506130763926},"median":{"confidence_interval":{"confidence_level":0.95,"lower_bound":20098.149704301075,"upper_bound":20314.02360526316},"point_estimate":20142.98663512714,"standard_error":87.55066183659416},"median_abs_dev":{"confidence_interval":{"confidence_level":0.95,"lower_bound":164.68061042452166,"upper_bound":625.9236902461207},"point_estimate":267.55181443545075,"standard_error":149.05433108533026},"slope":{"confidence_interval":{"confidence_level":0.95,"lower_bound":20179.505965387696,"upper_bound":20418.768983997255},"point_estimate":20275.936628638985,"standard_error":62.413695354793994},"std_dev":{"confidence_interval":{"confidence_level":0.95,"lower_bound":1364.5021890277312,"upper_bound":1715.08501576214},"point_estimate":1558.9123225386052,"standard_error":89.30041086547466}}