{"mean":{"confidence_interval":{"confidence_level":0.95,"lower_bound":21765.762749999998,"upper_bound":22044.76803571429},"point_estimate":21895.23285714285,"standard_error":71.12455160379064},"median":{"confidence_interval":{"confidence_level":0.95,"lower_bound":21691.85714285714,"upper_bound":21855.0},"point_estimate":21784.214285714286,"standard_error":47.641795375600545},"median_abs_dev":{"confidence_interval":{"confidence_level":0.95,"lower_bound":250.02989556108434,"upper_bound":463.6301917689141},"point_estimate":355.1885936941431,"standard_error":51.67302784743503},"slope":null,"std_dev":{"confidence_interval":{"confidence_level":0.95,"lower_bound":448.33323747031216,"upper_bound":957.3634875726019},"point_estimate":715.6377848804722,"standard_error":131.16755293759763}}