{"mean":{"confidence_interval":{"confidence_level":0.95,"lower_bound":27767.75840003768,"upper_bound":27793.310156334348},"point_estimate":27779.830283917567,"standard_error":6.5086850196359185},"median":{"confidence_interval":{"confidence_level":0.95,"lower_bound":27752.109668109668,"upper_bound":27766.08608815427},"point_estimate":27760.60696969697,"standard_error":3.5150693500745835},"median_abs_dev":{"confidence_interval":{"confidence_level":0.95,"lower_bound":21.439624512415556,"upper_bound":46.83962715266476},"point_estimate":32.399435870851235,"standard_error":6.52945260118238},"slope":{"confidence_interval":{"confidence_level":0.95,"lower_bound":27770.02903144924,"upper_bound":27807.10983058659},"point_estimate":27787.609822803177,"standard_error":9.497987067584718},"std_dev":{"confidence_interval":{"confidence_level":0.95,"lower_bound":47.972656580403246,"upper_bound":80.01499108107161},"point_estimate":65.30065610034436,"standard_error":8.19170893102918}}