{"mean":{"confidence_interval":{"confidence_level":0.95,"lower_bound":34193.42989825717,"upper_bound":34753.91337023931},"point_estimate":34469.295614938965,"standard_error":142.64979143674594},"median":{"confidence_interval":{"confidence_level":0.95,"lower_bound":33416.20463320463,"upper_bound":34775.44947735192},"point_estimate":33493.48983516484,"standard_error":314.683819935266},"median_abs_dev":{"confidence_interval":{"confidence_level":0.95,"lower_bound":334.40906803099426,"upper_bound":1980.1745738421596},"point_estimate":516.349579415741,"standard_error":373.26661711827137},"slope":{"confidence_interval":{"confidence_level":0.95,"lower_bound":33416.94254280674,"upper_bound":33594.49243907968},"point_estimate":33494.80759484051,"standard_error":45.12102920733513},"std_dev":{"confidence_interval":{"confidence_level":0.95,"lower_bound":1320.1628407847363,"upper_bound":1523.6813707902986},"point_estimate":1437.089488559143,"standard_error":51.87517634871236}}