{"mean":{"confidence_interval":{"confidence_level":0.95,"lower_bound":39250.46408406981,"upper_bound":39755.799400415664},"point_estimate":39497.68774439747,"standard_error":128.8110939321921},"median":{"confidence_interval":{"confidence_level":0.95,"lower_bound":38702.84226190476,"upper_bound":39446.79537815126},"point_estimate":38809.523572627324,"standard_error":181.16521926278554},"median_abs_dev":{"confidence_interval":{"confidence_level":0.95,"lower_bound":554.358116192328,"upper_bound":1633.0272986509055},"point_estimate":901.2153043086056,"standard_error":273.13264971082947},"slope":{"confidence_interval":{"confidence_level":0.95,"lower_bound":38655.07340298857,"upper_bound":38829.35838577611},"point_estimate":38736.31196816483,"standard_error":44.39461707005168},"std_dev":{"confidence_interval":{"confidence_level":0.95,"lower_bound":1162.2513468449908,"upper_bound":1400.728327384694},"point_estimate":1295.3903387051507,"standard_error":60.393900121270896}}