{"mean":{"confidence_interval":{"confidence_level":0.95,"lower_bound":22496.188166666667,"upper_bound":25399.62233333334},"point_estimate":23636.53,"standard_error":772.206334718789},"median":{"confidence_interval":{"confidence_level":0.95,"lower_bound":22034.666666666668,"upper_bound":22383.666666666668},"point_estimate":22218.25,"standard_error":92.63579693811343},"median_abs_dev":{"confidence_interval":{"confidence_level":0.95,"lower_bound":410.92729270458403,"upper_bound":891.0425841808373},"point_estimate":616.2673890590686,"standard_error":116.68239788380426},"slope":null,"std_dev":{"confidence_interval":{"confidence_level":0.95,"lower_bound":1063.9211602528262,"upper_bound":12712.182235358545},"point_estimate":7754.341570437178,"standard_error":3376.6127334825887}}