{"mean":{"confidence_interval":{"confidence_level":0.95,"lower_bound":33491.5372347779,"upper_bound":34131.04037777835},"point_estimate":33809.07580663173,"standard_error":163.10698796123407},"median":{"confidence_interval":{"confidence_level":0.95,"lower_bound":32575.37168741526,"upper_bound":33858.662500000006},"point_estimate":32672.875741542408,"standard_error":339.128005453011},"median_abs_dev":{"confidence_interval":{"confidence_level":0.95,"lower_bound":286.83016412602615,"upper_bound":1966.7446269916186},"point_estimate":550.014861545095,"standard_error":392.60069388966394},"slope":{"confidence_interval":{"confidence_level":0.95,"lower_bound":32648.02521236745,"upper_bound":32839.53893221735},"point_estimate":32733.01606578142,"standard_error":48.97594841833356},"std_dev":{"confidence_interval":{"confidence_level":0.95,"lower_bound":1501.786050370492,"upper_bound":1748.0848894259905},"point_estimate":1643.019655700629,"standard_error":61.96482648952886}}