{"mean":{"confidence_interval":{"confidence_level":0.95,"lower_bound":31059.995283823595,"upper_bound":31096.849004466894},"point_estimate":31077.160207074907,"standard_error":9.419074488895774},"median":{"confidence_interval":{"confidence_level":0.95,"lower_bound":31053.285714285714,"upper_bound":31081.353846153845},"point_estimate":31065.25520195838,"standard_error":6.738771147864122},"median_abs_dev":{"confidence_interval":{"confidence_level":0.95,"lower_bound":46.23423672881317,"upper_bound":86.05361917078613},"point_estimate":65.37029438794197,"standard_error":10.2576237709416},"slope":{"confidence_interval":{"confidence_level":0.95,"lower_bound":31057.99195368579,"upper_bound":31081.7255923224},"point_estimate":31069.616715531254,"standard_error":6.051346919276109},"std_dev":{"confidence_interval":{"confidence_level":0.95,"lower_bound":63.429624188143364,"upper_bound":131.00836809777655},"point_estimate":94.79529702667507,"standard_error":19.186807413651476}}