{"mean":{"confidence_interval":{"confidence_level":0.95,"lower_bound":21117.71990625,"upper_bound":21355.64878125},"point_estimate":21229.91,"standard_error":60.78898010603683},"median":{"confidence_interval":{"confidence_level":0.95,"lower_bound":21013.0,"upper_bound":21140.75},"point_estimate":21075.8125,"standard_error":33.51501501113673},"median_abs_dev":{"confidence_interval":{"confidence_level":0.95,"lower_bound":271.037807688117,"upper_bound":474.43199157714844},"point_estimate":359.25250612199306,"standard_error":52.946201141251215},"slope":null,"std_dev":{"confidence_interval":{"confidence_level":0.95,"lower_bound":422.2356094856115,"upper_bound":808.9636641930447},"point_estimate":613.6520304041958,"standard_error":101.42695673230537}}