{"mean":{"confidence_interval":{"confidence_level":0.95,"lower_bound":121237.71670252304,"upper_bound":121546.75369680616},"point_estimate":121398.55348028177,"standard_error":78.8998841204883},"median":{"confidence_interval":{"confidence_level":0.95,"lower_bound":121463.28753396739,"upper_bound":121728.796875},"point_estimate":121561.52590909091,"standard_error":66.49145414999737},"median_abs_dev":{"confidence_interval":{"confidence_level":0.95,"lower_bound":413.8332302673522,"upper_bound":764.2214285851412},"point_estimate":597.4393197779452,"standard_error":89.40910630676328},"slope":{"confidence_interval":{"confidence_level":0.95,"lower_bound":121211.83652081745,"upper_bound":121523.92140556956},"point_estimate":121373.83611275307,"standard_error":80.08810789734353},"std_dev":{"confidence_interval":{"confidence_level":0.95,"lower_bound":597.9193263231937,"upper_bound":980.9745950798851},"point_estimate":793.4105511609308,"standard_error":98.61129363971236}}