{"mean":{"confidence_interval":{"confidence_level":0.95,"lower_bound":34969.929894172295,"upper_bound":35412.45611515824},"point_estimate":35177.68759832527,"standard_error":113.24336504811711},"median":{"confidence_interval":{"confidence_level":0.95,"lower_bound":34683.91319444444,"upper_bound":34914.39335887612},"point_estimate":34788.841124372455,"standard_error":62.39766615226288},"median_abs_dev":{"confidence_interval":{"confidence_level":0.95,"lower_bound":381.8242162806304,"upper_bound":750.4078784906698},"point_estimate":552.0918015450969,"standard_error":95.74609619087765},"slope":{"confidence_interval":{"confidence_level":0.95,"lower_bound":34870.17640213393,"upper_bound":35271.201537326924},"point_estimate":35053.977197510794,"standard_error":102.69717695379467},"std_dev":{"confidence_interval":{"confidence_level":0.95,"lower_bound":790.3265035276148,"upper_bound":1487.372807181363},"point_estimate":1135.1478010183355,"standard_error":182.39847718900307}}