{"mean":{"confidence_interval":{"confidence_level":0.95,"lower_bound":23395.69316666666,"upper_bound":23958.333458333324},"point_estimate":23659.57666666668,"standard_error":143.91373573480828},"median":{"confidence_interval":{"confidence_level":0.95,"lower_bound":23037.666666666668,"upper_bound":23266.5},"point_estimate":23104.583333333336,"standard_error":62.009770098800495},"median_abs_dev":{"confidence_interval":{"confidence_level":0.95,"lower_bound":323.94809424877167,"upper_bound":686.3202378153792},"point_estimate":484.9337413907033,"standard_error":94.42063791668777},"slope":null,"std_dev":{"confidence_interval":{"confidence_level":0.95,"lower_bound":1006.9962508685222,"upper_bound":1808.7469753430948},"point_estimate":1443.673678471078,"standard_error":204.7752621600684}}