{"mean":{"confidence_interval":{"confidence_level":0.95,"lower_bound":31986.620652219135,"upper_bound":32011.83268376151},"point_estimate":31998.30012179557,"standard_error":6.426748988694718},"median":{"confidence_interval":{"confidence_level":0.95,"lower_bound":31980.523232323234,"upper_bound":31998.79655172414},"point_estimate":31990.411096938777,"standard_error":4.598119734338944},"median_abs_dev":{"confidence_interval":{"confidence_level":0.95,"lower_bound":36.418926633523775,"upper_bound":55.91738997058305},"point_estimate":47.02514314633009,"standard_error":4.8831050584515925},"slope":{"confidence_interval":{"confidence_level":0.95,"lower_bound":31977.455796695027,"upper_bound":31992.773521555217},"point_estimate":31985.003650953156,"standard_error":3.9128771115370187},"std_dev":{"confidence_interval":{"confidence_level":0.95,"lower_bound":42.42210742286101,"upper_bound":88.9594542332586},"point_estimate":64.29004967570033,"standard_error":13.053584310693505}}