{"mean":{"confidence_interval":{"confidence_level":0.95,"lower_bound":135055.48564381053,"upper_bound":135212.26595148112},"point_estimate":135134.2918907377,"standard_error":39.94930088723679},"median":{"confidence_interval":{"confidence_level":0.95,"lower_bound":135076.02666666667,"upper_bound":135193.0401234568},"point_estimate":135123.30304982816,"standard_error":30.005539538918743},"median_abs_dev":{"confidence_interval":{"confidence_level":0.95,"lower_bound":239.6532321857112,"upper_bound":409.96666002202534},"point_estimate":311.4176829745791,"standard_error":43.08363987797079},"slope":{"confidence_interval":{"confidence_level":0.95,"lower_bound":135061.86158089855,"upper_bound":135173.57373035242},"point_estimate":135118.60463794888,"standard_error":28.49694161580992},"std_dev":{"confidence_interval":{"confidence_level":0.95,"lower_bound":331.0592228534648,"upper_bound":467.28628293850676},"point_estimate":402.5967207243047,"standard_error":34.93024816049001}}