{"mean":{"confidence_interval":{"confidence_level":0.95,"lower_bound":33300.67262998519,"upper_bound":33927.52761810601},"point_estimate":33610.92040552621,"standard_error":159.8419070818322},"median":{"confidence_interval":{"confidence_level":0.95,"lower_bound":32446.17316017316,"upper_bound":33453.89927606178},"point_estimate":32543.98886464625,"standard_error":289.8633306707844},"median_abs_dev":{"confidence_interval":{"confidence_level":0.95,"lower_bound":355.62010288459146,"upper_bound":1971.4718560338622},"point_estimate":621.8086675694394,"standard_error":336.91196106360115},"slope":{"confidence_interval":{"confidence_level":0.95,"lower_bound":32491.915358506536,"upper_bound":32673.59548854087},"point_estimate":32572.66211277418,"standard_error":46.35173059735078},"std_dev":{"confidence_interval":{"confidence_level":0.95,"lower_bound":1456.1571820603053,"upper_bound":1706.8623632450065},"point_estimate":1598.1378767680037,"standard_error":63.44072156597952}}