{"mean":{"confidence_interval":{"confidence_level":0.95,"lower_bound":33274.619151587365,"upper_bound":33890.48623240443},"point_estimate":33577.12862446711,"standard_error":157.3403952092641},"median":{"confidence_interval":{"confidence_level":0.95,"lower_bound":32462.505499815903,"upper_bound":32871.8375248466},"point_estimate":32553.979944229945,"standard_error":165.74771867624494},"median_abs_dev":{"confidence_interval":{"confidence_level":0.95,"lower_bound":286.24566704578456,"upper_bound":1145.4863865115917},"point_estimate":518.0889529932776,"standard_error":242.4525585948908},"slope":{"confidence_interval":{"confidence_level":0.95,"lower_bound":32515.45916653548,"upper_bound":32666.717466161066},"point_estimate":32583.76525238025,"standard_error":38.530917111029865},"std_dev":{"confidence_interval":{"confidence_level":0.95,"lower_bound":1400.3502734244923,"upper_bound":1730.6576845297895},"point_estimate":1579.5150508037796,"standard_error":83.85069227736552}}