{"mean":{"confidence_interval":{"confidence_level":0.95,"lower_bound":22271.32991666668,"upper_bound":22645.865916666673},"point_estimate":22451.715,"standard_error":95.32553284813314},"median":{"confidence_interval":{"confidence_level":0.95,"lower_bound":22018.166666666668,"upper_bound":22276.666666666664},"point_estimate":22162.25,"standard_error":72.05466793062011},"median_abs_dev":{"confidence_interval":{"confidence_level":0.95,"lower_bound":407.22079277038756,"upper_bound":811.9705855846369},"point_estimate":618.8619390130034,"standard_error":103.57071604123148},"slope":null,"std_dev":{"confidence_interval":{"confidence_level":0.95,"lower_bound":773.913550022156,"upper_bound":1114.573176748205},"point_estimate":960.5520445265358,"standard_error":87.05244546315645}}