{"mean":{"confidence_interval":{"confidence_level":0.95,"lower_bound":20582.859277481,"upper_bound":21072.51973211186},"point_estimate":20823.979088632208,"standard_error":124.76647439861895},"median":{"confidence_interval":{"confidence_level":0.95,"lower_bound":19967.229333333333,"upper_bound":20180.742380952383},"point_estimate":20021.440293040294,"standard_error":77.17603151553307},"median_abs_dev":{"confidence_interval":{"confidence_level":0.95,"lower_bound":244.1548628955124,"upper_bound":709.793213506074},"point_estimate":363.37240638538907,"standard_error":137.02118802155982},"slope":{"confidence_interval":{"confidence_level":0.95,"lower_bound":20034.870548322757,"upper_bound":20164.26169192294},"point_estimate":20093.54656420866,"standard_error":32.892215662028676},"std_dev":{"confidence_interval":{"confidence_level":0.95,"lower_bound":1129.2030552486362,"upper_bound":1340.9013144038604},"point_estimate":1254.9714754277118,"standard_error":54.18757484319295}}