{"mean":{"confidence_interval":{"confidence_level":0.95,"lower_bound":28464.32441549323,"upper_bound":28681.682378835492},"point_estimate":28565.30622836296,"standard_error":57.02825064057864},"median":{"confidence_interval":{"confidence_level":0.95,"lower_bound":28367.381374722838,"upper_bound":28378.640909090907},"point_estimate":28371.51893939394,"standard_error":3.250868495385907},"median_abs_dev":{"confidence_interval":{"confidence_level":0.95,"lower_bound":20.235212837943486,"upper_bound":33.9574843746293},"point_estimate":26.10414896837747,"standard_error":3.474602042058762},"slope":{"confidence_interval":{"confidence_level":0.95,"lower_bound":28620.965252468144,"upper_bound":29135.115411400875},"point_estimate":28881.878058492417,"standard_error":131.12839439281635},"std_dev":{"confidence_interval":{"confidence_level":0.95,"lower_bound":414.77638085351344,"upper_bound":703.9714566812473},"point_estimate":575.2808969556784,"standard_error":78.57353497032439}}