{"mean":{"confidence_interval":{"confidence_level":0.95,"lower_bound":100653.03622824055,"upper_bound":100717.40506082257},"point_estimate":100682.3609531412,"standard_error":16.475559805108894},"median":{"confidence_interval":{"confidence_level":0.95,"lower_bound":100635.821875,"upper_bound":100666.08},"point_estimate":100655.54721638656,"standard_error":7.153612549556963},"median_abs_dev":{"confidence_interval":{"confidence_level":0.95,"lower_bound":52.25706274648112,"upper_bound":95.16241285299927},"point_estimate":71.57336083495511,"standard_error":10.742172753726726},"slope":{"confidence_interval":{"confidence_level":0.95,"lower_bound":100654.28736768904,"upper_bound":100710.80238177399},"point_estimate":100679.93846460765,"standard_error":14.51128361583516},"std_dev":{"confidence_interval":{"confidence_level":0.95,"lower_bound":92.23110596834941,"upper_bound":230.76816910308355},"point_estimate":165.84733786215773,"standard_error":35.84889640254051}}