{"mean":{"confidence_interval":{"confidence_level":0.95,"lower_bound":32071.331480437075,"upper_bound":32130.024514204746},"point_estimate":32099.770414139126,"standard_error":14.997210588118776},"median":{"confidence_interval":{"confidence_level":0.95,"lower_bound":32026.79280491858,"upper_bound":32096.22962962963},"point_estimate":32082.896645161287,"standard_error":23.29527860835975},"median_abs_dev":{"confidence_interval":{"confidence_level":0.95,"lower_bound":83.29822945139328,"upper_bound":131.7589517987412},"point_estimate":116.58316727511504,"standard_error":13.553496680620755},"slope":{"confidence_interval":{"confidence_level":0.95,"lower_bound":32028.643680542136,"upper_bound":32115.351944319867},"point_estimate":32068.371588887247,"standard_error":22.24513996377188},"std_dev":{"confidence_interval":{"confidence_level":0.95,"lower_bound":120.03798190798952,"upper_bound":174.39004998884766},"point_estimate":150.61847309417044,"standard_error":13.834650459006207}}