{"mean":{"confidence_interval":{"confidence_level":0.95,"lower_bound":139550.2742511566,"upper_bound":140175.38766758464},"point_estimate":139810.53895289922,"standard_error":163.21992253324223},"median":{"confidence_interval":{"confidence_level":0.95,"lower_bound":139575.94222222222,"upper_bound":139677.7894736842},"point_estimate":139629.699871134,"standard_error":28.15410048956401},"median_abs_dev":{"confidence_interval":{"confidence_level":0.95,"lower_bound":185.59480319153772,"upper_bound":400.2201631684677},"point_estimate":296.88700194299486,"standard_error":55.66729645799723},"slope":{"confidence_interval":{"confidence_level":0.95,"lower_bound":139611.37369996312,"upper_bound":140902.8422389315},"point_estimate":140126.64081178268,"standard_error":344.71196014711654},"std_dev":{"confidence_interval":{"confidence_level":0.95,"lower_bound":445.6115660639367,"upper_bound":2621.623634691409},"point_estimate":1646.0414511432102,"standard_error":611.2825372112602}}