{"mean":{"confidence_interval":{"confidence_level":0.95,"lower_bound":20798.480778694327,"upper_bound":21393.905414292836},"point_estimate":21088.57813197273,"standard_error":151.6888161322133},"median":{"confidence_interval":{"confidence_level":0.95,"lower_bound":20052.865273423893,"upper_bound":20196.36},"point_estimate":20096.191080866807,"standard_error":94.10082091958486},"median_abs_dev":{"confidence_interval":{"confidence_level":0.95,"lower_bound":151.24171012039758,"upper_bound":540.8910183651575},"point_estimate":259.0147792735621,"standard_error":151.22123074685211},"slope":{"confidence_interval":{"confidence_level":0.95,"lower_bound":20111.416355240493,"upper_bound":20413.90526627143},"point_estimate":20229.006807152356,"standard_error":80.24829028738992},"std_dev":{"confidence_interval":{"confidence_level":0.95,"lower_bound":1308.2508537295223,"upper_bound":1740.7847560252212},"point_estimate":1522.8369372567802,"standard_error":111.22134167461155}}