{"mean":{"confidence_interval":{"confidence_level":0.95,"lower_bound":-0.0035043260311093697,"upper_bound":0.017757217815641674},"point_estimate":0.005917441943359192,"standard_error":0.005327477592156911},"median":{"confidence_interval":{"confidence_level":0.95,"lower_bound":-0.0019183141593925868,"upper_bound":0.001167713651759664},"point_estimate":-0.0007777808757816196,"standard_error":0.0008009562083676141}}