{"mean":{"confidence_interval":{"confidence_level":0.95,"lower_bound":0.06610310007437085,"upper_bound":0.08192967009441499},"point_estimate":0.0739652218853355,"standard_error":0.004022117381681072},"median":{"confidence_interval":{"confidence_level":0.95,"lower_bound":0.07541048930931948,"upper_bound":0.08051902938796764},"point_estimate":0.07793464711773246,"standard_error":0.0013416532453853324}}