{"mean":{"confidence_interval":{"confidence_level":0.95,"lower_bound":-0.005133352244838583,"upper_bound":0.016787407514663448},"point_estimate":0.00557605282408713,"standard_error":0.005701629130767348},"median":{"confidence_interval":{"confidence_level":0.95,"lower_bound":0.0008753250933479784,"upper_bound":0.003677111679128986},"point_estimate":0.002240726234748358,"standard_error":0.0007176564147307097}}