{"mean":{"confidence_interval":{"confidence_level":0.95,"lower_bound":-0.05157911853498525,"upper_bound":-0.025242684230698084},"point_estimate":-0.03922199146668992,"standard_error":0.006642774115209146},"median":{"confidence_interval":{"confidence_level":0.95,"lower_bound":-0.04590864371925342,"upper_bound":-0.03404205223651813},"point_estimate":-0.041196463387676796,"standard_error":0.0035279252166981814}}