{"mean":{"confidence_interval":{"confidence_level":0.95,"lower_bound":-0.0036669574261189108,"upper_bound":0.013314343217378675},"point_estimate":0.004438184908787113,"standard_error":0.004324541444205317},"median":{"confidence_interval":{"confidence_level":0.95,"lower_bound":-0.00003790050210161766,"upper_bound":0.004265197811797849},"point_estimate":0.0020090468873281697,"standard_error":0.0010899378017287784}}