{"mean":{"confidence_interval":{"confidence_level":0.95,"lower_bound":-0.04143068151294761,"upper_bound":-0.02814658485510673},"point_estimate":-0.03486455990405957,"standard_error":0.0033758687198251905},"median":{"confidence_interval":{"confidence_level":0.95,"lower_bound":-0.0368954678286032,"upper_bound":-0.03352694712638127},"point_estimate":-0.03485625121015368,"standard_error":0.0008868967786596153}}