{"mean":{"confidence_interval":{"confidence_level":0.95,"lower_bound":-0.013269565682640958,"upper_bound":0.009906019958443516},"point_estimate":-0.0019089564390568636,"standard_error":0.0058471359416687185},"median":{"confidence_interval":{"confidence_level":0.95,"lower_bound":-0.002333423711964433,"upper_bound":0.0010694875258215645},"point_estimate":-0.00047943384977777725,"standard_error":0.0008495107576458767}}