{"mean":{"confidence_interval":{"confidence_level":0.95,"lower_bound":-0.003575906219487775,"upper_bound":0.01196026596380269},"point_estimate":0.004210536346803684,"standard_error":0.00394043795026331},"median":{"confidence_interval":{"confidence_level":0.95,"lower_bound":0.0035118887370124696,"upper_bound":0.007001809715629026},"point_estimate":0.0052993246409132055,"standard_error":0.0008880498523879496}}