{"mean":{"confidence_interval":{"confidence_level":0.95,"lower_bound":-0.14527546124976526,"upper_bound":-0.1186415246499033},"point_estimate":-0.13189254776412895,"standard_error":0.006754780183884652},"median":{"confidence_interval":{"confidence_level":0.95,"lower_bound":-0.13665453489820278,"upper_bound":-0.12257914438782547},"point_estimate":-0.12944538753502033,"standard_error":0.00399881875824145}}