{"mean":{"confidence_interval":{"confidence_level":0.95,"lower_bound":-0.014361785867951225,"upper_bound":0.00285599879645007},"point_estimate":-0.005481181855302331,"standard_error":0.004355586947976321},"median":{"confidence_interval":{"confidence_level":0.95,"lower_bound":-0.0032347878762826188,"upper_bound":-7.366577190026646e-6},"point_estimate":-0.0015909938966786052,"standard_error":0.0008378027433319638}}