{"mean":{"confidence_interval":{"confidence_level":0.95,"lower_bound":-0.008578276890448556,"upper_bound":0.0035776523651022993},"point_estimate":-0.0026354846469316406,"standard_error":0.003093535858663598},"median":{"confidence_interval":{"confidence_level":0.95,"lower_bound":-0.0029590321231185435,"upper_bound":-0.000027176178599412463},"point_estimate":-0.0014100403857252308,"standard_error":0.0007618446123219847}}