{"mean":{"confidence_interval":{"confidence_level":0.95,"lower_bound":-0.0753507838849853,"upper_bound":-0.05896334386515464},"point_estimate":-0.06710961986882769,"standard_error":0.004151072963473183},"median":{"confidence_interval":{"confidence_level":0.95,"lower_bound":-0.07088012461795645,"upper_bound":-0.0664331710626925},"point_estimate":-0.06916894670462337,"standard_error":0.0011209986140758071}}