{"mean":{"confidence_interval":{"confidence_level":0.95,"lower_bound":-0.010891520319603028,"upper_bound":0.003899606963461482},"point_estimate":-0.0036794113294464914,"standard_error":0.003762711497127437},"median":{"confidence_interval":{"confidence_level":0.95,"lower_bound":-0.003913502386226009,"upper_bound":-0.0008116339985857479},"point_estimate":-0.0024943068240124155,"standard_error":0.0007807435817870101}}