{"mean":{"confidence_interval":{"confidence_level":0.95,"lower_bound":-0.011355747235587688,"upper_bound":0.006218889003497789},"point_estimate":-0.0027542459483588244,"standard_error":0.00443606334404496},"median":{"confidence_interval":{"confidence_level":0.95,"lower_bound":-0.006426933530371048,"upper_bound":-0.002847363393684743},"point_estimate":-0.004240966780772459,"standard_error":0.0009490819860785362}}