{"mean":{"confidence_interval":{"confidence_level":0.95,"lower_bound":0.20290205531758806,"upper_bound":0.23088745514217934},"point_estimate":0.2175086503680299,"standard_error":0.007133767630932841},"median":{"confidence_interval":{"confidence_level":0.95,"lower_bound":0.2231765104869412,"upper_bound":0.23196950174304448},"point_estimate":0.22847583261659543,"standard_error":0.0022582947379408626}}