{"mean":{"confidence_interval":{"confidence_level":0.95,"lower_bound":-0.008114214283609361,"upper_bound":0.010475277843125363},"point_estimate":0.000968678598799233,"standard_error":0.004874502801077324},"median":{"confidence_interval":{"confidence_level":0.95,"lower_bound":-0.004507191563751012,"upper_bound":-0.0005438280993010913},"point_estimate":-0.0019852663636235057,"standard_error":0.0010576981882533037}}