{"mean":{"confidence_interval":{"confidence_level":0.95,"lower_bound":-0.00835768987405662,"upper_bound":0.0063863663150782735},"point_estimate":-0.0006492026021496233,"standard_error":0.0037238256359521113},"median":{"confidence_interval":{"confidence_level":0.95,"lower_bound":-0.0017588303561495433,"upper_bound":0.001972477784408788},"point_estimate":0.00040381327184380034,"standard_error":0.0009719824859706126}}