{"mean":{"confidence_interval":{"confidence_level":0.95,"lower_bound":0.03572078722225984,"upper_bound":0.050822303170081115},"point_estimate":0.04328246627100785,"standard_error":0.0038162950865505765},"median":{"confidence_interval":{"confidence_level":0.95,"lower_bound":0.03820680309387838,"upper_bound":0.04434894200606587},"point_estimate":0.04105491255209981,"standard_error":0.0015380577326010742}}