{"mean":{"confidence_interval":{"confidence_level":0.95,"lower_bound":0.2832236611863436,"upper_bound":0.3268180170618822},"point_estimate":0.3063344247649076,"standard_error":0.011274616220490408},"median":{"confidence_interval":{"confidence_level":0.95,"lower_bound":0.2820102533382056,"upper_bound":0.30369484090046206},"point_estimate":0.2924686644103116,"standard_error":0.0056898717625183375}}