{"mean":{"confidence_interval":{"confidence_level":0.95,"lower_bound":0.018198614827873077,"upper_bound":0.0328220717428648},"point_estimate":0.02529881774362397,"standard_error":0.003754511129843701},"median":{"confidence_interval":{"confidence_level":0.95,"lower_bound":0.0160537160221923,"upper_bound":0.022669190775124193},"point_estimate":0.018945795808267274,"standard_error":0.0017761690169568877}}