{"mean":{"confidence_interval":{"confidence_level":0.95,"lower_bound":-0.0013172276081500121,"upper_bound":0.013072957847207361},"point_estimate":0.005947908084931841,"standard_error":0.0036597153922962545},"median":{"confidence_interval":{"confidence_level":0.95,"lower_bound":0.0013600424156914315,"upper_bound":0.007359852176406667},"point_estimate":0.003632895404781067,"standard_error":0.0016343955704407691}}