{"mean":{"confidence_interval":{"confidence_level":0.95,"lower_bound":-0.05059042526402328,"upper_bound":-0.03833876800585673},"point_estimate":-0.04441469860934255,"standard_error":0.0031402424726110862},"median":{"confidence_interval":{"confidence_level":0.95,"lower_bound":-0.04787855251595852,"upper_bound":-0.038971803968832375},"point_estimate":-0.04312644177377645,"standard_error":0.0022740059007542858}}