{"mean":{"confidence_interval":{"confidence_level":0.95,"lower_bound":-0.02700954624336797,"upper_bound":0.021244930315787256},"point_estimate":-0.002138870471478538,"standard_error":0.012292879572922917},"median":{"confidence_interval":{"confidence_level":0.95,"lower_bound":-0.011727088544664532,"upper_bound":0.020946168136715012},"point_estimate":0.009496083642571485,"standard_error":0.008354297167947118}}