{"mean":{"confidence_interval":{"confidence_level":0.95,"lower_bound":-0.020218922388316355,"upper_bound":-0.0036791843824357665},"point_estimate":-0.012058164052957898,"standard_error":0.0042031279523780905},"median":{"confidence_interval":{"confidence_level":0.95,"lower_bound":-0.017092343028924595,"upper_bound":-0.014076136383616267},"point_estimate":-0.01561443079403102,"standard_error":0.0007757155056274296}}