{"mean":{"confidence_interval":{"confidence_level":0.95,"lower_bound":-0.004460282388171312,"upper_bound":0.010609256624451295},"point_estimate":0.0029686355597351444,"standard_error":0.00388371079894624},"median":{"confidence_interval":{"confidence_level":0.95,"lower_bound":-0.0023221781112320664,"upper_bound":0.0019888389791247185},"point_estimate":-0.0002509817178721896,"standard_error":0.0010746783662372984}}