{"mean":{"confidence_interval":{"confidence_level":0.95,"lower_bound":-0.007811784132697849,"upper_bound":0.00911586617642005},"point_estimate":0.0008594883654220453,"standard_error":0.004309369584259418},"median":{"confidence_interval":{"confidence_level":0.95,"lower_bound":0.0011659542214729887,"upper_bound":0.004885020996344691},"point_estimate":0.0031365504375813202,"standard_error":0.0009506103469899503}}