{"mean":{"confidence_interval":{"confidence_level":0.95,"lower_bound":-0.1497166525210839,"upper_bound":-0.12832231306495073},"point_estimate":-0.13956537083758525,"standard_error":0.0054743791353803846},"median":{"confidence_interval":{"confidence_level":0.95,"lower_bound":-0.14408186489309582,"upper_bound":-0.14109101495952145},"point_estimate":-0.14215186363617394,"standard_error":0.0007361342516659797}}