{"mean":{"confidence_interval":{"confidence_level":0.95,"lower_bound":-0.04295221695778728,"upper_bound":-0.02923907808663032},"point_estimate":-0.03609798566306888,"standard_error":0.0034656097271994527},"median":{"confidence_interval":{"confidence_level":0.95,"lower_bound":-0.041450934601005684,"upper_bound":-0.038189995594945736},"point_estimate":-0.03985223932733628,"standard_error":0.0008501096403807101}}