{"mean":{"confidence_interval":{"confidence_level":0.95,"lower_bound":-0.004911870691839505,"upper_bound":0.015470124850629551},"point_estimate":0.0043299574402762,"standard_error":0.0051463876398577775},"median":{"confidence_interval":{"confidence_level":0.95,"lower_bound":-0.0011026820975222895,"upper_bound":0.0029523385010807868},"point_estimate":0.0009974440690265762,"standard_error":0.0009903995907792895}}