{"mean":{"confidence_interval":{"confidence_level":0.95,"lower_bound":-0.007668706706881261,"upper_bound":0.005352470951026657},"point_estimate":-0.001335651594345122,"standard_error":0.0033183020128279093},"median":{"confidence_interval":{"confidence_level":0.95,"lower_bound":-0.002301592131852326,"upper_bound":0.0013253028423774182},"point_estimate":-0.0007723570381142908,"standard_error":0.0009143726929875616}}