{"mean":{"confidence_interval":{"confidence_level":0.95,"lower_bound":-0.005152346216864594,"upper_bound":0.01030343359403613},"point_estimate":0.002430692359084885,"standard_error":0.003941348957429298},"median":{"confidence_interval":{"confidence_level":0.95,"lower_bound":-0.00038586113386402906,"upper_bound":0.0030671927481879216},"point_estimate":0.0016874657680998606,"standard_error":0.0008829897019902922}}