{"mean":{"confidence_interval":{"confidence_level":0.95,"lower_bound":-0.011885811065711675,"upper_bound":0.00385257249036649},"point_estimate":-0.00400653337144663,"standard_error":0.0039821668501480835},"median":{"confidence_interval":{"confidence_level":0.95,"lower_bound":-0.0022779228321261336,"upper_bound":0.001551063643936262},"point_estimate":-0.00018740992171806248,"standard_error":0.000972381658966961}}