{"mean":{"confidence_interval":{"confidence_level":0.95,"lower_bound":-0.0026669866703456476,"upper_bound":0.015476954665762736},"point_estimate":0.005600731805136316,"standard_error":0.004722237894719188},"median":{"confidence_interval":{"confidence_level":0.95,"lower_bound":-0.00003571844412464387,"upper_bound":0.0033192109281023896},"point_estimate":0.001375257146094766,"standard_error":0.0008662341675040306}}