{"mean":{"confidence_interval":{"confidence_level":0.95,"lower_bound":-0.053742563323644514,"upper_bound":-0.04001115378544429},"point_estimate":-0.04684398053709948,"standard_error":0.0034900420522935563},"median":{"confidence_interval":{"confidence_level":0.95,"lower_bound":-0.05089511265633828,"upper_bound":-0.03759786098363915},"point_estimate":-0.04787706467837427,"standard_error":0.0032472194679342595}}