{"mean":{"confidence_interval":{"confidence_level":0.95,"lower_bound":0.0044874388265525615,"upper_bound":0.01944532443865357},"point_estimate":0.01197726430546786,"standard_error":0.0038485295947245516},"median":{"confidence_interval":{"confidence_level":0.95,"lower_bound":0.0068619921628487734,"upper_bound":0.014584759989296758},"point_estimate":0.01253546247334536,"standard_error":0.0019961763185573043}}