{"mean":{"confidence_interval":{"confidence_level":0.95,"lower_bound":-0.05778701811976483,"upper_bound":-0.03440932382161829},"point_estimate":-0.04546009562641529,"standard_error":0.0060030505698608775},"median":{"confidence_interval":{"confidence_level":0.95,"lower_bound":-0.041791088926470266,"upper_bound":-0.03881808790057706},"point_estimate":-0.04032690640417724,"standard_error":0.0007355120862722819}}