{"mean":{"confidence_interval":{"confidence_level":0.95,"lower_bound":-0.022153068907496822,"upper_bound":-0.0008106643698996132},"point_estimate":-0.011637411897384986,"standard_error":0.005399932113999882},"median":{"confidence_interval":{"confidence_level":0.95,"lower_bound":-0.013967615601866212,"upper_bound":-0.008977710438186182},"point_estimate":-0.011295413356835593,"standard_error":0.0013034074645082473}}