{"mean":{"confidence_interval":{"confidence_level":0.95,"lower_bound":-0.021671108179307477,"upper_bound":0.00524118883940355},"point_estimate":-0.006131902776985831,"standard_error":0.006942504076275666},"median":{"confidence_interval":{"confidence_level":0.95,"lower_bound":-0.0014469807156595493,"upper_bound":0.00271689642190176},"point_estimate":0.0003480804746243127,"standard_error":0.0011197735435069705}}