{"mean":{"confidence_interval":{"confidence_level":0.95,"lower_bound":0.024100146058828598,"upper_bound":0.03816976564859369},"point_estimate":0.03109727695618636,"standard_error":0.0035534507580241115},"median":{"confidence_interval":{"confidence_level":0.95,"lower_bound":0.03258881956198034,"upper_bound":0.03581297789297211},"point_estimate":0.03472336416414512,"standard_error":0.0008308718367934386}}