{"mean":{"confidence_interval":{"confidence_level":0.95,"lower_bound":-0.007647476398266867,"upper_bound":0.015819960895225124},"point_estimate":0.0038017503801843766,"standard_error":0.00598631017031832},"median":{"confidence_interval":{"confidence_level":0.95,"lower_bound":-0.0055830243548610214,"upper_bound":-0.0023545934488581055},"point_estimate":-0.003623311889424108,"standard_error":0.0008606421757730795}}