{"mean":{"confidence_interval":{"confidence_level":0.95,"lower_bound":0.032583519172005734,"upper_bound":0.04672072078571225},"point_estimate":0.03982170195208523,"standard_error":0.003587265111549622},"median":{"confidence_interval":{"confidence_level":0.95,"lower_bound":0.03691188530523615,"upper_bound":0.0406338278500884},"point_estimate":0.038572024268071825,"standard_error":0.0009185523289372287}}