{"mean":{"confidence_interval":{"confidence_level":0.95,"lower_bound":1531988.977423506,"upper_bound":1543229.1287874752},"point_estimate":1536353.7495247356,"standard_error":2981.3181601669594},"median":{"confidence_interval":{"confidence_level":0.95,"lower_bound":1530724.9615384615,"upper_bound":1532070.8701550388},"point_estimate":1531395.784920635,"standard_error":340.5892710897359},"median_abs_dev":{"confidence_interval":{"confidence_level":0.95,"lower_bound":2274.108720907003,"upper_bound":4561.224368430095},"point_estimate":3556.2861128815903,"standard_error":585.6559594364057},"slope":{"confidence_interval":{"confidence_level":0.95,"lower_bound":1531593.3725082353,"upper_bound":1535092.9278606225},"point_estimate":1533201.2376710507,"standard_error":900.118823240529},"std_dev":{"confidence_interval":{"confidence_level":0.95,"lower_bound":4989.759822340385,"upper_bound":49335.60036185678},"point_estimate":29910.136110000774,"standard_error":13252.812443085497}}