{"mean":{"confidence_interval":{"confidence_level":0.95,"lower_bound":1532603.963468444,"upper_bound":1540072.6569232987},"point_estimate":1535752.950687886,"standard_error":1930.7800124735336},"median":{"confidence_interval":{"confidence_level":0.95,"lower_bound":1530831.1764705882,"upper_bound":1533592.2954545454},"point_estimate":1532006.3616211375,"standard_error":652.4911202612379},"median_abs_dev":{"confidence_interval":{"confidence_level":0.95,"lower_bound":3596.453582974515,"upper_bound":6138.033029353698},"point_estimate":4480.5710485649115,"standard_error":654.3308083548981},"slope":{"confidence_interval":{"confidence_level":0.95,"lower_bound":1531650.8360301377,"upper_bound":1534642.495425431},"point_estimate":1533047.899778336,"standard_error":765.2189754919194},"std_dev":{"confidence_interval":{"confidence_level":0.95,"lower_bound":6046.698625380759,"upper_bound":30226.437070522545},"point_estimate":19359.17809499406,"standard_error":6586.180157445215}}