{"mean":{"confidence_interval":{"confidence_level":0.95,"lower_bound":1540663.9008296202,"upper_bound":1546888.2345362294},"point_estimate":1543545.5964292714,"standard_error":1585.2041338284223},"median":{"confidence_interval":{"confidence_level":0.95,"lower_bound":1536701.9,"upper_bound":1544299.6875},"point_estimate":1540998.7333333334,"standard_error":1997.4830492150925},"median_abs_dev":{"confidence_interval":{"confidence_level":0.95,"lower_bound":8644.007981953397,"upper_bound":13981.370424594841},"point_estimate":12013.225449595036,"standard_error":1361.0684000646222},"slope":{"confidence_interval":{"confidence_level":0.95,"lower_bound":1534676.5281413838,"upper_bound":1538078.9887189395},"point_estimate":1536210.0957972514,"standard_error":867.6427127704628},"std_dev":{"confidence_interval":{"confidence_level":0.95,"lower_bound":9933.982281823508,"upper_bound":22075.960306940775},"point_estimate":15900.24129148456,"standard_error":3248.017359661418}}