{"mean":{"confidence_interval":{"confidence_level":0.95,"lower_bound":1526569.764110202,"upper_bound":1531845.7271710692},"point_estimate":1528976.338733491,"standard_error":1352.7325365490585},"median":{"confidence_interval":{"confidence_level":0.95,"lower_bound":1524577.3936170214,"upper_bound":1526597.2881355933},"point_estimate":1525625.5421348314,"standard_error":568.3293955178641},"median_abs_dev":{"confidence_interval":{"confidence_level":0.95,"lower_bound":2593.095623878657,"upper_bound":4494.36822908088},"point_estimate":3542.545569276546,"standard_error":506.13353181184266},"slope":{"confidence_interval":{"confidence_level":0.95,"lower_bound":1526218.1073042662,"upper_bound":1531938.1522075778},"point_estimate":1528679.0464844096,"standard_error":1472.406098838034},"std_dev":{"confidence_interval":{"confidence_level":0.95,"lower_bound":7483.637446056421,"upper_bound":18711.932619425024},"point_estimate":13590.896012360074,"standard_error":2862.285602707203}}