{"mean":{"confidence_interval":{"confidence_level":0.95,"lower_bound":1485747.219957875,"upper_bound":1492529.0857195002},"point_estimate":1488763.5548091978,"standard_error":1746.4691115663718},"median":{"confidence_interval":{"confidence_level":0.95,"lower_bound":1483632.7,"upper_bound":1485262.3690667278},"point_estimate":1484654.2386363638,"standard_error":449.7427526937878},"median_abs_dev":{"confidence_interval":{"confidence_level":0.95,"lower_bound":2396.840412882269,"upper_bound":4718.441893538551},"point_estimate":3699.609601168611,"standard_error":610.5707965462228},"slope":{"confidence_interval":{"confidence_level":0.95,"lower_bound":1484734.1989945513,"upper_bound":1492013.9577609617},"point_estimate":1487745.942030442,"standard_error":1886.7056065294519},"std_dev":{"confidence_interval":{"confidence_level":0.95,"lower_bound":7693.069221423403,"upper_bound":24636.55598866989},"point_estimate":17523.12405852167,"standard_error":4275.347180978272}}