{"mean":{"confidence_interval":{"confidence_level":0.95,"lower_bound":1533220.3635996217,"upper_bound":1536734.176524897},"point_estimate":1534872.3927831391,"standard_error":896.7902226040687},"median":{"confidence_interval":{"confidence_level":0.95,"lower_bound":1533684.8405797102,"upper_bound":1535948.0766666667},"point_estimate":1534742.3959884201,"standard_error":621.6154014740184},"median_abs_dev":{"confidence_interval":{"confidence_level":0.95,"lower_bound":3438.521379760798,"upper_bound":6398.224076854467},"point_estimate":4583.154773104587,"standard_error":740.9830164631555},"slope":{"confidence_interval":{"confidence_level":0.95,"lower_bound":1533986.051677579,"upper_bound":1537551.3223483926},"point_estimate":1535581.9506280478,"standard_error":910.0797100083296},"std_dev":{"confidence_interval":{"confidence_level":0.95,"lower_bound":5874.271442149531,"upper_bound":12284.008183766293},"point_estimate":8986.81059877351,"standard_error":1726.0943677484827}}