{"mean":{"confidence_interval":{"confidence_level":0.95,"lower_bound":1525470.8223265663,"upper_bound":1531386.7919630385},"point_estimate":1528227.8916755726,"standard_error":1513.0406514300305},"median":{"confidence_interval":{"confidence_level":0.95,"lower_bound":1522710.0506329115,"upper_bound":1524762.6529411767},"point_estimate":1523684.899127907,"standard_error":537.6453444074971},"median_abs_dev":{"confidence_interval":{"confidence_level":0.95,"lower_bound":3220.7333126319154,"upper_bound":6371.387508461386},"point_estimate":4086.6778551321404,"standard_error":851.2112283591891},"slope":{"confidence_interval":{"confidence_level":0.95,"lower_bound":1526346.574681673,"upper_bound":1535836.1997732334},"point_estimate":1530660.68136545,"standard_error":2433.6243900601667},"std_dev":{"confidence_interval":{"confidence_level":0.95,"lower_bound":10322.71433690012,"upper_bound":19217.554008923642},"point_estimate":15220.129872821182,"standard_error":2265.3840563272356}}