{"mean":{"confidence_interval":{"confidence_level":0.95,"lower_bound":1527202.0608408237,"upper_bound":1530875.0570500398},"point_estimate":1528874.0958548952,"standard_error":936.1670781591914},"median":{"confidence_interval":{"confidence_level":0.95,"lower_bound":1525936.3593137255,"upper_bound":1527444.1039156625},"point_estimate":1526342.6376248612,"standard_error":417.21359049679296},"median_abs_dev":{"confidence_interval":{"confidence_level":0.95,"lower_bound":2910.9162103364315,"upper_bound":5049.178537305112},"point_estimate":3912.0222564676087,"standard_error":558.6533130410127},"slope":{"confidence_interval":{"confidence_level":0.95,"lower_bound":1526553.124602884,"upper_bound":1530952.4965903882},"point_estimate":1528343.3149460617,"standard_error":1159.329845475881},"std_dev":{"confidence_interval":{"confidence_level":0.95,"lower_bound":5079.186804723567,"upper_bound":12851.517398998094},"point_estimate":9394.76868340523,"standard_error":1952.956753483787}}