{"mean":{"confidence_interval":{"confidence_level":0.95,"lower_bound":1514911.5050071944,"upper_bound":1524936.5755229203},"point_estimate":1520116.9839291228,"standard_error":2558.229894921799},"median":{"confidence_interval":{"confidence_level":0.95,"lower_bound":1526462.105263158,"upper_bound":1533034.1847826086},"point_estimate":1530650.6459574467,"standard_error":1558.654096192698},"median_abs_dev":{"confidence_interval":{"confidence_level":0.95,"lower_bound":7855.5682823757215,"upper_bound":17492.267518703135},"point_estimate":12011.758957907427,"standard_error":2406.0873950067867},"slope":{"confidence_interval":{"confidence_level":0.95,"lower_bound":1523131.3954339328,"upper_bound":1530871.3995212822},"point_estimate":1527205.7872498892,"standard_error":1975.548763286728},"std_dev":{"confidence_interval":{"confidence_level":0.95,"lower_bound":20038.975241125474,"upper_bound":30558.68463205201},"point_estimate":25657.698075086573,"standard_error":2680.6568766113587}}