{"mean":{"confidence_interval":{"confidence_level":0.95,"lower_bound":-0.010815899169557447,"upper_bound":0.0015408904563067591},"point_estimate":-0.0040407802025483885,"standard_error":0.0031527562400911285},"median":{"confidence_interval":{"confidence_level":0.95,"lower_bound":-0.004433581554837973,"upper_bound":0.003391657136381232},"point_estimate":0.0003934303704049569,"standard_error":0.002057059573900637}}