{"mean":{"confidence_interval":{"confidence_level":0.95,"lower_bound":-0.0029935434350615575,"upper_bound":0.005650951268406645},"point_estimate":0.0013055805260988596,"standard_error":0.002195540896560324},"median":{"confidence_interval":{"confidence_level":0.95,"lower_bound":-0.0015026485782143606,"upper_bound":0.0035038710598382927},"point_estimate":0.0010721559282051984,"standard_error":0.001239891207309083}}