{"mean":{"confidence_interval":{"confidence_level":0.95,"lower_bound":0.10902499280126111,"upper_bound":0.146840652994312},"point_estimate":0.12475916525664976,"standard_error":0.009520522343020345},"median":{"confidence_interval":{"confidence_level":0.95,"lower_bound":0.08677595383985826,"upper_bound":0.11266243397478237},"point_estimate":0.0993155870004434,"standard_error":0.00663988478578063}}