{"mean":{"confidence_interval":{"confidence_level":0.95,"lower_bound":-0.14268308626374734,"upper_bound":-0.11985653798511048},"point_estimate":-0.1317609124667597,"standard_error":0.0059567928598887165},"median":{"confidence_interval":{"confidence_level":0.95,"lower_bound":-0.15953222499715358,"upper_bound":-0.14334017303201263},"point_estimate":-0.15121638546695892,"standard_error":0.00402658723383909}}