{"mean":{"confidence_interval":{"confidence_level":0.95,"lower_bound":0.013569061750901197,"upper_bound":0.020952597521746257},"point_estimate":0.017309509705686787,"standard_error":0.001901023569346914},"median":{"confidence_interval":{"confidence_level":0.95,"lower_bound":0.013872338164466091,"upper_bound":0.020906128019701598},"point_estimate":0.017088722314845484,"standard_error":0.0017026609239647118}}