{"mean":{"confidence_interval":{"confidence_level":0.95,"lower_bound":0.0015382133540727653,"upper_bound":0.007997688485266668},"point_estimate":0.004760966038243941,"standard_error":0.0016482269034564804},"median":{"confidence_interval":{"confidence_level":0.95,"lower_bound":0.00047555352981620835,"upper_bound":0.006535704496779255},"point_estimate":0.0032871778630525483,"standard_error":0.0015918340282788865}}