{"mean":{"confidence_interval":{"confidence_level":0.95,"lower_bound":-0.02426114752757712,"upper_bound":-0.0030905762121261346},"point_estimate":-0.012489384803669457,"standard_error":0.0054391473647204544},"median":{"confidence_interval":{"confidence_level":0.95,"lower_bound":-0.006643716987833392,"upper_bound":-0.00210029909196311},"point_estimate":-0.004935217853141993,"standard_error":0.001120439478343891}}