{"mean":{"confidence_interval":{"confidence_level":0.95,"lower_bound":-0.005692035487951452,"upper_bound":0.0029207012327256104},"point_estimate":-0.0014135758494833173,"standard_error":0.0021997091311563833},"median":{"confidence_interval":{"confidence_level":0.95,"lower_bound":-0.00602241227886595,"upper_bound":0.0018479008720202472},"point_estimate":-0.0007813901242013088,"standard_error":0.0021022263631741223}}