{"mean":{"confidence_interval":{"confidence_level":0.95,"lower_bound":0.043146600405418706,"upper_bound":0.09907602785699078},"point_estimate":0.07219504310021674,"standard_error":0.013848516870640273},"median":{"confidence_interval":{"confidence_level":0.95,"lower_bound":0.06694969798642347,"upper_bound":0.08982781082867253},"point_estimate":0.07554971239122632,"standard_error":0.006447707611154409}}