{"mean":{"confidence_interval":{"confidence_level":0.95,"lower_bound":-0.009776010591643713,"upper_bound":-0.0019605596705807187},"point_estimate":-0.005728277462318965,"standard_error":0.0020008321236187755},"median":{"confidence_interval":{"confidence_level":0.95,"lower_bound":-0.007675533022957759,"upper_bound":-0.004498755132232302},"point_estimate":-0.006296712966054163,"standard_error":0.0007799120785489066}}