{"mean":{"confidence_interval":{"confidence_level":0.95,"lower_bound":-0.03533883879079843,"upper_bound":-0.024206648560536673},"point_estimate":-0.029893568601407017,"standard_error":0.002792971675564077},"median":{"confidence_interval":{"confidence_level":0.95,"lower_bound":-0.030785894791252932,"upper_bound":-0.013932338434219926},"point_estimate":-0.023398196842175256,"standard_error":0.004306449176676743}}