{"mean":{"confidence_interval":{"confidence_level":0.95,"lower_bound":-0.1003336703707893,"upper_bound":-0.06356535945987304},"point_estimate":-0.08090764583945587,"standard_error":0.009386692742651947},"median":{"confidence_interval":{"confidence_level":0.95,"lower_bound":-0.07083531717261281,"upper_bound":-0.041226901210899114},"point_estimate":-0.05549876492889372,"standard_error":0.007868352557051055}}