{"mean":{"confidence_interval":{"confidence_level":0.95,"lower_bound":0.18072344639897586,"upper_bound":0.1835352327154118},"point_estimate":0.18220534316023174,"standard_error":0.0007178308093335537},"median":{"confidence_interval":{"confidence_level":0.95,"lower_bound":0.18223276043759218,"upper_bound":0.18430747766758082},"point_estimate":0.18351227929564362,"standard_error":0.0005282093544670816}}