{"mean":{"confidence_interval":{"confidence_level":0.95,"lower_bound":0.20202422551791765,"upper_bound":0.2044680151412307},"point_estimate":0.20305127859563132,"standard_error":0.000600991369205952},"median":{"confidence_interval":{"confidence_level":0.95,"lower_bound":0.20112202228406573,"upper_bound":0.20268682663397342},"point_estimate":0.20186808228134145,"standard_error":0.0003783624076298129}}