{"mean":{"confidence_interval":{"confidence_level":0.95,"lower_bound":-0.3967002584849826,"upper_bound":-0.39004402938024174},"point_estimate":-0.393301248344716,"standard_error":0.0016894112144046729},"median":{"confidence_interval":{"confidence_level":0.95,"lower_bound":-0.394318588511411,"upper_bound":-0.39011113162659383},"point_estimate":-0.3921433161037001,"standard_error":0.0010591032520014816}}