{"mean":{"confidence_interval":{"confidence_level":0.95,"lower_bound":-0.01777339405242785,"upper_bound":-0.011591692885754198},"point_estimate":-0.014603002365778828,"standard_error":0.0015810607530594982},"median":{"confidence_interval":{"confidence_level":0.95,"lower_bound":-0.01968552752305941,"upper_bound":-0.012949740056688364},"point_estimate":-0.016626638157802964,"standard_error":0.0018180362865115463}}