{"mean":{"confidence_interval":{"confidence_level":0.95,"lower_bound":-0.010816221420611071,"upper_bound":-0.0028414654184653033},"point_estimate":-0.0066845907026100715,"standard_error":0.0020201846039377747},"median":{"confidence_interval":{"confidence_level":0.95,"lower_bound":-0.006975521323431377,"upper_bound":-0.0022284805299871424},"point_estimate":-0.005019856705506198,"standard_error":0.0012393617578469543}}