{"mean":{"confidence_interval":{"confidence_level":0.95,"lower_bound":-0.022171671501048717,"upper_bound":0.0029350180048958526},"point_estimate":-0.007049800733702316,"standard_error":0.006655855047307404},"median":{"confidence_interval":{"confidence_level":0.95,"lower_bound":-0.0008731910379642382,"upper_bound":0.007328566670655512},"point_estimate":0.0037914137928252156,"standard_error":0.0021601307601641193}}