{"mean":{"confidence_interval":{"confidence_level":0.95,"lower_bound":-0.006691552304401771,"upper_bound":-7.667821608214886e-6},"point_estimate":-0.003195855191805874,"standard_error":0.001709008668021556},"median":{"confidence_interval":{"confidence_level":0.95,"lower_bound":-0.005895129413650335,"upper_bound":-0.00012067989582775773},"point_estimate":-0.002706637143086943,"standard_error":0.0014950650937892746}}