{"mean":{"confidence_interval":{"confidence_level":0.95,"lower_bound":-0.015691111747765298,"upper_bound":-0.0009290287731838754},"point_estimate":-0.008448341378385349,"standard_error":0.0038020663919186397},"median":{"confidence_interval":{"confidence_level":0.95,"lower_bound":-0.018043415764504855,"upper_bound":-0.00787632777727245},"point_estimate":-0.012694930730642873,"standard_error":0.002531276557266286}}