{"mean":{"confidence_interval":{"confidence_level":0.95,"lower_bound":0.1925631705930317,"upper_bound":0.19513432816828136},"point_estimate":0.19404538418647688,"standard_error":0.0006405084501089257},"median":{"confidence_interval":{"confidence_level":0.95,"lower_bound":0.19193120601819302,"upper_bound":0.19489366774388128},"point_estimate":0.19316913612982423,"standard_error":0.0007554887855835021}}