{"mean":{"confidence_interval":{"confidence_level":0.95,"lower_bound":-0.023219940654145253,"upper_bound":-0.01596263981532177},"point_estimate":-0.019444882822872267,"standard_error":0.0018573250582294492},"median":{"confidence_interval":{"confidence_level":0.95,"lower_bound":-0.02334935675403438,"upper_bound":-0.015694312960293888},"point_estimate":-0.01953038265431495,"standard_error":0.0018171904540080672}}