{"mean":{"confidence_interval":{"confidence_level":0.95,"lower_bound":-0.002598010894786437,"upper_bound":0.0011934068303741273},"point_estimate":-0.0010118859134432556,"standard_error":0.0009994755338357643},"median":{"confidence_interval":{"confidence_level":0.95,"lower_bound":-0.003393711598374205,"upper_bound":-0.0013084657175242201},"point_estimate":-0.002551029345331801,"standard_error":0.0005469340498743661}}