{"mean":{"confidence_interval":{"confidence_level":0.95,"lower_bound":0.05227868710592117,"upper_bound":0.06678764959789751},"point_estimate":0.05964837025246306,"standard_error":0.00370669514151738},"median":{"confidence_interval":{"confidence_level":0.95,"lower_bound":0.07172390057352285,"upper_bound":0.07979760499069388},"point_estimate":0.07561631827797965,"standard_error":0.002139650100651731}}