{"mean":{"confidence_interval":{"confidence_level":0.95,"lower_bound":-0.010793547237021821,"upper_bound":0.001481925901293947},"point_estimate":-0.004245043607850163,"standard_error":0.003119177476052008},"median":{"confidence_interval":{"confidence_level":0.95,"lower_bound":-0.007866486615917823,"upper_bound":0.0030164238952772315},"point_estimate":-0.0025720908737654202,"standard_error":0.0028156331797754308}}