{"mean":{"confidence_interval":{"confidence_level":0.95,"lower_bound":-0.00023854288595521168,"upper_bound":0.004612829710449511},"point_estimate":0.0023173454387066528,"standard_error":0.0012386635699106873},"median":{"confidence_interval":{"confidence_level":0.95,"lower_bound":0.002358363328176072,"upper_bound":0.004856771296686491},"point_estimate":0.0036779478143051936,"standard_error":0.0006202699319831378}}