{"mean":{"confidence_interval":{"confidence_level":0.95,"lower_bound":-0.012043426685982558,"upper_bound":-0.0059444612340924},"point_estimate":-0.008894486222786435,"standard_error":0.0015540504254162998},"median":{"confidence_interval":{"confidence_level":0.95,"lower_bound":-0.012589582865357484,"upper_bound":-0.006515412152772626},"point_estimate":-0.009662643051821074,"standard_error":0.001425563639695195}}