{"mean":{"confidence_interval":{"confidence_level":0.95,"lower_bound":-0.0016292960397874697,"upper_bound":0.007230311685644596},"point_estimate":0.002657878357660959,"standard_error":0.0022390664732245048},"median":{"confidence_interval":{"confidence_level":0.95,"lower_bound":-0.0008446098496401877,"upper_bound":0.005912725574811706},"point_estimate":0.003417092419698786,"standard_error":0.0016094483308000504}}