{"mean":{"confidence_interval":{"confidence_level":0.95,"lower_bound":-0.009104142740912091,"upper_bound":0.003914863677114454},"point_estimate":-0.0021319614098467277,"standard_error":0.00330895981653459},"median":{"confidence_interval":{"confidence_level":0.95,"lower_bound":-0.0035119171129576188,"upper_bound":0.00023356443826827444},"point_estimate":-0.001833118772261777,"standard_error":0.0009832927209795332}}