{"mean":{"confidence_interval":{"confidence_level":0.95,"lower_bound":-0.12574052329289961,"upper_bound":-0.09747376688392381},"point_estimate":-0.11231243955350156,"standard_error":0.0072893729045689915},"median":{"confidence_interval":{"confidence_level":0.95,"lower_bound":-0.12199666952154704,"upper_bound":-0.09863426713825829},"point_estimate":-0.11279297798999421,"standard_error":0.005887599922144105}}