{"mean":{"confidence_interval":{"confidence_level":0.95,"lower_bound":-0.0344498020748373,"upper_bound":-0.015451125004578702},"point_estimate":-0.02501221556145483,"standard_error":0.004837860186557886},"median":{"confidence_interval":{"confidence_level":0.95,"lower_bound":-0.0346691572144474,"upper_bound":-0.016765378466257808},"point_estimate":-0.02841828859377804,"standard_error":0.004050932937396596}}