{"mean":{"confidence_interval":{"confidence_level":0.95,"lower_bound":0.46378328648475214,"upper_bound":0.46559714350059545},"point_estimate":0.4647542932986477,"standard_error":0.00046177028689735073},"median":{"confidence_interval":{"confidence_level":0.95,"lower_bound":0.46443528353028785,"upper_bound":0.46523301298540165},"point_estimate":0.46490528846503887,"standard_error":0.0002049453048323689}}