{"mean":{"confidence_interval":{"confidence_level":0.95,"lower_bound":-0.003256881619393422,"upper_bound":0.010654491115663172},"point_estimate":0.00366072492524272,"standard_error":0.0035320674752254344},"median":{"confidence_interval":{"confidence_level":0.95,"lower_bound":-0.002163677406555431,"upper_bound":0.0022095116003151283},"point_estimate":-0.00011809826033504223,"standard_error":0.0011212634855098315}}