{"mean":{"confidence_interval":{"confidence_level":0.95,"lower_bound":-0.008899914416393217,"upper_bound":0.001147396775736569},"point_estimate":-0.003994416038395898,"standard_error":0.002543776166022871},"median":{"confidence_interval":{"confidence_level":0.95,"lower_bound":-0.005425362229405373,"upper_bound":-0.0005523667534862442},"point_estimate":-0.0024295158427314334,"standard_error":0.0011655569381685878}}