{"mean":{"confidence_interval":{"confidence_level":0.95,"lower_bound":-0.15396941487965088,"upper_bound":-0.15234252415292693},"point_estimate":-0.15310728087399783,"standard_error":0.0004158720734418053},"median":{"confidence_interval":{"confidence_level":0.95,"lower_bound":-0.15404501224507738,"upper_bound":-0.15280349026465712},"point_estimate":-0.15334474472929793,"standard_error":0.00032866195887226274}}