{"mean":{"confidence_interval":{"confidence_level":0.95,"lower_bound":0.004531527538235925,"upper_bound":0.006749038702754601},"point_estimate":0.005690001574156112,"standard_error":0.0005619847560795648},"median":{"confidence_interval":{"confidence_level":0.95,"lower_bound":0.004559718787069178,"upper_bound":0.006315469205642408},"point_estimate":0.0055881297291953125,"standard_error":0.00044148485969447014}}