{"mean":{"confidence_interval":{"confidence_level":0.95,"lower_bound":0.005941426465636557,"upper_bound":0.012580702619256505},"point_estimate":0.009226123032945788,"standard_error":0.0017055079310482441},"median":{"confidence_interval":{"confidence_level":0.95,"lower_bound":0.007247501349540109,"upper_bound":0.013736734394367067},"point_estimate":0.011244608392519284,"standard_error":0.001504430718295935}}