{"mean":{"confidence_interval":{"confidence_level":0.95,"lower_bound":0.1856515356146229,"upper_bound":0.18755739825892026},"point_estimate":0.18664413236166855,"standard_error":0.00048291404271262367},"median":{"confidence_interval":{"confidence_level":0.95,"lower_bound":0.1856996156300177,"upper_bound":0.18716902492929233},"point_estimate":0.18664777099268703,"standard_error":0.00039464181571577194}}