{"mean":{"confidence_interval":{"confidence_level":0.95,"lower_bound":-0.21780069410925207,"upper_bound":-0.19752280316584825},"point_estimate":-0.20737960445548587,"standard_error":0.00518093911532959},"median":{"confidence_interval":{"confidence_level":0.95,"lower_bound":-0.2106067011669659,"upper_bound":-0.18956930637430447},"point_estimate":-0.20101583922787902,"standard_error":0.0055043648442755725}}