{"mean":{"confidence_interval":{"confidence_level":0.95,"lower_bound":-0.11302713532544112,"upper_bound":-0.09987389945652092},"point_estimate":-0.10640908975878549,"standard_error":0.0033311982807330445},"median":{"confidence_interval":{"confidence_level":0.95,"lower_bound":-0.11272043509933694,"upper_bound":-0.09549516909384215},"point_estimate":-0.10557409455492484,"standard_error":0.004287319825051766}}