{"mean":{"confidence_interval":{"confidence_level":0.95,"lower_bound":0.009979319694943523,"upper_bound":0.02411150450067327},"point_estimate":0.017422236381251954,"standard_error":0.0036000462835416567},"median":{"confidence_interval":{"confidence_level":0.95,"lower_bound":0.015887622846253002,"upper_bound":0.027378519658499842},"point_estimate":0.02048682391615464,"standard_error":0.0029732739584099922}}