{"mean":{"confidence_interval":{"confidence_level":0.95,"lower_bound":-0.154979914850098,"upper_bound":-0.1536109502424729},"point_estimate":-0.15424700049636098,"standard_error":0.00034698976989080667},"median":{"confidence_interval":{"confidence_level":0.95,"lower_bound":-0.1550724384186385,"upper_bound":-0.15361872909245122},"point_estimate":-0.15421489880571082,"standard_error":0.0003860133067424857}}