{"mean":{"confidence_interval":{"confidence_level":0.95,"lower_bound":0.006149192308324176,"upper_bound":0.012915991679266558},"point_estimate":0.009340430732973415,"standard_error":0.0017461950842447796},"median":{"confidence_interval":{"confidence_level":0.95,"lower_bound":0.004940155474892238,"upper_bound":0.010835963214366195},"point_estimate":0.008420708039378999,"standard_error":0.0015712608218385474}}