{"mean":{"confidence_interval":{"confidence_level":0.95,"lower_bound":0.13464606222567738,"upper_bound":0.13562306583537156},"point_estimate":0.13512973623485935,"standard_error":0.000247810392547614},"median":{"confidence_interval":{"confidence_level":0.95,"lower_bound":0.1346062134821386,"upper_bound":0.1357648035903402},"point_estimate":0.13511048665033187,"standard_error":0.00029276662928735104}}