{"mean":{"confidence_interval":{"confidence_level":0.95,"lower_bound":0.18425317840966418,"upper_bound":0.1856792311357789},"point_estimate":0.18499134980436382,"standard_error":0.00036343312650025035},"median":{"confidence_interval":{"confidence_level":0.95,"lower_bound":0.1845363065219594,"upper_bound":0.18602463028007854},"point_estimate":0.18543458251169453,"standard_error":0.0003663451497271791}}