{"mean":{"confidence_interval":{"confidence_level":0.95,"lower_bound":-0.07570805817019921,"upper_bound":-0.05945048587731901},"point_estimate":-0.06788120146643406,"standard_error":0.004224250625667806},"median":{"confidence_interval":{"confidence_level":0.95,"lower_bound":-0.08235163465144471,"upper_bound":-0.05035382284533252},"point_estimate":-0.06547794712283639,"standard_error":0.00842113266152812}}