{"mean":{"confidence_interval":{"confidence_level":0.95,"lower_bound":-0.0012498678089615314,"upper_bound":0.014386995485772809},"point_estimate":0.006781987399812728,"standard_error":0.003987588634858231},"median":{"confidence_interval":{"confidence_level":0.95,"lower_bound":0.012259558296417629,"upper_bound":0.02192725870226786},"point_estimate":0.016455141971682963,"standard_error":0.002587186123962506}}