{"mean":{"confidence_interval":{"confidence_level":0.95,"lower_bound":-0.0114930311769873,"upper_bound":-0.0007648553302923531},"point_estimate":-0.005626673614729016,"standard_error":0.0027545685717775704},"median":{"confidence_interval":{"confidence_level":0.95,"lower_bound":-0.0070285200878915655,"upper_bound":-0.0014639487885636168},"point_estimate":-0.004777071152466172,"standard_error":0.0014173271457434454}}