{"mean":{"confidence_interval":{"confidence_level":0.95,"lower_bound":6505327.98625,"upper_bound":6673581.816468749},"point_estimate":6570315.9125,"standard_error":44838.101461491504},"median":{"confidence_interval":{"confidence_level":0.95,"lower_bound":6491535.5,"upper_bound":6492751.375},"point_estimate":6492045.875,"standard_error":319.4883308907373},"median_abs_dev":{"confidence_interval":{"confidence_level":0.95,"lower_bound":2345.102508366108,"upper_bound":4557.512319087982},"point_estimate":3337.6105282455683,"standard_error":553.1456142082508},"slope":null,"std_dev":{"confidence_interval":{"confidence_level":0.95,"lower_bound":79128.70001075213,"upper_bound":741949.9940365164},"point_estimate":448919.2850747623,"standard_error":201982.1779156952}}