{"mean":{"confidence_interval":{"confidence_level":0.95,"lower_bound":6525794.9374375,"upper_bound":6531278.40215625},"point_estimate":6528181.48875,"standard_error":1414.3743709277298},"median":{"confidence_interval":{"confidence_level":0.95,"lower_bound":6524851.375,"upper_bound":6526669.875},"point_estimate":6525456.375,"standard_error":450.1305534045011},"median_abs_dev":{"confidence_interval":{"confidence_level":0.95,"lower_bound":2310.6320589780807,"upper_bound":3808.0580323934555},"point_estimate":2687.490439787507,"standard_error":380.9446303388079},"slope":null,"std_dev":{"confidence_interval":{"confidence_level":0.95,"lower_bound":3329.0949131355446,"upper_bound":20956.43603924759},"point_estimate":14252.237752915273,"standard_error":4333.202556176598}}