{"mean":{"confidence_interval":{"confidence_level":0.95,"lower_bound":14691049.8615625,"upper_bound":14693690.19625},"point_estimate":14692302.405,"standard_error":675.0871399649359},"median":{"confidence_interval":{"confidence_level":0.95,"lower_bound":14691062.25,"upper_bound":14693037.0},"point_estimate":14692087.125,"standard_error":507.19547780950427},"median_abs_dev":{"confidence_interval":{"confidence_level":0.95,"lower_bound":3280.4377667605877,"upper_bound":5319.642835557357},"point_estimate":4132.7474266290665,"standard_error":520.7743979135789},"slope":null,"std_dev":{"confidence_interval":{"confidence_level":0.95,"lower_bound":4570.018145351983,"upper_bound":9204.534720738033},"point_estimate":6778.44297200487,"standard_error":1253.8340909284443}}