{"mean":{"confidence_interval":{"confidence_level":0.95,"lower_bound":14716474.4255,"upper_bound":14732838.109375},"point_estimate":14722334.23,"standard_error":4765.63391002104},"median":{"confidence_interval":{"confidence_level":0.95,"lower_bound":14715179.375,"upper_bound":14716866.875},"point_estimate":14715941.875,"standard_error":440.1057825817858},"median_abs_dev":{"confidence_interval":{"confidence_level":0.95,"lower_bound":3123.0968445539474,"upper_bound":6078.845217078924},"point_estimate":4327.709323167801,"standard_error":745.6080384602292},"slope":null,"std_dev":{"confidence_interval":{"confidence_level":0.95,"lower_bound":5987.499275581394,"upper_bound":81009.17793718736},"point_estimate":47647.76286327193,"standard_error":26147.010926885145}}