{"mean":{"confidence_interval":{"confidence_level":0.95,"lower_bound":6492992.88365625,"upper_bound":6497239.908625},"point_estimate":6494979.9025,"standard_error":1089.7877027067707},"median":{"confidence_interval":{"confidence_level":0.95,"lower_bound":6489743.0,"upper_bound":6492304.0},"point_estimate":6490978.3125,"standard_error":622.8647151830627},"median_abs_dev":{"confidence_interval":{"confidence_level":0.95,"lower_bound":2662.471565231681,"upper_bound":6378.608399257064},"point_estimate":4487.644795328379,"standard_error":985.8505827480404},"slope":null,"std_dev":{"confidence_interval":{"confidence_level":0.95,"lower_bound":7355.215906298029,"upper_bound":13880.95121219945},"point_estimate":10958.740222290731,"standard_error":1675.930356271769}}