{"mean":{"confidence_interval":{"confidence_level":0.95,"lower_bound":14676743.884875,"upper_bound":14696634.7020625},"point_estimate":14684125.2225,"standard_error":5576.431915897982},"median":{"confidence_interval":{"confidence_level":0.95,"lower_bound":14676079.125,"upper_bound":14680017.75},"point_estimate":14678504.375,"standard_error":1049.5990879547728},"median_abs_dev":{"confidence_interval":{"confidence_level":0.95,"lower_bound":7746.9555124640465,"upper_bound":14677.92506441474},"point_estimate":11694.00729238987,"standard_error":1747.056890472352},"slope":null,"std_dev":{"confidence_interval":{"confidence_level":0.95,"lower_bound":10846.826479333118,"upper_bound":94775.40376672815},"point_estimate":56149.768983722206,"standard_error":29008.525629027532}}