{"mean":{"confidence_interval":{"confidence_level":0.95,"lower_bound":17771406.115250003,"upper_bound":18192982.887750003},"point_estimate":17973128.470000006,"standard_error":107448.93553828541},"median":{"confidence_interval":{"confidence_level":0.95,"lower_bound":17530075.5,"upper_bound":17998189.333333332},"point_estimate":17722397.833333336,"standard_error":135218.58615499968},"median_abs_dev":{"confidence_interval":{"confidence_level":0.95,"lower_bound":578379.0525317201,"upper_bound":939871.7672139416},"point_estimate":738084.4745963858,"standard_error":96828.82188557515},"slope":null,"std_dev":{"confidence_interval":{"confidence_level":0.95,"lower_bound":831855.931297044,"upper_bound":1297697.875127281},"point_estimate":1072102.8633805919,"standard_error":118997.38888179768}}