{"mean":{"confidence_interval":{"confidence_level":0.95,"lower_bound":18223859.04524999,"upper_bound":18229550.316833332},"point_estimate":18226573.356666666,"standard_error":1452.6306006223494},"median":{"confidence_interval":{"confidence_level":0.95,"lower_bound":18220715.333333332,"upper_bound":18226348.666666668},"point_estimate":18222615.333333336,"standard_error":1644.855887673851},"median_abs_dev":{"confidence_interval":{"confidence_level":0.95,"lower_bound":7882.48986005691,"upper_bound":13961.149752136364},"point_estimate":10946.282705669237,"standard_error":1563.178695855151},"slope":null,"std_dev":{"confidence_interval":{"confidence_level":0.95,"lower_bound":11059.630564464234,"upper_bound":17737.442215116385},"point_estimate":14591.556934460854,"standard_error":1707.6485614812073}}