{"mean":{"confidence_interval":{"confidence_level":0.95,"lower_bound":17629434.17791667,"upper_bound":17641181.191416666},"point_estimate":17635444.630000006,"standard_error":3005.040457678345},"median":{"confidence_interval":{"confidence_level":0.95,"lower_bound":17635371.0,"upper_bound":17641838.0},"point_estimate":17638837.666666664,"standard_error":1780.1415820636437},"median_abs_dev":{"confidence_interval":{"confidence_level":0.95,"lower_bound":12923.576870558805,"upper_bound":24413.72666657063},"point_estimate":18581.91967010038,"standard_error":2863.2521572100413},"slope":null,"std_dev":{"confidence_interval":{"confidence_level":0.95,"lower_bound":23608.26487388592,"upper_bound":36070.78429134173},"point_estimate":30276.1374463236,"standard_error":3185.0421344752376}}