{"mean":{"confidence_interval":{"confidence_level":0.95,"lower_bound":14679218.826125,"upper_bound":14682907.324375},"point_estimate":14680947.775,"standard_error":938.6145521702858},"median":{"confidence_interval":{"confidence_level":0.95,"lower_bound":14679068.0,"upper_bound":14682767.75},"point_estimate":14681080.25,"standard_error":798.4059301410201},"median_abs_dev":{"confidence_interval":{"confidence_level":0.95,"lower_bound":5151.664258539677,"upper_bound":8747.525169700384},"point_estimate":6233.9622393250465,"standard_error":924.2013888745217},"slope":null,"std_dev":{"confidence_interval":{"confidence_level":0.95,"lower_bound":6066.251215162243,"upper_bound":12690.759935961389},"point_estimate":9452.712305867559,"standard_error":1754.303867662285}}