{"mean":{"confidence_interval":{"confidence_level":0.95,"lower_bound":17625737.234750003,"upper_bound":17914959.561916664},"point_estimate":17767629.159999996,"standard_error":73715.96743029461},"median":{"confidence_interval":{"confidence_level":0.95,"lower_bound":17527531.5,"upper_bound":17906135.5},"point_estimate":17648549.666666664,"standard_error":105899.90288339661},"median_abs_dev":{"confidence_interval":{"confidence_level":0.95,"lower_bound":586201.497092843,"upper_bound":931032.7532708645},"point_estimate":719191.9502317915,"standard_error":88935.37071850049},"slope":null,"std_dev":{"confidence_interval":{"confidence_level":0.95,"lower_bound":629466.5616039453,"upper_bound":839650.5928302408},"point_estimate":738526.3245865777,"standard_error":53541.050160579834}}