{"mean":{"confidence_interval":{"confidence_level":0.95,"lower_bound":18215205.762500007,"upper_bound":18221923.121250007},"point_estimate":18218423.186666664,"standard_error":1725.359071722404},"median":{"confidence_interval":{"confidence_level":0.95,"lower_bound":18208230.833333332,"upper_bound":18214861.0},"point_estimate":18210461.166666664,"standard_error":1744.015203323742},"median_abs_dev":{"confidence_interval":{"confidence_level":0.95,"lower_bound":4488.571420306404,"upper_bound":12848.705571888037},"point_estimate":7540.99766612145,"standard_error":2084.045311861073},"slope":null,"std_dev":{"confidence_interval":{"confidence_level":0.95,"lower_bound":13462.241839126124,"upper_bound":20870.110327197293},"point_estimate":17397.655381161614,"standard_error":1899.6034416459463}}