{"mean":{"confidence_interval":{"confidence_level":0.95,"lower_bound":6491240.188375,"upper_bound":6494660.0899375},"point_estimate":6492813.9125,"standard_error":875.1258625141279},"median":{"confidence_interval":{"confidence_level":0.95,"lower_bound":6489609.375,"upper_bound":6490911.75},"point_estimate":6490284.9375,"standard_error":350.8735170474562},"median_abs_dev":{"confidence_interval":{"confidence_level":0.95,"lower_bound":2828.8007497787476,"upper_bound":4517.29679480195},"point_estimate":3863.7481939047575,"standard_error":450.4118043886293},"slope":null,"std_dev":{"confidence_interval":{"confidence_level":0.95,"lower_bound":4943.349470983607,"upper_bound":11737.551321667737},"point_estimate":8742.419373638913,"standard_error":1690.0241625504661}}