{"mean":{"confidence_interval":{"confidence_level":0.95,"lower_bound":6491577.15971875,"upper_bound":6493449.23721875},"point_estimate":6492452.13875,"standard_error":478.4102607157216},"median":{"confidence_interval":{"confidence_level":0.95,"lower_bound":6490800.25,"upper_bound":6492185.9375},"point_estimate":6491432.0625,"standard_error":352.38721358464187},"median_abs_dev":{"confidence_interval":{"confidence_level":0.95,"lower_bound":2066.559038311243,"upper_bound":4746.729140728712},"point_estimate":3453.531313687563,"standard_error":815.0650686123392},"slope":null,"std_dev":{"confidence_interval":{"confidence_level":0.95,"lower_bound":3159.897363967995,"upper_bound":6359.124108815981},"point_estimate":4798.324798424859,"standard_error":834.4193960297646}}