{"mean":{"confidence_interval":{"confidence_level":0.95,"lower_bound":14694658.157875,"upper_bound":14698272.7763125},"point_estimate":14696390.2225,"standard_error":921.9840211079571},"median":{"confidence_interval":{"confidence_level":0.95,"lower_bound":14694512.25,"upper_bound":14697762.25},"point_estimate":14696487.25,"standard_error":664.4265856832545},"median_abs_dev":{"confidence_interval":{"confidence_level":0.95,"lower_bound":4392.573072016239,"upper_bound":7468.968017399311},"point_estimate":5355.892404913902,"standard_error":757.1202597535913},"slope":null,"std_dev":{"confidence_interval":{"confidence_level":0.95,"lower_bound":6602.338895567537,"upper_bound":12298.046563676831},"point_estimate":9271.361627500986,"standard_error":1534.449635538844}}