{"mean":{"confidence_interval":{"confidence_level":0.95,"lower_bound":14687198.3841875,"upper_bound":14689088.917750001},"point_estimate":14688115.6525,"standard_error":482.21465843992166},"median":{"confidence_interval":{"confidence_level":0.95,"lower_bound":14686912.0,"upper_bound":14688587.25},"point_estimate":14687474.75,"standard_error":359.08694632177964},"median_abs_dev":{"confidence_interval":{"confidence_level":0.95,"lower_bound":3039.329946041107,"upper_bound":5522.499576956034},"point_estimate":4225.409924983978,"standard_error":650.0768718135304},"slope":null,"std_dev":{"confidence_interval":{"confidence_level":0.95,"lower_bound":3750.4815129214576,"upper_bound":6038.339796545499},"point_estimate":4833.702801826212,"standard_error":601.5408766382058}}