{"mean":{"confidence_interval":{"confidence_level":0.95,"lower_bound":16324384.030625,"upper_bound":16667475.2483125},"point_estimate":16487596.885,"standard_error":87815.44079773109},"median":{"confidence_interval":{"confidence_level":0.95,"lower_bound":16066240.25,"upper_bound":16311052.25},"point_estimate":16171260.625,"standard_error":64453.186492726025},"median_abs_dev":{"confidence_interval":{"confidence_level":0.95,"lower_bound":272097.6813443005,"upper_bound":522429.6831250191},"point_estimate":346272.343352437,"standard_error":64969.69004049417},"slope":null,"std_dev":{"confidence_interval":{"confidence_level":0.95,"lower_bound":639539.0375439299,"upper_bound":1102016.8971264518},"point_estimate":884248.188191921,"standard_error":118779.5438893531}}