{"mean":{"confidence_interval":{"confidence_level":0.95,"lower_bound":14689898.91225,"upper_bound":14692708.947},"point_estimate":14691266.4275,"standard_error":712.496683329696},"median":{"confidence_interval":{"confidence_level":0.95,"lower_bound":14689516.75,"upper_bound":14692479.5},"point_estimate":14691441.75,"standard_error":672.199459346292},"median_abs_dev":{"confidence_interval":{"confidence_level":0.95,"lower_bound":4429.082096368074,"upper_bound":7264.739871025085},"point_estimate":5560.305876284838,"standard_error":730.5295983402934},"slope":null,"std_dev":{"confidence_interval":{"confidence_level":0.95,"lower_bound":5496.089360517362,"upper_bound":8919.632198131345},"point_estimate":7169.671966269295,"standard_error":887.3563202538735}}