{"mean":{"confidence_interval":{"confidence_level":0.95,"lower_bound":14685002.2685,"upper_bound":14687606.27375},"point_estimate":14686290.96,"standard_error":666.432957873808},"median":{"confidence_interval":{"confidence_level":0.95,"lower_bound":14685397.75,"upper_bound":14688522.625},"point_estimate":14686972.625,"standard_error":821.6252602755598},"median_abs_dev":{"confidence_interval":{"confidence_level":0.95,"lower_bound":3855.121315307916,"upper_bound":6319.582387804985},"point_estimate":4975.976161658764,"standard_error":626.4676505752283},"slope":null,"std_dev":{"confidence_interval":{"confidence_level":0.95,"lower_bound":5395.231325662963,"upper_bound":7908.352016851291},"point_estimate":6692.9824056223015,"standard_error":641.4420384428075}}