{"mean":{"confidence_interval":{"confidence_level":0.95,"lower_bound":18217834.171000004,"upper_bound":18225263.912916664},"point_estimate":18221342.560000006,"standard_error":1909.0773647293645},"median":{"confidence_interval":{"confidence_level":0.95,"lower_bound":18212981.333333332,"upper_bound":18220014.666666668},"point_estimate":18216265.0,"standard_error":1889.3595368271788},"median_abs_dev":{"confidence_interval":{"confidence_level":0.95,"lower_bound":9241.780758422994,"upper_bound":16358.019709588018},"point_estimate":12676.229774951935,"standard_error":1680.5017418142752},"slope":null,"std_dev":{"confidence_interval":{"confidence_level":0.95,"lower_bound":13084.89873505136,"upper_bound":24408.454954581288},"point_estimate":19067.110236056662,"standard_error":2897.9497345276395}}