{"mean":{"confidence_interval":{"confidence_level":0.95,"lower_bound":16169100.401124999,"upper_bound":16565147.849},"point_estimate":16360694.5875,"standard_error":101385.48087556817},"median":{"confidence_interval":{"confidence_level":0.95,"lower_bound":15949103.0,"upper_bound":16337028.625},"point_estimate":16050315.625,"standard_error":109135.40916856853},"median_abs_dev":{"confidence_interval":{"confidence_level":0.95,"lower_bound":561517.3194810748,"upper_bound":915377.4241738021},"point_estimate":735611.9920402765,"standard_error":91671.92176280946},"slope":null,"std_dev":{"confidence_interval":{"confidence_level":0.95,"lower_bound":804061.6746621797,"upper_bound":1199969.0580821591},"point_estimate":1019610.2555693567,"standard_error":101709.47307078108}}