{"mean":{"confidence_interval":{"confidence_level":0.95,"lower_bound":16896691.096916668,"upper_bound":17041494.26525},"point_estimate":16969607.516666666,"standard_error":36731.218170258995},"median":{"confidence_interval":{"confidence_level":0.95,"lower_bound":16878989.0,"upper_bound":17109234.0},"point_estimate":17003378.333333332,"standard_error":54500.98130946271},"median_abs_dev":{"confidence_interval":{"confidence_level":0.95,"lower_bound":311780.8904647864,"upper_bound":475916.58070579096},"point_estimate":388460.21980345063,"standard_error":43000.76036325198},"slope":null,"std_dev":{"confidence_interval":{"confidence_level":0.95,"lower_bound":323131.256680908,"upper_bound":408219.5447150301},"point_estimate":368200.5948492034,"standard_error":21885.62884576397}}