{"mean":{"confidence_interval":{"confidence_level":0.95,"lower_bound":6491397.98734375,"upper_bound":6502969.5751249995},"point_estimate":6495680.11125,"standard_error":3197.5244946963894},"median":{"confidence_interval":{"confidence_level":0.95,"lower_bound":6489146.3125,"upper_bound":6491134.375},"point_estimate":6489413.75,"standard_error":530.0460113140026},"median_abs_dev":{"confidence_interval":{"confidence_level":0.95,"lower_bound":1816.648280248046,"upper_bound":3986.340679228306},"point_estimate":2564.434641972184,"standard_error":535.1714325617489},"slope":null,"std_dev":{"confidence_interval":{"confidence_level":0.95,"lower_bound":5480.634689696423,"upper_bound":54005.45708969772},"point_estimate":32120.65069400002,"standard_error":16252.096063798048}}