{"mean":{"confidence_interval":{"confidence_level":0.95,"lower_bound":14031.111025271975,"upper_bound":14084.38238670996},"point_estimate":14057.006350017367,"standard_error":13.609002955433851},"median":{"confidence_interval":{"confidence_level":0.95,"lower_bound":14040.95405020405,"upper_bound":14072.157894736842},"point_estimate":14060.149992929864,"standard_error":8.380696559939361},"median_abs_dev":{"confidence_interval":{"confidence_level":0.95,"lower_bound":67.51899616867539,"upper_bound":154.08148665754808},"point_estimate":124.61537144665415,"standard_error":25.03014655382961},"slope":{"confidence_interval":{"confidence_level":0.95,"lower_bound":13985.126352197929,"upper_bound":14026.728230091827},"point_estimate":14004.155905696196,"standard_error":10.648162279311963},"std_dev":{"confidence_interval":{"confidence_level":0.95,"lower_bound":105.74046513000846,"upper_bound":167.66373486154663},"point_estimate":137.2229891008719,"standard_error":15.90438889740856}}