{"mean":{"confidence_interval":{"confidence_level":0.95,"lower_bound":9339.747651646076,"upper_bound":9507.096413903984},"point_estimate":9406.320416484954,"standard_error":44.10931230651037},"median":{"confidence_interval":{"confidence_level":0.95,"lower_bound":9340.044497282608,"upper_bound":9389.108442392368},"point_estimate":9364.066588488844,"standard_error":12.512372564941053},"median_abs_dev":{"confidence_interval":{"confidence_level":0.95,"lower_bound":62.177777411748984,"upper_bound":91.4071574914121},"point_estimate":78.68949587691779,"standard_error":7.465543557288494},"slope":{"confidence_interval":{"confidence_level":0.95,"lower_bound":9341.536969601117,"upper_bound":9751.690143592126},"point_estimate":9483.014810107876,"standard_error":116.67764047142624},"std_dev":{"confidence_interval":{"confidence_level":0.95,"lower_bound":108.61059328685417,"upper_bound":725.8706394214018},"point_estimate":441.9918958461359,"standard_error":188.22265571819406}}