{"mean":{"confidence_interval":{"confidence_level":0.95,"lower_bound":8007.549691522862,"upper_bound":8191.383955661858},"point_estimate":8086.927016288045,"standard_error":47.28834122678336},"median":{"confidence_interval":{"confidence_level":0.95,"lower_bound":8000.220748808337,"upper_bound":8019.185185185185},"point_estimate":8011.315740740741,"standard_error":4.789538737271464},"median_abs_dev":{"confidence_interval":{"confidence_level":0.95,"lower_bound":34.32854620581217,"upper_bound":64.62368682572732},"point_estimate":48.66217677496302,"standard_error":8.251485182964444},"slope":{"confidence_interval":{"confidence_level":0.95,"lower_bound":8008.836409235472,"upper_bound":8182.710622760495},"point_estimate":8077.371249527938,"standard_error":45.79448983256495},"std_dev":{"confidence_interval":{"confidence_level":0.95,"lower_bound":114.86995091246678,"upper_bound":709.4322898398013},"point_estimate":474.6939850960168,"standard_error":145.91768783157033}}