{"mean":{"confidence_interval":{"confidence_level":0.95,"lower_bound":13709.722885952633,"upper_bound":13782.630307234711},"point_estimate":13742.345709423793,"standard_error":18.688031663116277},"median":{"confidence_interval":{"confidence_level":0.95,"lower_bound":13693.853937728938,"upper_bound":13741.503826530612},"point_estimate":13716.477142857144,"standard_error":10.914548722436757},"median_abs_dev":{"confidence_interval":{"confidence_level":0.95,"lower_bound":77.81427852923419,"upper_bound":131.20962265207083},"point_estimate":106.27665645932308,"standard_error":13.723278451790481},"slope":{"confidence_interval":{"confidence_level":0.95,"lower_bound":13673.2468884338,"upper_bound":13815.193383622893},"point_estimate":13723.53814921151,"standard_error":39.477904832993445},"std_dev":{"confidence_interval":{"confidence_level":0.95,"lower_bound":106.98615646392962,"upper_bound":275.90805364737304},"point_estimate":187.75009200513807,"standard_error":50.5758875040504}}