{"mean":{"confidence_interval":{"confidence_level":0.95,"lower_bound":14602.57811121017,"upper_bound":14653.880059404846},"point_estimate":14628.134885531277,"standard_error":13.07223223361876},"median":{"confidence_interval":{"confidence_level":0.95,"lower_bound":14632.176363308054,"upper_bound":14664.763515794551},"point_estimate":14650.652181952662,"standard_error":9.281290981469855},"median_abs_dev":{"confidence_interval":{"confidence_level":0.95,"lower_bound":59.93326473488161,"upper_bound":116.16451920055434},"point_estimate":92.11075957520221,"standard_error":14.648117310076868},"slope":{"confidence_interval":{"confidence_level":0.95,"lower_bound":14596.1872892335,"upper_bound":14631.812953914254},"point_estimate":14612.91473349172,"standard_error":9.09466365265613},"std_dev":{"confidence_interval":{"confidence_level":0.95,"lower_bound":99.96961234852554,"upper_bound":164.4446600673681},"point_estimate":131.81401651971885,"standard_error":16.569440500493453}}