{"mean":{"confidence_interval":{"confidence_level":0.95,"lower_bound":9193.765636619839,"upper_bound":9240.14914492028},"point_estimate":9216.692367680074,"standard_error":11.753151572348763},"median":{"confidence_interval":{"confidence_level":0.95,"lower_bound":9206.349415204679,"upper_bound":9223.565789473685},"point_estimate":9213.450959570608,"standard_error":4.086064090313288},"median_abs_dev":{"confidence_interval":{"confidence_level":0.95,"lower_bound":26.44065579993462,"upper_bound":52.24758961056248},"point_estimate":37.42948559136698,"standard_error":6.647836248169405},"slope":{"confidence_interval":{"confidence_level":0.95,"lower_bound":9213.189313814748,"upper_bound":9276.468298779882},"point_estimate":9241.571320417195,"standard_error":16.272701588953776},"std_dev":{"confidence_interval":{"confidence_level":0.95,"lower_bound":79.45112546864121,"upper_bound":152.46825818072745},"point_estimate":118.07275098428545,"standard_error":18.69190761111451}}