{"mean":{"confidence_interval":{"confidence_level":0.95,"lower_bound":9196.477047396873,"upper_bound":9295.36872327717},"point_estimate":9239.360783134713,"standard_error":25.477975561315024},"median":{"confidence_interval":{"confidence_level":0.95,"lower_bound":9168.369055168041,"upper_bound":9218.86061307114},"point_estimate":9191.714555921053,"standard_error":12.115914054899015},"median_abs_dev":{"confidence_interval":{"confidence_level":0.95,"lower_bound":50.060514589037695,"upper_bound":81.3694930445664},"point_estimate":71.57786309377418,"standard_error":7.841427628125854},"slope":{"confidence_interval":{"confidence_level":0.95,"lower_bound":9175.055660567821,"upper_bound":9267.318183899415},"point_estimate":9214.441655557543,"standard_error":23.84322290379243},"std_dev":{"confidence_interval":{"confidence_level":0.95,"lower_bound":97.1808907885496,"upper_bound":390.1712362320511},"point_estimate":256.59734808075785,"standard_error":77.4254692382153}}