{"mean":{"confidence_interval":{"confidence_level":0.95,"lower_bound":9200.022895579727,"upper_bound":9382.523802774416},"point_estimate":9281.323977836737,"standard_error":46.850540672613704},"median":{"confidence_interval":{"confidence_level":0.95,"lower_bound":9177.877192982456,"upper_bound":9206.755863844393},"point_estimate":9193.621070547539,"standard_error":8.11898260886385},"median_abs_dev":{"confidence_interval":{"confidence_level":0.95,"lower_bound":35.30839526708779,"upper_bound":61.36356567154933},"point_estimate":46.81650805042014,"standard_error":6.604916474048775},"slope":{"confidence_interval":{"confidence_level":0.95,"lower_bound":9216.468866637824,"upper_bound":9556.036494447755},"point_estimate":9366.845833106485,"standard_error":87.72931005095765},"std_dev":{"confidence_interval":{"confidence_level":0.95,"lower_bound":210.8802522122412,"upper_bound":663.7774457950533},"point_estimate":470.71908744032436,"standard_error":114.10137063398591}}