{"mean":{"confidence_interval":{"confidence_level":0.95,"lower_bound":8223.923699586241,"upper_bound":8377.44203159575},"point_estimate":8285.618439406371,"standard_error":40.519733688313394},"median":{"confidence_interval":{"confidence_level":0.95,"lower_bound":8234.472972972973,"upper_bound":8264.52962962963},"point_estimate":8252.435300719615,"standard_error":8.142304042294843},"median_abs_dev":{"confidence_interval":{"confidence_level":0.95,"lower_bound":44.50189501069957,"upper_bound":70.80655654207746},"point_estimate":60.22407692877551,"standard_error":6.742919459953523},"slope":{"confidence_interval":{"confidence_level":0.95,"lower_bound":8242.116686228106,"upper_bound":8372.071732286511},"point_estimate":8296.540455642578,"standard_error":33.51753854542105},"std_dev":{"confidence_interval":{"confidence_level":0.95,"lower_bound":97.10118546822997,"upper_bound":664.0724657348331},"point_estimate":406.8651503606322,"standard_error":168.66790734756813}}