{"mean":{"confidence_interval":{"confidence_level":0.95,"lower_bound":13717.00705920462,"upper_bound":13759.51033089343},"point_estimate":13737.737302088564,"standard_error":10.819250517197505},"median":{"confidence_interval":{"confidence_level":0.95,"lower_bound":13722.53781512605,"upper_bound":13752.224738675959},"point_estimate":13736.893041427098,"standard_error":7.496737617778823},"median_abs_dev":{"confidence_interval":{"confidence_level":0.95,"lower_bound":43.80281052532638,"upper_bound":70.53587799766323},"point_estimate":57.939457713069736,"standard_error":6.735372752859418},"slope":{"confidence_interval":{"confidence_level":0.95,"lower_bound":13730.76519997845,"upper_bound":13757.38419247647},"point_estimate":13742.924950917266,"standard_error":6.78512420270884},"std_dev":{"confidence_interval":{"confidence_level":0.95,"lower_bound":78.0845981951801,"upper_bound":138.67144533569},"point_estimate":108.9628002326661,"standard_error":15.561008502444942}}