{"mean":{"confidence_interval":{"confidence_level":0.95,"lower_bound":13785.344201382703,"upper_bound":13836.295761501951},"point_estimate":13810.880465606513,"standard_error":12.971575060692203},"median":{"confidence_interval":{"confidence_level":0.95,"lower_bound":13763.245187151439,"upper_bound":13877.506644518273},"point_estimate":13848.700255102041,"standard_error":28.548814327539503},"median_abs_dev":{"confidence_interval":{"confidence_level":0.95,"lower_bound":77.87764957857468,"upper_bound":158.59701385100743},"point_estimate":124.85737104204517,"standard_error":21.12072952697119},"slope":{"confidence_interval":{"confidence_level":0.95,"lower_bound":13757.10248256069,"upper_bound":13800.03103660641},"point_estimate":13776.70233380481,"standard_error":10.99130473839035},"std_dev":{"confidence_interval":{"confidence_level":0.95,"lower_bound":110.85519538452475,"upper_bound":148.8372381617646},"point_estimate":130.74780497479006,"standard_error":9.736209391708673}}