{"mean":{"confidence_interval":{"confidence_level":0.95,"lower_bound":9134.69151748209,"upper_bound":9190.525469481492},"point_estimate":9162.553082224138,"standard_error":14.251898611989585},"median":{"confidence_interval":{"confidence_level":0.95,"lower_bound":9136.083769437799,"upper_bound":9232.850694444445},"point_estimate":9204.940571581195,"standard_error":27.96883934814681},"median_abs_dev":{"confidence_interval":{"confidence_level":0.95,"lower_bound":112.69041302594107,"upper_bound":215.71882266170212},"point_estimate":169.05366153832514,"standard_error":29.63214675034927},"slope":{"confidence_interval":{"confidence_level":0.95,"lower_bound":9066.12237266813,"upper_bound":9139.632377991753},"point_estimate":9100.052120954633,"standard_error":18.881026553716246},"std_dev":{"confidence_interval":{"confidence_level":0.95,"lower_bound":129.46949558748224,"upper_bound":155.20186596680537},"point_estimate":143.1716675037107,"standard_error":6.5778038765876605}}