{"mean":{"confidence_interval":{"confidence_level":0.95,"lower_bound":14042.50958698952,"upper_bound":14249.590544565724},"point_estimate":14127.384619036426,"standard_error":54.015632330347906},"median":{"confidence_interval":{"confidence_level":0.95,"lower_bound":14011.107142857143,"upper_bound":14138.421031746031},"point_estimate":14117.44977324263,"standard_error":27.017525087921992},"median_abs_dev":{"confidence_interval":{"confidence_level":0.95,"lower_bound":65.7083184310581,"upper_bound":259.33346253876766},"point_estimate":145.68622010585995,"standard_error":51.95958873290239},"slope":{"confidence_interval":{"confidence_level":0.95,"lower_bound":13985.308757719871,"upper_bound":14242.71837892732},"point_estimate":14092.154544955562,"standard_error":67.14280223645379},"std_dev":{"confidence_interval":{"confidence_level":0.95,"lower_bound":152.34791537254264,"upper_bound":872.5295192604752},"point_estimate":543.1980920049406,"standard_error":207.19674977410637}}