{"mean":{"confidence_interval":{"confidence_level":0.95,"lower_bound":9062.161617045771,"upper_bound":9111.250860273061},"point_estimate":9086.06979734488,"standard_error":12.462942737192465},"median":{"confidence_interval":{"confidence_level":0.95,"lower_bound":9043.753164556962,"upper_bound":9113.136627906977},"point_estimate":9082.012086004273,"standard_error":20.72169895633887},"median_abs_dev":{"confidence_interval":{"confidence_level":0.95,"lower_bound":90.14379739724814,"upper_bound":130.17621535540025},"point_estimate":108.17600235032532,"standard_error":10.639358029730708},"slope":{"confidence_interval":{"confidence_level":0.95,"lower_bound":9021.076641538406,"upper_bound":9075.129760796068},"point_estimate":9044.477542855031,"standard_error":13.866728565488009},"std_dev":{"confidence_interval":{"confidence_level":0.95,"lower_bound":92.79628297746216,"upper_bound":159.16516191083846},"point_estimate":125.13470234289993,"standard_error":17.333907257683148}}