{"mean":{"confidence_interval":{"confidence_level":0.95,"lower_bound":16753.25243097505,"upper_bound":16883.964721655437},"point_estimate":16811.974583310614,"standard_error":33.510242855146814},"median":{"confidence_interval":{"confidence_level":0.95,"lower_bound":16766.626126126128,"upper_bound":16823.774096385543},"point_estimate":16795.459777510867,"standard_error":15.055185207654448},"median_abs_dev":{"confidence_interval":{"confidence_level":0.95,"lower_bound":99.1181987575426,"upper_bound":205.51389494149282},"point_estimate":146.00245879457702,"standard_error":25.817727086154623},"slope":{"confidence_interval":{"confidence_level":0.95,"lower_bound":16702.19759750677,"upper_bound":16789.276437874014},"point_estimate":16740.689823900302,"standard_error":22.132085886282006},"std_dev":{"confidence_interval":{"confidence_level":0.95,"lower_bound":159.07291419060962,"upper_bound":488.5619048466307},"point_estimate":336.46744520260603,"standard_error":86.8340151748426}}