{"mean":{"confidence_interval":{"confidence_level":0.95,"lower_bound":13867.084847815604,"upper_bound":13906.102148637081},"point_estimate":13886.650825079974,"standard_error":9.945348980299869},"median":{"confidence_interval":{"confidence_level":0.95,"lower_bound":13877.826530612245,"upper_bound":13928.041474654377},"point_estimate":13917.933997252749,"standard_error":13.225391220903207},"median_abs_dev":{"confidence_interval":{"confidence_level":0.95,"lower_bound":52.32613614419774,"upper_bound":125.6005917771946},"point_estimate":86.37420044397489,"standard_error":21.61783470490228},"slope":{"confidence_interval":{"confidence_level":0.95,"lower_bound":13833.792151339438,"upper_bound":13868.30926323669},"point_estimate":13849.636919715425,"standard_error":8.810473935728385},"std_dev":{"confidence_interval":{"confidence_level":0.95,"lower_bound":85.73568415909203,"upper_bound":113.24300284165987},"point_estimate":100.1792747993203,"standard_error":7.04291464891026}}