{"mean":{"confidence_interval":{"confidence_level":0.95,"lower_bound":13970.59104023728,"upper_bound":14028.527569223297},"point_estimate":13999.067937784945,"standard_error":14.705363289513306},"median":{"confidence_interval":{"confidence_level":0.95,"lower_bound":13935.805555555555,"upper_bound":14050.49255952381},"point_estimate":14033.100425436633,"standard_error":23.963277660010093},"median_abs_dev":{"confidence_interval":{"confidence_level":0.95,"lower_bound":68.57173800135988,"upper_bound":188.88907968806265},"point_estimate":140.0226666001227,"standard_error":32.005135128037814},"slope":{"confidence_interval":{"confidence_level":0.95,"lower_bound":13924.34270503712,"upper_bound":13969.24798108947},"point_estimate":13944.719176465622,"standard_error":11.460553969226615},"std_dev":{"confidence_interval":{"confidence_level":0.95,"lower_bound":121.48124639689675,"upper_bound":170.44521951959376},"point_estimate":146.79596442595047,"standard_error":12.497989862472414}}