{"mean":{"confidence_interval":{"confidence_level":0.95,"lower_bound":9190.596970975503,"upper_bound":9325.246378280837},"point_estimate":9248.58852840607,"standard_error":34.7069998642544},"median":{"confidence_interval":{"confidence_level":0.95,"lower_bound":9173.905191169413,"upper_bound":9204.312280701753},"point_estimate":9187.311802232854,"standard_error":8.751805476030068},"median_abs_dev":{"confidence_interval":{"confidence_level":0.95,"lower_bound":46.72312528264096,"upper_bound":82.34249309651393},"point_estimate":60.88726303386803,"standard_error":9.056413159221647},"slope":{"confidence_interval":{"confidence_level":0.95,"lower_bound":9176.423735026436,"upper_bound":9406.452064358691},"point_estimate":9271.760364306658,"standard_error":59.80552036020104},"std_dev":{"confidence_interval":{"confidence_level":0.95,"lower_bound":141.80687206382797,"upper_bound":535.0923085963759},"point_estimate":349.37407259397463,"standard_error":108.10937174074536}}