{"mean":{"confidence_interval":{"confidence_level":0.95,"lower_bound":9565.598598715733,"upper_bound":9621.376369560128},"point_estimate":9591.663877784556,"standard_error":14.270159221441315},"median":{"confidence_interval":{"confidence_level":0.95,"lower_bound":9547.238700564973,"upper_bound":9586.22095959596},"point_estimate":9565.97784090909,"standard_error":8.411568862541362},"median_abs_dev":{"confidence_interval":{"confidence_level":0.95,"lower_bound":71.77816603987151,"upper_bound":118.60019638027},"point_estimate":94.05026993850542,"standard_error":11.434521227464066},"slope":{"confidence_interval":{"confidence_level":0.95,"lower_bound":9585.726725462828,"upper_bound":9683.44395363146},"point_estimate":9629.28565218462,"standard_error":25.213843663508676},"std_dev":{"confidence_interval":{"confidence_level":0.95,"lower_bound":91.52220493008453,"upper_bound":196.2689902057926},"point_estimate":143.9011969192241,"standard_error":27.67765505306628}}