{"mean":{"confidence_interval":{"confidence_level":0.95,"lower_bound":9495.941257225268,"upper_bound":9524.310007721733},"point_estimate":9509.191217483401,"standard_error":7.234575307473668},"median":{"confidence_interval":{"confidence_level":0.95,"lower_bound":9483.636363636364,"upper_bound":9510.974074074074},"point_estimate":9495.61977703456,"standard_error":6.665336859632052},"median_abs_dev":{"confidence_interval":{"confidence_level":0.95,"lower_bound":37.91527894755636,"upper_bound":61.61126834189918},"point_estimate":49.98371773937187,"standard_error":6.063235619048169},"slope":{"confidence_interval":{"confidence_level":0.95,"lower_bound":9507.218852241978,"upper_bound":9541.249271976458},"point_estimate":9522.710532880154,"standard_error":8.704827505388927},"std_dev":{"confidence_interval":{"confidence_level":0.95,"lower_bound":48.35367424748514,"upper_bound":97.03424460523013},"point_estimate":72.44407521208495,"standard_error":12.785409770504089}}