{"mean":{"confidence_interval":{"confidence_level":0.95,"lower_bound":8797.536108857987,"upper_bound":8813.452175474285},"point_estimate":8804.020430448354,"standard_error":4.150850378317623},"median":{"confidence_interval":{"confidence_level":0.95,"lower_bound":8793.071276595743,"upper_bound":8803.097328119908},"point_estimate":8796.243873517786,"standard_error":2.439362795145833},"median_abs_dev":{"confidence_interval":{"confidence_level":0.95,"lower_bound":14.786547500199548,"upper_bound":24.003427141421493},"point_estimate":20.583429634570894,"standard_error":2.3621726216878973},"slope":{"confidence_interval":{"confidence_level":0.95,"lower_bound":8803.313912878762,"upper_bound":8811.874065954562},"point_estimate":8807.61288665583,"standard_error":2.1885500189195395},"std_dev":{"confidence_interval":{"confidence_level":0.95,"lower_bound":16.27811569921048,"upper_bound":67.40915883733047},"point_estimate":41.832257228653326,"standard_error":17.013745996550576}}