{"mean":{"confidence_interval":{"confidence_level":0.95,"lower_bound":12166.471379039443,"upper_bound":12172.032781606074},"point_estimate":12169.08163011231,"standard_error":1.4227485250043812},"median":{"confidence_interval":{"confidence_level":0.95,"lower_bound":12167.271062271062,"upper_bound":12171.327759197324},"point_estimate":12169.307609594707,"standard_error":1.0102005081494205},"median_abs_dev":{"confidence_interval":{"confidence_level":0.95,"lower_bound":6.1756212971562565,"upper_bound":10.441254125394503},"point_estimate":7.577646167244715,"standard_error":1.0925571699228844},"slope":{"confidence_interval":{"confidence_level":0.95,"lower_bound":12169.290560042988,"upper_bound":12172.348364749196},"point_estimate":12170.777734253334,"standard_error":0.7781032570092721},"std_dev":{"confidence_interval":{"confidence_level":0.95,"lower_bound":9.390035743635414,"upper_bound":20.10221241672997},"point_estimate":14.36267971733671,"standard_error":3.0359452925313537}}