{"mean":{"confidence_interval":{"confidence_level":0.95,"lower_bound":6489.989730258214,"upper_bound":6530.203767763953},"point_estimate":6507.725881042236,"standard_error":10.307443029938927},"median":{"confidence_interval":{"confidence_level":0.95,"lower_bound":6467.4906737998845,"upper_bound":6500.797619047619},"point_estimate":6477.240384615385,"standard_error":9.189539239777153},"median_abs_dev":{"confidence_interval":{"confidence_level":0.95,"lower_bound":37.932862741191094,"upper_bound":78.49470436337018},"point_estimate":57.15664626787523,"standard_error":11.36849857164796},"slope":{"confidence_interval":{"confidence_level":0.95,"lower_bound":6519.271340583371,"upper_bound":6559.328518625015},"point_estimate":6540.031119930756,"standard_error":10.190526423701487},"std_dev":{"confidence_interval":{"confidence_level":0.95,"lower_bound":58.955150184393645,"upper_bound":154.53483937724718},"point_estimate":103.89217736144424,"standard_error":30.009472837824323}}