{"mean":{"confidence_interval":{"confidence_level":0.95,"lower_bound":8829.157464952797,"upper_bound":9455.98622986021},"point_estimate":9074.317417666802,"standard_error":165.8845676494972},"median":{"confidence_interval":{"confidence_level":0.95,"lower_bound":8702.758522727272,"upper_bound":8970.0546875},"point_estimate":8868.561899038461,"standard_error":71.44345307753163},"median_abs_dev":{"confidence_interval":{"confidence_level":0.95,"lower_bound":430.16648064181686,"upper_bound":669.7641725760749},"point_estimate":552.3352448660661,"standard_error":59.096007321443444},"slope":{"confidence_interval":{"confidence_level":0.95,"lower_bound":8855.505256269073,"upper_bound":9991.522759521633},"point_estimate":9266.168149105955,"standard_error":312.95593882164934},"std_dev":{"confidence_interval":{"confidence_level":0.95,"lower_bound":504.2915752296841,"upper_bound":2744.599687969433},"point_estimate":1672.0871211808483,"standard_error":739.0962033826185}}