{"mean":{"confidence_interval":{"confidence_level":0.95,"lower_bound":4182.659831886824,"upper_bound":4219.592078235643},"point_estimate":4201.123160482629,"standard_error":9.388687748863253},"median":{"confidence_interval":{"confidence_level":0.95,"lower_bound":4198.380090497738,"upper_bound":4228.811671087533},"point_estimate":4215.419658534764,"standard_error":7.45501847781866},"median_abs_dev":{"confidence_interval":{"confidence_level":0.95,"lower_bound":45.40675117799427,"upper_bound":88.63160047775659},"point_estimate":60.814238657460166,"standard_error":10.978387798313332},"slope":{"confidence_interval":{"confidence_level":0.95,"lower_bound":4122.051392612938,"upper_bound":4185.768315953941},"point_estimate":4150.76991735913,"standard_error":16.349239846315236},"std_dev":{"confidence_interval":{"confidence_level":0.95,"lower_bound":78.95140692449024,"upper_bound":108.79383661343932},"point_estimate":94.5195083859767,"standard_error":7.638965094385972}}