{"mean":{"confidence_interval":{"confidence_level":0.95,"lower_bound":7500.135909467806,"upper_bound":7516.882376609712},"point_estimate":7507.292837541691,"standard_error":4.31444572592031},"median":{"confidence_interval":{"confidence_level":0.95,"lower_bound":7496.497481572482,"upper_bound":7503.995454545455},"point_estimate":7499.024494949495,"standard_error":1.8371984879195484},"median_abs_dev":{"confidence_interval":{"confidence_level":0.95,"lower_bound":12.123548610095893,"upper_bound":23.22580594100451},"point_estimate":17.09786466546061,"standard_error":2.8313855438684867},"slope":{"confidence_interval":{"confidence_level":0.95,"lower_bound":7490.279963060787,"upper_bound":7511.818329850893},"point_estimate":7499.573550787914,"standard_error":5.51998079189863},"std_dev":{"confidence_interval":{"confidence_level":0.95,"lower_bound":20.35852097916909,"upper_bound":67.38288435168606},"point_estimate":43.45184069042365,"standard_error":14.781633994627654}}