{"mean":{"confidence_interval":{"confidence_level":0.95,"lower_bound":4119.097363603341,"upper_bound":4144.285598799555},"point_estimate":4130.855958406257,"standard_error":6.4326527338637405},"median":{"confidence_interval":{"confidence_level":0.95,"lower_bound":4104.185618729097,"upper_bound":4131.207315233785},"point_estimate":4112.71188731903,"standard_error":7.390185909570707},"median_abs_dev":{"confidence_interval":{"confidence_level":0.95,"lower_bound":32.890774416072766,"upper_bound":57.52453297582547},"point_estimate":38.117846754152175,"standard_error":6.650939243130175},"slope":{"confidence_interval":{"confidence_level":0.95,"lower_bound":4113.952852564589,"upper_bound":4131.053321441022},"point_estimate":4122.180395357561,"standard_error":4.357747107596898},"std_dev":{"confidence_interval":{"confidence_level":0.95,"lower_bound":42.14347451994026,"upper_bound":85.97093091582855},"point_estimate":64.67376251618792,"standard_error":11.341285108852942}}