{"mean":{"confidence_interval":{"confidence_level":0.95,"lower_bound":6628.29403740036,"upper_bound":6660.111828684902},"point_estimate":6643.2661233930585,"standard_error":8.091771511442756},"median":{"confidence_interval":{"confidence_level":0.95,"lower_bound":6613.120879120879,"upper_bound":6642.323437858071},"point_estimate":6627.677643426807,"standard_error":6.458810705913157},"median_abs_dev":{"confidence_interval":{"confidence_level":0.95,"lower_bound":37.21835036933982,"upper_bound":60.578988455747776},"point_estimate":52.31247603889432,"standard_error":6.159833569122706},"slope":{"confidence_interval":{"confidence_level":0.95,"lower_bound":6633.786514673247,"upper_bound":6675.820374077053},"point_estimate":6653.122273703834,"standard_error":10.764746082241793},"std_dev":{"confidence_interval":{"confidence_level":0.95,"lower_bound":55.786988561909844,"upper_bound":103.83097413301785},"point_estimate":81.49006863996449,"standard_error":12.313360152441382}}