{"mean":{"confidence_interval":{"confidence_level":0.95,"lower_bound":7447.761230233068,"upper_bound":7462.023948634988},"point_estimate":7453.879630351091,"standard_error":3.666751154197567},"median":{"confidence_interval":{"confidence_level":0.95,"lower_bound":7442.334415584415,"upper_bound":7453.402597402597},"point_estimate":7448.302930571538,"standard_error":3.0598854633748687},"median_abs_dev":{"confidence_interval":{"confidence_level":0.95,"lower_bound":14.604764638108424,"upper_bound":22.784800847135923},"point_estimate":18.213180981407426,"standard_error":2.107720313220689},"slope":{"confidence_interval":{"confidence_level":0.95,"lower_bound":7444.7582467203565,"upper_bound":7462.476395664726},"point_estimate":7452.276336230638,"standard_error":4.552460440236869},"std_dev":{"confidence_interval":{"confidence_level":0.95,"lower_bound":16.687574029825054,"upper_bound":56.91473085814068},"point_estimate":36.75547079919799,"standard_error":11.951759927251748}}