{"mean":{"confidence_interval":{"confidence_level":0.95,"lower_bound":11410.490276912888,"upper_bound":11567.625050012477},"point_estimate":11487.410491842887,"standard_error":39.95508573985456},"median":{"confidence_interval":{"confidence_level":0.95,"lower_bound":11274.628357753358,"upper_bound":11356.327157598498},"point_estimate":11315.508550549148,"standard_error":22.329575322568463},"median_abs_dev":{"confidence_interval":{"confidence_level":0.95,"lower_bound":122.37348415720336,"upper_bound":257.0488011999241},"point_estimate":164.463004038895,"standard_error":34.44175444161395},"slope":{"confidence_interval":{"confidence_level":0.95,"lower_bound":11654.211627205961,"upper_bound":11880.810161610412},"point_estimate":11777.134010526197,"standard_error":57.889387597843935},"std_dev":{"confidence_interval":{"confidence_level":0.95,"lower_bound":348.59717351704967,"upper_bound":442.5815919406271},"point_estimate":402.6444086606237,"standard_error":23.989930224319068}}