{"mean":{"confidence_interval":{"confidence_level":0.95,"lower_bound":6461.187388368745,"upper_bound":6497.330187491575},"point_estimate":6478.347155547558,"standard_error":9.232340037402716},"median":{"confidence_interval":{"confidence_level":0.95,"lower_bound":6433.429446778711,"upper_bound":6465.08136803874},"point_estimate":6444.8224001094695,"standard_error":8.866243978552728},"median_abs_dev":{"confidence_interval":{"confidence_level":0.95,"lower_bound":44.494874332009275,"upper_bound":96.22821791267468},"point_estimate":65.30318292717521,"standard_error":13.586693491148111},"slope":{"confidence_interval":{"confidence_level":0.95,"lower_bound":6505.127679267763,"upper_bound":6559.768260211695},"point_estimate":6531.258190166564,"standard_error":13.96867828460121},"std_dev":{"confidence_interval":{"confidence_level":0.95,"lower_bound":66.84904256038578,"upper_bound":116.10601060212106},"point_estimate":92.91665300247021,"standard_error":12.454031832021164}}