{"mean":{"confidence_interval":{"confidence_level":0.95,"lower_bound":6511.984073833441,"upper_bound":6544.574954215917},"point_estimate":6527.426724596815,"standard_error":8.3412633911965},"median":{"confidence_interval":{"confidence_level":0.95,"lower_bound":6485.0798368298365,"upper_bound":6522.229304029304},"point_estimate":6504.533430913349,"standard_error":9.657096610784931},"median_abs_dev":{"confidence_interval":{"confidence_level":0.95,"lower_bound":45.64925308764163,"upper_bound":91.68044134109651},"point_estimate":69.89512621533528,"standard_error":12.003138417164026},"slope":{"confidence_interval":{"confidence_level":0.95,"lower_bound":6538.461212604898,"upper_bound":6571.724820101325},"point_estimate":6555.880156431422,"standard_error":8.50001337546259},"std_dev":{"confidence_interval":{"confidence_level":0.95,"lower_bound":63.8569389527645,"upper_bound":106.72934897612879},"point_estimate":83.74266626497656,"standard_error":11.653509371841317}}