{"mean":{"confidence_interval":{"confidence_level":0.95,"lower_bound":7458.004898371728,"upper_bound":7465.0871584217375},"point_estimate":7461.410513306957,"standard_error":1.7999589883188851},"median":{"confidence_interval":{"confidence_level":0.95,"lower_bound":7457.541371158392,"upper_bound":7463.480902777777},"point_estimate":7461.010842911877,"standard_error":1.3470082801345564},"median_abs_dev":{"confidence_interval":{"confidence_level":0.95,"lower_bound":9.407968950621587,"upper_bound":16.413818480526114},"point_estimate":12.251615763908083,"standard_error":1.7026826916801427},"slope":{"confidence_interval":{"confidence_level":0.95,"lower_bound":7459.761232743166,"upper_bound":7465.620047049258},"point_estimate":7462.685623696698,"standard_error":1.4918774208144607},"std_dev":{"confidence_interval":{"confidence_level":0.95,"lower_bound":13.334862865510186,"upper_bound":22.943895683839404},"point_estimate":18.06055098762262,"standard_error":2.499159129034288}}