{"mean":{"confidence_interval":{"confidence_level":0.95,"lower_bound":6458.878280931655,"upper_bound":6484.124670442742},"point_estimate":6470.987090360484,"standard_error":6.451103282185441},"median":{"confidence_interval":{"confidence_level":0.95,"lower_bound":6451.465870910699,"upper_bound":6473.865458937198},"point_estimate":6463.372474747475,"standard_error":6.329591642716457},"median_abs_dev":{"confidence_interval":{"confidence_level":0.95,"lower_bound":31.97797210252818,"upper_bound":53.17436598842461},"point_estimate":42.69953443132519,"standard_error":5.401217183291214},"slope":{"confidence_interval":{"confidence_level":0.95,"lower_bound":6468.746570402569,"upper_bound":6506.803983541679},"point_estimate":6486.352641002906,"standard_error":9.805257695241545},"std_dev":{"confidence_interval":{"confidence_level":0.95,"lower_bound":47.71571254662764,"upper_bound":79.83474163878434},"point_estimate":64.79076748641046,"standard_error":8.22478985049381}}