{"mean":{"confidence_interval":{"confidence_level":0.95,"lower_bound":6520.67216315612,"upper_bound":6567.104901306465},"point_estimate":6541.104478053012,"standard_error":11.924678320565649},"median":{"confidence_interval":{"confidence_level":0.95,"lower_bound":6507.509722222222,"upper_bound":6529.041095890411},"point_estimate":6517.470922276957,"standard_error":5.447002956464673},"median_abs_dev":{"confidence_interval":{"confidence_level":0.95,"lower_bound":42.99639487768703,"upper_bound":78.94240765280361},"point_estimate":61.67026902153057,"standard_error":8.997444231278106},"slope":{"confidence_interval":{"confidence_level":0.95,"lower_bound":6498.474278649586,"upper_bound":6527.30106066345},"point_estimate":6511.917219102507,"standard_error":7.338118659608924},"std_dev":{"confidence_interval":{"confidence_level":0.95,"lower_bound":63.15377136358805,"upper_bound":179.75306195521628},"point_estimate":119.80026842989604,"standard_error":35.202536689858114}}