{"mean":{"confidence_interval":{"confidence_level":0.95,"lower_bound":6447.774548387397,"upper_bound":6483.414421321423},"point_estimate":6465.040183453352,"standard_error":9.109979623285927},"median":{"confidence_interval":{"confidence_level":0.95,"lower_bound":6423.369897959184,"upper_bound":6453.445542046606},"point_estimate":6438.692160278746,"standard_error":7.680046297238633},"median_abs_dev":{"confidence_interval":{"confidence_level":0.95,"lower_bound":49.97557914772144,"upper_bound":102.99692749601675},"point_estimate":74.2924916142101,"standard_error":14.638062251113205},"slope":{"confidence_interval":{"confidence_level":0.95,"lower_bound":6485.868348024703,"upper_bound":6538.750007331666},"point_estimate":6513.349492072874,"standard_error":13.425745499155612},"std_dev":{"confidence_interval":{"confidence_level":0.95,"lower_bound":73.1068232565593,"upper_bound":109.31176573582613},"point_estimate":91.61061494375089,"standard_error":9.318079558163593}}