{"mean":{"confidence_interval":{"confidence_level":0.95,"lower_bound":81245.75868434359,"upper_bound":81619.91291673393},"point_estimate":81432.50185702546,"standard_error":95.72639911280883},"median":{"confidence_interval":{"confidence_level":0.95,"lower_bound":80993.4162763466,"upper_bound":81897.10714285714},"point_estimate":81233.16141001855,"standard_error":269.5170628863789},"median_abs_dev":{"confidence_interval":{"confidence_level":0.95,"lower_bound":964.9166578693059,"upper_bound":1495.3487136254166},"point_estimate":1375.6219666260702,"standard_error":149.28492457966323},"slope":{"confidence_interval":{"confidence_level":0.95,"lower_bound":80615.24425031415,"upper_bound":80934.69621389345},"point_estimate":80760.50573666322,"standard_error":81.42243789268635},"std_dev":{"confidence_interval":{"confidence_level":0.95,"lower_bound":863.1365271071622,"upper_bound":1064.7144073572308},"point_estimate":964.6827272375672,"standard_error":51.55574965707576}}