{"mean":{"confidence_interval":{"confidence_level":0.95,"lower_bound":81309.98637152444,"upper_bound":81654.21132603292},"point_estimate":81475.65886208898,"standard_error":87.64254953305775},"median":{"confidence_interval":{"confidence_level":0.95,"lower_bound":81139.02226717332,"upper_bound":81581.51605364763},"point_estimate":81320.25192359011,"standard_error":117.08941459056996},"median_abs_dev":{"confidence_interval":{"confidence_level":0.95,"lower_bound":511.0188498374519,"upper_bound":823.55879093447},"point_estimate":653.485511370488,"standard_error":81.55436731352422},"slope":{"confidence_interval":{"confidence_level":0.95,"lower_bound":81082.20956218964,"upper_bound":81396.3988820063},"point_estimate":81229.21867677172,"standard_error":80.10497524360213},"std_dev":{"confidence_interval":{"confidence_level":0.95,"lower_bound":677.3565441728664,"upper_bound":1068.1773864676838},"point_estimate":877.1207379588832,"standard_error":100.43129535448962}}