{"mean":{"confidence_interval":{"confidence_level":0.95,"lower_bound":82896.82243067924,"upper_bound":83286.44628833375},"point_estimate":83082.24741705312,"standard_error":99.30774102144306},"median":{"confidence_interval":{"confidence_level":0.95,"lower_bound":82607.09273648649,"upper_bound":83527.55194805194},"point_estimate":82833.1626277258,"standard_error":334.8773987117576},"median_abs_dev":{"confidence_interval":{"confidence_level":0.95,"lower_bound":645.5880499021603,"upper_bound":1224.7696194475009},"point_estimate":1194.1154098871718,"standard_error":142.75093633540877},"slope":{"confidence_interval":{"confidence_level":0.95,"lower_bound":82541.69530366983,"upper_bound":82855.7143210285},"point_estimate":82686.49886803605,"standard_error":80.00576077801114},"std_dev":{"confidence_interval":{"confidence_level":0.95,"lower_bound":743.3475130041652,"upper_bound":1316.5224120098542},"point_estimate":997.6613353838743,"standard_error":164.4457950213877}}