{"mean":{"confidence_interval":{"confidence_level":0.95,"lower_bound":98688.95117183091,"upper_bound":98979.7010463963},"point_estimate":98832.97405462494,"standard_error":74.14052676041483},"median":{"confidence_interval":{"confidence_level":0.95,"lower_bound":98498.74712643678,"upper_bound":98945.4625},"point_estimate":98757.33512820513,"standard_error":108.96586921197847},"median_abs_dev":{"confidence_interval":{"confidence_level":0.95,"lower_bound":592.4654344711328,"upper_bound":977.5429960217347},"point_estimate":811.1978365074502,"standard_error":99.99059795107824},"slope":{"confidence_interval":{"confidence_level":0.95,"lower_bound":98380.79496387937,"upper_bound":98617.74670802167},"point_estimate":98498.9674981528,"standard_error":60.34529527802255},"std_dev":{"confidence_interval":{"confidence_level":0.95,"lower_bound":653.4553687143087,"upper_bound":824.7178834172494},"point_estimate":744.2546309401786,"standard_error":43.72864808177899}}