{"mean":{"confidence_interval":{"confidence_level":0.95,"lower_bound":144195.7996823719,"upper_bound":144865.20040748568},"point_estimate":144526.86826082974,"standard_error":170.23793705360302},"median":{"confidence_interval":{"confidence_level":0.95,"lower_bound":143685.34094594594,"upper_bound":144759.51767676766},"point_estimate":144003.6342552454,"standard_error":271.4398145003885},"median_abs_dev":{"confidence_interval":{"confidence_level":0.95,"lower_bound":1223.7925732814117,"upper_bound":2324.82768630179},"point_estimate":1573.4282297583616,"standard_error":289.2707504843943},"slope":{"confidence_interval":{"confidence_level":0.95,"lower_bound":143250.69133198,"upper_bound":143722.58826136615},"point_estimate":143475.811765184,"standard_error":120.67478954369606},"std_dev":{"confidence_interval":{"confidence_level":0.95,"lower_bound":1517.1083840524793,"upper_bound":1877.60143074823},"point_estimate":1712.1571643766565,"standard_error":91.80888137792944}}