{"mean":{"confidence_interval":{"confidence_level":0.95,"lower_bound":143780.32509466104,"upper_bound":144374.14229497703},"point_estimate":144069.70576399076,"standard_error":151.81432494661243},"median":{"confidence_interval":{"confidence_level":0.95,"lower_bound":143112.69393939394,"upper_bound":143712.2263360616},"point_estimate":143298.74142628204,"standard_error":158.60677587347044},"median_abs_dev":{"confidence_interval":{"confidence_level":0.95,"lower_bound":482.9538845044909,"upper_bound":1483.639077045383},"point_estimate":746.6594424070539,"standard_error":251.4513777407391},"slope":{"confidence_interval":{"confidence_level":0.95,"lower_bound":143093.00901870258,"upper_bound":143382.8472872481},"point_estimate":143218.4554408157,"standard_error":74.36534079945449},"std_dev":{"confidence_interval":{"confidence_level":0.95,"lower_bound":1275.1469424886327,"upper_bound":1749.7129195005239},"point_estimate":1523.6372539303572,"standard_error":121.24845921730653}}