{"mean":{"confidence_interval":{"confidence_level":0.95,"lower_bound":100723.73130772558,"upper_bound":101224.32176853911},"point_estimate":100949.97275751285,"standard_error":127.88844741497896},"median":{"confidence_interval":{"confidence_level":0.95,"lower_bound":100648.8507751938,"upper_bound":101076.10606060606},"point_estimate":100749.74689366786,"standard_error":121.44184071026535},"median_abs_dev":{"confidence_interval":{"confidence_level":0.95,"lower_bound":707.2559842178811,"upper_bound":1102.4073156409577},"point_estimate":954.5751286021455,"standard_error":105.13276375202975},"slope":{"confidence_interval":{"confidence_level":0.95,"lower_bound":100339.6755607147,"upper_bound":100769.0434849903},"point_estimate":100544.24945963253,"standard_error":109.5270269299197},"std_dev":{"confidence_interval":{"confidence_level":0.95,"lower_bound":770.2216866375672,"upper_bound":1876.9198279438103},"point_estimate":1286.672697340154,"standard_error":337.27619731948965}}