{"mean":{"confidence_interval":{"confidence_level":0.95,"lower_bound":81087.83600289075,"upper_bound":81663.17632662004},"point_estimate":81374.432476913,"standard_error":146.92081608571732},"median":{"confidence_interval":{"confidence_level":0.95,"lower_bound":80256.9580075188,"upper_bound":82445.61904761905},"point_estimate":80358.88613172542,"standard_error":636.6940258364211},"median_abs_dev":{"confidence_interval":{"confidence_level":0.95,"lower_bound":523.2291235520883,"upper_bound":2244.9015498587105},"point_estimate":812.0204083574058,"standard_error":496.4477082159773},"slope":{"confidence_interval":{"confidence_level":0.95,"lower_bound":80271.56663762136,"upper_bound":80487.91672702337},"point_estimate":80367.35298359687,"standard_error":55.251169132265055},"std_dev":{"confidence_interval":{"confidence_level":0.95,"lower_bound":1376.3391438218127,"upper_bound":1553.0195353941394},"point_estimate":1477.4239626601275,"standard_error":44.885212690742335}}