{"mean":{"confidence_interval":{"confidence_level":0.95,"lower_bound":136313.06457830349,"upper_bound":136493.97765890433},"point_estimate":136396.6736472985,"standard_error":46.104917719335766},"median":{"confidence_interval":{"confidence_level":0.95,"lower_bound":136296.5194138756,"upper_bound":136392.86886486487},"point_estimate":136338.99162795965,"standard_error":24.339208819536353},"median_abs_dev":{"confidence_interval":{"confidence_level":0.95,"lower_bound":177.37057329548009,"upper_bound":315.0329441223412},"point_estimate":240.05524661874327,"standard_error":34.84546669507855},"slope":{"confidence_interval":{"confidence_level":0.95,"lower_bound":136302.29545453275,"upper_bound":136531.1481912007},"point_estimate":136398.51012147186,"standard_error":59.56619716314486},"std_dev":{"confidence_interval":{"confidence_level":0.95,"lower_bound":275.72484712188196,"upper_bound":634.4173491786181},"point_estimate":462.5428848038166,"standard_error":92.6469754643202}}