{"mean":{"confidence_interval":{"confidence_level":0.95,"lower_bound":100158.9700591724,"upper_bound":100698.69814110539},"point_estimate":100423.36920613244,"standard_error":137.66596092550358},"median":{"confidence_interval":{"confidence_level":0.95,"lower_bound":99560.77173913043,"upper_bound":100981.67669172933},"point_estimate":99701.78323558162,"standard_error":355.38065716684656},"median_abs_dev":{"confidence_interval":{"confidence_level":0.95,"lower_bound":710.5391227498787,"upper_bound":1933.4730181707096},"point_estimate":1144.6938780489106,"standard_error":338.32364085811616},"slope":{"confidence_interval":{"confidence_level":0.95,"lower_bound":99348.38817636919,"upper_bound":99795.18946787684},"point_estimate":99550.55018007557,"standard_error":114.37879895024872},"std_dev":{"confidence_interval":{"confidence_level":0.95,"lower_bound":1207.0282622022014,"upper_bound":1558.775244926684},"point_estimate":1386.35385752334,"standard_error":90.07773944347207}}