{"mean":{"confidence_interval":{"confidence_level":0.95,"lower_bound":98841.9789703279,"upper_bound":99344.8990609943},"point_estimate":99089.22990502538,"standard_error":128.24829866508833},"median":{"confidence_interval":{"confidence_level":0.95,"lower_bound":98553.56410256411,"upper_bound":99611.40196078431},"point_estimate":98895.01661421696,"standard_error":306.6100994616438},"median_abs_dev":{"confidence_interval":{"confidence_level":0.95,"lower_bound":1191.5915064595877,"upper_bound":1682.45353085964},"point_estimate":1450.287608680853,"standard_error":125.06631984732246},"slope":{"confidence_interval":{"confidence_level":0.95,"lower_bound":98204.54897871225,"upper_bound":98678.31493070094},"point_estimate":98429.89105019456,"standard_error":120.85864633584005},"std_dev":{"confidence_interval":{"confidence_level":0.95,"lower_bound":1077.5536330748437,"upper_bound":1519.4618093419863},"point_estimate":1286.8855454792604,"standard_error":115.05665175202516}}