{"mean":{"confidence_interval":{"confidence_level":0.95,"lower_bound":80945.33952374935,"upper_bound":81460.61388634563},"point_estimate":81195.38855198852,"standard_error":131.82588339394658},"median":{"confidence_interval":{"confidence_level":0.95,"lower_bound":80391.62857142858,"upper_bound":82004.04761904762},"point_estimate":80529.45078256866,"standard_error":415.3838145888508},"median_abs_dev":{"confidence_interval":{"confidence_level":0.95,"lower_bound":679.1057633563094,"upper_bound":1775.0559804877964},"point_estimate":1048.3683341592437,"standard_error":316.38633178034206},"slope":{"confidence_interval":{"confidence_level":0.95,"lower_bound":80334.61711841433,"upper_bound":80578.56770448829},"point_estimate":80447.1976440288,"standard_error":62.0674542577881},"std_dev":{"confidence_interval":{"confidence_level":0.95,"lower_bound":1089.9993982084413,"upper_bound":1619.873744975687},"point_estimate":1320.1710308078423,"standard_error":151.9225818301166}}