{"mean":{"confidence_interval":{"confidence_level":0.95,"lower_bound":163880.77460709622,"upper_bound":164039.09712851825},"point_estimate":163961.78291332902,"standard_error":40.380589737220625},"median":{"confidence_interval":{"confidence_level":0.95,"lower_bound":163886.64772727274,"upper_bound":164073.284375},"point_estimate":163956.72285353538,"standard_error":42.17674578971465},"median_abs_dev":{"confidence_interval":{"confidence_level":0.95,"lower_bound":227.93852285544133,"upper_bound":388.91747834532504},"point_estimate":307.2488911598199,"standard_error":42.17212626419419},"slope":{"confidence_interval":{"confidence_level":0.95,"lower_bound":163981.0077580417,"upper_bound":164098.56251147346},"point_estimate":164039.5133160928,"standard_error":30.075985506570092},"std_dev":{"confidence_interval":{"confidence_level":0.95,"lower_bound":310.39360422833795,"upper_bound":508.81248745194904},"point_estimate":406.8499468893628,"standard_error":51.86604605902112}}