{"mean":{"confidence_interval":{"confidence_level":0.95,"lower_bound":82970.9299748954,"upper_bound":83334.49697902068},"point_estimate":83147.3438039411,"standard_error":92.6797340604264},"median":{"confidence_interval":{"confidence_level":0.95,"lower_bound":82613.19649370154,"upper_bound":83458.82283399471},"point_estimate":83058.06736176195,"standard_error":292.80492375891305},"median_abs_dev":{"confidence_interval":{"confidence_level":0.95,"lower_bound":728.5510739794653,"upper_bound":1188.0710858582079},"point_estimate":929.41514471603,"standard_error":117.2703558261055},"slope":{"confidence_interval":{"confidence_level":0.95,"lower_bound":82582.69932571948,"upper_bound":83079.7635016222},"point_estimate":82792.63209440773,"standard_error":128.4733636266616},"std_dev":{"confidence_interval":{"confidence_level":0.95,"lower_bound":727.905250252352,"upper_bound":1134.1757757770788},"point_estimate":931.9594938254677,"standard_error":104.90708046050531}}