{"mean":{"confidence_interval":{"confidence_level":0.95,"lower_bound":162784.97607550528,"upper_bound":163194.56272739594},"point_estimate":163005.39081171242,"standard_error":104.20022257809113},"median":{"confidence_interval":{"confidence_level":0.95,"lower_bound":163086.6440495137,"upper_bound":163350.89534883722},"point_estimate":163161.4501595179,"standard_error":70.1677502680751},"median_abs_dev":{"confidence_interval":{"confidence_level":0.95,"lower_bound":439.6448160886964,"upper_bound":821.8378743166933},"point_estimate":608.0243085374963,"standard_error":91.92457874554935},"slope":{"confidence_interval":{"confidence_level":0.95,"lower_bound":163189.29869075722,"upper_bound":163395.26109570955},"point_estimate":163297.50739943844,"standard_error":52.57686420986328},"std_dev":{"confidence_interval":{"confidence_level":0.95,"lower_bound":653.9201742547782,"upper_bound":1442.3262547856227},"point_estimate":1046.6411788471034,"standard_error":208.60256662613634}}