{"mean":{"confidence_interval":{"confidence_level":0.95,"lower_bound":82968.7761522563,"upper_bound":83454.32507659345},"point_estimate":83205.30801032647,"standard_error":123.87319580440771},"median":{"confidence_interval":{"confidence_level":0.95,"lower_bound":82269.26822157434,"upper_bound":83907.42142857143},"point_estimate":82622.62955215151,"standard_error":558.9464530314824},"median_abs_dev":{"confidence_interval":{"confidence_level":0.95,"lower_bound":505.84162626116716,"upper_bound":1826.7516598354662},"point_estimate":1257.0756226763037,"standard_error":392.61526841128307},"slope":{"confidence_interval":{"confidence_level":0.95,"lower_bound":82339.08323901352,"upper_bound":82670.04289532521},"point_estimate":82485.41760096265,"standard_error":84.68589082608617},"std_dev":{"confidence_interval":{"confidence_level":0.95,"lower_bound":1047.6447478057628,"upper_bound":1470.8370152677455},"point_estimate":1240.88289514184,"standard_error":112.76863929324884}}