{"mean":{"confidence_interval":{"confidence_level":0.95,"lower_bound":100258.69872761526,"upper_bound":100640.2409279222},"point_estimate":100447.60109773664,"standard_error":97.42507972236959},"median":{"confidence_interval":{"confidence_level":0.95,"lower_bound":100179.92140853536,"upper_bound":100695.40802987863},"point_estimate":100425.10255807392,"standard_error":128.65410197516366},"median_abs_dev":{"confidence_interval":{"confidence_level":0.95,"lower_bound":690.2787055687404,"upper_bound":1214.3659811002672},"point_estimate":983.7482785876051,"standard_error":129.8888694629466},"slope":{"confidence_interval":{"confidence_level":0.95,"lower_bound":99976.1504859781,"upper_bound":100342.32423910544},"point_estimate":100153.17356794528,"standard_error":93.37685364750828},"std_dev":{"confidence_interval":{"confidence_level":0.95,"lower_bound":825.1177636776266,"upper_bound":1118.8866021204572},"point_estimate":976.4627276302324,"standard_error":75.27010096391525}}