{"mean":{"confidence_interval":{"confidence_level":0.95,"lower_bound":82673.27030109327,"upper_bound":83022.04141058947},"point_estimate":82852.51119554786,"standard_error":89.19490415617133},"median":{"confidence_interval":{"confidence_level":0.95,"lower_bound":83035.07714285715,"upper_bound":83117.70409719952},"point_estimate":83086.12551510989,"standard_error":20.607270112800293},"median_abs_dev":{"confidence_interval":{"confidence_level":0.95,"lower_bound":199.87902599688687,"upper_bound":394.40822629716587},"point_estimate":273.4946876445061,"standard_error":48.601331180698324},"slope":{"confidence_interval":{"confidence_level":0.95,"lower_bound":81988.00154418977,"upper_bound":82594.33246390973},"point_estimate":82278.36161962464,"standard_error":155.18858606692262},"std_dev":{"confidence_interval":{"confidence_level":0.95,"lower_bound":692.1894131721982,"upper_bound":1068.8979403606659},"point_estimate":894.1614345602167,"standard_error":96.04018105814369}}