{"mean":{"confidence_interval":{"confidence_level":0.95,"lower_bound":85234.79294157538,"upper_bound":85662.23655737912},"point_estimate":85448.0667378524,"standard_error":109.01395093474675},"median":{"confidence_interval":{"confidence_level":0.95,"lower_bound":85091.42097505668,"upper_bound":86095.28571428571},"point_estimate":85285.88995968757,"standard_error":269.6387410729075},"median_abs_dev":{"confidence_interval":{"confidence_level":0.95,"lower_bound":1072.4671220759383,"upper_bound":1670.768013759001},"point_estimate":1552.853789627115,"standard_error":156.78100670366507},"slope":{"confidence_interval":{"confidence_level":0.95,"lower_bound":84790.89964307743,"upper_bound":85083.86810345232},"point_estimate":84938.69152019253,"standard_error":74.79686365100726},"std_dev":{"confidence_interval":{"confidence_level":0.95,"lower_bound":983.0709160491713,"upper_bound":1206.2027930396314},"point_estimate":1096.4129911927914,"standard_error":57.11219133472246}}