{"mean":{"confidence_interval":{"confidence_level":0.95,"lower_bound":99603.40237418463,"upper_bound":100131.36243759387},"point_estimate":99865.55776597997,"standard_error":134.17658399860798},"median":{"confidence_interval":{"confidence_level":0.95,"lower_bound":98980.17989417989,"upper_bound":100558.61428571428},"point_estimate":99870.62856701123,"standard_error":309.98218960029254},"median_abs_dev":{"confidence_interval":{"confidence_level":0.95,"lower_bound":1182.499872617563,"upper_bound":1938.7324455806154},"point_estimate":1880.2952085649656,"standard_error":194.0638753797315},"slope":{"confidence_interval":{"confidence_level":0.95,"lower_bound":99021.37585986104,"upper_bound":99502.62392018075},"point_estimate":99255.27961578248,"standard_error":122.71270019056784},"std_dev":{"confidence_interval":{"confidence_level":0.95,"lower_bound":1214.1525349344013,"upper_bound":1479.914784036357},"point_estimate":1351.9985037821962,"standard_error":67.86021110424932}}