{"mean":{"confidence_interval":{"confidence_level":0.95,"lower_bound":81514.79289031649,"upper_bound":82077.97577911},"point_estimate":81794.88312741322,"standard_error":143.53186592306412},"median":{"confidence_interval":{"confidence_level":0.95,"lower_bound":80801.31669535284,"upper_bound":82464.309712774},"point_estimate":81046.73728925329,"standard_error":478.61016205985806},"median_abs_dev":{"confidence_interval":{"confidence_level":0.95,"lower_bound":889.825277279368,"upper_bound":2188.9595798881946},"point_estimate":1495.6200659943634,"standard_error":346.689042156191},"slope":{"confidence_interval":{"confidence_level":0.95,"lower_bound":80783.5500566619,"upper_bound":80998.7495011271},"point_estimate":80885.56727100002,"standard_error":54.66216755298096},"std_dev":{"confidence_interval":{"confidence_level":0.95,"lower_bound":1324.6672183131402,"upper_bound":1541.1839362176254},"point_estimate":1445.7281446178677,"standard_error":55.05007891849437}}