{"mean":{"confidence_interval":{"confidence_level":0.95,"lower_bound":83848.7563480425,"upper_bound":84935.9567975881},"point_estimate":84376.76456317963,"standard_error":278.4149264325339},"median":{"confidence_interval":{"confidence_level":0.95,"lower_bound":82654.58766233767,"upper_bound":83759.67109634551},"point_estimate":83144.24212076583,"standard_error":371.3034756728219},"median_abs_dev":{"confidence_interval":{"confidence_level":0.95,"lower_bound":684.727188447381,"upper_bound":1954.257995329572},"point_estimate":1143.023299211589,"standard_error":372.95353495630417},"slope":{"confidence_interval":{"confidence_level":0.95,"lower_bound":82727.72473732986,"upper_bound":83187.55800784555},"point_estimate":82934.169354219,"standard_error":118.61006209426287},"std_dev":{"confidence_interval":{"confidence_level":0.95,"lower_bound":2325.720412801376,"upper_bound":3138.8266869865515},"point_estimate":2791.0052506152056,"standard_error":208.30749343506147}}