{"mean":{"confidence_interval":{"confidence_level":0.95,"lower_bound":6348993.06746875,"upper_bound":6366562.48396875},"point_estimate":6357607.38375,"standard_error":4491.212353932872},"median":{"confidence_interval":{"confidence_level":0.95,"lower_bound":6346499.0625,"upper_bound":6367385.625},"point_estimate":6356033.75,"standard_error":5908.470982583154},"median_abs_dev":{"confidence_interval":{"confidence_level":0.95,"lower_bound":28142.2493878752,"upper_bound":44886.084853112676},"point_estimate":38416.389217972755,"standard_error":4316.109471739212},"slope":null,"std_dev":{"confidence_interval":{"confidence_level":0.95,"lower_bound":35599.08806090418,"upper_bound":55075.60338332794},"point_estimate":45511.14016935068,"standard_error":4997.426824893761}}