{"mean":{"confidence_interval":{"confidence_level":0.95,"lower_bound":6189222.905833335,"upper_bound":6230497.559083334},"point_estimate":6210121.702222224,"standard_error":10533.957209964772},"median":{"confidence_interval":{"confidence_level":0.95,"lower_bound":6153023.444444444,"upper_bound":6285106.111111111},"point_estimate":6268949.166666667,"standard_error":30768.93800042816},"median_abs_dev":{"confidence_interval":{"confidence_level":0.95,"lower_bound":50990.56669473556,"upper_bound":161581.71616551795},"point_estimate":84007.40917523603,"standard_error":30050.40440636004},"slope":null,"std_dev":{"confidence_interval":{"confidence_level":0.95,"lower_bound":97838.2502164606,"upper_bound":113049.4157049895},"point_estimate":106372.93503312655,"standard_error":3877.380980975643}}