{"mean":{"confidence_interval":{"confidence_level":0.95,"lower_bound":9378639.12404167,"upper_bound":9396347.959583335},"point_estimate":9387409.833333332,"standard_error":4529.974860879858},"median":{"confidence_interval":{"confidence_level":0.95,"lower_bound":9369153.166666666,"upper_bound":9393287.166666666},"point_estimate":9384969.083333332,"standard_error":6770.842179370153},"median_abs_dev":{"confidence_interval":{"confidence_level":0.95,"lower_bound":37558.82868319704,"upper_bound":59678.47899049475},"point_estimate":49201.19207650561,"standard_error":5418.750941537867},"slope":null,"std_dev":{"confidence_interval":{"confidence_level":0.95,"lower_bound":39833.481791209175,"upper_bound":50909.593415516},"point_estimate":45737.419291404105,"standard_error":2823.6555701183333}}