{"mean":{"confidence_interval":{"confidence_level":0.95,"lower_bound":10645820.840249997,"upper_bound":10676092.242600003},"point_estimate":10660563.927999998,"standard_error":7738.840587598932},"median":{"confidence_interval":{"confidence_level":0.95,"lower_bound":10628784.8,"upper_bound":10675544.0},"point_estimate":10649064.2,"standard_error":11798.846786588098},"median_abs_dev":{"confidence_interval":{"confidence_level":0.95,"lower_bound":57035.176207422104,"upper_bound":96590.79524517004},"point_estimate":71015.35265922712,"standard_error":9856.343720196473},"slope":null,"std_dev":{"confidence_interval":{"confidence_level":0.95,"lower_bound":65069.89557969127,"upper_bound":90113.9960736547},"point_estimate":77719.80419608895,"standard_error":6420.977208827634}}