{"mean":{"confidence_interval":{"confidence_level":0.95,"lower_bound":6268317.879687499,"upper_bound":6294789.6555625005},"point_estimate":6279240.4925,"standard_error":6885.73695269992},"median":{"confidence_interval":{"confidence_level":0.95,"lower_bound":6259648.875,"upper_bound":6275674.125},"point_estimate":6264413.9375,"standard_error":4231.095903793938},"median_abs_dev":{"confidence_interval":{"confidence_level":0.95,"lower_bound":19766.30083657801,"upper_bound":33295.996236065395},"point_estimate":26545.11856622994,"standard_error":3580.3771634507334},"slope":null,"std_dev":{"confidence_interval":{"confidence_level":0.95,"lower_bound":27691.202340184613,"upper_bound":110360.98792276405},"point_estimate":69275.09335878227,"standard_error":26745.365879041867}}