{"mean":{"confidence_interval":{"confidence_level":0.95,"lower_bound":11374500.651750002,"upper_bound":11494908.405599998},"point_estimate":11430913.371999996,"standard_error":30744.42256184393},"median":{"confidence_interval":{"confidence_level":0.95,"lower_bound":11350904.5,"upper_bound":11421091.0},"point_estimate":11379064.3,"standard_error":20472.504837286895},"median_abs_dev":{"confidence_interval":{"confidence_level":0.95,"lower_bound":138414.34746265438,"upper_bound":237999.69813466017},"point_estimate":184346.77724719213,"standard_error":26279.932659533995},"slope":null,"std_dev":{"confidence_interval":{"confidence_level":0.95,"lower_bound":211083.849337389,"upper_bound":408953.78941069316},"point_estimate":308387.7506588015,"standard_error":52220.462286207716}}