{"mean":{"confidence_interval":{"confidence_level":0.95,"lower_bound":9104022.975000001,"upper_bound":9135644.444833335},"point_estimate":9119067.886666669,"standard_error":8066.861674092691},"median":{"confidence_interval":{"confidence_level":0.95,"lower_bound":9095549.833333334,"upper_bound":9124534.833333334},"point_estimate":9104500.333333332,"standard_error":6477.402613481815},"median_abs_dev":{"confidence_interval":{"confidence_level":0.95,"lower_bound":45790.34728706067,"upper_bound":77161.66853010608},"point_estimate":59468.19689422569,"standard_error":7554.590751012584},"slope":null,"std_dev":{"confidence_interval":{"confidence_level":0.95,"lower_bound":58297.77266406441,"upper_bound":107342.26001137044},"point_estimate":81202.69276176744,"standard_error":13330.183408529228}}