{"mean":{"confidence_interval":{"confidence_level":0.95,"lower_bound":10971953.343999995,"upper_bound":11166030.576549994},"point_estimate":11063368.532000003,"standard_error":49446.121058600045},"median":{"confidence_interval":{"confidence_level":0.95,"lower_bound":10904716.3,"upper_bound":11026077.1},"point_estimate":10962976.7,"standard_error":33896.56661454957},"median_abs_dev":{"confidence_interval":{"confidence_level":0.95,"lower_bound":188587.90273189655,"upper_bound":367390.349117518},"point_estimate":279427.39615917095,"standard_error":45138.5969417989},"slope":null,"std_dev":{"confidence_interval":{"confidence_level":0.95,"lower_bound":350598.66336227494,"upper_bound":621099.9150698554},"point_estimate":496054.25215230323,"standard_error":69183.80662346295}}