{"mean":{"confidence_interval":{"confidence_level":0.95,"lower_bound":8365479.122625004,"upper_bound":8433698.038958332},"point_estimate":8394035.740000002,"standard_error":17721.222951701035},"median":{"confidence_interval":{"confidence_level":0.95,"lower_bound":8358768.0,"upper_bound":8381018.333333334},"point_estimate":8368376.333333333,"standard_error":5377.645554730991},"median_abs_dev":{"confidence_interval":{"confidence_level":0.95,"lower_bound":40129.780587554436,"upper_bound":65853.50788086606},"point_estimate":55722.03741073539,"standard_error":6493.511341082067},"slope":null,"std_dev":{"confidence_interval":{"confidence_level":0.95,"lower_bound":43114.244766852156,"upper_bound":276260.13167078677},"point_estimate":178008.4275132905,"standard_error":63638.89988614412}}