{"mean":{"confidence_interval":{"confidence_level":0.95,"lower_bound":6373049.175,"upper_bound":6493860.4475625},"point_estimate":6417290.02875,"standard_error":33937.01720680884},"median":{"confidence_interval":{"confidence_level":0.95,"lower_bound":6346796.25,"upper_bound":6377400.375},"point_estimate":6358900.8125,"standard_error":8513.21498482834},"median_abs_dev":{"confidence_interval":{"confidence_level":0.95,"lower_bound":30574.73263218999,"upper_bound":63362.43105009198},"point_estimate":42905.05330078304,"standard_error":8108.800459403314},"slope":null,"std_dev":{"confidence_interval":{"confidence_level":0.95,"lower_bound":57885.06494997446,"upper_bound":573050.1317617109},"point_estimate":339243.9861931536,"standard_error":176426.61348953005}}