{"mean":{"confidence_interval":{"confidence_level":0.95,"lower_bound":11953182.808200002,"upper_bound":12012114.746749995},"point_estimate":11981098.874000002,"standard_error":15051.510563928116},"median":{"confidence_interval":{"confidence_level":0.95,"lower_bound":11917877.6,"upper_bound":11928047.8},"point_estimate":11920927.7,"standard_error":2718.5776232677395},"median_abs_dev":{"confidence_interval":{"confidence_level":0.95,"lower_bound":16457.156227825966,"upper_bound":31564.849959610787},"point_estimate":22773.032115698137,"standard_error":3676.5828932397517},"slope":null,"std_dev":{"confidence_interval":{"confidence_level":0.95,"lower_bound":113659.213820847,"upper_bound":179177.1454319809},"point_estimate":150860.08216037427,"standard_error":16739.894148862284}}