{"mean":{"confidence_interval":{"confidence_level":0.95,"lower_bound":6064793.34840625,"upper_bound":6078475.432625},"point_estimate":6071531.005,"standard_error":3490.0467828578758},"median":{"confidence_interval":{"confidence_level":0.95,"lower_bound":6058807.625,"upper_bound":6070694.5},"point_estimate":6063870.25,"standard_error":2965.6968535454544},"median_abs_dev":{"confidence_interval":{"confidence_level":0.95,"lower_bound":20218.12317855656,"upper_bound":38491.00337821058},"point_estimate":33916.79096035659,"standard_error":4981.659518238036},"slope":null,"std_dev":{"confidence_interval":{"confidence_level":0.95,"lower_bound":28942.53787861529,"upper_bound":40441.52534260208},"point_estimate":35038.817703836365,"standard_error":2937.945577500824}}