{"mean":{"confidence_interval":{"confidence_level":0.95,"lower_bound":6268700.94865625,"upper_bound":6278549.175},"point_estimate":6273536.50875,"standard_error":2513.661948127594},"median":{"confidence_interval":{"confidence_level":0.95,"lower_bound":6262992.75,"upper_bound":6275643.25},"point_estimate":6268538.8125,"standard_error":3226.007832446214},"median_abs_dev":{"confidence_interval":{"confidence_level":0.95,"lower_bound":16860.321491919465,"upper_bound":30506.533033400774},"point_estimate":23730.58784119785,"standard_error":3496.043780853156},"slope":null,"std_dev":{"confidence_interval":{"confidence_level":0.95,"lower_bound":21007.61580085726,"upper_bound":29403.457599945432},"point_estimate":25211.799882397434,"standard_error":2147.187452725765}}