{"mean":{"confidence_interval":{"confidence_level":0.95,"lower_bound":6506627.67125,"upper_bound":6526840.8616875},"point_estimate":6515845.8625,"standard_error":5149.594942738384},"median":{"confidence_interval":{"confidence_level":0.95,"lower_bound":6507620.125,"upper_bound":6521519.75},"point_estimate":6515850.4375,"standard_error":3251.823536229656},"median_abs_dev":{"confidence_interval":{"confidence_level":0.95,"lower_bound":27637.146109342575,"upper_bound":45747.19745032489},"point_estimate":39287.787352502346,"standard_error":4460.564950005263},"slope":null,"std_dev":{"confidence_interval":{"confidence_level":0.95,"lower_bound":32251.356545481227,"upper_bound":74627.19359947274},"point_estimate":51676.27820058846,"standard_error":12672.347128410132}}