{"mean":{"confidence_interval":{"confidence_level":0.95,"lower_bound":6370422.5891875,"upper_bound":6385167.461093751},"point_estimate":6377618.49875,"standard_error":3775.1167802661816},"median":{"confidence_interval":{"confidence_level":0.95,"lower_bound":6363851.625,"upper_bound":6379055.5},"point_estimate":6369319.9375,"standard_error":3070.237159573624},"median_abs_dev":{"confidence_interval":{"confidence_level":0.95,"lower_bound":21557.3742672801,"upper_bound":40001.93722732365},"point_estimate":30610.871006548405,"standard_error":4752.971017102208},"slope":null,"std_dev":{"confidence_interval":{"confidence_level":0.95,"lower_bound":31377.455103676937,"upper_bound":43938.93850244832},"point_estimate":38020.35385111317,"standard_error":3204.3011374064795}}