{"mean":{"confidence_interval":{"confidence_level":0.95,"lower_bound":6293517.02609375,"upper_bound":6315582.193},"point_estimate":6304103.33125,"standard_error":5643.085719318973},"median":{"confidence_interval":{"confidence_level":0.95,"lower_bound":6278452.8125,"upper_bound":6297605.5625},"point_estimate":6287991.125,"standard_error":5403.766439241347},"median_abs_dev":{"confidence_interval":{"confidence_level":0.95,"lower_bound":27350.448339432478,"upper_bound":48850.09387023747},"point_estimate":38438.906205073,"standard_error":5552.197024636582},"slope":null,"std_dev":{"confidence_interval":{"confidence_level":0.95,"lower_bound":44432.76199856521,"upper_bound":68518.2176651809},"point_estimate":56691.26081272786,"standard_error":6128.574969142321}}