{"mean":{"confidence_interval":{"confidence_level":0.95,"lower_bound":6327271.70125,"upper_bound":6339385.083812499},"point_estimate":6333170.4025,"standard_error":3084.8034888419456},"median":{"confidence_interval":{"confidence_level":0.95,"lower_bound":6323164.0625,"upper_bound":6333439.25},"point_estimate":6329042.4375,"standard_error":2912.104305644177},"median_abs_dev":{"confidence_interval":{"confidence_level":0.95,"lower_bound":19485.996779054403,"upper_bound":33461.187988445134},"point_estimate":24727.45099849999,"standard_error":3487.8476535318946},"slope":null,"std_dev":{"confidence_interval":{"confidence_level":0.95,"lower_bound":24950.410518027264,"upper_bound":36941.17254257098},"point_estimate":31204.627885649832,"standard_error":3059.43101190212}}