{"mean":{"confidence_interval":{"confidence_level":0.95,"lower_bound":12649669.500049999,"upper_bound":12945914.638649995},"point_estimate":12791754.870000003,"standard_error":75958.67006922791},"median":{"confidence_interval":{"confidence_level":0.95,"lower_bound":12442280.4,"upper_bound":12793694.4},"point_estimate":12603726.9,"standard_error":89708.57889477871},"median_abs_dev":{"confidence_interval":{"confidence_level":0.95,"lower_bound":453915.92140138097,"upper_bound":756053.431839866},"point_estimate":604860.3142815845,"standard_error":78833.43032342174},"slope":null,"std_dev":{"confidence_interval":{"confidence_level":0.95,"lower_bound":568019.3408262469,"upper_bound":944452.0760818986},"point_estimate":762056.6566520849,"standard_error":97104.5535952673}}