{"mean":{"confidence_interval":{"confidence_level":0.95,"lower_bound":8292748.649458334,"upper_bound":8304590.100750001},"point_estimate":8298587.304999998,"standard_error":3023.5729551355894},"median":{"confidence_interval":{"confidence_level":0.95,"lower_bound":8288938.5,"upper_bound":8301480.5},"point_estimate":8295838.666666667,"standard_error":2922.1407013361973},"median_abs_dev":{"confidence_interval":{"confidence_level":0.95,"lower_bound":21893.124475069817,"upper_bound":37003.96564304783},"point_estimate":27984.56870317482,"standard_error":3863.2133471270545},"slope":null,"std_dev":{"confidence_interval":{"confidence_level":0.95,"lower_bound":25301.845667468435,"upper_bound":35271.82830430469},"point_estimate":30453.633635688708,"standard_error":2560.96780056127}}