{"mean":{"confidence_interval":{"confidence_level":0.95,"lower_bound":9188814.339958332,"upper_bound":9301661.346958334},"point_estimate":9245191.136666669,"standard_error":28804.092646331163},"median":{"confidence_interval":{"confidence_level":0.95,"lower_bound":9150629.833333334,"upper_bound":9365479.666666668},"point_estimate":9239519.916666668,"standard_error":60293.60097642589},"median_abs_dev":{"confidence_interval":{"confidence_level":0.95,"lower_bound":283803.6112114778,"upper_bound":419261.8520066142},"point_estimate":344977.9100254169,"standard_error":34228.160947454075},"slope":null,"std_dev":{"confidence_interval":{"confidence_level":0.95,"lower_bound":260788.03048272507,"upper_bound":314857.2539006927},"point_estimate":289663.87860833254,"standard_error":13838.495403980483}}