{"mean":{"confidence_interval":{"confidence_level":0.95,"lower_bound":13778011.089750001,"upper_bound":14030603.68025},"point_estimate":13903475.59,"standard_error":64415.86328245818},"median":{"confidence_interval":{"confidence_level":0.95,"lower_bound":13678538.0,"upper_bound":13992723.125},"point_estimate":13832349.5,"standard_error":99957.2793057925},"median_abs_dev":{"confidence_interval":{"confidence_level":0.95,"lower_bound":486901.1253014021,"upper_bound":839442.3924537932},"point_estimate":689886.570277065,"standard_error":89298.69089768114},"slope":null,"std_dev":{"confidence_interval":{"confidence_level":0.95,"lower_bound":562778.7390731811,"upper_bound":721762.3452109265},"point_estimate":647791.4846217551,"standard_error":40586.91177021802}}