{"mean":{"confidence_interval":{"confidence_level":0.95,"lower_bound":11010437.295549998,"upper_bound":11116946.839749997},"point_estimate":11064294.87,"standard_error":27059.6694263109},"median":{"confidence_interval":{"confidence_level":0.95,"lower_bound":11020528.399999999,"upper_bound":11222439.4},"point_estimate":11138280.2,"standard_error":49677.01194921762},"median_abs_dev":{"confidence_interval":{"confidence_level":0.95,"lower_bound":209489.11531582318,"upper_bound":397140.64496934303},"point_estimate":332707.1466332679,"standard_error":50376.12595815554},"slope":null,"std_dev":{"confidence_interval":{"confidence_level":0.95,"lower_bound":245529.49138761294,"upper_bound":292323.0319264835},"point_estimate":271156.0350601947,"standard_error":11971.449300606115}}