{"mean":{"confidence_interval":{"confidence_level":0.95,"lower_bound":12748595.5875,"upper_bound":12929037.3849375},"point_estimate":12836123.2975,"standard_error":46028.43547966624},"median":{"confidence_interval":{"confidence_level":0.95,"lower_bound":12620521.25,"upper_bound":12847873.0},"point_estimate":12731484.5,"standard_error":57237.39511427557},"median_abs_dev":{"confidence_interval":{"confidence_level":0.95,"lower_bound":299944.5180542954,"upper_bound":490359.28047375655},"point_estimate":406383.61798524857,"standard_error":49781.400471088884},"slope":null,"std_dev":{"confidence_interval":{"confidence_level":0.95,"lower_bound":369457.8729940416,"upper_bound":555827.5526130995},"point_estimate":463815.2222223768,"standard_error":47866.32341591884}}