{"mean":{"confidence_interval":{"confidence_level":0.95,"lower_bound":6185818.04713889,"upper_bound":6207733.305277779},"point_estimate":6195902.672222222,"standard_error":5603.475339130747},"median":{"confidence_interval":{"confidence_level":0.95,"lower_bound":6171391.333333334,"upper_bound":6184553.666666667},"point_estimate":6178392.722222222,"standard_error":3782.9084866154303},"median_abs_dev":{"confidence_interval":{"confidence_level":0.95,"lower_bound":16940.76386590745,"upper_bound":34067.0998285208},"point_estimate":21439.054552713416,"standard_error":4483.170416929099},"slope":null,"std_dev":{"confidence_interval":{"confidence_level":0.95,"lower_bound":35642.84582088768,"upper_bound":77176.72825946502},"point_estimate":56290.10997966893,"standard_error":11054.307486171052}}