{"mean":{"confidence_interval":{"confidence_level":0.95,"lower_bound":8265461.766714284,"upper_bound":8278105.569392853},"point_estimate":8271634.459999999,"standard_error":3224.6343872425987},"median":{"confidence_interval":{"confidence_level":0.95,"lower_bound":8261550.857142857,"upper_bound":8273229.714285715},"point_estimate":8266893.785714285,"standard_error":3201.6994907313074},"median_abs_dev":{"confidence_interval":{"confidence_level":0.95,"lower_bound":22059.28730836966,"upper_bound":37701.034730672836},"point_estimate":30563.268957393313,"standard_error":3864.988002437392},"slope":null,"std_dev":{"confidence_interval":{"confidence_level":0.95,"lower_bound":27621.981486459266,"upper_bound":36753.43529229437},"point_estimate":32433.337811571266,"standard_error":2325.3402856700136}}