{"mean":{"confidence_interval":{"confidence_level":0.95,"lower_bound":5944479.143333334,"upper_bound":5963429.33833333},"point_estimate":5953602.896666664,"standard_error":4825.541933940236},"median":{"confidence_interval":{"confidence_level":0.95,"lower_bound":5932610.333333333,"upper_bound":5948388.666666667},"point_estimate":5941305.944444444,"standard_error":4244.835176037274},"median_abs_dev":{"confidence_interval":{"confidence_level":0.95,"lower_bound":21804.26628706373,"upper_bound":41799.10579125071},"point_estimate":30081.12979928591,"standard_error":5163.766500805688},"slope":null,"std_dev":{"confidence_interval":{"confidence_level":0.95,"lower_bound":38931.928411600915,"upper_bound":57128.96913723783},"point_estimate":48554.29960344511,"standard_error":4664.275311922562}}