{"mean":{"confidence_interval":{"confidence_level":0.95,"lower_bound":6742585.184285714,"upper_bound":6784762.183464291},"point_estimate":6763493.372857144,"standard_error":10689.367798076279},"median":{"confidence_interval":{"confidence_level":0.95,"lower_bound":6761741.5,"upper_bound":6794730.571428572},"point_estimate":6778720.5,"standard_error":9196.360681199145},"median_abs_dev":{"confidence_interval":{"confidence_level":0.95,"lower_bound":47763.44075202942,"upper_bound":140174.95611139745},"point_estimate":102491.9243804048,"standard_error":24409.368959829397},"slope":null,"std_dev":{"confidence_interval":{"confidence_level":0.95,"lower_bound":92126.14773681047,"upper_bound":120075.47477080187},"point_estimate":106991.92775782556,"standard_error":7114.430775615566}}