{"mean":{"confidence_interval":{"confidence_level":0.95,"lower_bound":10670548.215999994,"upper_bound":11039696.1406},"point_estimate":10850850.568000002,"standard_error":94312.97872570081},"median":{"confidence_interval":{"confidence_level":0.95,"lower_bound":10343064.1,"upper_bound":10730988.600000001},"point_estimate":10559606.7,"standard_error":117575.53080017645},"median_abs_dev":{"confidence_interval":{"confidence_level":0.95,"lower_bound":506492.4747079611,"upper_bound":1008284.0696793778},"point_estimate":751153.642784356,"standard_error":137128.88700721104},"slope":null,"std_dev":{"confidence_interval":{"confidence_level":0.95,"lower_bound":793290.0866476267,"upper_bound":1067713.999121073},"point_estimate":942114.570148707,"standard_error":69921.76570719108}}