{"mean":{"confidence_interval":{"confidence_level":0.95,"lower_bound":9514549.718374996,"upper_bound":9689517.086333338},"point_estimate":9603144.753333332,"standard_error":44686.17328605364},"median":{"confidence_interval":{"confidence_level":0.95,"lower_bound":9620656.833333332,"upper_bound":9766707.0},"point_estimate":9716348.666666668,"standard_error":44554.29026022744},"median_abs_dev":{"confidence_interval":{"confidence_level":0.95,"lower_bound":241564.75803136654,"upper_bound":429103.9683818836},"point_estimate":325678.65906804526,"standard_error":45928.75293347724},"slope":null,"std_dev":{"confidence_interval":{"confidence_level":0.95,"lower_bound":377426.5300954559,"upper_bound":516900.42063558125},"point_estimate":450909.0190119555,"standard_error":35752.06369447016}}