{"mean":{"confidence_interval":{"confidence_level":0.95,"lower_bound":6082792.599999998,"upper_bound":6097487.543333336},"point_estimate":6090170.142222222,"standard_error":3738.0823362701035},"median":{"confidence_interval":{"confidence_level":0.95,"lower_bound":6086702.722222222,"upper_bound":6115526.333333333},"point_estimate":6109183.277777778,"standard_error":7104.349085761745},"median_abs_dev":{"confidence_interval":{"confidence_level":0.95,"lower_bound":18548.478804033006,"upper_bound":53670.45057299342},"point_estimate":30641.14075601147,"standard_error":8865.431454789583},"slope":null,"std_dev":{"confidence_interval":{"confidence_level":0.95,"lower_bound":34154.10612937875,"upper_bound":40109.63323675477},"point_estimate":37504.614794088906,"standard_error":1508.1636016873188}}