{"mean":{"confidence_interval":{"confidence_level":0.95,"lower_bound":8229909.137571433,"upper_bound":8239046.468607144},"point_estimate":8234353.952857144,"standard_error":2329.9409897100654},"median":{"confidence_interval":{"confidence_level":0.95,"lower_bound":8226926.857142857,"upper_bound":8234730.428571428},"point_estimate":8230624.357142857,"standard_error":1844.590844889294},"median_abs_dev":{"confidence_interval":{"confidence_level":0.95,"lower_bound":13411.281661903142,"upper_bound":26868.73572298498},"point_estimate":19146.931460074116,"standard_error":3556.6887905901503},"slope":null,"std_dev":{"confidence_interval":{"confidence_level":0.95,"lower_bound":18895.443470930997,"upper_bound":28236.376075814445},"point_estimate":23485.75209128647,"standard_error":2427.133014594359}}