{"mean":{"confidence_interval":{"confidence_level":0.95,"lower_bound":4875932.931931818,"upper_bound":4884400.941477274},"point_estimate":4879875.9863636345,"standard_error":2159.806366231515},"median":{"confidence_interval":{"confidence_level":0.95,"lower_bound":4869910.545454546,"upper_bound":4876778.681818182},"point_estimate":4873705.954545455,"standard_error":1728.2890222102003},"median_abs_dev":{"confidence_interval":{"confidence_level":0.95,"lower_bound":8430.535186691968,"upper_bound":15627.681977099015},"point_estimate":12305.444999717314,"standard_error":1788.2717903438706},"slope":null,"std_dev":{"confidence_interval":{"confidence_level":0.95,"lower_bound":14406.485392989925,"upper_bound":28221.902760459467},"point_estimate":21709.27411097945,"standard_error":3545.108881426456}}