{"mean":{"confidence_interval":{"confidence_level":0.95,"lower_bound":6484060.55821875,"upper_bound":6498572.7225},"point_estimate":6490596.51125,"standard_error":3721.7416793746556},"median":{"confidence_interval":{"confidence_level":0.95,"lower_bound":6478613.0625,"upper_bound":6482401.9375},"point_estimate":6480045.0,"standard_error":1095.9361233042332},"median_abs_dev":{"confidence_interval":{"confidence_level":0.95,"lower_bound":4843.28346401453,"upper_bound":8506.514644604174},"point_estimate":6216.078377142549,"standard_error":999.427043696065},"slope":null,"std_dev":{"confidence_interval":{"confidence_level":0.95,"lower_bound":19267.745033029914,"upper_bound":51800.65097345639},"point_estimate":37447.378457029634,"standard_error":8319.11130095272}}