{"mean":{"confidence_interval":{"confidence_level":0.95,"lower_bound":6437282.45625,"upper_bound":6446336.728750001},"point_estimate":6441335.65875,"standard_error":2331.6954630228124},"median":{"confidence_interval":{"confidence_level":0.95,"lower_bound":6433796.5,"upper_bound":6437199.0},"point_estimate":6435388.1875,"standard_error":918.1187922969161},"median_abs_dev":{"confidence_interval":{"confidence_level":0.95,"lower_bound":5037.226073071361,"upper_bound":9207.038499042392},"point_estimate":7042.535199970007,"standard_error":1039.195592821137},"slope":null,"std_dev":{"confidence_interval":{"confidence_level":0.95,"lower_bound":9825.572482537236,"upper_bound":32835.721522490436},"point_estimate":23426.33112935963,"standard_error":5595.980893463187}}