{"mean":{"confidence_interval":{"confidence_level":0.95,"lower_bound":6478728.71503125,"upper_bound":6483893.814937499},"point_estimate":6481023.8775,"standard_error":1326.6369046725156},"median":{"confidence_interval":{"confidence_level":0.95,"lower_bound":6477156.125,"upper_bound":6479839.125},"point_estimate":6478209.25,"standard_error":584.2974346289712},"median_abs_dev":{"confidence_interval":{"confidence_level":0.95,"lower_bound":4019.3285286426544,"upper_bound":7649.10391420126},"point_estimate":6082.088404521346,"standard_error":933.0740742206538},"slope":null,"std_dev":{"confidence_interval":{"confidence_level":0.95,"lower_bound":6028.780667167234,"upper_bound":19236.029257750775},"point_estimate":13342.526123172165,"standard_error":3435.1082786592083}}