{"mean":{"confidence_interval":{"confidence_level":0.95,"lower_bound":4881135.335340906,"upper_bound":4896686.457159089},"point_estimate":4888715.121818181,"standard_error":3961.252487502814},"median":{"confidence_interval":{"confidence_level":0.95,"lower_bound":4870426.545454546,"upper_bound":4887017.454545454},"point_estimate":4880294.636363637,"standard_error":4218.836125897189},"median_abs_dev":{"confidence_interval":{"confidence_level":0.95,"lower_bound":29092.587547140127,"upper_bound":47584.62066270436},"point_estimate":40528.62244411061,"standard_error":4788.843163644959},"slope":null,"std_dev":{"confidence_interval":{"confidence_level":0.95,"lower_bound":33367.261514727245,"upper_bound":45434.57771658387},"point_estimate":39815.28624275154,"standard_error":3084.809072342538}}