{"mean":{"confidence_interval":{"confidence_level":0.95,"lower_bound":6467474.699625,"upper_bound":6476870.60215625},"point_estimate":6471872.54375,"standard_error":2409.3838459331873},"median":{"confidence_interval":{"confidence_level":0.95,"lower_bound":6462940.125,"upper_bound":6473361.375},"point_estimate":6468008.875,"standard_error":2835.0438654806194},"median_abs_dev":{"confidence_interval":{"confidence_level":0.95,"lower_bound":14920.330160111189,"upper_bound":24719.111373648047},"point_estimate":19240.997133404016,"standard_error":2534.8472195155987},"slope":null,"std_dev":{"confidence_interval":{"confidence_level":0.95,"lower_bound":16623.3026318771,"upper_bound":32055.92089863923},"point_estimate":24148.192980156367,"standard_error":4083.604788255062}}