{"mean":{"confidence_interval":{"confidence_level":0.95,"lower_bound":6440704.881,"upper_bound":6449313.29159375},"point_estimate":6444662.8025,"standard_error":2213.41149505421},"median":{"confidence_interval":{"confidence_level":0.95,"lower_bound":6437423.625,"upper_bound":6441026.125},"point_estimate":6439594.5,"standard_error":1015.6454285012319},"median_abs_dev":{"confidence_interval":{"confidence_level":0.95,"lower_bound":5310.117130726576,"upper_bound":8504.10078652203},"point_estimate":6882.877715304494,"standard_error":804.5624995913262},"slope":null,"std_dev":{"confidence_interval":{"confidence_level":0.95,"lower_bound":13356.960002391776,"upper_bound":29045.895046030593},"point_estimate":22165.952851033693,"standard_error":4007.5601761755465}}