{"mean":{"confidence_interval":{"confidence_level":0.95,"lower_bound":8849869.75608334,"upper_bound":9038480.70791667},"point_estimate":8942637.560000004,"standard_error":48288.779140180064},"median":{"confidence_interval":{"confidence_level":0.95,"lower_bound":8742486.333333334,"upper_bound":8887353.5},"point_estimate":8778370.583333332,"standard_error":40842.785917182766},"median_abs_dev":{"confidence_interval":{"confidence_level":0.95,"lower_bound":244261.80506348427,"upper_bound":490458.52664261917},"point_estimate":348474.2514133444,"standard_error":61100.65562718555},"slope":null,"std_dev":{"confidence_interval":{"confidence_level":0.95,"lower_bound":406970.16864131653,"upper_bound":550993.6747001851},"point_estimate":485399.3770391752,"standard_error":36839.91610418243}}