{"mean":{"confidence_interval":{"confidence_level":0.95,"lower_bound":6518887.2940937495,"upper_bound":6527870.552375},"point_estimate":6522873.33,"standard_error":2300.702958954892},"median":{"confidence_interval":{"confidence_level":0.95,"lower_bound":6515946.25,"upper_bound":6519069.5},"point_estimate":6517447.125,"standard_error":755.6956827595344},"median_abs_dev":{"confidence_interval":{"confidence_level":0.95,"lower_bound":5354.780454933643,"upper_bound":9509.488893672824},"point_estimate":7126.209435984492,"standard_error":1025.5698645330046},"slope":null,"std_dev":{"confidence_interval":{"confidence_level":0.95,"lower_bound":11471.840716978359,"upper_bound":33864.891926215256},"point_estimate":23124.368430308954,"standard_error":5954.236773277275}}