{"mean":{"confidence_interval":{"confidence_level":0.95,"lower_bound":6473821.815,"upper_bound":6479954.4385},"point_estimate":6476542.10875,"standard_error":1575.7426751872217},"median":{"confidence_interval":{"confidence_level":0.95,"lower_bound":6471630.5,"upper_bound":6474922.375},"point_estimate":6472424.5625,"standard_error":800.7987281004688},"median_abs_dev":{"confidence_interval":{"confidence_level":0.95,"lower_bound":5176.590470597148,"upper_bound":8751.694982126355},"point_estimate":6880.1905028522015,"standard_error":909.5102888599844},"slope":null,"std_dev":{"confidence_interval":{"confidence_level":0.95,"lower_bound":6963.064668514975,"upper_bound":23254.0235341636},"point_estimate":15826.658330904425,"standard_error":4278.339021896866}}