{"mean":{"confidence_interval":{"confidence_level":0.95,"lower_bound":7401510.618249999,"upper_bound":7405817.102714284},"point_estimate":7403189.792857143,"standard_error":1144.455763224771},"median":{"confidence_interval":{"confidence_level":0.95,"lower_bound":7400649.857142857,"upper_bound":7402149.714285715},"point_estimate":7401506.857142857,"standard_error":391.915365301562},"median_abs_dev":{"confidence_interval":{"confidence_level":0.95,"lower_bound":2266.0481597690114,"upper_bound":3907.6040306259633},"point_estimate":3187.378143412233,"standard_error":436.1262306937418},"slope":null,"std_dev":{"confidence_interval":{"confidence_level":0.95,"lower_bound":3010.5374081448526,"upper_bound":18996.80842358289},"point_estimate":11522.065960069776,"standard_error":5152.278125600677}}