{"mean":{"confidence_interval":{"confidence_level":0.95,"lower_bound":6475590.14040625,"upper_bound":6486792.124843749},"point_estimate":6480738.2725,"standard_error":2868.708822013724},"median":{"confidence_interval":{"confidence_level":0.95,"lower_bound":6471613.875,"upper_bound":6474838.25},"point_estimate":6473161.25,"standard_error":896.6574328524877},"median_abs_dev":{"confidence_interval":{"confidence_level":0.95,"lower_bound":4814.511758275334,"upper_bound":7981.020983308554},"point_estimate":6227.568526938558,"standard_error":820.1342813111324},"slope":null,"std_dev":{"confidence_interval":{"confidence_level":0.95,"lower_bound":17033.422322150487,"upper_bound":37767.923505363506},"point_estimate":28798.091929579754,"standard_error":5315.278605699384}}