{"mean":{"confidence_interval":{"confidence_level":0.95,"lower_bound":7408715.707500004,"upper_bound":7412838.506464285},"point_estimate":7410355.024285711,"standard_error":1090.3928784509255},"median":{"confidence_interval":{"confidence_level":0.95,"lower_bound":7407730.857142857,"upper_bound":7409759.571428572},"point_estimate":7408830.857142856,"standard_error":485.66026451152163},"median_abs_dev":{"confidence_interval":{"confidence_level":0.95,"lower_bound":2594.5499539375305,"upper_bound":4839.7358140777105},"point_estimate":3367.6199402115126,"standard_error":565.9997325410475},"slope":null,"std_dev":{"confidence_interval":{"confidence_level":0.95,"lower_bound":3619.908826525306,"upper_bound":17897.21500103945},"point_estimate":10935.269739717345,"standard_error":4787.145521963564}}