{"mean":{"confidence_interval":{"confidence_level":0.95,"lower_bound":6521828.62734375,"upper_bound":6556230.4257499995},"point_estimate":6535010.8925,"standard_error":9211.905948524707},"median":{"confidence_interval":{"confidence_level":0.95,"lower_bound":6515506.375,"upper_bound":6517922.5},"point_estimate":6516908.9375,"standard_error":638.3686756362487},"median_abs_dev":{"confidence_interval":{"confidence_level":0.95,"lower_bound":5305.85465580225,"upper_bound":9198.976861685514},"point_estimate":7491.855654492974,"standard_error":945.5203159864823},"slope":null,"std_dev":{"confidence_interval":{"confidence_level":0.95,"lower_bound":23025.188420112918,"upper_bound":152240.7687819118},"point_estimate":92155.30065386798,"standard_error":42191.50553700288}}