{"mean":{"confidence_interval":{"confidence_level":0.95,"lower_bound":4869528.965022727,"upper_bound":4880532.1945681805},"point_estimate":4874848.354545454,"standard_error":2809.923986798539},"median":{"confidence_interval":{"confidence_level":0.95,"lower_bound":4861242.7272727275,"upper_bound":4873706.363636363},"point_estimate":4866806.409090909,"standard_error":3081.1685007453298},"median_abs_dev":{"confidence_interval":{"confidence_level":0.95,"lower_bound":15783.085410702559,"upper_bound":28385.252577879775},"point_estimate":21639.287915825844,"standard_error":3259.8038807642033},"slope":null,"std_dev":{"confidence_interval":{"confidence_level":0.95,"lower_bound":22468.297920733257,"upper_bound":33637.84539973623},"point_estimate":28287.903105628935,"standard_error":2858.5289165487347}}