{"mean":{"confidence_interval":{"confidence_level":0.95,"lower_bound":-0.0005475227559614279,"upper_bound":0.012352826215995538},"point_estimate":0.005544892094911713,"standard_error":0.0032065065077271646},"median":{"confidence_interval":{"confidence_level":0.95,"lower_bound":0.0004280178598277118,"upper_bound":0.010516250125188753},"point_estimate":0.004859229113677532,"standard_error":0.0026178279987917196}}