{"mean":{"confidence_interval":{"confidence_level":0.95,"lower_bound":-0.03037934859205715,"upper_bound":-0.017998954767824996},"point_estimate":-0.0241527052216699,"standard_error":0.0031832689321454393},"median":{"confidence_interval":{"confidence_level":0.95,"lower_bound":-0.024034906064042127,"upper_bound":-0.013200378542678304},"point_estimate":-0.01918214374496252,"standard_error":0.002615812999569723}}