{"mean":{"confidence_interval":{"confidence_level":0.95,"lower_bound":7157690.1641428545,"upper_bound":7215290.439214285},"point_estimate":7186065.250000001,"standard_error":14727.509925669005},"median":{"confidence_interval":{"confidence_level":0.95,"lower_bound":7143005.571428571,"upper_bound":7201970.857142857},"point_estimate":7173948.928571429,"standard_error":15435.319268558846},"median_abs_dev":{"confidence_interval":{"confidence_level":0.95,"lower_bound":95057.3209123948,"upper_bound":167780.4884238012},"point_estimate":131021.59567390189,"standard_error":19188.782534405083},"slope":null,"std_dev":{"confidence_interval":{"confidence_level":0.95,"lower_bound":121809.84708374164,"upper_bound":170795.93806100602},"point_estimate":147337.8650679108,"standard_error":12603.95520033937}}