{"mean":{"confidence_interval":{"confidence_level":0.95,"lower_bound":5333028.526638886,"upper_bound":5346051.024333332},"point_estimate":5339053.7366666645,"standard_error":3330.50201958808},"median":{"confidence_interval":{"confidence_level":0.95,"lower_bound":5329400.666666666,"upper_bound":5335655.111111111},"point_estimate":5331676.0,"standard_error":1987.9058099220472},"median_abs_dev":{"confidence_interval":{"confidence_level":0.95,"lower_bound":9389.305633306503,"upper_bound":19097.287894288776},"point_estimate":12724.74374075769,"standard_error":2544.3546016411706},"slope":null,"std_dev":{"confidence_interval":{"confidence_level":0.95,"lower_bound":20108.26588765391,"upper_bound":44726.63303654825},"point_estimate":33420.51688023581,"standard_error":6275.502457888118}}