{"mean":{"confidence_interval":{"confidence_level":0.95,"lower_bound":5317486.373472222,"upper_bound":5337011.3903055545},"point_estimate":5326442.002222223,"standard_error":5004.234575730306},"median":{"confidence_interval":{"confidence_level":0.95,"lower_bound":5307823.888888889,"upper_bound":5316226.777777778},"point_estimate":5312327.888888889,"standard_error":2661.0585995378788},"median_abs_dev":{"confidence_interval":{"confidence_level":0.95,"lower_bound":14633.014640211599,"upper_bound":25661.08744442509},"point_estimate":19415.552688638214,"standard_error":2930.732363684383},"slope":null,"std_dev":{"confidence_interval":{"confidence_level":0.95,"lower_bound":30780.254141304224,"upper_bound":68335.37594895906},"point_estimate":50305.937940141914,"standard_error":9746.20390906908}}