{"mean":{"confidence_interval":{"confidence_level":0.95,"lower_bound":5291748.855055556,"upper_bound":5302381.528277779},"point_estimate":5296701.585555556,"standard_error":2725.3966619878715},"median":{"confidence_interval":{"confidence_level":0.95,"lower_bound":5286625.777777778,"upper_bound":5294049.666666667},"point_estimate":5290558.555555556,"standard_error":2072.1085764528048},"median_abs_dev":{"confidence_interval":{"confidence_level":0.95,"lower_bound":9980.780656139133,"upper_bound":16798.351901769867},"point_estimate":12602.841076254153,"standard_error":1729.292887577862},"slope":null,"std_dev":{"confidence_interval":{"confidence_level":0.95,"lower_bound":17514.273275746335,"upper_bound":36172.12862719754},"point_estimate":27411.198303029276,"standard_error":4803.790052918922}}