{"mean":{"confidence_interval":{"confidence_level":0.95,"lower_bound":7267150.8047857145,"upper_bound":7281756.858892856},"point_estimate":7274223.860000002,"standard_error":3709.5548507480707},"median":{"confidence_interval":{"confidence_level":0.95,"lower_bound":7260500.571428571,"upper_bound":7276139.642857143},"point_estimate":7268829.071428571,"standard_error":3735.5355688907252},"median_abs_dev":{"confidence_interval":{"confidence_level":0.95,"lower_bound":24864.427351068192,"upper_bound":40593.58727931976},"point_estimate":31695.339937295626,"standard_error":4020.9557323682398},"slope":null,"std_dev":{"confidence_interval":{"confidence_level":0.95,"lower_bound":29231.786688734577,"upper_bound":45637.273783278564},"point_estimate":37278.19338983875,"standard_error":4245.358911121365}}