{"mean":{"confidence_interval":{"confidence_level":0.95,"lower_bound":6898538.13746875,"upper_bound":6912899.20846875},"point_estimate":6905534.75625,"standard_error":3675.2311334488213},"median":{"confidence_interval":{"confidence_level":0.95,"lower_bound":6888641.25,"upper_bound":6904279.25},"point_estimate":6895273.0,"standard_error":4663.423108592944},"median_abs_dev":{"confidence_interval":{"confidence_level":0.95,"lower_bound":20609.622234106064,"upper_bound":37658.13199393451},"point_estimate":30430.364459753036,"standard_error":4441.346065246695},"slope":null,"std_dev":{"confidence_interval":{"confidence_level":0.95,"lower_bound":30384.60767444211,"upper_bound":42461.23850746508},"point_estimate":36898.86590083488,"standard_error":3087.283589685724}}