{"mean":{"confidence_interval":{"confidence_level":0.95,"lower_bound":15500147.305875,"upper_bound":15825896.8074375},"point_estimate":15661085.39,"standard_error":82685.28890775873},"median":{"confidence_interval":{"confidence_level":0.95,"lower_bound":15331895.0,"upper_bound":15723230.375},"point_estimate":15516958.5,"standard_error":110617.96292251445},"median_abs_dev":{"confidence_interval":{"confidence_level":0.95,"lower_bound":589206.9125644863,"upper_bound":996664.3035806715},"point_estimate":869604.9298614264,"standard_error":106049.78034167536},"slope":null,"std_dev":{"confidence_interval":{"confidence_level":0.95,"lower_bound":712373.2846589402,"upper_bound":936517.3871194756},"point_estimate":831179.5355219541,"standard_error":57148.393173300945}}