{"mean":{"confidence_interval":{"confidence_level":0.95,"lower_bound":7025311.7037499985,"upper_bound":7047459.19475},"point_estimate":7035904.608571429,"standard_error":5627.632163121962},"median":{"confidence_interval":{"confidence_level":0.95,"lower_bound":7012210.428571428,"upper_bound":7037455.5},"point_estimate":7023943.142857144,"standard_error":6201.007321836449},"median_abs_dev":{"confidence_interval":{"confidence_level":0.95,"lower_bound":36980.38524346702,"upper_bound":58535.556790785915},"point_estimate":49624.9509189816,"standard_error":5435.180394420569},"slope":null,"std_dev":{"confidence_interval":{"confidence_level":0.95,"lower_bound":43190.2432660495,"upper_bound":69867.77568801027},"point_estimate":56573.479607445835,"standard_error":6882.81179523788}}