{"mean":{"confidence_interval":{"confidence_level":0.95,"lower_bound":6953049.305678569,"upper_bound":6982700.500821431},"point_estimate":6967083.517142857,"standard_error":7565.8693264645935},"median":{"confidence_interval":{"confidence_level":0.95,"lower_bound":6937400.928571429,"upper_bound":6969915.214285715},"point_estimate":6953402.0,"standard_error":8004.004422716357},"median_abs_dev":{"confidence_interval":{"confidence_level":0.95,"lower_bound":48268.9014430551,"upper_bound":76396.04684369983},"point_estimate":61232.64971290336,"standard_error":7490.620834441688},"slope":null,"std_dev":{"confidence_interval":{"confidence_level":0.95,"lower_bound":54398.661102272825,"upper_bound":98361.25797935874},"point_estimate":75758.87804220086,"standard_error":11539.526984408487}}