{"mean":{"confidence_interval":{"confidence_level":0.95,"lower_bound":5297260.555444445,"upper_bound":5309720.536666669},"point_estimate":5303074.423333335,"standard_error":3186.094651520634},"median":{"confidence_interval":{"confidence_level":0.95,"lower_bound":5290318.833333334,"upper_bound":5299008.777777778},"point_estimate":5293648.555555556,"standard_error":2428.4571239995803},"median_abs_dev":{"confidence_interval":{"confidence_level":0.95,"lower_bound":11244.999831195115,"upper_bound":20840.08004501477},"point_estimate":15296.39576176833,"standard_error":2598.9296608471172},"slope":null,"std_dev":{"confidence_interval":{"confidence_level":0.95,"lower_bound":21132.2515683502,"upper_bound":41063.27289767994},"point_estimate":31984.81147854858,"standard_error":5092.996900527739}}