{"mean":{"confidence_interval":{"confidence_level":0.95,"lower_bound":5104881.184900002,"upper_bound":5157281.1741},"point_estimate":5130519.715000001,"standard_error":13361.6419675922},"median":{"confidence_interval":{"confidence_level":0.95,"lower_bound":5046963.9,"upper_bound":5112431.3},"point_estimate":5058980.550000001,"standard_error":19314.93772359191},"median_abs_dev":{"confidence_interval":{"confidence_level":0.95,"lower_bound":48483.539559245386,"upper_bound":138512.347320914},"point_estimate":70229.20402318405,"standard_error":24952.980493187864},"slope":null,"std_dev":{"confidence_interval":{"confidence_level":0.95,"lower_bound":115855.13582284856,"upper_bound":150202.2150604488},"point_estimate":134463.29458623915,"standard_error":8736.520799834167}}