{"mean":{"confidence_interval":{"confidence_level":0.95,"lower_bound":7262763.592500002,"upper_bound":7390085.502642858},"point_estimate":7326014.167142859,"standard_error":32619.749037488502},"median":{"confidence_interval":{"confidence_level":0.95,"lower_bound":7204770.142857143,"upper_bound":7379016.0},"point_estimate":7296078.785714285,"standard_error":40914.26830343467},"median_abs_dev":{"confidence_interval":{"confidence_level":0.95,"lower_bound":255117.75507075505,"upper_bound":442575.3712377165},"point_estimate":347474.73193108966,"standard_error":47050.805471268526},"slope":null,"std_dev":{"confidence_interval":{"confidence_level":0.95,"lower_bound":288078.1454513649,"upper_bound":361559.39548716426},"point_estimate":327270.7125727059,"standard_error":18718.135745667536}}