{"mean":{"confidence_interval":{"confidence_level":0.95,"lower_bound":5400281.4644444445,"upper_bound":5412102.709333334},"point_estimate":5405831.685555556,"standard_error":3020.5338138729976},"median":{"confidence_interval":{"confidence_level":0.95,"lower_bound":5398190.888888888,"upper_bound":5405904.222222222},"point_estimate":5401129.555555556,"standard_error":1805.830133423784},"median_abs_dev":{"confidence_interval":{"confidence_level":0.95,"lower_bound":11332.74709880444,"upper_bound":21393.83525351691},"point_estimate":16230.845578511478,"standard_error":2533.0661679845316},"slope":null,"std_dev":{"confidence_interval":{"confidence_level":0.95,"lower_bound":19800.91809424577,"upper_bound":39932.26940275078},"point_estimate":30304.281421255837,"standard_error":5198.9704591514865}}