{"mean":{"confidence_interval":{"confidence_level":0.95,"lower_bound":8807714.193333335,"upper_bound":8964990.630416665},"point_estimate":8879053.975,"standard_error":40426.263495051},"median":{"confidence_interval":{"confidence_level":0.95,"lower_bound":8715185.5,"upper_bound":8881520.666666666},"point_estimate":8793753.0,"standard_error":47810.212411031825},"median_abs_dev":{"confidence_interval":{"confidence_level":0.95,"lower_bound":187070.11880759103,"upper_bound":296833.3175301547},"point_estimate":231832.67528414726,"standard_error":28329.205914402442},"slope":null,"std_dev":{"confidence_interval":{"confidence_level":0.95,"lower_bound":240919.33713070757,"upper_bound":588339.78435197},"point_estimate":405255.6684781509,"standard_error":104784.93057439316}}