{"mean":{"confidence_interval":{"confidence_level":0.95,"lower_bound":7040659.433785711,"upper_bound":7056721.382535715},"point_estimate":7048607.958571427,"standard_error":4110.108925057001},"median":{"confidence_interval":{"confidence_level":0.95,"lower_bound":7032041.714285715,"upper_bound":7054212.857142857},"point_estimate":7041369.428571428,"standard_error":5842.834986563926},"median_abs_dev":{"confidence_interval":{"confidence_level":0.95,"lower_bound":31336.868443658783,"upper_bound":52845.79346179962},"point_estimate":40952.37647295067,"standard_error":5904.783676419499},"slope":null,"std_dev":{"confidence_interval":{"confidence_level":0.95,"lower_bound":35873.0354572906,"upper_bound":45914.9882352022},"point_estimate":41264.49465967276,"standard_error":2562.8784652762697}}