{"mean":{"confidence_interval":{"confidence_level":0.95,"lower_bound":7134572.08375,"upper_bound":7424278.2679062495},"point_estimate":7276444.39625,"standard_error":73910.23602540928},"median":{"confidence_interval":{"confidence_level":0.95,"lower_bound":6590213.125,"upper_bound":7871539.4375},"point_estimate":7254242.625,"standard_error":585122.0426278757},"median_abs_dev":{"confidence_interval":{"confidence_level":0.95,"lower_bound":106271.09818831086,"upper_bound":1744261.5411456674},"point_estimate":1045553.4083627164,"standard_error":385403.82989865297},"slope":null,"std_dev":{"confidence_interval":{"confidence_level":0.95,"lower_bound":689924.6441993185,"upper_bound":813987.1976539898},"point_estimate":742864.3167637179,"standard_error":34195.33677218097}}