{"mean":{"confidence_interval":{"confidence_level":0.95,"lower_bound":6472600.3221562505,"upper_bound":6497093.8084375},"point_estimate":6482449.31375,"standard_error":6469.881008786992},"median":{"confidence_interval":{"confidence_level":0.95,"lower_bound":6466300.5,"upper_bound":6473962.9375},"point_estimate":6468913.5625,"standard_error":2284.3184854070155},"median_abs_dev":{"confidence_interval":{"confidence_level":0.95,"lower_bound":12380.729067698121,"upper_bound":22331.960940090936},"point_estimate":17738.382060080767,"standard_error":2482.262202052267},"slope":null,"std_dev":{"confidence_interval":{"confidence_level":0.95,"lower_bound":19710.445118022777,"upper_bound":104654.31342516138},"point_estimate":64519.77240068508,"standard_error":26447.37903204613}}