{"mean":{"confidence_interval":{"confidence_level":0.95,"lower_bound":8800106.575,"upper_bound":8875677.430374995},"point_estimate":8834189.778333332,"standard_error":19433.68986723311},"median":{"confidence_interval":{"confidence_level":0.95,"lower_bound":8773413.166666666,"upper_bound":8811242.0},"point_estimate":8791553.75,"standard_error":10206.996013151322},"median_abs_dev":{"confidence_interval":{"confidence_level":0.95,"lower_bound":73329.02404815235,"upper_bound":129230.45605570078},"point_estimate":97443.75972002791,"standard_error":14429.969970206004},"slope":null,"std_dev":{"confidence_interval":{"confidence_level":0.95,"lower_bound":109574.14941908044,"upper_bound":282408.1785317785},"point_estimate":194517.83755144774,"standard_error":48639.57994276413}}