{"mean":{"confidence_interval":{"confidence_level":0.95,"lower_bound":6836652.9925,"upper_bound":6883663.88125},"point_estimate":6859615.11,"standard_error":12015.580707069843},"median":{"confidence_interval":{"confidence_level":0.95,"lower_bound":6791175.0,"upper_bound":6879960.1875},"point_estimate":6831429.5,"standard_error":21014.21143562983},"median_abs_dev":{"confidence_interval":{"confidence_level":0.95,"lower_bound":88475.45070424676,"upper_bound":152291.7426712811},"point_estimate":124989.57149349153,"standard_error":14772.072207953408},"slope":null,"std_dev":{"confidence_interval":{"confidence_level":0.95,"lower_bound":101773.76345822665,"upper_bound":140221.55321554423},"point_estimate":121265.70768599556,"standard_error":9880.754161574458}}