{"mean":{"confidence_interval":{"confidence_level":0.95,"lower_bound":6270333.397249999,"upper_bound":6320328.8352500005},"point_estimate":6295229.69625,"standard_error":12716.957043050912},"median":{"confidence_interval":{"confidence_level":0.95,"lower_bound":6245910.9375,"upper_bound":6348675.3125},"point_estimate":6273456.5,"standard_error":27119.913944895383},"median_abs_dev":{"confidence_interval":{"confidence_level":0.95,"lower_bound":135975.72996094823,"upper_bound":195737.29632496834},"point_estimate":169196.16224616766,"standard_error":15639.85149656213},"slope":null,"std_dev":{"confidence_interval":{"confidence_level":0.95,"lower_bound":116251.91119282751,"upper_bound":137510.58925947052},"point_estimate":127714.91127206014,"standard_error":5453.528606374845}}