{"mean":{"confidence_interval":{"confidence_level":0.95,"lower_bound":6441276.815,"upper_bound":6463595.2125},"point_estimate":6453106.09875,"standard_error":5720.458906100638},"median":{"confidence_interval":{"confidence_level":0.95,"lower_bound":6462302.25,"upper_bound":6470919.625},"point_estimate":6464228.875,"standard_error":2373.9598308590403},"median_abs_dev":{"confidence_interval":{"confidence_level":0.95,"lower_bound":14034.939988330007,"upper_bound":24972.72863164544},"point_estimate":20777.526681125164,"standard_error":3024.7134354224995},"slope":null,"std_dev":{"confidence_interval":{"confidence_level":0.95,"lower_bound":37011.92192246743,"upper_bound":74112.43549526582},"point_estimate":57036.29864779199,"standard_error":9459.60253850043}}