{"mean":{"confidence_interval":{"confidence_level":0.95,"lower_bound":0.0040658405244563154,"upper_bound":0.010576002196171885},"point_estimate":0.007307132505544933,"standard_error":0.001656789084600014},"median":{"confidence_interval":{"confidence_level":0.95,"lower_bound":0.006170200134072434,"upper_bound":0.012369391930438178},"point_estimate":0.009766988304709567,"standard_error":0.0015435101910479013}}