{"mean":{"confidence_interval":{"confidence_level":0.95,"lower_bound":-0.015573797552371052,"upper_bound":-0.009326596106344266},"point_estimate":-0.012421786340354957,"standard_error":0.0015931298556606294},"median":{"confidence_interval":{"confidence_level":0.95,"lower_bound":-0.012110058341368066,"upper_bound":-0.006695858440379565},"point_estimate":-0.009267340101949184,"standard_error":0.0014034326418941954}}