{"mean":{"confidence_interval":{"confidence_level":0.95,"lower_bound":-0.019471580503801118,"upper_bound":-0.012599113476240062},"point_estimate":-0.015880860318440493,"standard_error":0.001756948680645327},"median":{"confidence_interval":{"confidence_level":0.95,"lower_bound":-0.02057164169273351,"upper_bound":-0.014242102537065704},"point_estimate":-0.017265085877625763,"standard_error":0.001646648852348333}}