{"mean":{"confidence_interval":{"confidence_level":0.95,"lower_bound":0.004026406789882903,"upper_bound":0.01315318422461999},"point_estimate":0.00807905566578393,"standard_error":0.002368001002834912},"median":{"confidence_interval":{"confidence_level":0.95,"lower_bound":0.002819773028825745,"upper_bound":0.007725562766632388},"point_estimate":0.005017752219153904,"standard_error":0.0012660828537574113}}