{"mean":{"confidence_interval":{"confidence_level":0.95,"lower_bound":-0.0016242111849372742,"upper_bound":0.00160643070850508},"point_estimate":0.00012914639631400604,"standard_error":0.0008259581958322376},"median":{"confidence_interval":{"confidence_level":0.95,"lower_bound":0.000035486858013245026,"upper_bound":0.0016941523574591777},"point_estimate":0.0008702683319046223,"standard_error":0.00043536809525214867}}