{"mean":{"confidence_interval":{"confidence_level":0.95,"lower_bound":-0.005988689803280172,"upper_bound":0.0012804763221692763},"point_estimate":-0.0023359210013336185,"standard_error":0.0018620655022291118},"median":{"confidence_interval":{"confidence_level":0.95,"lower_bound":-0.004727936436980662,"upper_bound":0.0012157083664832147},"point_estimate":-0.0020016922769344747,"standard_error":0.0015364014710235203}}