{"mean":{"confidence_interval":{"confidence_level":0.95,"lower_bound":-0.00937893789633226,"upper_bound":-0.002634247848329202},"point_estimate":-0.0061296026762492906,"standard_error":0.0017139352217510253},"median":{"confidence_interval":{"confidence_level":0.95,"lower_bound":-0.009903977637827218,"upper_bound":-0.004165094823363344},"point_estimate":-0.007013107740098112,"standard_error":0.001437470657161621}}