{"mean":{"confidence_interval":{"confidence_level":0.95,"lower_bound":-0.0028878742306405964,"upper_bound":7.110177136725709e-6},"point_estimate":-0.0013418836910477072,"standard_error":0.0007404362396913126},"median":{"confidence_interval":{"confidence_level":0.95,"lower_bound":-0.001199374983809176,"upper_bound":0.00008092801085912704},"point_estimate":-0.000539289329220205,"standard_error":0.0003270784941544747}}