{"mean":{"confidence_interval":{"confidence_level":0.95,"lower_bound":0.2651567791680403,"upper_bound":0.2912527733049514},"point_estimate":0.27774082075929485,"standard_error":0.006432743225187728},"median":{"confidence_interval":{"confidence_level":0.95,"lower_bound":0.2571337582042114,"upper_bound":0.27807325279568373},"point_estimate":0.26913950890831484,"standard_error":0.005832994216928942}}