{"mean":{"confidence_interval":{"confidence_level":0.95,"lower_bound":-0.00814371728977156,"upper_bound":-0.0011350051864796012},"point_estimate":-0.004913239650837675,"standard_error":0.0017776424055928033},"median":{"confidence_interval":{"confidence_level":0.95,"lower_bound":-0.009237633559313507,"upper_bound":-0.002205304990132273},"point_estimate":-0.006546892434210916,"standard_error":0.0018777449018230084}}