{"mean":{"confidence_interval":{"confidence_level":0.95,"lower_bound":-0.12579578794639315,"upper_bound":-0.11265911336870697},"point_estimate":-0.11855244869137571,"standard_error":0.0033784830619181545},"median":{"confidence_interval":{"confidence_level":0.95,"lower_bound":-0.11426648223166347,"upper_bound":-0.10842169570665694},"point_estimate":-0.11116692994132038,"standard_error":0.0017003140705784897}}