{"mean":{"confidence_interval":{"confidence_level":0.95,"lower_bound":0.18895078345529348,"upper_bound":0.19429697350705344},"point_estimate":0.19207371488265346,"standard_error":0.0013882404635868972},"median":{"confidence_interval":{"confidence_level":0.95,"lower_bound":0.1916883849785737,"upper_bound":0.19486298555949477},"point_estimate":0.19301371008376367,"standard_error":0.0008534001258660323}}