{"mean":{"confidence_interval":{"confidence_level":0.95,"lower_bound":0.01129065413687665,"upper_bound":0.021088320715454915},"point_estimate":0.01603651477642387,"standard_error":0.002505202098867008},"median":{"confidence_interval":{"confidence_level":0.95,"lower_bound":0.012252419252069213,"upper_bound":0.019173685090296298},"point_estimate":0.015606984464292095,"standard_error":0.0018081773110734801}}