{"mean":{"confidence_interval":{"confidence_level":0.95,"lower_bound":-0.001372817254337993,"upper_bound":0.006039120415737216},"point_estimate":0.002613764044649969,"standard_error":0.0018872609332136886},"median":{"confidence_interval":{"confidence_level":0.95,"lower_bound":-0.00022826188842572925,"upper_bound":0.006177012301467055},"point_estimate":0.003571485649707107,"standard_error":0.0015668891376718556}}