{"mean":{"confidence_interval":{"confidence_level":0.95,"lower_bound":0.0026380779051234263,"upper_bound":0.012344985211648021},"point_estimate":0.007336238482707369,"standard_error":0.002513794183442996},"median":{"confidence_interval":{"confidence_level":0.95,"lower_bound":0.0032804348183417265,"upper_bound":0.007048193811532707},"point_estimate":0.005440646261556603,"standard_error":0.0009491432912984903}}