{"mean":{"confidence_interval":{"confidence_level":0.95,"lower_bound":-0.010836028990591022,"upper_bound":-0.004841718327290865},"point_estimate":-0.0079661872157063,"standard_error":0.0015392718868154575},"median":{"confidence_interval":{"confidence_level":0.95,"lower_bound":-0.012927462227971032,"upper_bound":-0.007679298293493564},"point_estimate":-0.011245706713097658,"standard_error":0.0014049517662537755}}