{"mean":{"confidence_interval":{"confidence_level":0.95,"lower_bound":0.0015538852569231545,"upper_bound":0.011457745706234888},"point_estimate":0.006859184053628953,"standard_error":0.0025361743018238693},"median":{"confidence_interval":{"confidence_level":0.95,"lower_bound":0.0018706704730941937,"upper_bound":0.013529938672424802},"point_estimate":0.006382756684771174,"standard_error":0.002904182253225421}}