{"mean":{"confidence_interval":{"confidence_level":0.95,"lower_bound":-0.0009254598296041787,"upper_bound":0.021192565363920363},"point_estimate":0.008336915093236863,"standard_error":0.006097248217609465},"median":{"confidence_interval":{"confidence_level":0.95,"lower_bound":-0.0024753051569070816,"upper_bound":0.0023574923036965693},"point_estimate":0.00029966516026624923,"standard_error":0.001253945213197948}}