{"mean":{"confidence_interval":{"confidence_level":0.95,"lower_bound":-0.00309657132544939,"upper_bound":0.0009680953540642457},"point_estimate":-0.0009721348035096611,"standard_error":0.0010359870900828007},"median":{"confidence_interval":{"confidence_level":0.95,"lower_bound":0.0014052393164150079,"upper_bound":0.0031351183660208726},"point_estimate":0.0024145074876797956,"standard_error":0.0004519263802165016}}