{"mean":{"confidence_interval":{"confidence_level":0.95,"lower_bound":0.00001014304661448045,"upper_bound":0.001874180640253797},"point_estimate":0.0009260513815754212,"standard_error":0.0004764002914395461},"median":{"confidence_interval":{"confidence_level":0.95,"lower_bound":0.0007970964188686036,"upper_bound":0.0020978235471758033},"point_estimate":0.0015704207172104745,"standard_error":0.0003258044518143673}}