{"mean":{"confidence_interval":{"confidence_level":0.95,"lower_bound":-0.08495193637975208,"upper_bound":-0.05330637153113936},"point_estimate":-0.06762454035248,"standard_error":0.008078747463845383},"median":{"confidence_interval":{"confidence_level":0.95,"lower_bound":-0.06915946621084945,"upper_bound":-0.04722732796665241},"point_estimate":-0.055181638502832864,"standard_error":0.005357081620813077}}