{"mean":{"confidence_interval":{"confidence_level":0.95,"lower_bound":-0.0012738863677659307,"upper_bound":0.00018891217022143358},"point_estimate":-0.0003987097729440947,"standard_error":0.00037912406573797897},"median":{"confidence_interval":{"confidence_level":0.95,"lower_bound":-0.0002843505445178085,"upper_bound":0.0002822380536007252},"point_estimate":0.00007895969970372896,"standard_error":0.00014281620254543757}}