{"mean":{"confidence_interval":{"confidence_level":0.95,"lower_bound":0.0048828565490363135,"upper_bound":0.007416312843437031},"point_estimate":0.006139298134870463,"standard_error":0.0006365357773191365},"median":{"confidence_interval":{"confidence_level":0.95,"lower_bound":0.005448780339277537,"upper_bound":0.006161305336785938},"point_estimate":0.005746091163312039,"standard_error":0.0001849485540148518}}