{"mean":{"confidence_interval":{"confidence_level":0.95,"lower_bound":-0.00923167920585852,"upper_bound":0.007532627345805751},"point_estimate":-0.0020837983039072583,"standard_error":0.004344854594621421},"median":{"confidence_interval":{"confidence_level":0.95,"lower_bound":-0.013281065680293858,"upper_bound":-0.006528545064246494},"point_estimate":-0.010422672370580255,"standard_error":0.0015862875474428849}}