{"mean":{"confidence_interval":{"confidence_level":0.95,"lower_bound":-0.0030099368184803217,"upper_bound":-0.000496795569703876},"point_estimate":-0.001726413827945139,"standard_error":0.0006458251566354188},"median":{"confidence_interval":{"confidence_level":0.95,"lower_bound":-0.0020371828922834956,"upper_bound":-0.0006679103816380983},"point_estimate":-0.001242103612202894,"standard_error":0.00035682980438970135}}