{"mean":{"confidence_interval":{"confidence_level":0.95,"lower_bound":0.05178704424776437,"upper_bound":0.09161920135303452},"point_estimate":0.06743443559048612,"standard_error":0.009853356451168546},"median":{"confidence_interval":{"confidence_level":0.95,"lower_bound":0.04738106393772853,"upper_bound":0.07061943309717345},"point_estimate":0.05462818270242775,"standard_error":0.0061081993775082815}}