{"mean":{"confidence_interval":{"confidence_level":0.95,"lower_bound":-0.16973505459804394,"upper_bound":-0.16865270811095995},"point_estimate":-0.16920281806524773,"standard_error":0.0002795527969868784},"median":{"confidence_interval":{"confidence_level":0.95,"lower_bound":-0.16985135720251576,"upper_bound":-0.16921988318496295},"point_estimate":-0.1695727886477204,"standard_error":0.0001546643964644118}}