{"mean":{"confidence_interval":{"confidence_level":0.95,"lower_bound":-0.018545431261735586,"upper_bound":-0.008417368337842913},"point_estimate":-0.012646789962383886,"standard_error":0.0026065778120289303},"median":{"confidence_interval":{"confidence_level":0.95,"lower_bound":-0.01574380007584253,"upper_bound":-0.00955502844214573},"point_estimate":-0.012904550259894787,"standard_error":0.0016188091880631427}}