{"mean":{"confidence_interval":{"confidence_level":0.95,"lower_bound":-0.010688380744725109,"upper_bound":-0.0030961723556609594},"point_estimate":-0.006666251369940812,"standard_error":0.0019307763235219143},"median":{"confidence_interval":{"confidence_level":0.95,"lower_bound":-0.006627142250414164,"upper_bound":-0.0021041277545680304},"point_estimate":-0.004637556791895814,"standard_error":0.0012222032836028945}}