{"mean":{"confidence_interval":{"confidence_level":0.95,"lower_bound":-0.006055407380140268,"upper_bound":-0.00048794406844167624},"point_estimate":-0.003322855518198664,"standard_error":0.0014132217588610932},"median":{"confidence_interval":{"confidence_level":0.95,"lower_bound":-0.005458208702165068,"upper_bound":-0.0021696472239370844},"point_estimate":-0.0036228778138366335,"standard_error":0.0008429524157922936}}