{"mean":{"confidence_interval":{"confidence_level":0.95,"lower_bound":0.0014630682386296348,"upper_bound":0.008064352636534045},"point_estimate":0.004606388545832063,"standard_error":0.0016557298434891569},"median":{"confidence_interval":{"confidence_level":0.95,"lower_bound":-0.0002053338631456958,"upper_bound":0.006409573054127593},"point_estimate":0.0034853062949515845,"standard_error":0.0016169678095280498}}