{"mean":{"confidence_interval":{"confidence_level":0.95,"lower_bound":-0.0066823725179366075,"upper_bound":0.005294188172174166},"point_estimate":-0.0012433910034360673,"standard_error":0.0030930834107770594},"median":{"confidence_interval":{"confidence_level":0.95,"lower_bound":-0.00822355876380354,"upper_bound":-0.0013249405018028737},"point_estimate":-0.004532701938571138,"standard_error":0.0016957433544111116}}