{"mean":{"confidence_interval":{"confidence_level":0.95,"lower_bound":0.1118388385791297,"upper_bound":0.12381476121320072},"point_estimate":0.11814117315757522,"standard_error":0.003133994423447678},"median":{"confidence_interval":{"confidence_level":0.95,"lower_bound":0.10875380629443106,"upper_bound":0.12560686580152636},"point_estimate":0.11900577433432691,"standard_error":0.005057772253536653}}