{"mean":{"confidence_interval":{"confidence_level":0.95,"lower_bound":-0.016976325470799167,"upper_bound":-0.0009482716348020591},"point_estimate":-0.008240431141302018,"standard_error":0.004099418097918525},"median":{"confidence_interval":{"confidence_level":0.95,"lower_bound":-0.007198997395631457,"upper_bound":-0.0017456362342453957},"point_estimate":-0.003912186784912897,"standard_error":0.0013974766161976874}}