{"mean":{"confidence_interval":{"confidence_level":0.95,"lower_bound":-0.001141549365380821,"upper_bound":0.0014765161842565818},"point_estimate":0.000400014554482242,"standard_error":0.0006865053092852524},"median":{"confidence_interval":{"confidence_level":0.95,"lower_bound":0.0006018492363530914,"upper_bound":0.001579937554452071},"point_estimate":0.001077979483733671,"standard_error":0.00022753655932110066}}