{"mean":{"confidence_interval":{"confidence_level":0.95,"lower_bound":0.07766822578677757,"upper_bound":0.0818290945483296},"point_estimate":0.07954793010416039,"standard_error":0.00104963117977174},"median":{"confidence_interval":{"confidence_level":0.95,"lower_bound":0.07488797713997435,"upper_bound":0.0766852297905809},"point_estimate":0.07580628390702904,"standard_error":0.00045136155658660515}}