{"mean":{"confidence_interval":{"confidence_level":0.95,"lower_bound":-0.0033775918594649993,"upper_bound":0.0026497822285309813},"point_estimate":-0.00010731312387379788,"standard_error":0.0015409907078422374},"median":{"confidence_interval":{"confidence_level":0.95,"lower_bound":0.0006041928966669108,"upper_bound":0.0021213902844774424},"point_estimate":0.0014210282837072707,"standard_error":0.00036122006238856305}}