{"mean":{"confidence_interval":{"confidence_level":0.95,"lower_bound":-0.007874809548157688,"upper_bound":0.0036703294272714105},"point_estimate":-0.0009900568715075497,"standard_error":0.0030285806816260355},"median":{"confidence_interval":{"confidence_level":0.95,"lower_bound":0.001254155387412581,"upper_bound":0.0029682426347312774},"point_estimate":0.002055261529094965,"standard_error":0.00042484214192800183}}