{"mean":{"confidence_interval":{"confidence_level":0.95,"lower_bound":-0.0030499822608110127,"upper_bound":-0.0006389197015377857},"point_estimate":-0.001832471745242703,"standard_error":0.0006142686372091725},"median":{"confidence_interval":{"confidence_level":0.95,"lower_bound":-0.002113899092113014,"upper_bound":-0.0008383429263615783},"point_estimate":-0.001444622674841134,"standard_error":0.0003168044290718214}}