{"mean":{"confidence_interval":{"confidence_level":0.95,"lower_bound":-0.00039613946162626857,"upper_bound":0.008154022373088774},"point_estimate":0.003996647681508758,"standard_error":0.002181629685391683},"median":{"confidence_interval":{"confidence_level":0.95,"lower_bound":0.0013953745369923443,"upper_bound":0.008042127735767401},"point_estimate":0.004402520838978852,"standard_error":0.001702796125421879}}