{"mean":{"confidence_interval":{"confidence_level":0.95,"lower_bound":-0.008839185964880028,"upper_bound":0.003909531611847102},"point_estimate":-0.0015635920825106675,"standard_error":0.0032250778668061657},"median":{"confidence_interval":{"confidence_level":0.95,"lower_bound":-0.0008437756382314719,"upper_bound":0.0006459103607247212},"point_estimate":-0.0000193805734073349,"standard_error":0.0003878243491593466}}