{"mean":{"confidence_interval":{"confidence_level":0.95,"lower_bound":-0.029248996807016574,"upper_bound":-0.021407836461271777},"point_estimate":-0.025511800327200795,"standard_error":0.0020012546888070384},"median":{"confidence_interval":{"confidence_level":0.95,"lower_bound":-0.033928314005953975,"upper_bound":-0.024875461335903237},"point_estimate":-0.028867990637424956,"standard_error":0.0023891647189581687}}