{"mean":{"confidence_interval":{"confidence_level":0.95,"lower_bound":-0.0016524312177173316,"upper_bound":0.0031261291533338283},"point_estimate":0.00041360258598199806,"standard_error":0.0012972709597430872},"median":{"confidence_interval":{"confidence_level":0.95,"lower_bound":-0.0010534347286341728,"upper_bound":-0.0004018565793463269},"point_estimate":-0.0007072576084269366,"standard_error":0.00017046677662779783}}