{"mean":{"confidence_interval":{"confidence_level":0.95,"lower_bound":-0.007751299026097451,"upper_bound":0.00031439928928054086},"point_estimate":-0.0028731744674421744,"standard_error":0.0021322128354979803},"median":{"confidence_interval":{"confidence_level":0.95,"lower_bound":-0.0012448386337534645,"upper_bound":3.1071439878793683e-6},"point_estimate":-0.0005075430535006475,"standard_error":0.00031917526574128655}}