{"mean":{"confidence_interval":{"confidence_level":0.95,"lower_bound":0.01276162411095192,"upper_bound":0.0201556882049119},"point_estimate":0.01698127523879167,"standard_error":0.0018834629943497057},"median":{"confidence_interval":{"confidence_level":0.95,"lower_bound":0.015508797454245321,"upper_bound":0.0192710438392103},"point_estimate":0.017290111377513462,"standard_error":0.0009341030814190917}}