{"mean":{"confidence_interval":{"confidence_level":0.95,"lower_bound":-0.00016473633772424713,"upper_bound":0.007835420439165797},"point_estimate":0.0030844607795452728,"standard_error":0.0022344924980530587},"median":{"confidence_interval":{"confidence_level":0.95,"lower_bound":0.00038058722879341644,"upper_bound":0.0015444257978982634},"point_estimate":0.0010903634882664104,"standard_error":0.00027360552382932704}}