{"mean":{"confidence_interval":{"confidence_level":0.95,"lower_bound":-0.008500530888581147,"upper_bound":-0.004177720031855906},"point_estimate":-0.006316492264884177,"standard_error":0.0011342822645163057},"median":{"confidence_interval":{"confidence_level":0.95,"lower_bound":-0.005363282227611307,"upper_bound":-0.003144943900211583},"point_estimate":-0.004149393096933185,"standard_error":0.0005736350170969146}}