{"mean":{"confidence_interval":{"confidence_level":0.95,"lower_bound":0.1751520979700493,"upper_bound":0.2058886606215652},"point_estimate":0.1880832097817462,"standard_error":0.007979441623524916},"median":{"confidence_interval":{"confidence_level":0.95,"lower_bound":0.1668288974089529,"upper_bound":0.19045814005771633},"point_estimate":0.17850198381923854,"standard_error":0.0058482085195606}}