{"mean":{"confidence_interval":{"confidence_level":0.95,"lower_bound":-0.0035482983005431373,"upper_bound":0.010982138644174126},"point_estimate":0.0047406194910826205,"standard_error":0.003731606721393551},"median":{"confidence_interval":{"confidence_level":0.95,"lower_bound":0.006552921829614755,"upper_bound":0.011641287607256467},"point_estimate":0.009279308885874471,"standard_error":0.0012419498983801847}}