{"mean":{"confidence_interval":{"confidence_level":0.95,"lower_bound":0.003305805926957584,"upper_bound":0.01072156801377192},"point_estimate":0.007068297453291406,"standard_error":0.0018876512986186083},"median":{"confidence_interval":{"confidence_level":0.95,"lower_bound":0.003123585550304231,"upper_bound":0.01099818803583533},"point_estimate":0.008154040486307856,"standard_error":0.0019586154363537066}}