{"mean":{"confidence_interval":{"confidence_level":0.95,"lower_bound":0.005415975343907539,"upper_bound":0.017639727904936783},"point_estimate":0.012288417543632413,"standard_error":0.0031379037376597363},"median":{"confidence_interval":{"confidence_level":0.95,"lower_bound":0.0129537757249778,"upper_bound":0.01753882370590598},"point_estimate":0.015139071426783834,"standard_error":0.0011672420097730883}}