{"mean":{"confidence_interval":{"confidence_level":0.95,"lower_bound":-0.0016115309992458524,"upper_bound":0.00040545133685198026},"point_estimate":-0.0006382078443318839,"standard_error":0.000514683730068821},"median":{"confidence_interval":{"confidence_level":0.95,"lower_bound":-0.0008908103074803941,"upper_bound":0.00008878585986082932},"point_estimate":-0.000372489498365991,"standard_error":0.00024244047852544658}}