{"mean":{"confidence_interval":{"confidence_level":0.95,"lower_bound":-0.018444051701021813,"upper_bound":-0.012923843720445078},"point_estimate":-0.015807276272946647,"standard_error":0.00140714983028694},"median":{"confidence_interval":{"confidence_level":0.95,"lower_bound":-0.01902468508866184,"upper_bound":-0.012731501246296295},"point_estimate":-0.015797883597487905,"standard_error":0.0016245446973906109}}