{"mean":{"confidence_interval":{"confidence_level":0.95,"lower_bound":-0.004166847254025684,"upper_bound":0.006834605755192871},"point_estimate":0.0009603386641598988,"standard_error":0.002803728515850643},"median":{"confidence_interval":{"confidence_level":0.95,"lower_bound":-0.00023453671618978156,"upper_bound":0.00012288607664334705},"point_estimate":-0.000015005674602996955,"standard_error":0.00009075732467569598}}