{"mean":{"confidence_interval":{"confidence_level":0.95,"lower_bound":-0.0027018629148025746,"upper_bound":0.0025927572428663375},"point_estimate":0.00003682034492547004,"standard_error":0.0013195675394299413},"median":{"confidence_interval":{"confidence_level":0.95,"lower_bound":0.00005920173376350313,"upper_bound":0.0004605192136286629},"point_estimate":0.00024801969304788507,"standard_error":0.00010635619386765741}}