{"mean":{"confidence_interval":{"confidence_level":0.95,"lower_bound":-0.002122152655052138,"upper_bound":0.0013310988890151698},"point_estimate":-0.0002336523348426267,"standard_error":0.0008755669095630248},"median":{"confidence_interval":{"confidence_level":0.95,"lower_bound":-0.00029785158893080865,"upper_bound":0.00010701523657963286},"point_estimate":-0.00014904719605723926,"standard_error":0.00010278495802281112}}