{"mean":{"confidence_interval":{"confidence_level":0.95,"lower_bound":-0.013133457674005866,"upper_bound":-0.0006067399182940482},"point_estimate":-0.006484012647838822,"standard_error":0.0032112204076260604},"median":{"confidence_interval":{"confidence_level":0.95,"lower_bound":0.00009526267649784259,"upper_bound":0.0005800049269276739},"point_estimate":0.0003441594543565074,"standard_error":0.00012441779236045032}}