{"mean":{"confidence_interval":{"confidence_level":0.95,"lower_bound":-0.00023734989052497918,"upper_bound":0.0037507972923869364},"point_estimate":0.0014099964363245565,"standard_error":0.001034909769062785},"median":{"confidence_interval":{"confidence_level":0.95,"lower_bound":-0.00021754002051099786,"upper_bound":0.00032387426701130373},"point_estimate":0.000049509016436521947,"standard_error":0.0001410195473534532}}