{"mean":{"confidence_interval":{"confidence_level":0.95,"lower_bound":-0.0016973017150233658,"upper_bound":0.011893039627541938},"point_estimate":0.004811966507495047,"standard_error":0.0034707701466849252},"median":{"confidence_interval":{"confidence_level":0.95,"lower_bound":-0.00041262576523770633,"upper_bound":-8.774804553968174e-6},"point_estimate":-0.00022164614272901506,"standard_error":0.00010875908622213949}}