{"mean":{"confidence_interval":{"confidence_level":0.95,"lower_bound":39832439.229375,"upper_bound":40020115.109625},"point_estimate":39918553.54,"standard_error":47717.89350169462},"median":{"confidence_interval":{"confidence_level":0.95,"lower_bound":39952978.5,"upper_bound":40002354.0},"point_estimate":39980544.0,"standard_error":11702.003318976922},"median_abs_dev":{"confidence_interval":{"confidence_level":0.95,"lower_bound":86075.67732185125,"upper_bound":281882.28519558907},"point_estimate":139907.39976614714,"standard_error":56195.54780760529},"slope":null,"std_dev":{"confidence_interval":{"confidence_level":0.95,"lower_bound":299113.9419663523,"upper_bound":686008.5910612451},"point_estimate":480366.1249951457,"standard_error":111657.38415998733}}