{"mean":{"confidence_interval":{"confidence_level":0.95,"lower_bound":40851403.046000004,"upper_bound":41064159.88925},"point_estimate":40956827.34,"standard_error":54302.02207348932},"median":{"confidence_interval":{"confidence_level":0.95,"lower_bound":40820924.0,"upper_bound":41129314.25},"point_estimate":40953173.25,"standard_error":100390.894902895},"median_abs_dev":{"confidence_interval":{"confidence_level":0.95,"lower_bound":437315.4718860984,"upper_bound":690943.1080833077},"point_estimate":591875.407192111,"standard_error":68357.55734864692},"slope":null,"std_dev":{"confidence_interval":{"confidence_level":0.95,"lower_bound":462523.23547752714,"upper_bound":628342.6479379196},"point_estimate":545949.6829506623,"standard_error":42641.0174368868}}