{"mean":{"confidence_interval":{"confidence_level":0.95,"lower_bound":39806761.995625,"upper_bound":39947988.606249996},"point_estimate":39877379.465,"standard_error":35829.60999802299},"median":{"confidence_interval":{"confidence_level":0.95,"lower_bound":39926828.5,"upper_bound":39973411.25},"point_estimate":39958525.0,"standard_error":12188.308436073614},"median_abs_dev":{"confidence_interval":{"confidence_level":0.95,"lower_bound":88301.80118232965,"upper_bound":190103.1013724946},"point_estimate":123044.30766552687,"standard_error":26134.24904109947},"slope":null,"std_dev":{"confidence_interval":{"confidence_level":0.95,"lower_bound":283543.98473063525,"upper_bound":432861.1649684191},"point_estimate":360205.1803825432,"standard_error":38330.388296585974}}