{"mean":{"confidence_interval":{"confidence_level":0.95,"lower_bound":40812663.038375,"upper_bound":40852009.466375},"point_estimate":40829321.315,"standard_error":10186.820494873613},"median":{"confidence_interval":{"confidence_level":0.95,"lower_bound":40803025.25,"upper_bound":40816641.0},"point_estimate":40807653.75,"standard_error":3411.0124824252302},"median_abs_dev":{"confidence_interval":{"confidence_level":0.95,"lower_bound":20208.208291232586,"upper_bound":35819.61536407471},"point_estimate":25396.196249127388,"standard_error":4241.061549548884},"slope":null,"std_dev":{"confidence_interval":{"confidence_level":0.95,"lower_bound":35302.13569359165,"upper_bound":160363.21474530105},"point_estimate":102450.29492458583,"standard_error":34870.76679975906}}