{"mean":{"confidence_interval":{"confidence_level":0.95,"lower_bound":24654723.733625,"upper_bound":25025170.138625},"point_estimate":24841815.405,"standard_error":94410.92187058057},"median":{"confidence_interval":{"confidence_level":0.95,"lower_bound":24575082.5,"upper_bound":25078097.0},"point_estimate":24907882.5,"standard_error":164574.66101403447},"median_abs_dev":{"confidence_interval":{"confidence_level":0.95,"lower_bound":852617.2900967672,"upper_bound":1281360.7488512993},"point_estimate":1127770.8045780659,"standard_error":119399.98425858445},"slope":null,"std_dev":{"confidence_interval":{"confidence_level":0.95,"lower_bound":803478.6038277864,"upper_bound":1109246.7603378878},"point_estimate":948671.7779367107,"standard_error":79462.95707275292}}