{"mean":{"confidence_interval":{"confidence_level":0.95,"lower_bound":41219872.165625,"upper_bound":41508222.33575},"point_estimate":41357911.38,"standard_error":73197.08307486131},"median":{"confidence_interval":{"confidence_level":0.95,"lower_bound":41047477.5,"upper_bound":41727552.25},"point_estimate":41360902.75,"standard_error":255615.69558850216},"median_abs_dev":{"confidence_interval":{"confidence_level":0.95,"lower_bound":307790.7197356224,"upper_bound":1018742.626413703},"point_estimate":613525.8146077394,"standard_error":191955.88221365368},"slope":null,"std_dev":{"confidence_interval":{"confidence_level":0.95,"lower_bound":538512.7072176479,"upper_bound":972680.7794739731},"point_estimate":735563.6903834402,"standard_error":120423.25017593423}}