{"mean":{"confidence_interval":{"confidence_level":0.95,"lower_bound":40003620.4495,"upper_bound":40049610.31},"point_estimate":40026170.8,"standard_error":11694.490614437136},"median":{"confidence_interval":{"confidence_level":0.95,"lower_bound":39987583.0,"upper_bound":40029497.0},"point_estimate":40003971.25,"standard_error":9559.777683948943},"median_abs_dev":{"confidence_interval":{"confidence_level":0.95,"lower_bound":47089.96971398592,"upper_bound":82909.21442806721},"point_estimate":60428.180377185345,"standard_error":8439.30327476297},"slope":null,"std_dev":{"confidence_interval":{"confidence_level":0.95,"lower_bound":73256.92486974715,"upper_bound":157762.51575448117},"point_estimate":117304.39223538102,"standard_error":21729.715468891165}}