{"mean":{"confidence_interval":{"confidence_level":0.95,"lower_bound":40100568.655125,"upper_bound":40230460.4015},"point_estimate":40158759.31,"standard_error":33354.94678361913},"median":{"confidence_interval":{"confidence_level":0.95,"lower_bound":40025420.0,"upper_bound":40091719.5},"point_estimate":40056731.5,"standard_error":17313.928929011123},"median_abs_dev":{"confidence_interval":{"confidence_level":0.95,"lower_bound":73701.52729153633,"upper_bound":161779.82652783394},"point_estimate":115640.94469696283,"standard_error":23244.533329378562},"slope":null,"std_dev":{"confidence_interval":{"confidence_level":0.95,"lower_bound":182741.69390593685,"upper_bound":491556.1960125427},"point_estimate":335409.04373443377,"standard_error":87776.55003132005}}