{"mean":{"confidence_interval":{"confidence_level":0.95,"lower_bound":-0.011114125443418877,"upper_bound":-0.0056985918606197025},"point_estimate":-0.008302445747602638,"standard_error":0.0013691041768946859},"median":{"confidence_interval":{"confidence_level":0.95,"lower_bound":-0.008628445759226043,"upper_bound":-0.007243894578673652},"point_estimate":-0.007935745637489,"standard_error":0.0003575017634115889}}