{"mean":{"confidence_interval":{"confidence_level":0.95,"lower_bound":0.00846437831397665,"upper_bound":0.014351989350539544},"point_estimate":0.011220698938180007,"standard_error":0.0014973338261423021},"median":{"confidence_interval":{"confidence_level":0.95,"lower_bound":0.005063914400511571,"upper_bound":0.006471753833305227},"point_estimate":0.005715609192674664,"standard_error":0.00035752301824670525}}