{"mean":{"confidence_interval":{"confidence_level":0.95,"lower_bound":-0.006782913082942909,"upper_bound":-0.002581297010371575},"point_estimate":-0.004607363350361049,"standard_error":0.001063134872417142},"median":{"confidence_interval":{"confidence_level":0.95,"lower_bound":-0.0035384080083289415,"upper_bound":-0.0019038811561645774},"point_estimate":-0.0026142910232904715,"standard_error":0.0004117713998705123}}