{"mean":{"confidence_interval":{"confidence_level":0.95,"lower_bound":0.00232672448959182,"upper_bound":0.006215903732820148},"point_estimate":0.00413334283811051,"standard_error":0.0009686175918094008},"median":{"confidence_interval":{"confidence_level":0.95,"lower_bound":0.003957755422729692,"upper_bound":0.00501808620416444},"point_estimate":0.004385913678733644,"standard_error":0.00027289014304894576}}