{"mean":{"confidence_interval":{"confidence_level":0.95,"lower_bound":-0.0014691273955820144,"upper_bound":0.005281177462692994},"point_estimate":0.001620863885076318,"standard_error":0.0017462678223293334},"median":{"confidence_interval":{"confidence_level":0.95,"lower_bound":-0.0007779705005114268,"upper_bound":0.0006106920179509423},"point_estimate":-0.00004713474860118527,"standard_error":0.0003687103967288831}}