{"mean":{"confidence_interval":{"confidence_level":0.95,"lower_bound":-0.013177275299916377,"upper_bound":-0.003971559737372982},"point_estimate":-0.007690074952310333,"standard_error":0.002423117829601475},"median":{"confidence_interval":{"confidence_level":0.95,"lower_bound":-0.005754465266121778,"upper_bound":-0.004549399855006908},"point_estimate":-0.0052783496592356816,"standard_error":0.0003009306966109575}}