{"mean":{"confidence_interval":{"confidence_level":0.95,"lower_bound":-0.002948401943320819,"upper_bound":0.0005794410205502976},"point_estimate":-0.001064189088639922,"standard_error":0.0008939963450723887},"median":{"confidence_interval":{"confidence_level":0.95,"lower_bound":-0.0014005943938660836,"upper_bound":-0.0002988829432666318},"point_estimate":-0.000908557342498395,"standard_error":0.0002826127553360872}}