{"mean":{"confidence_interval":{"confidence_level":0.95,"lower_bound":0.001680507782388485,"upper_bound":0.006706529833435331},"point_estimate":0.00446440443725038,"standard_error":0.0012856863618533262},"median":{"confidence_interval":{"confidence_level":0.95,"lower_bound":0.005015877337188446,"upper_bound":0.0066405133484717105},"point_estimate":0.005869895298856509,"standard_error":0.0004242141951752801}}