{"mean":{"confidence_interval":{"confidence_level":0.95,"lower_bound":0.0026478815934823487,"upper_bound":0.00699538084501518},"point_estimate":0.004894221596461579,"standard_error":0.0010968846380521077},"median":{"confidence_interval":{"confidence_level":0.95,"lower_bound":0.003839546564587959,"upper_bound":0.005809952791256734},"point_estimate":0.005027727912203961,"standard_error":0.0005186552885959128}}