{"mean":{"confidence_interval":{"confidence_level":0.95,"lower_bound":-0.015445092257554917,"upper_bound":-0.009675749284808206},"point_estimate":-0.012351522535282378,"standard_error":0.001476188385585644},"median":{"confidence_interval":{"confidence_level":0.95,"lower_bound":-0.012359872660091753,"upper_bound":-0.004569875518149469},"point_estimate":-0.00754402817516675,"standard_error":0.0017049418744441679}}