{"mean":{"confidence_interval":{"confidence_level":0.95,"lower_bound":-0.003587908450531199,"upper_bound":0.0002455768181777492},"point_estimate":-0.0019271655964087087,"standard_error":0.0009681052508152127},"median":{"confidence_interval":{"confidence_level":0.95,"lower_bound":-0.004333331272117986,"upper_bound":-0.0033807840085291474},"point_estimate":-0.0038389050178969653,"standard_error":0.00022463890297855587}}