{"mean":{"confidence_interval":{"confidence_level":0.95,"lower_bound":-0.00025511557607459654,"upper_bound":0.0014617464081554399},"point_estimate":0.000513345616925065,"standard_error":0.0004389040963073324},"median":{"confidence_interval":{"confidence_level":0.95,"lower_bound":-0.00015283759100603866,"upper_bound":0.00022991415253481584},"point_estimate":0.000029049707464201546,"standard_error":0.00009803144144412412}}