{"mean":{"confidence_interval":{"confidence_level":0.95,"lower_bound":-0.042308101144957644,"upper_bound":-0.02791300322806744},"point_estimate":-0.03452755971597754,"standard_error":0.00384262112954896},"median":{"confidence_interval":{"confidence_level":0.95,"lower_bound":-0.04613823465567224,"upper_bound":-0.023215055797826907},"point_estimate":-0.029501914614104896,"standard_error":0.005796914716153724}}