{"mean":{"confidence_interval":{"confidence_level":0.95,"lower_bound":0.020233937803200375,"upper_bound":0.04810312374412805},"point_estimate":0.03376203633238539,"standard_error":0.007168882078275146},"median":{"confidence_interval":{"confidence_level":0.95,"lower_bound":0.013311494035083138,"upper_bound":0.03716815557328035},"point_estimate":0.02182909540193223,"standard_error":0.006156021902368758}}