{"mean":{"confidence_interval":{"confidence_level":0.95,"lower_bound":0.34693489712610226,"upper_bound":0.3646377593369834},"point_estimate":0.356136405012081,"standard_error":0.004525796988006512},"median":{"confidence_interval":{"confidence_level":0.95,"lower_bound":0.3504047800719896,"upper_bound":0.3690138402952343},"point_estimate":0.35994685565173024,"standard_error":0.004358035925264094}}