{"mean":{"confidence_interval":{"confidence_level":0.95,"lower_bound":-0.014896300806296855,"upper_bound":0.00009993005729038134},"point_estimate":-0.005904740048390922,"standard_error":0.003984418313980885},"median":{"confidence_interval":{"confidence_level":0.95,"lower_bound":-0.00010761203844900091,"upper_bound":0.00024512198006054753},"point_estimate":0.0000968874442619505,"standard_error":0.0000874182119024029}}