{"mean":{"confidence_interval":{"confidence_level":0.95,"lower_bound":-0.00907925422322081,"upper_bound":-0.0006261598890742376},"point_estimate":-0.004180147072008422,"standard_error":0.0022239100391477163},"median":{"confidence_interval":{"confidence_level":0.95,"lower_bound":-0.0022430027294462196,"upper_bound":-0.0017674567929032436},"point_estimate":-0.001977041240672106,"standard_error":0.0001167050282602859}}