{"mean":{"confidence_interval":{"confidence_level":0.95,"lower_bound":-0.2917427407099471,"upper_bound":-0.28816864677429854},"point_estimate":-0.29017058397121576,"standard_error":0.0008998897085726038},"median":{"confidence_interval":{"confidence_level":0.95,"lower_bound":-0.2936116252010218,"upper_bound":-0.290217124965206},"point_estimate":-0.29129734115677597,"standard_error":0.0008525820025706853}}