{"mean":{"confidence_interval":{"confidence_level":0.95,"lower_bound":-0.022905975792185444,"upper_bound":-0.006131334008671701},"point_estimate":-0.01494170661347538,"standard_error":0.004200446708441321},"median":{"confidence_interval":{"confidence_level":0.95,"lower_bound":-0.01658127066409176,"upper_bound":-0.0022984079861713136},"point_estimate":-0.00894777238361033,"standard_error":0.0036376599734519676}}