{"mean":{"confidence_interval":{"confidence_level":0.95,"lower_bound":-0.1932168587495459,"upper_bound":-0.17546382739595198},"point_estimate":-0.185149969559669,"standard_error":0.0045546974263056044},"median":{"confidence_interval":{"confidence_level":0.95,"lower_bound":-0.20704381837717012,"upper_bound":-0.18965092956172575},"point_estimate":-0.19817822719140454,"standard_error":0.004336524699292668}}