{"mean":{"confidence_interval":{"confidence_level":0.95,"lower_bound":0.3067207901727541,"upper_bound":0.3323000233914172},"point_estimate":0.31990110485509704,"standard_error":0.006478462814706609},"median":{"confidence_interval":{"confidence_level":0.95,"lower_bound":0.3124203702637254,"upper_bound":0.3345420928857883},"point_estimate":0.32599814032341756,"standard_error":0.005806532778307725}}