{"mean":{"confidence_interval":{"confidence_level":0.95,"lower_bound":-0.03867964078744284,"upper_bound":0.0008207399829325539},"point_estimate":-0.016639908196298014,"standard_error":0.010073677009887903},"median":{"confidence_interval":{"confidence_level":0.95,"lower_bound":0.00013127360847264846,"upper_bound":0.00048003514206286757},"point_estimate":0.0003507518303049739,"standard_error":0.00008962078941922919}}