{"mean":{"confidence_interval":{"confidence_level":0.95,"lower_bound":-0.010425176826353577,"upper_bound":-0.0031639201589560213},"point_estimate":-0.006616266077090205,"standard_error":0.0018525422456959833},"median":{"confidence_interval":{"confidence_level":0.95,"lower_bound":-0.003276011409684032,"upper_bound":-0.0013276532199414381},"point_estimate":-0.0022213736387965977,"standard_error":0.0004552603448659454}}