{"mean":{"confidence_interval":{"confidence_level":0.95,"lower_bound":-0.1591403873407654,"upper_bound":-0.1497774567072013},"point_estimate":-0.1542500330451848,"standard_error":0.002481187195158024},"median":{"confidence_interval":{"confidence_level":0.95,"lower_bound":-0.15074276120311414,"upper_bound":-0.1451163884421518},"point_estimate":-0.14709661280566455,"standard_error":0.0014059928411617245}}