{"mean":{"confidence_interval":{"confidence_level":0.95,"lower_bound":-0.12065172367658339,"upper_bound":-0.10114258591898825},"point_estimate":-0.1123013860140345,"standard_error":0.004763177682867176},"median":{"confidence_interval":{"confidence_level":0.95,"lower_bound":-0.13036118449133982,"upper_bound":-0.11118372416394093},"point_estimate":-0.12143908515427959,"standard_error":0.004517838941908337}}