{"mean":{"confidence_interval":{"confidence_level":0.95,"lower_bound":-0.0008602666124111638,"upper_bound":0.004855608690168323},"point_estimate":0.0020089760275849855,"standard_error":0.0014463957490525624},"median":{"confidence_interval":{"confidence_level":0.95,"lower_bound":-0.0002048967151309415,"upper_bound":0.002660942551573786},"point_estimate":0.001127347137571455,"standard_error":0.0007404495985829634}}