{"mean":{"confidence_interval":{"confidence_level":0.95,"lower_bound":-0.005429684836498511,"upper_bound":0.00109451263200535},"point_estimate":-0.002223420175042401,"standard_error":0.0016255826118355117},"median":{"confidence_interval":{"confidence_level":0.95,"lower_bound":-0.0004490090736977148,"upper_bound":-0.00004824832877114993},"point_estimate":-0.00025923043820264,"standard_error":0.0001014072171985654}}