{"mean":{"confidence_interval":{"confidence_level":0.95,"lower_bound":0.15995871730476016,"upper_bound":0.1688661983788939},"point_estimate":0.16437360695940506,"standard_error":0.002371226901671448},"median":{"confidence_interval":{"confidence_level":0.95,"lower_bound":0.15821888822354713,"upper_bound":0.1705047683947214},"point_estimate":0.1646753614729275,"standard_error":0.0027733709363232727}}