{"mean":{"confidence_interval":{"confidence_level":0.95,"lower_bound":-0.003398756516148085,"upper_bound":0.0007849197417664211},"point_estimate":-0.0012991787603210403,"standard_error":0.0010091078041029585},"median":{"confidence_interval":{"confidence_level":0.95,"lower_bound":-0.001491198110616659,"upper_bound":-0.0009966228855494926},"point_estimate":-0.0012264425696026926,"standard_error":0.00012973390397743502}}