{"mean":{"confidence_interval":{"confidence_level":0.95,"lower_bound":-0.003052001653035652,"upper_bound":0.002739295486707032},"point_estimate":-0.00009536107630436774,"standard_error":0.0014023705183407015},"median":{"confidence_interval":{"confidence_level":0.95,"lower_bound":-0.00030020443467726476,"upper_bound":0.00008408448736418883},"point_estimate":-0.00013232998986023592,"standard_error":0.0000987445826958596}}