{"mean":{"confidence_interval":{"confidence_level":0.95,"lower_bound":-0.004828147525023089,"upper_bound":0.0016318908184751776},"point_estimate":-0.001237869838993766,"standard_error":0.0016387571619196476},"median":{"confidence_interval":{"confidence_level":0.95,"lower_bound":-0.0002459361605570143,"upper_bound":0.00021213712177603483},"point_estimate":-0.000027709453056412592,"standard_error":0.00011785084061153194}}