{"mean":{"confidence_interval":{"confidence_level":0.95,"lower_bound":0.47456009543882227,"upper_bound":0.5044378611920287},"point_estimate":0.4889014597749921,"standard_error":0.007516095553264792},"median":{"confidence_interval":{"confidence_level":0.95,"lower_bound":0.4598076501249617,"upper_bound":0.47846548221000873},"point_estimate":0.46941794663541403,"standard_error":0.004492322931452869}}