{"mean":{"confidence_interval":{"confidence_level":0.95,"lower_bound":0.002247593508300999,"upper_bound":0.013889848032079839},"point_estimate":0.007418791245962009,"standard_error":0.002973967345421909},"median":{"confidence_interval":{"confidence_level":0.95,"lower_bound":0.00016958952183898646,"upper_bound":0.0005747995840474918},"point_estimate":0.00038116994470649423,"standard_error":0.00010808018731302858}}