{"mean":{"confidence_interval":{"confidence_level":0.95,"lower_bound":-0.07709112146737884,"upper_bound":-0.058281001058751},"point_estimate":-0.06732352778981898,"standard_error":0.0047840466995418785},"median":{"confidence_interval":{"confidence_level":0.95,"lower_bound":-0.0666506879525054,"upper_bound":-0.05077234837815181},"point_estimate":-0.05927880029711874,"standard_error":0.004300847519741656}}