{"mean":{"confidence_interval":{"confidence_level":0.95,"lower_bound":-0.009863205171885847,"upper_bound":0.0008952507948176475},"point_estimate":-0.003028676835010291,"standard_error":0.0031668449243341837},"median":{"confidence_interval":{"confidence_level":0.95,"lower_bound":-0.0000733123570623162,"upper_bound":0.0003392149501456275},"point_estimate":0.00011033920013692189,"standard_error":0.00010151335572842242}}