{"mean":{"confidence_interval":{"confidence_level":0.95,"lower_bound":-0.005237026574662995,"upper_bound":-0.004416985184484055},"point_estimate":-0.004834004116707535,"standard_error":0.00021208697513865578},"median":{"confidence_interval":{"confidence_level":0.95,"lower_bound":-0.005124323954899923,"upper_bound":-0.004792552642021497},"point_estimate":-0.00497855010663617,"standard_error":0.00008151792333635094}}