{"mean":{"confidence_interval":{"confidence_level":0.95,"lower_bound":-0.11166805580590666,"upper_bound":-0.09391044099903416},"point_estimate":-0.1026484729286784,"standard_error":0.004509225820597461},"median":{"confidence_interval":{"confidence_level":0.95,"lower_bound":-0.11385994915347213,"upper_bound":-0.0978371338224373},"point_estimate":-0.10684485997704063,"standard_error":0.004317498613685439}}