{"mean":{"confidence_interval":{"confidence_level":0.95,"lower_bound":-0.10083970987343617,"upper_bound":-0.08825264218140724},"point_estimate":-0.09470263422180192,"standard_error":0.003324366609964902},"median":{"confidence_interval":{"confidence_level":0.95,"lower_bound":-0.10819316154315795,"upper_bound":-0.10215922923019416},"point_estimate":-0.10622703060336103,"standard_error":0.0014911281665475182}}