{"mean":{"confidence_interval":{"confidence_level":0.95,"lower_bound":-0.4252258859472061,"upper_bound":-0.41559107496886316},"point_estimate":-0.42017827240508754,"standard_error":0.0024642384051137057},"median":{"confidence_interval":{"confidence_level":0.95,"lower_bound":-0.4190137891571005,"upper_bound":-0.412391406156429},"point_estimate":-0.41448329854599186,"standard_error":0.00198666157206908}}