{"mean":{"confidence_interval":{"confidence_level":0.95,"lower_bound":0.27822693998725767,"upper_bound":0.3065440858958774},"point_estimate":0.2928206042780901,"standard_error":0.007215007744678506},"median":{"confidence_interval":{"confidence_level":0.95,"lower_bound":0.2903195218083603,"upper_bound":0.32534667622611235},"point_estimate":0.3087541239700291,"standard_error":0.008984358339384463}}