{"mean":{"confidence_interval":{"confidence_level":0.95,"lower_bound":-0.0009592753302431228,"upper_bound":0.0005431709530117178},"point_estimate":-0.0002252676106435647,"standard_error":0.0003784128303579789},"median":{"confidence_interval":{"confidence_level":0.95,"lower_bound":-0.0004456527036772462,"upper_bound":0.00012747578146954375},"point_estimate":-0.00013598150925631103,"standard_error":0.0001406600409817398}}