{"mean":{"confidence_interval":{"confidence_level":0.95,"lower_bound":-0.004984667625220973,"upper_bound":0.0000791352381492519},"point_estimate":-0.0019787487585852803,"standard_error":0.0013277128614208663},"median":{"confidence_interval":{"confidence_level":0.95,"lower_bound":-0.0004085364577794847,"upper_bound":-0.00011256458796027324},"point_estimate":-0.00026019497578455564,"standard_error":0.00007639531632681486}}