{"mean":{"confidence_interval":{"confidence_level":0.95,"lower_bound":-0.14986268205675,"upper_bound":-0.13918187422281628},"point_estimate":-0.1446541413586333,"standard_error":0.0027834186704246457},"median":{"confidence_interval":{"confidence_level":0.95,"lower_bound":-0.15496274132129906,"upper_bound":-0.14596411724929947},"point_estimate":-0.1509999130212909,"standard_error":0.002226758268869862}}