{"mean":{"confidence_interval":{"confidence_level":0.95,"lower_bound":-0.014028154515553518,"upper_bound":-0.010265232792594392},"point_estimate":-0.0121225095198082,"standard_error":0.000935071680955068},"median":{"confidence_interval":{"confidence_level":0.95,"lower_bound":-0.013574778414196298,"upper_bound":-0.0124139707393226},"point_estimate":-0.01301656359977088,"standard_error":0.000356368394367736}}