{"mean":{"confidence_interval":{"confidence_level":0.95,"lower_bound":0.19986610877224398,"upper_bound":0.21040010871017054},"point_estimate":0.20563904177829873,"standard_error":0.0026824769296384145},"median":{"confidence_interval":{"confidence_level":0.95,"lower_bound":0.2149659497324694,"upper_bound":0.2157111676567487},"point_estimate":0.21533175017016282,"standard_error":0.00019545760899920876}}