{"mean":{"confidence_interval":{"confidence_level":0.95,"lower_bound":-0.20577685907639723,"upper_bound":-0.19719376310524128},"point_estimate":-0.2015714611249828,"standard_error":0.0022095007356976266},"median":{"confidence_interval":{"confidence_level":0.95,"lower_bound":-0.2053579136346165,"upper_bound":-0.19798737544024458},"point_estimate":-0.20141114178260744,"standard_error":0.0018799687883512863}}