{"mean":{"confidence_interval":{"confidence_level":0.95,"lower_bound":-0.0010157339869490466,"upper_bound":0.003374690152155822},"point_estimate":0.001281944734484064,"standard_error":0.001100928807372782},"median":{"confidence_interval":{"confidence_level":0.95,"lower_bound":0.00012878627506784923,"upper_bound":0.0003578464840714446},"point_estimate":0.00021257460136836492,"standard_error":0.00005861279544864932}}