{"mean":{"confidence_interval":{"confidence_level":0.95,"lower_bound":-0.013990258122884278,"upper_bound":0.00038802144503753954},"point_estimate":-0.005202713966433459,"standard_error":0.003857845956689758},"median":{"confidence_interval":{"confidence_level":0.95,"lower_bound":0.00029329535642341753,"upper_bound":0.0006153380909815485},"point_estimate":0.0004809350742271956,"standard_error":0.00007138801322413201}}