{"mean":{"confidence_interval":{"confidence_level":0.95,"lower_bound":-0.006379283821061343,"upper_bound":0.00013019779598533177},"point_estimate":-0.002940239200562411,"standard_error":0.0016529621711151674},"median":{"confidence_interval":{"confidence_level":0.95,"lower_bound":-0.0001726415604748066,"upper_bound":-0.000018395394088766004},"point_estimate":-0.00010015330725898774,"standard_error":0.000039853418177137896}}