{"mean":{"confidence_interval":{"confidence_level":0.95,"lower_bound":-0.3030098387020061,"upper_bound":-0.2960493677309626},"point_estimate":-0.29943220921413793,"standard_error":0.0017840428506625192},"median":{"confidence_interval":{"confidence_level":0.95,"lower_bound":-0.29823502889170844,"upper_bound":-0.2938838702162634},"point_estimate":-0.29627900013587916,"standard_error":0.0010884005146116658}}