{"mean":{"confidence_interval":{"confidence_level":0.95,"lower_bound":-0.003833776384660514,"upper_bound":0.000729027283233874},"point_estimate":-0.0010440248390389817,"standard_error":0.0012246832811516999},"median":{"confidence_interval":{"confidence_level":0.95,"lower_bound":-0.000047490206848510516,"upper_bound":0.0004738514610780342},"point_estimate":0.00020589495141987157,"standard_error":0.00013642490917673044}}