{"mean":{"confidence_interval":{"confidence_level":0.95,"lower_bound":-0.002687763070712342,"upper_bound":0.0008440596471598225},"point_estimate":-0.0007428497087627051,"standard_error":0.0009040055876651695},"median":{"confidence_interval":{"confidence_level":0.95,"lower_bound":-0.0003096670291166115,"upper_bound":0.00012262941566265617},"point_estimate":-0.00009942295409537394,"standard_error":0.00011028117687541985}}