{"mean":{"confidence_interval":{"confidence_level":0.95,"lower_bound":0.19008047024469832,"upper_bound":0.2008108528604481},"point_estimate":0.19578239401766417,"standard_error":0.0027947265037267543},"median":{"confidence_interval":{"confidence_level":0.95,"lower_bound":0.19298204346637005,"upper_bound":0.20326303359568065},"point_estimate":0.19812799836526218,"standard_error":0.0024285992403195763}}