{"mean":{"confidence_interval":{"confidence_level":0.95,"lower_bound":0.020115506075104927,"upper_bound":0.035825056705143445},"point_estimate":0.027882577271113096,"standard_error":0.0039551407417687135},"median":{"confidence_interval":{"confidence_level":0.95,"lower_bound":0.015081960990980026,"upper_bound":0.02617174313773427},"point_estimate":0.02112317441472955,"standard_error":0.0024792308597474844}}