{"mean":{"confidence_interval":{"confidence_level":0.95,"lower_bound":0.000049112646364824145,"upper_bound":0.04424917809569812},"point_estimate":0.017908854557532328,"standard_error":0.010505162193346969},"median":{"confidence_interval":{"confidence_level":0.95,"lower_bound":-0.00032232449847946487,"upper_bound":0.00009243078992371423},"point_estimate":-0.00016606075163416723,"standard_error":0.00010156122291347041}}