{"mean":{"confidence_interval":{"confidence_level":0.95,"lower_bound":0.19774088595256156,"upper_bound":0.20341716987465977},"point_estimate":0.20076304101131748,"standard_error":0.0014423774413324817},"median":{"confidence_interval":{"confidence_level":0.95,"lower_bound":0.20082336373296306,"upper_bound":0.20482533809016124},"point_estimate":0.20369426677356772,"standard_error":0.0009833926746413842}}