{"mean":{"confidence_interval":{"confidence_level":0.95,"lower_bound":-0.01228941321875492,"upper_bound":0.004935084831905539},"point_estimate":-0.0024385362484736772,"standard_error":0.004423057786394631},"median":{"confidence_interval":{"confidence_level":0.95,"lower_bound":0.00006427656396164609,"upper_bound":0.0005051823323614091},"point_estimate":0.00026896302393231153,"standard_error":0.00012020571607818956}}