{"mean":{"confidence_interval":{"confidence_level":0.95,"lower_bound":-0.0037012284192834448,"upper_bound":0.002320303932454171},"point_estimate":-0.0005783532094573163,"standard_error":0.0015292688277347252},"median":{"confidence_interval":{"confidence_level":0.95,"lower_bound":-0.0004444394997066281,"upper_bound":-7.904747528986178e-6},"point_estimate":-0.00024636902320263054,"standard_error":0.00011297844557710385}}