{"mean":{"confidence_interval":{"confidence_level":0.95,"lower_bound":-0.17038051070298924,"upper_bound":-0.16667214822877313},"point_estimate":-0.16842960237747895,"standard_error":0.0009507867842608497},"median":{"confidence_interval":{"confidence_level":0.95,"lower_bound":-0.16802696155893226,"upper_bound":-0.16746894664016687},"point_estimate":-0.16779016395928803,"standard_error":0.00014050584772772498}}