{"mean":{"confidence_interval":{"confidence_level":0.95,"lower_bound":-0.1653813252527779,"upper_bound":-0.16188449970417076},"point_estimate":-0.16361716033757234,"standard_error":0.000885908156550558},"median":{"confidence_interval":{"confidence_level":0.95,"lower_bound":-0.16489948689844636,"upper_bound":-0.16445620644983605},"point_estimate":-0.164709102071808,"standard_error":0.00010097533724049241}}