{"mean":{"confidence_interval":{"confidence_level":0.95,"lower_bound":29176931.018125,"upper_bound":29589247.981999997},"point_estimate":29384958.005,"standard_error":105192.53115039396},"median":{"confidence_interval":{"confidence_level":0.95,"lower_bound":29233994.25,"upper_bound":29902044.0},"point_estimate":29424238.25,"standard_error":137969.41728746897},"median_abs_dev":{"confidence_interval":{"confidence_level":0.95,"lower_bound":816351.7920568585,"upper_bound":1220271.3288858533},"point_estimate":885194.8392346501,"standard_error":95024.7782528527},"slope":null,"std_dev":{"confidence_interval":{"confidence_level":0.95,"lower_bound":891495.8097404962,"upper_bound":1208095.7283637528},"point_estimate":1057212.3973741883,"standard_error":80690.28543533658}}