{"mean":{"confidence_interval":{"confidence_level":0.95,"lower_bound":29136946.292625003,"upper_bound":29541475.13775},"point_estimate":29343756.16,"standard_error":102662.6136034584},"median":{"confidence_interval":{"confidence_level":0.95,"lower_bound":29275224.0,"upper_bound":29598152.75},"point_estimate":29357908.0,"standard_error":78314.36326958596},"median_abs_dev":{"confidence_interval":{"confidence_level":0.95,"lower_bound":721442.0427918434,"upper_bound":932082.4340522289},"point_estimate":827036.8900671601,"standard_error":57953.98375838092},"slope":null,"std_dev":{"confidence_interval":{"confidence_level":0.95,"lower_bound":781528.6792325876,"upper_bound":1276309.2178582258},"point_estimate":1031862.3556643642,"standard_error":127053.07563019595}}