{"mean":{"confidence_interval":{"confidence_level":0.95,"lower_bound":111712029.29825,"upper_bound":111859231.03825},"point_estimate":111780436.72,"standard_error":37619.68786518991},"median":{"confidence_interval":{"confidence_level":0.95,"lower_bound":111623164.0,"upper_bound":111762033.0},"point_estimate":111674580.5,"standard_error":35958.829820009916},"median_abs_dev":{"confidence_interval":{"confidence_level":0.95,"lower_bound":154435.6748957187,"upper_bound":264261.78836591536},"point_estimate":203569.87198591232,"standard_error":28007.842656647492},"slope":null,"std_dev":{"confidence_interval":{"confidence_level":0.95,"lower_bound":245345.669013638,"upper_bound":507657.5263177644},"point_estimate":379281.86348222225,"standard_error":68203.92827136249}}