{"mean":{"confidence_interval":{"confidence_level":0.95,"lower_bound":29724252.379,"upper_bound":30103981.98725},"point_estimate":29918378.53,"standard_error":96837.11699742793},"median":{"confidence_interval":{"confidence_level":0.95,"lower_bound":29843217.0,"upper_bound":30379847.5},"point_estimate":29939530.5,"standard_error":164641.84149801667},"median_abs_dev":{"confidence_interval":{"confidence_level":0.95,"lower_bound":777317.5292998552,"upper_bound":1189506.879054531},"point_estimate":900185.7782185078,"standard_error":106778.6812572854},"slope":null,"std_dev":{"confidence_interval":{"confidence_level":0.95,"lower_bound":815238.8813565214,"upper_bound":1108148.6583770346},"point_estimate":969575.5550452071,"standard_error":74717.14239601651}}