{"mean":{"confidence_interval":{"confidence_level":0.95,"lower_bound":112020880.40975,"upper_bound":112302383.82925},"point_estimate":112155229.82,"standard_error":71732.6580250628},"median":{"confidence_interval":{"confidence_level":0.95,"lower_bound":111812149.0,"upper_bound":111978371.0},"point_estimate":111908770.5,"standard_error":38893.4480406779},"median_abs_dev":{"confidence_interval":{"confidence_level":0.95,"lower_bound":289336.0565632582,"upper_bound":533501.7397284508},"point_estimate":432171.96192741394,"standard_error":62850.291500076746},"slope":null,"std_dev":{"confidence_interval":{"confidence_level":0.95,"lower_bound":531386.9881251762,"upper_bound":898795.3092966948},"point_estimate":720267.8658036476,"standard_error":94723.63718357206}}