{"mean":{"confidence_interval":{"confidence_level":0.95,"lower_bound":111744766.49575001,"upper_bound":111857254.51875},"point_estimate":111799448.7,"standard_error":28759.982181159052},"median":{"confidence_interval":{"confidence_level":0.95,"lower_bound":111691390.0,"upper_bound":111838301.5},"point_estimate":111750896.5,"standard_error":38670.81169563536},"median_abs_dev":{"confidence_interval":{"confidence_level":0.95,"lower_bound":221966.7137593031,"upper_bound":354699.4416028261},"point_estimate":281440.47040343285,"standard_error":34816.05810432841},"slope":null,"std_dev":{"confidence_interval":{"confidence_level":0.95,"lower_bound":237774.71213992694,"upper_bound":333517.5113232346},"point_estimate":288114.4161393231,"standard_error":24462.723490984095}}