{"mean":{"confidence_interval":{"confidence_level":0.95,"lower_bound":112336740.35425,"upper_bound":112596834.52425},"point_estimate":112466252.68,"standard_error":66527.11728139495},"median":{"confidence_interval":{"confidence_level":0.95,"lower_bound":112093136.0,"upper_bound":112690269.0},"point_estimate":112578676.0,"standard_error":155398.05053297844},"median_abs_dev":{"confidence_interval":{"confidence_level":0.95,"lower_bound":674311.3942410803,"upper_bound":1007170.1923191547},"point_estimate":895783.1975966692,"standard_error":86647.16730013235},"slope":null,"std_dev":{"confidence_interval":{"confidence_level":0.95,"lower_bound":602392.9711379461,"upper_bound":734551.1117942893},"point_estimate":672620.4882131967,"standard_error":33773.47853817943}}