{"mean":{"confidence_interval":{"confidence_level":0.95,"lower_bound":29336263.395,"upper_bound":29653630.817125},"point_estimate":29498865.75,"standard_error":81035.20973445178},"median":{"confidence_interval":{"confidence_level":0.95,"lower_bound":29581562.5,"upper_bound":29771829.0},"point_estimate":29753259.5,"standard_error":54210.70088523105},"median_abs_dev":{"confidence_interval":{"confidence_level":0.95,"lower_bound":532513.8926322389,"upper_bound":910680.7327821851},"point_estimate":772800.7884800434,"standard_error":102634.49730108576},"slope":null,"std_dev":{"confidence_interval":{"confidence_level":0.95,"lower_bound":662298.296194233,"upper_bound":963757.1901635171},"point_estimate":815531.481866882,"standard_error":77499.87892179027}}