{"mean":{"confidence_interval":{"confidence_level":0.95,"lower_bound":111915905.414,"upper_bound":112102786.809},"point_estimate":112006994.97,"standard_error":47609.2571619296},"median":{"confidence_interval":{"confidence_level":0.95,"lower_bound":111762986.0,"upper_bound":111943399.0},"point_estimate":111845049.5,"standard_error":45262.92864776842},"median_abs_dev":{"confidence_interval":{"confidence_level":0.95,"lower_bound":216308.51921975677,"upper_bound":403421.38323783875},"point_estimate":296199.01184141636,"standard_error":46601.31777468121},"slope":null,"std_dev":{"confidence_interval":{"confidence_level":0.95,"lower_bound":392233.087773305,"upper_bound":547123.3497196859},"point_estimate":476500.4732702337,"standard_error":39455.9126641578}}