{"mean":{"confidence_interval":{"confidence_level":0.95,"lower_bound":170209431.35975,"upper_bound":170390898.63075},"point_estimate":170299829.6,"standard_error":46527.72011285709},"median":{"confidence_interval":{"confidence_level":0.95,"lower_bound":170146559.5,"upper_bound":170371399.5},"point_estimate":170276484.5,"standard_error":71540.54135599048},"median_abs_dev":{"confidence_interval":{"confidence_level":0.95,"lower_bound":348781.64380788803,"upper_bound":591863.5463923216},"point_estimate":456683.0459922552,"standard_error":59399.15887316331},"slope":null,"std_dev":{"confidence_interval":{"confidence_level":0.95,"lower_bound":404621.5297139176,"upper_bound":520998.28752495314},"point_estimate":466331.7575391313,"standard_error":29738.49291807831}}