{"mean":{"confidence_interval":{"confidence_level":0.95,"lower_bound":111875278.54925,"upper_bound":112073774.1},"point_estimate":111969362.7,"standard_error":50854.368902592185},"median":{"confidence_interval":{"confidence_level":0.95,"lower_bound":111756504.0,"upper_bound":111897794.5},"point_estimate":111814512.0,"standard_error":40898.79945334129},"median_abs_dev":{"confidence_interval":{"confidence_level":0.95,"lower_bound":219598.26030135155,"upper_bound":385414.46525752544},"point_estimate":303144.2514181137,"standard_error":45087.65339515911},"slope":null,"std_dev":{"confidence_interval":{"confidence_level":0.95,"lower_bound":360416.37186554243,"upper_bound":648271.1074252314},"point_estimate":512029.80855270044,"standard_error":74107.48922883181}}