{"mean":{"confidence_interval":{"confidence_level":0.95,"lower_bound":179408365.00024998,"upper_bound":179642709.0575},"point_estimate":179525671.57,"standard_error":59550.362799358496},"median":{"confidence_interval":{"confidence_level":0.95,"lower_bound":179387959.0,"upper_bound":179660413.0},"point_estimate":179533325.0,"standard_error":66494.53052584158},"median_abs_dev":{"confidence_interval":{"confidence_level":0.95,"lower_bound":426609.3580211702,"upper_bound":655793.6279073338},"point_estimate":523290.3324097395,"standard_error":58132.72392457438},"slope":null,"std_dev":{"confidence_interval":{"confidence_level":0.95,"lower_bound":505278.50469929125,"upper_bound":680702.46804431},"point_estimate":596958.5716920998,"standard_error":44951.62777165114}}