{"mean":{"confidence_interval":{"confidence_level":0.95,"lower_bound":26235286.328625,"upper_bound":26549320.298750002},"point_estimate":26393564.16,"standard_error":80250.25304848196},"median":{"confidence_interval":{"confidence_level":0.95,"lower_bound":26231865.75,"upper_bound":26637666.5},"point_estimate":26372737.5,"standard_error":105228.33916352215},"median_abs_dev":{"confidence_interval":{"confidence_level":0.95,"lower_bound":569796.8990340829,"upper_bound":993035.4548200965},"point_estimate":828246.6916456819,"standard_error":112225.28559141258},"slope":null,"std_dev":{"confidence_interval":{"confidence_level":0.95,"lower_bound":664226.3358778327,"upper_bound":943924.93979985},"point_estimate":809353.2686809262,"standard_error":71511.71669825917}}