{"mean":{"confidence_interval":{"confidence_level":0.95,"lower_bound":112106280.83825,"upper_bound":112304714.19950001},"point_estimate":112201772.37,"standard_error":50773.12575395558},"median":{"confidence_interval":{"confidence_level":0.95,"lower_bound":111985237.0,"upper_bound":112161446.0},"point_estimate":112060831.5,"standard_error":39113.73608932161},"median_abs_dev":{"confidence_interval":{"confidence_level":0.95,"lower_bound":235265.63552320004,"upper_bound":414096.67755581375},"point_estimate":296924.744528532,"standard_error":44626.39136307452},"slope":null,"std_dev":{"confidence_interval":{"confidence_level":0.95,"lower_bound":393454.66351531673,"upper_bound":625647.6259762123},"point_estimate":510595.11040566646,"standard_error":59914.90408771166}}