{"mean":{"confidence_interval":{"confidence_level":0.95,"lower_bound":112756885.05600001,"upper_bound":113017208.42975},"point_estimate":112879916.2,"standard_error":66444.40910097896},"median":{"confidence_interval":{"confidence_level":0.95,"lower_bound":112693840.0,"upper_bound":112910429.5},"point_estimate":112752900.0,"standard_error":54593.63815165055},"median_abs_dev":{"confidence_interval":{"confidence_level":0.95,"lower_bound":268794.6339279413,"upper_bound":408652.95963495964},"point_estimate":328704.2749643326,"standard_error":35328.04356615618},"slope":null,"std_dev":{"confidence_interval":{"confidence_level":0.95,"lower_bound":446731.50399303465,"upper_bound":906041.2398294259},"point_estimate":669752.9219637716,"standard_error":122506.48481950891}}