{"mean":{"confidence_interval":{"confidence_level":0.95,"lower_bound":-0.21867032483967966,"upper_bound":-0.19447049784995873},"point_estimate":-0.20632237168711154,"standard_error":0.006173600333747112},"median":{"confidence_interval":{"confidence_level":0.95,"lower_bound":-0.19856330515382192,"upper_bound":-0.1813239736430844},"point_estimate":-0.18916361443909424,"standard_error":0.0040715921103831425}}