{"mean":{"confidence_interval":{"confidence_level":0.95,"lower_bound":0.23596782759256407,"upper_bound":0.27182503613748243},"point_estimate":0.25499834653065845,"standard_error":0.009095461965677924},"median":{"confidence_interval":{"confidence_level":0.95,"lower_bound":0.24613731978509923,"upper_bound":0.266257744477185},"point_estimate":0.2576907017341008,"standard_error":0.005606557386363795}}