{"mean":{"confidence_interval":{"confidence_level":0.95,"lower_bound":0.06286543291761384,"upper_bound":0.07309109975212767},"point_estimate":0.0679775240307352,"standard_error":0.0026103348097324046},"median":{"confidence_interval":{"confidence_level":0.95,"lower_bound":0.06846638507823677,"upper_bound":0.07962595546840222},"point_estimate":0.07416755747443027,"standard_error":0.0027891110038211235}}