{"mean":{"confidence_interval":{"confidence_level":0.95,"lower_bound":0.24273892028173474,"upper_bound":0.2497780827888978},"point_estimate":0.24670661343634093,"standard_error":0.0018180884412299127},"median":{"confidence_interval":{"confidence_level":0.95,"lower_bound":0.24752006891154288,"upper_bound":0.25119080673783567},"point_estimate":0.24868596979607815,"standard_error":0.0009366570104871455}}