{"mean":{"confidence_interval":{"confidence_level":0.95,"lower_bound":0.09679571882958315,"upper_bound":0.1040585333485141},"point_estimate":0.10044295654764879,"standard_error":0.0018541552971311724},"median":{"confidence_interval":{"confidence_level":0.95,"lower_bound":0.09494118951730357,"upper_bound":0.10330419218057907},"point_estimate":0.09885082601785222,"standard_error":0.0021149420538408193}}