{"mean":{"confidence_interval":{"confidence_level":0.95,"lower_bound":0.00032176685131379834,"upper_bound":0.018149683431064184},"point_estimate":0.009325346744302188,"standard_error":0.004521997610007579},"median":{"confidence_interval":{"confidence_level":0.95,"lower_bound":0.005176111243366366,"upper_bound":0.018730534636998142},"point_estimate":0.012763673450686186,"standard_error":0.0035815762537840744}}