{"mean":{"confidence_interval":{"confidence_level":0.95,"lower_bound":-0.009523114574741314,"upper_bound":0.009870039580254413},"point_estimate":0.002647822466983474,"standard_error":0.005587501863376372},"median":{"confidence_interval":{"confidence_level":0.95,"lower_bound":0.005937059654337551,"upper_bound":0.011132429633089247},"point_estimate":0.008085634100074346,"standard_error":0.0013688300513153733}}