{"mean":{"confidence_interval":{"confidence_level":0.95,"lower_bound":-0.028987399766077494,"upper_bound":-0.017654677644926255},"point_estimate":-0.023312734876646535,"standard_error":0.002886256079208521},"median":{"confidence_interval":{"confidence_level":0.95,"lower_bound":-0.02400622431488053,"upper_bound":-0.01025258327956724},"point_estimate":-0.018836548807626974,"standard_error":0.0035725712926429703}}