{"mean":{"confidence_interval":{"confidence_level":0.95,"lower_bound":0.021193619352507964,"upper_bound":0.024311319577795292},"point_estimate":0.022707471950737412,"standard_error":0.0007973790251488102},"median":{"confidence_interval":{"confidence_level":0.95,"lower_bound":0.021965650969354877,"upper_bound":0.025587757687676405},"point_estimate":0.02346393053131668,"standard_error":0.0008990644988959981}}