{"mean":{"confidence_interval":{"confidence_level":0.95,"lower_bound":-0.06127336068628697,"upper_bound":-0.050451004689320844},"point_estimate":-0.0554027501760318,"standard_error":0.0027768640813379806},"median":{"confidence_interval":{"confidence_level":0.95,"lower_bound":-0.05531421841219597,"upper_bound":-0.05032701082681501},"point_estimate":-0.053060864266258556,"standard_error":0.0012907461929922996}}