{"mean":{"confidence_interval":{"confidence_level":0.95,"lower_bound":-0.18226154466773745,"upper_bound":-0.1691353819246864},"point_estimate":-0.17576795136566947,"standard_error":0.0032676742718710855},"median":{"confidence_interval":{"confidence_level":0.95,"lower_bound":-0.187851240049271,"upper_bound":-0.17424929409289294},"point_estimate":-0.1817594011836905,"standard_error":0.0032431701272820066}}