{"mean":{"confidence_interval":{"confidence_level":0.95,"lower_bound":-0.08883603797170057,"upper_bound":-0.08242033627789308},"point_estimate":-0.08563998201144585,"standard_error":0.0016313168488947204},"median":{"confidence_interval":{"confidence_level":0.95,"lower_bound":-0.08899232114369518,"upper_bound":-0.0833672406860495},"point_estimate":-0.08625380465767662,"standard_error":0.0014383781429329673}}