{"mean":{"confidence_interval":{"confidence_level":0.95,"lower_bound":-0.030988043346784126,"upper_bound":-0.026802625366861843},"point_estimate":-0.0287365101460898,"standard_error":0.0010649419840670035},"median":{"confidence_interval":{"confidence_level":0.95,"lower_bound":-0.029453665330049117,"upper_bound":-0.02428556882391064},"point_estimate":-0.026413335232790325,"standard_error":0.0012967621500417322}}