{"mean":{"confidence_interval":{"confidence_level":0.95,"lower_bound":0.06443726409699582,"upper_bound":0.07128713913422868},"point_estimate":0.06806799891560389,"standard_error":0.001757885858853787},"median":{"confidence_interval":{"confidence_level":0.95,"lower_bound":0.0649612297055917,"upper_bound":0.07504193669839498},"point_estimate":0.06996613728307599,"standard_error":0.0028150117604088263}}