{"mean":{"confidence_interval":{"confidence_level":0.95,"lower_bound":-0.02726672164129102,"upper_bound":-0.020552015833482096},"point_estimate":-0.023682435331890406,"standard_error":0.0017044637042964016},"median":{"confidence_interval":{"confidence_level":0.95,"lower_bound":-0.023238073004614668,"upper_bound":-0.018410572190201813},"point_estimate":-0.020562936971544432,"standard_error":0.001224905011255029}}