{"mean":{"confidence_interval":{"confidence_level":0.95,"lower_bound":0.3307773552786726,"upper_bound":0.35151435630368294},"point_estimate":0.34150364018574875,"standard_error":0.004922808079937713},"median":{"confidence_interval":{"confidence_level":0.95,"lower_bound":0.3507502650487828,"upper_bound":0.3608467936808628},"point_estimate":0.3551681683074135,"standard_error":0.0025477397768318044}}