{"mean":{"confidence_interval":{"confidence_level":0.95,"lower_bound":-0.04264584025548266,"upper_bound":-0.03654896063765202},"point_estimate":-0.0396737488262805,"standard_error":0.0015493527457954772},"median":{"confidence_interval":{"confidence_level":0.95,"lower_bound":-0.047128772932718555,"upper_bound":-0.04022098641667205},"point_estimate":-0.04326645551724051,"standard_error":0.0016758988356822522}}