{"mean":{"confidence_interval":{"confidence_level":0.95,"lower_bound":-0.21832691416509764,"upper_bound":-0.21407492910967738},"point_estimate":-0.2162102647978048,"standard_error":0.001090147270006395},"median":{"confidence_interval":{"confidence_level":0.95,"lower_bound":-0.22088337738257424,"upper_bound":-0.2187679122719013},"point_estimate":-0.21991478831895916,"standard_error":0.0005385370009956879}}