{"mean":{"confidence_interval":{"confidence_level":0.95,"lower_bound":-0.0441132146335358,"upper_bound":-0.02599143089394732},"point_estimate":-0.03505350245126082,"standard_error":0.004647882549869375},"median":{"confidence_interval":{"confidence_level":0.95,"lower_bound":-0.03401055632756511,"upper_bound":-0.012613186020454137},"point_estimate":-0.01982453262086037,"standard_error":0.005689877860264259}}