{"mean":{"confidence_interval":{"confidence_level":0.95,"lower_bound":-0.0030557295484740063,"upper_bound":0.004193709072873968},"point_estimate":0.0006041894922146351,"standard_error":0.0018340627365485056},"median":{"confidence_interval":{"confidence_level":0.95,"lower_bound":-0.003390621340246036,"upper_bound":0.004535252909369403},"point_estimate":0.0010538000222970467,"standard_error":0.0020577589892173936}}