{"mean":{"confidence_interval":{"confidence_level":0.95,"lower_bound":0.08059279637156141,"upper_bound":0.09544542553431586},"point_estimate":0.087543140430282,"standard_error":0.003811995216631979},"median":{"confidence_interval":{"confidence_level":0.95,"lower_bound":0.07046722701338015,"upper_bound":0.0832955801589561},"point_estimate":0.07641819892866386,"standard_error":0.0032698046213422}}