{"mean":{"confidence_interval":{"confidence_level":0.95,"lower_bound":-0.0375055110122954,"upper_bound":-0.026356325316810123},"point_estimate":-0.0320236759927045,"standard_error":0.002833192316391007},"median":{"confidence_interval":{"confidence_level":0.95,"lower_bound":-0.03563377108924648,"upper_bound":-0.023280533233618228},"point_estimate":-0.029559446641483578,"standard_error":0.0037289603542257025}}