{"mean":{"confidence_interval":{"confidence_level":0.95,"lower_bound":-0.12130140071165074,"upper_bound":-0.10579310978662704},"point_estimate":-0.11351762109167807,"standard_error":0.003967718857238735},"median":{"confidence_interval":{"confidence_level":0.95,"lower_bound":-0.11314147473753688,"upper_bound":-0.09462752894431514},"point_estimate":-0.10194139791857115,"standard_error":0.00454201358542971}}