{"mean":{"confidence_interval":{"confidence_level":0.95,"lower_bound":-0.08947046008952467,"upper_bound":-0.08205915556909937},"point_estimate":-0.08567220110911122,"standard_error":0.0018748541208153972},"median":{"confidence_interval":{"confidence_level":0.95,"lower_bound":-0.08381666809974275,"upper_bound":-0.07702454045669627},"point_estimate":-0.0790443661640522,"standard_error":0.0016529201264182598}}