{"mean":{"confidence_interval":{"confidence_level":0.95,"lower_bound":-0.10475237202230817,"upper_bound":-0.10329229767353375},"point_estimate":-0.10395541485291204,"standard_error":0.00037374553748957236},"median":{"confidence_interval":{"confidence_level":0.95,"lower_bound":-0.10401108247245339,"upper_bound":-0.10295177077902506},"point_estimate":-0.10342823907504428,"standard_error":0.0002811781878434088}}