{"mean":{"confidence_interval":{"confidence_level":0.95,"lower_bound":-0.0464994963273007,"upper_bound":-0.027280846360992688},"point_estimate":-0.037057058992166714,"standard_error":0.00499057688533955},"median":{"confidence_interval":{"confidence_level":0.95,"lower_bound":-0.013333581230041136,"upper_bound":-0.0052802625149892535},"point_estimate":-0.009074270397184447,"standard_error":0.0017509268692449391}}