{"mean":{"confidence_interval":{"confidence_level":0.95,"lower_bound":-0.05613541201398603,"upper_bound":-0.044764696796828145},"point_estimate":-0.050465513825186714,"standard_error":0.00291169265848173},"median":{"confidence_interval":{"confidence_level":0.95,"lower_bound":-0.05450935733633411,"upper_bound":-0.03858777570817307},"point_estimate":-0.04420347849951667,"standard_error":0.004791047826928564}}