{"mean":{"confidence_interval":{"confidence_level":0.95,"lower_bound":-0.2986091740284557,"upper_bound":-0.2837888643486067},"point_estimate":-0.2911316734785304,"standard_error":0.0037658030071440114},"median":{"confidence_interval":{"confidence_level":0.95,"lower_bound":-0.2909917723964731,"upper_bound":-0.275561335058616},"point_estimate":-0.28425610626186015,"standard_error":0.0038472376956286847}}