{"mean":{"confidence_interval":{"confidence_level":0.95,"lower_bound":-0.034384521160413,"upper_bound":-0.024492462006188723},"point_estimate":-0.02944892930694798,"standard_error":0.0025213356448545604},"median":{"confidence_interval":{"confidence_level":0.95,"lower_bound":-0.032152896701111655,"upper_bound":-0.0209937095902345},"point_estimate":-0.026497207226770736,"standard_error":0.0026669643146306214}}