{"mean":{"confidence_interval":{"confidence_level":0.95,"lower_bound":-0.16382177108363988,"upper_bound":-0.14946076933937566},"point_estimate":-0.15647359670047045,"standard_error":0.003652192371421001},"median":{"confidence_interval":{"confidence_level":0.95,"lower_bound":-0.1600030756343458,"upper_bound":-0.14854077342411198},"point_estimate":-0.15434047400380058,"standard_error":0.0029773699219313764}}