{"mean":{"confidence_interval":{"confidence_level":0.95,"lower_bound":0.1346314524355563,"upper_bound":0.14571301228968422},"point_estimate":0.14095400452774354,"standard_error":0.0027479496255919016},"median":{"confidence_interval":{"confidence_level":0.95,"lower_bound":0.1418015952637488,"upper_bound":0.14847069560684312},"point_estimate":0.14554596057043567,"standard_error":0.0016970487985104956}}