{"mean":{"confidence_interval":{"confidence_level":0.95,"lower_bound":0.04986639382656809,"upper_bound":0.059823612544976035},"point_estimate":0.055002320315951536,"standard_error":0.002534001319436246},"median":{"confidence_interval":{"confidence_level":0.95,"lower_bound":0.04640608984091288,"upper_bound":0.0644680073662196},"point_estimate":0.058709761195362864,"standard_error":0.004907126572049962}}