{"mean":{"confidence_interval":{"confidence_level":0.95,"lower_bound":-0.0878816350755791,"upper_bound":-0.08115378301122267},"point_estimate":-0.08445824151821446,"standard_error":0.0017175772600588036},"median":{"confidence_interval":{"confidence_level":0.95,"lower_bound":-0.08430961535420756,"upper_bound":-0.07602693007673766},"point_estimate":-0.07945657035345532,"standard_error":0.0021751441052693618}}