{"mean":{"confidence_interval":{"confidence_level":0.95,"lower_bound":-0.08964043581905197,"upper_bound":-0.08357450051136671},"point_estimate":-0.08671023524893806,"standard_error":0.001557361851764931},"median":{"confidence_interval":{"confidence_level":0.95,"lower_bound":-0.08923122870507774,"upper_bound":-0.08242014710140344},"point_estimate":-0.08556724745560396,"standard_error":0.0017522150883342007}}