{"mean":{"confidence_interval":{"confidence_level":0.95,"lower_bound":0.16017189077623759,"upper_bound":0.16561410428925485},"point_estimate":0.16289442257537812,"standard_error":0.0013727132707286357},"median":{"confidence_interval":{"confidence_level":0.95,"lower_bound":0.15843604773188047,"upper_bound":0.16444545984382786},"point_estimate":0.16212679699099053,"standard_error":0.0015540064435825974}}