{"mean":{"confidence_interval":{"confidence_level":0.95,"lower_bound":-0.08648087312746866,"upper_bound":-0.07720441403628028},"point_estimate":-0.0817441491561759,"standard_error":0.0023618451222821193},"median":{"confidence_interval":{"confidence_level":0.95,"lower_bound":-0.08487530804925203,"upper_bound":-0.07587587471604251},"point_estimate":-0.0816224561253297,"standard_error":0.0022550137901662824}}