{"mean":{"confidence_interval":{"confidence_level":0.95,"lower_bound":-0.07232028504001807,"upper_bound":-0.05577042650981605},"point_estimate":-0.06476631686192513,"standard_error":0.004218711935796107},"median":{"confidence_interval":{"confidence_level":0.95,"lower_bound":-0.07598152461406382,"upper_bound":-0.05946478024759622},"point_estimate":-0.06992771005518816,"standard_error":0.004237586054576644}}