{"mean":{"confidence_interval":{"confidence_level":0.95,"lower_bound":0.27443598887266235,"upper_bound":0.3090085929341906},"point_estimate":0.2910209070376717,"standard_error":0.008895937837834132},"median":{"confidence_interval":{"confidence_level":0.95,"lower_bound":0.24521136682142752,"upper_bound":0.27441672868049977},"point_estimate":0.25893468101154027,"standard_error":0.007174517176319863}}