{"mean":{"confidence_interval":{"confidence_level":0.95,"lower_bound":0.013862810125210658,"upper_bound":0.045336193186429154},"point_estimate":0.02898776318619789,"standard_error":0.00795194278965966},"median":{"confidence_interval":{"confidence_level":0.95,"lower_bound":0.006449951390878006,"upper_bound":0.0381161305524782},"point_estimate":0.02185689851960415,"standard_error":0.00873988470164799}}