{"mean":{"confidence_interval":{"confidence_level":0.95,"lower_bound":-0.005444755820752101,"upper_bound":0.0010231230148891066},"point_estimate":-0.0024907856284723806,"standard_error":0.00169473913231561},"median":{"confidence_interval":{"confidence_level":0.95,"lower_bound":-0.00942662238783254,"upper_bound":-0.005356617109792089},"point_estimate":-0.008070583956319433,"standard_error":0.0010276101836596261}}