{"mean":{"confidence_interval":{"confidence_level":0.95,"lower_bound":-0.17368048692167715,"upper_bound":-0.168074595385101},"point_estimate":-0.17071378249803126,"standard_error":0.0014490840658101327},"median":{"confidence_interval":{"confidence_level":0.95,"lower_bound":-0.176274391584476,"upper_bound":-0.16741342200087217},"point_estimate":-0.17147201122404465,"standard_error":0.0023196707463364846}}