{"mean":{"confidence_interval":{"confidence_level":0.95,"lower_bound":0.08071459224447829,"upper_bound":0.09292962161598035},"point_estimate":0.08687870527480324,"standard_error":0.0031734739427460835},"median":{"confidence_interval":{"confidence_level":0.95,"lower_bound":0.08201293282497724,"upper_bound":0.08811285648763012},"point_estimate":0.08545129952682595,"standard_error":0.0013881331144032865}}