{"mean":{"confidence_interval":{"confidence_level":0.95,"lower_bound":-0.18698533013514285,"upper_bound":-0.17791291075189608},"point_estimate":-0.18245556676640318,"standard_error":0.002312639135920292},"median":{"confidence_interval":{"confidence_level":0.95,"lower_bound":-0.18353593630202036,"upper_bound":-0.17228266858734853},"point_estimate":-0.17774895112836586,"standard_error":0.0026970378346521757}}