{"mean":{"confidence_interval":{"confidence_level":0.95,"lower_bound":101868.05852162659,"upper_bound":104393.95763785148},"point_estimate":103324.7937693616,"standard_error":654.0984643029036},"median":{"confidence_interval":{"confidence_level":0.95,"lower_bound":104655.2510620915,"upper_bound":105246.0803030303},"point_estimate":105018.48886280647,"standard_error":156.96242941780977},"median_abs_dev":{"confidence_interval":{"confidence_level":0.95,"lower_bound":598.10078474442,"upper_bound":1237.6633113342673},"point_estimate":903.8015697872356,"standard_error":167.71577386235967},"slope":{"confidence_interval":{"confidence_level":0.95,"lower_bound":105265.90127656155,"upper_bound":105766.35285523086},"point_estimate":105476.68207034137,"standard_error":132.34191655768217},"std_dev":{"confidence_interval":{"confidence_level":0.95,"lower_bound":2283.7562968533416,"upper_bound":10307.22435834992},"point_estimate":6588.629559034938,"standard_error":2226.1982993161246}}