{"mean":{"confidence_interval":{"confidence_level":0.95,"lower_bound":68802.37324079502,"upper_bound":70205.9768239233},"point_estimate":69586.24870317597,"standard_error":360.83225879311817},"median":{"confidence_interval":{"confidence_level":0.95,"lower_bound":69593.89381690661,"upper_bound":69866.45061728395},"point_estimate":69683.72093441151,"standard_error":71.01743272742158},"median_abs_dev":{"confidence_interval":{"confidence_level":0.95,"lower_bound":421.30427154597373,"upper_bound":1035.8527503254286},"point_estimate":592.1105755067076,"standard_error":182.8306053225466},"slope":{"confidence_interval":{"confidence_level":0.95,"lower_bound":70017.85822084684,"upper_bound":70575.41373968727},"point_estimate":70288.09046866094,"standard_error":142.29108347190498},"std_dev":{"confidence_interval":{"confidence_level":0.95,"lower_bound":1694.6249096832387,"upper_bound":5445.551538515381},"point_estimate":3619.5700783443112,"standard_error":1029.6011990310506}}