{"mean":{"confidence_interval":{"confidence_level":0.95,"lower_bound":73652.6943031877,"upper_bound":75594.01951393647},"point_estimate":74697.49513179567,"standard_error":497.3867078471882},"median":{"confidence_interval":{"confidence_level":0.95,"lower_bound":74063.99330954505,"upper_bound":74782.79284023668},"point_estimate":74267.2273798024,"standard_error":216.69968994025197},"median_abs_dev":{"confidence_interval":{"confidence_level":0.95,"lower_bound":1140.3072507154109,"upper_bound":2991.8274706160273},"point_estimate":2079.3100752260507,"standard_error":506.93620347176244},"slope":{"confidence_interval":{"confidence_level":0.95,"lower_bound":75551.76435008689,"upper_bound":76862.8037602498},"point_estimate":76184.9931879824,"standard_error":335.45806687649707},"std_dev":{"confidence_interval":{"confidence_level":0.95,"lower_bound":2987.8782242354814,"upper_bound":7099.664332432439},"point_estimate":5004.428243890864,"standard_error":1123.779176522942}}