{"mean":{"confidence_interval":{"confidence_level":0.95,"lower_bound":70189.04293370723,"upper_bound":71661.13813961769},"point_estimate":70949.48306343042,"standard_error":374.17834953492167},"median":{"confidence_interval":{"confidence_level":0.95,"lower_bound":70238.89047619047,"upper_bound":70518.93214285714},"point_estimate":70343.94841836735,"standard_error":73.8056180894437},"median_abs_dev":{"confidence_interval":{"confidence_level":0.95,"lower_bound":523.1302007376,"upper_bound":1178.860633134482},"point_estimate":919.1063536582753,"standard_error":163.2198921468329},"slope":{"confidence_interval":{"confidence_level":0.95,"lower_bound":71084.87971891883,"upper_bound":72245.02867585032},"point_estimate":71630.9605666153,"standard_error":297.04269286681716},"std_dev":{"confidence_interval":{"confidence_level":0.95,"lower_bound":2462.5274014669267,"upper_bound":5076.616800276217},"point_estimate":3771.2620105286273,"standard_error":687.3563100644162}}