{"mean":{"confidence_interval":{"confidence_level":0.95,"lower_bound":68576.62523726666,"upper_bound":69959.75707099291},"point_estimate":69294.3301753673,"standard_error":351.30193344303353},"median":{"confidence_interval":{"confidence_level":0.95,"lower_bound":68295.70188964474,"upper_bound":68622.53846153847},"point_estimate":68404.13786286287,"standard_error":82.806511769948},"median_abs_dev":{"confidence_interval":{"confidence_level":0.95,"lower_bound":498.1152456664892,"upper_bound":1211.9646600071935},"point_estimate":813.6237168055648,"standard_error":188.4789302933282},"slope":{"confidence_interval":{"confidence_level":0.95,"lower_bound":69114.85099396238,"upper_bound":70230.13619862101},"point_estimate":69633.04525215506,"standard_error":285.0851643381008},"std_dev":{"confidence_interval":{"confidence_level":0.95,"lower_bound":2426.264096465108,"upper_bound":4813.9935599953615},"point_estimate":3540.6385796160234,"standard_error":645.7649176571458}}