{"mean":{"confidence_interval":{"confidence_level":0.95,"lower_bound":72698.87645454597,"upper_bound":74386.71521369605},"point_estimate":73600.5463811043,"standard_error":428.49301510601146},"median":{"confidence_interval":{"confidence_level":0.95,"lower_bound":73467.67673048601,"upper_bound":73860.11746031746},"point_estimate":73647.45309641097,"standard_error":95.24282953063137},"median_abs_dev":{"confidence_interval":{"confidence_level":0.95,"lower_bound":530.8434377667189,"upper_bound":1625.5075983077666},"point_estimate":729.4135125584049,"standard_error":270.26897760234453},"slope":{"confidence_interval":{"confidence_level":0.95,"lower_bound":74286.84113958836,"upper_bound":75090.22171267708},"point_estimate":74666.76094154405,"standard_error":205.3829107550062},"std_dev":{"confidence_interval":{"confidence_level":0.95,"lower_bound":2417.350663929544,"upper_bound":6177.076048536761},"point_estimate":4299.67055573665,"standard_error":1008.5271717277822}}