{"mean":{"confidence_interval":{"confidence_level":0.95,"lower_bound":73771.9049374727,"upper_bound":75323.0094965598},"point_estimate":74640.5916742986,"standard_error":397.46925180050175},"median":{"confidence_interval":{"confidence_level":0.95,"lower_bound":74478.69870991254,"upper_bound":74864.12030075188},"point_estimate":74714.88251706933,"standard_error":105.06998570936734},"median_abs_dev":{"confidence_interval":{"confidence_level":0.95,"lower_bound":663.3236638359072,"upper_bound":1532.059599603252},"point_estimate":939.773301806892,"standard_error":213.316674830665},"slope":{"confidence_interval":{"confidence_level":0.95,"lower_bound":75019.40293315264,"upper_bound":75846.28198646777},"point_estimate":75391.45763664,"standard_error":212.14214656399645},"std_dev":{"confidence_interval":{"confidence_level":0.95,"lower_bound":1931.1414134353063,"upper_bound":6059.740462149254},"point_estimate":3990.0158061636157,"standard_error":1186.2348242321013}}