{"mean":{"confidence_interval":{"confidence_level":0.95,"lower_bound":69784.77743134687,"upper_bound":71146.31490060007},"point_estimate":70509.51751625606,"standard_error":347.80346941226816},"median":{"confidence_interval":{"confidence_level":0.95,"lower_bound":69664.02919175333,"upper_bound":70305.9824028462},"point_estimate":69814.60555387409,"standard_error":157.29727336188174},"median_abs_dev":{"confidence_interval":{"confidence_level":0.95,"lower_bound":948.6936018239974,"upper_bound":1974.4968215883152},"point_estimate":1283.4047925996333,"standard_error":254.57023212270727},"slope":{"confidence_interval":{"confidence_level":0.95,"lower_bound":70698.90828227832,"upper_bound":71715.85291686867},"point_estimate":71177.98186028838,"standard_error":260.18630267118607},"std_dev":{"confidence_interval":{"confidence_level":0.95,"lower_bound":2240.2840255531,"upper_bound":4984.603739060259},"point_estimate":3497.173719451981,"standard_error":801.375754475705}}