{"mean":{"confidence_interval":{"confidence_level":0.95,"lower_bound":86324.00747874395,"upper_bound":88058.76759889987},"point_estimate":87317.45974181854,"standard_error":447.4512899599046},"median":{"confidence_interval":{"confidence_level":0.95,"lower_bound":88305.1751231527,"upper_bound":88700.29734848485},"point_estimate":88475.01850414078,"standard_error":100.13522575697034},"median_abs_dev":{"confidence_interval":{"confidence_level":0.95,"lower_bound":462.0912938748178,"upper_bound":907.3692788582136},"point_estimate":719.1300221153709,"standard_error":121.5106858967622},"slope":{"confidence_interval":{"confidence_level":0.95,"lower_bound":88715.6763186974,"upper_bound":88865.03229142638},"point_estimate":88795.58081843259,"standard_error":38.02045171531645},"std_dev":{"confidence_interval":{"confidence_level":0.95,"lower_bound":1580.7169844433336,"upper_bound":6957.592846952164},"point_estimate":4479.881149740357,"standard_error":1489.201571787786}}