{"mean":{"confidence_interval":{"confidence_level":0.95,"lower_bound":69449.41824853737,"upper_bound":70891.89927278968},"point_estimate":70206.532403238,"standard_error":368.30287170311624},"median":{"confidence_interval":{"confidence_level":0.95,"lower_bound":69621.69122807018,"upper_bound":69933.68787878788},"point_estimate":69742.38211640212,"standard_error":83.52782905233997},"median_abs_dev":{"confidence_interval":{"confidence_level":0.95,"lower_bound":483.98690352379464,"upper_bound":1238.8036140250906},"point_estimate":759.0164387747668,"standard_error":206.67665040233481},"slope":{"confidence_interval":{"confidence_level":0.95,"lower_bound":70477.94389057011,"upper_bound":71741.51743723587},"point_estimate":71069.30647593715,"standard_error":323.49781837307484},"std_dev":{"confidence_interval":{"confidence_level":0.95,"lower_bound":2474.8024309176376,"upper_bound":4968.061264377907},"point_estimate":3696.2957606353216,"standard_error":659.1563177469026}}