{"mean":{"confidence_interval":{"confidence_level":0.95,"lower_bound":74248.92842768945,"upper_bound":75944.54640552904},"point_estimate":75159.54493999617,"standard_error":431.28056398860616},"median":{"confidence_interval":{"confidence_level":0.95,"lower_bound":75084.03266178266,"upper_bound":75350.7554945055},"point_estimate":75207.14940072698,"standard_error":70.29530067087222},"median_abs_dev":{"confidence_interval":{"confidence_level":0.95,"lower_bound":571.8053087907418,"upper_bound":1284.21059202403},"point_estimate":791.7500968810411,"standard_error":188.86526762003305},"slope":{"confidence_interval":{"confidence_level":0.95,"lower_bound":75871.31093639649,"upper_bound":77073.72191552109},"point_estimate":76435.62393652454,"standard_error":307.02770899460984},"std_dev":{"confidence_interval":{"confidence_level":0.95,"lower_bound":2383.5400321371826,"upper_bound":6313.456772879562},"point_estimate":4333.971328421671,"standard_error":1072.857903603767}}