{"mean":{"confidence_interval":{"confidence_level":0.95,"lower_bound":73001.50311718509,"upper_bound":74619.60912266305},"point_estimate":73852.81474990294,"standard_error":410.4808209385028},"median":{"confidence_interval":{"confidence_level":0.95,"lower_bound":73786.05102040817,"upper_bound":74088.59572649573},"point_estimate":73903.45462044008,"standard_error":72.27888734415697},"median_abs_dev":{"confidence_interval":{"confidence_level":0.95,"lower_bound":686.1890632772619,"upper_bound":1538.2576799806925},"point_estimate":994.7921431905507,"standard_error":215.77554652401201},"slope":{"confidence_interval":{"confidence_level":0.95,"lower_bound":74444.5304343579,"upper_bound":75192.10579383497},"point_estimate":74799.23061791467,"standard_error":191.56344275354851},"std_dev":{"confidence_interval":{"confidence_level":0.95,"lower_bound":2013.3539174704347,"upper_bound":5958.241517732209},"point_estimate":4117.350994274042,"standard_error":1022.2107423546848}}