{"mean":{"confidence_interval":{"confidence_level":0.95,"lower_bound":73255.7335694182,"upper_bound":74935.77254634348},"point_estimate":74170.53427987553,"standard_error":429.81463362802015},"median":{"confidence_interval":{"confidence_level":0.95,"lower_bound":73908.61876584953,"upper_bound":74303.3469387755},"point_estimate":74119.66716371864,"standard_error":117.32756308749238},"median_abs_dev":{"confidence_interval":{"confidence_level":0.95,"lower_bound":775.7685957999985,"upper_bound":2390.802578206945},"point_estimate":1334.788921405086,"standard_error":421.6288729996712},"slope":{"confidence_interval":{"confidence_level":0.95,"lower_bound":74784.62421016235,"upper_bound":75723.49462814382},"point_estimate":75230.74314058042,"standard_error":239.6538531228071},"std_dev":{"confidence_interval":{"confidence_level":0.95,"lower_bound":2486.5889461977968,"upper_bound":6216.8509441299675},"point_estimate":4315.738720195838,"standard_error":1031.5504524754194}}