{"mean":{"confidence_interval":{"confidence_level":0.95,"lower_bound":85662.13457790982,"upper_bound":87452.33613533252},"point_estimate":86697.12237615639,"standard_error":462.6846399905768},"median":{"confidence_interval":{"confidence_level":0.95,"lower_bound":87638.4465408805,"upper_bound":88084.12703252032},"point_estimate":87880.96934523809,"standard_error":103.20590645265348},"median_abs_dev":{"confidence_interval":{"confidence_level":0.95,"lower_bound":520.214868522551,"upper_bound":984.962171250268},"point_estimate":734.0739397673253,"standard_error":122.40145852399664},"slope":{"confidence_interval":{"confidence_level":0.95,"lower_bound":88122.59814863605,"upper_bound":88268.18041268409},"point_estimate":88201.1625493818,"standard_error":37.12927579372685},"std_dev":{"confidence_interval":{"confidence_level":0.95,"lower_bound":1621.5415907155664,"upper_bound":7309.266900823303},"point_estimate":4662.903953965726,"standard_error":1592.4621827444257}}