{"mean":{"confidence_interval":{"confidence_level":0.95,"lower_bound":68058.32878852218,"upper_bound":69252.46519350226},"point_estimate":68674.98780820284,"standard_error":303.149265211168},"median":{"confidence_interval":{"confidence_level":0.95,"lower_bound":68290.48291925466,"upper_bound":68598.82647384306},"point_estimate":68455.09793758774,"standard_error":74.82687359930932},"median_abs_dev":{"confidence_interval":{"confidence_level":0.95,"lower_bound":476.6601406116658,"upper_bound":982.857117920672},"point_estimate":675.00452786415,"standard_error":128.8835362733975},"slope":{"confidence_interval":{"confidence_level":0.95,"lower_bound":68966.34993405423,"upper_bound":70076.99783284939},"point_estimate":69473.27657307521,"standard_error":283.9843512561416},"std_dev":{"confidence_interval":{"confidence_level":0.95,"lower_bound":2024.6327395604706,"upper_bound":3984.9192838555296},"point_estimate":3039.7474539503646,"standard_error":505.16497206338875}}