{"mean":{"confidence_interval":{"confidence_level":0.95,"lower_bound":72872.27597760489,"upper_bound":74429.98567627207},"point_estimate":73735.44841464798,"standard_error":400.6409382973961},"median":{"confidence_interval":{"confidence_level":0.95,"lower_bound":73586.82055749129,"upper_bound":73941.23883928571},"point_estimate":73744.00275633392,"standard_error":90.18859737222881},"median_abs_dev":{"confidence_interval":{"confidence_level":0.95,"lower_bound":548.5838132967464,"upper_bound":1351.864557176079},"point_estimate":803.9122260848569,"standard_error":214.20009636200572},"slope":{"confidence_interval":{"confidence_level":0.95,"lower_bound":74458.29879749598,"upper_bound":75191.49896356661},"point_estimate":74817.42691823766,"standard_error":187.75124873629758},"std_dev":{"confidence_interval":{"confidence_level":0.95,"lower_bound":2032.4119846967913,"upper_bound":5982.345088425364},"point_estimate":3999.5223953840477,"standard_error":1127.7365513253567}}