{"mean":{"confidence_interval":{"confidence_level":0.95,"lower_bound":70258.62461547166,"upper_bound":71468.41702773298},"point_estimate":70916.67248773304,"standard_error":310.11622946127824},"median":{"confidence_interval":{"confidence_level":0.95,"lower_bound":70807.07841614907,"upper_bound":71108.2843915344},"point_estimate":70916.75709930313,"standard_error":85.10147437516477},"median_abs_dev":{"confidence_interval":{"confidence_level":0.95,"lower_bound":485.84258333243787,"upper_bound":857.4522721702418},"point_estimate":643.2151135032502,"standard_error":91.83386360490924},"slope":{"confidence_interval":{"confidence_level":0.95,"lower_bound":71081.54523114779,"upper_bound":71747.697704224},"point_estimate":71381.97946230657,"standard_error":171.40026238991027},"std_dev":{"confidence_interval":{"confidence_level":0.95,"lower_bound":1602.1823254981448,"upper_bound":4616.093160141981},"point_estimate":3126.3510811270726,"standard_error":825.9250721685265}}