{"mean":{"confidence_interval":{"confidence_level":0.95,"lower_bound":68760.94187571853,"upper_bound":70021.00925440503},"point_estimate":69440.79594041004,"standard_error":320.67057797217205},"median":{"confidence_interval":{"confidence_level":0.95,"lower_bound":68961.699650913,"upper_bound":69327.48954703833},"point_estimate":69139.21976677005,"standard_error":90.00424034861378},"median_abs_dev":{"confidence_interval":{"confidence_level":0.95,"lower_bound":477.1513522431552,"upper_bound":1263.685592605745},"point_estimate":699.2773745486219,"standard_error":223.72038443267675},"slope":{"confidence_interval":{"confidence_level":0.95,"lower_bound":69744.57461220773,"upper_bound":70755.4356503934},"point_estimate":70236.67497477253,"standard_error":258.2925851133727},"std_dev":{"confidence_interval":{"confidence_level":0.95,"lower_bound":1975.7016199361678,"upper_bound":4601.194271648714},"point_estimate":3222.649358254884,"standard_error":739.1253900809659}}