{"mean":{"confidence_interval":{"confidence_level":0.95,"lower_bound":85537.94048552714,"upper_bound":87294.65104349048},"point_estimate":86556.66683322324,"standard_error":455.98900494604334},"median":{"confidence_interval":{"confidence_level":0.95,"lower_bound":87475.15296803653,"upper_bound":87777.87162162163},"point_estimate":87638.13756613756,"standard_error":80.46201638324129},"median_abs_dev":{"confidence_interval":{"confidence_level":0.95,"lower_bound":381.5606590565199,"upper_bound":670.1086900493668},"point_estimate":485.9266047789276,"standard_error":73.1376949236205},"slope":{"confidence_interval":{"confidence_level":0.95,"lower_bound":87732.40910951929,"upper_bound":87892.72123771283},"point_estimate":87813.87893921482,"standard_error":40.684407534328834},"std_dev":{"confidence_interval":{"confidence_level":0.95,"lower_bound":1457.3256251326884,"upper_bound":7257.6676074170555},"point_estimate":4590.904030897546,"standard_error":1632.6006029801197}}