{"mean":{"confidence_interval":{"confidence_level":0.95,"lower_bound":70005.16071171818,"upper_bound":71390.55124820679},"point_estimate":70737.10600503342,"standard_error":353.73074709097443},"median":{"confidence_interval":{"confidence_level":0.95,"lower_bound":70024.128,"upper_bound":70442.77173913043},"point_estimate":70140.08148148148,"standard_error":103.82678218796877},"median_abs_dev":{"confidence_interval":{"confidence_level":0.95,"lower_bound":685.0966145947601,"upper_bound":1817.9600941894125},"point_estimate":1236.328106245232,"standard_error":315.9156370563108},"slope":{"confidence_interval":{"confidence_level":0.95,"lower_bound":71104.25473906354,"upper_bound":72323.19882466107},"point_estimate":71690.93356839565,"standard_error":310.8637546051276},"std_dev":{"confidence_interval":{"confidence_level":0.95,"lower_bound":2393.2161136773343,"upper_bound":4824.723690577536},"point_estimate":3543.778208743173,"standard_error":665.2223514650025}}