{"mean":{"confidence_interval":{"confidence_level":0.95,"lower_bound":72606.72485002963,"upper_bound":74194.83522813967},"point_estimate":73461.64094718143,"standard_error":406.1114526356395},"median":{"confidence_interval":{"confidence_level":0.95,"lower_bound":73295.61611590465,"upper_bound":73701.0142857143},"point_estimate":73470.660543857,"standard_error":106.20650739010458},"median_abs_dev":{"confidence_interval":{"confidence_level":0.95,"lower_bound":603.698835784593,"upper_bound":1921.7514737768183},"point_estimate":901.3427872727265,"standard_error":319.73627671775745},"slope":{"confidence_interval":{"confidence_level":0.95,"lower_bound":74302.2560080864,"upper_bound":75427.33840921498},"point_estimate":74836.39581920665,"standard_error":286.1023716560775},"std_dev":{"confidence_interval":{"confidence_level":0.95,"lower_bound":2370.1601963669555,"upper_bound":5829.893607153777},"point_estimate":4067.607345658052,"standard_error":938.706012848539}}