{"mean":{"confidence_interval":{"confidence_level":0.95,"lower_bound":72800.91208571562,"upper_bound":75768.01545304542},"point_estimate":74193.66042790726,"standard_error":756.0093602612404},"median":{"confidence_interval":{"confidence_level":0.95,"lower_bound":73366.66593406594,"upper_bound":73652.60308170092},"point_estimate":73499.28578686272,"standard_error":69.53218751388198},"median_abs_dev":{"confidence_interval":{"confidence_level":0.95,"lower_bound":512.034715517544,"upper_bound":1135.7084939824504},"point_estimate":694.653046039345,"standard_error":169.06909088127873},"slope":{"confidence_interval":{"confidence_level":0.95,"lower_bound":73890.51116143545,"upper_bound":74586.17487828319},"point_estimate":74207.0201250412,"standard_error":178.462677724179},"std_dev":{"confidence_interval":{"confidence_level":0.95,"lower_bound":3285.5985523888203,"upper_bound":10808.113866600284},"point_estimate":7565.243962435612,"standard_error":1864.6462497001137}}