{"mean":{"confidence_interval":{"confidence_level":0.95,"lower_bound":72686.82578264084,"upper_bound":74139.4928145278},"point_estimate":73474.96404606946,"standard_error":371.6736940195725},"median":{"confidence_interval":{"confidence_level":0.95,"lower_bound":73321.07738095238,"upper_bound":73556.23258779861},"point_estimate":73408.64165464166,"standard_error":66.20418840576599},"median_abs_dev":{"confidence_interval":{"confidence_level":0.95,"lower_bound":509.0965046228143,"upper_bound":2036.2613162733812},"point_estimate":754.7175657268166,"standard_error":388.9475542975295},"slope":{"confidence_interval":{"confidence_level":0.95,"lower_bound":74153.0073400904,"upper_bound":75134.57054943447},"point_estimate":74624.69397095147,"standard_error":251.7089069006493},"std_dev":{"confidence_interval":{"confidence_level":0.95,"lower_bound":2135.267656724893,"upper_bound":5300.56739479695},"point_estimate":3729.9426149909546,"standard_error":842.3048478535059}}