{"mean":{"confidence_interval":{"confidence_level":0.95,"lower_bound":69176.60544157134,"upper_bound":70639.61224710377},"point_estimate":69946.03842012247,"standard_error":372.44917190685754},"median":{"confidence_interval":{"confidence_level":0.95,"lower_bound":69277.16170212766,"upper_bound":69631.33103448276},"point_estimate":69421.2858220211,"standard_error":92.04618215124556},"median_abs_dev":{"confidence_interval":{"confidence_level":0.95,"lower_bound":612.1536419536072,"upper_bound":1622.2035090890208},"point_estimate":992.8396829846741,"standard_error":273.37744065695995},"slope":{"confidence_interval":{"confidence_level":0.95,"lower_bound":70588.96209456581,"upper_bound":71796.79434890185},"point_estimate":71192.59448460667,"standard_error":309.18829842030567},"std_dev":{"confidence_interval":{"confidence_level":0.95,"lower_bound":2487.372483141641,"upper_bound":5091.450551463092},"point_estimate":3746.05717385545,"standard_error":695.5256708072268}}