{"mean":{"confidence_interval":{"confidence_level":0.95,"lower_bound":69082.73874477058,"upper_bound":70379.39192981336},"point_estimate":69765.54182980218,"standard_error":330.36421377519645},"median":{"confidence_interval":{"confidence_level":0.95,"lower_bound":68995.75137844612,"upper_bound":69366.05291447684},"point_estimate":69194.92769864545,"standard_error":103.41193687532794},"median_abs_dev":{"confidence_interval":{"confidence_level":0.95,"lower_bound":681.3318740033038,"upper_bound":2312.1262257443873},"point_estimate":1260.4872021921478,"standard_error":468.4001711269421},"slope":{"confidence_interval":{"confidence_level":0.95,"lower_bound":70168.10618486036,"upper_bound":71478.28207596594},"point_estimate":70797.14012054297,"standard_error":335.5066709070866},"std_dev":{"confidence_interval":{"confidence_level":0.95,"lower_bound":2217.1416883507263,"upper_bound":4623.340602219841},"point_estimate":3322.677167171258,"standard_error":677.2765928179875}}