{"mean":{"confidence_interval":{"confidence_level":0.95,"lower_bound":85627.12045681421,"upper_bound":87399.03911751263},"point_estimate":86652.95753190265,"standard_error":457.380844942092},"median":{"confidence_interval":{"confidence_level":0.95,"lower_bound":87588.2673013923,"upper_bound":87941.82685185185},"point_estimate":87763.66823513366,"standard_error":104.60083625634735},"median_abs_dev":{"confidence_interval":{"confidence_level":0.95,"lower_bound":457.8084444196668,"upper_bound":857.2946963633093},"point_estimate":618.1791845867208,"standard_error":102.29951475774656},"slope":{"confidence_interval":{"confidence_level":0.95,"lower_bound":87994.17331094193,"upper_bound":88132.49400818029},"point_estimate":88065.8807925718,"standard_error":35.301174155248226},"std_dev":{"confidence_interval":{"confidence_level":0.95,"lower_bound":1524.6148515266846,"upper_bound":7223.726217031322},"point_estimate":4623.101131389937,"standard_error":1588.6132422018757}}