{"mean":{"confidence_interval":{"confidence_level":0.95,"lower_bound":52833.650060194566,"upper_bound":52920.42682448605},"point_estimate":52875.66290823473,"standard_error":22.137496017993076},"median":{"confidence_interval":{"confidence_level":0.95,"lower_bound":52809.37434507679,"upper_bound":52893.953145917},"point_estimate":52867.763170823884,"standard_error":25.430090487655065},"median_abs_dev":{"confidence_interval":{"confidence_level":0.95,"lower_bound":132.33084815944073,"upper_bound":235.49292703385203},"point_estimate":179.35289832650625,"standard_error":25.268194966059973},"slope":{"confidence_interval":{"confidence_level":0.95,"lower_bound":52869.57241475491,"upper_bound":52971.475588279856},"point_estimate":52914.98079930381,"standard_error":26.147334511561134},"std_dev":{"confidence_interval":{"confidence_level":0.95,"lower_bound":170.68274370744493,"upper_bound":273.2058087329612},"point_estimate":223.0859984820253,"standard_error":26.267493011616615}}