{"mean":{"confidence_interval":{"confidence_level":0.95,"lower_bound":75753.72044065583,"upper_bound":77570.43524605905},"point_estimate":76612.43853104526,"standard_error":463.7286162139142},"median":{"confidence_interval":{"confidence_level":0.95,"lower_bound":74934.16056910569,"upper_bound":76263.10606060606},"point_estimate":75614.42375,"standard_error":358.85509392046004},"median_abs_dev":{"confidence_interval":{"confidence_level":0.95,"lower_bound":2007.8360734653718,"upper_bound":3492.260531846349},"point_estimate":2887.4799387369876,"standard_error":394.8631877892011},"slope":{"confidence_interval":{"confidence_level":0.95,"lower_bound":74936.45986753146,"upper_bound":76935.72704776206},"point_estimate":75862.67605142604,"standard_error":508.9678601805115},"std_dev":{"confidence_interval":{"confidence_level":0.95,"lower_bound":3248.2899893111103,"upper_bound":5976.677499574065},"point_estimate":4662.301717906636,"standard_error":699.2909550474728}}