{"mean":{"confidence_interval":{"confidence_level":0.95,"lower_bound":52787.620629048804,"upper_bound":52910.5085546045},"point_estimate":52845.05002788957,"standard_error":31.421908854367768},"median":{"confidence_interval":{"confidence_level":0.95,"lower_bound":52765.241622574955,"upper_bound":52843.497805293504},"point_estimate":52799.50975609756,"standard_error":19.7585454686629},"median_abs_dev":{"confidence_interval":{"confidence_level":0.95,"lower_bound":121.25949365709452,"upper_bound":196.12760558298308},"point_estimate":163.20802555075343,"standard_error":19.565902228189692},"slope":{"confidence_interval":{"confidence_level":0.95,"lower_bound":52846.00658750526,"upper_bound":53009.30500489175},"point_estimate":52917.6109429749,"standard_error":41.86670318862922},"std_dev":{"confidence_interval":{"confidence_level":0.95,"lower_bound":204.65619998504155,"upper_bound":407.38580895985035},"point_estimate":315.75130548355054,"standard_error":51.800191191685826}}