{"mean":{"confidence_interval":{"confidence_level":0.95,"lower_bound":59636.2510322449,"upper_bound":59711.90773869093},"point_estimate":59674.203845262724,"standard_error":19.25176600866307},"median":{"confidence_interval":{"confidence_level":0.95,"lower_bound":59647.203007518794,"upper_bound":59740.381493506495},"point_estimate":59695.38559059988,"standard_error":27.588555049141146},"median_abs_dev":{"confidence_interval":{"confidence_level":0.95,"lower_bound":118.23944625200627,"upper_bound":202.52975567485956},"point_estimate":162.8607385743201,"standard_error":21.596395978374552},"slope":{"confidence_interval":{"confidence_level":0.95,"lower_bound":59725.31412788911,"upper_bound":59780.28256334475},"point_estimate":59753.02905022272,"standard_error":14.009763832459637},"std_dev":{"confidence_interval":{"confidence_level":0.95,"lower_bound":156.63854230818222,"upper_bound":231.32922519675552},"point_estimate":194.2642859288708,"standard_error":19.157373036287026}}