{"mean":{"confidence_interval":{"confidence_level":0.95,"lower_bound":85253.22861061523,"upper_bound":86347.93973727497},"point_estimate":85803.26238363098,"standard_error":278.3791082797904},"median":{"confidence_interval":{"confidence_level":0.95,"lower_bound":85174.27394636015,"upper_bound":86170.21296296296},"point_estimate":85811.36897665176,"standard_error":308.69517434759496},"median_abs_dev":{"confidence_interval":{"confidence_level":0.95,"lower_bound":1943.1753914955093,"upper_bound":3073.1238289516564},"point_estimate":2515.3449243571376,"standard_error":283.8811730822264},"slope":{"confidence_interval":{"confidence_level":0.95,"lower_bound":85778.20545796394,"upper_bound":86931.89978823073},"point_estimate":86353.02826806561,"standard_error":292.9690238277344},"std_dev":{"confidence_interval":{"confidence_level":0.95,"lower_bound":2256.6969083178,"upper_bound":3295.2921913549903},"point_estimate":2791.410750491974,"standard_error":265.3557353277568}}