{"mean":{"confidence_interval":{"confidence_level":0.95,"lower_bound":51891.836819975855,"upper_bound":52449.424242415385},"point_estimate":52151.39944156664,"standard_error":142.35996861098135},"median":{"confidence_interval":{"confidence_level":0.95,"lower_bound":52083.15803571428,"upper_bound":52633.917119565216},"point_estimate":52440.38125,"standard_error":152.76674468229496},"median_abs_dev":{"confidence_interval":{"confidence_level":0.95,"lower_bound":436.6538120836669,"upper_bound":1069.2768632280822},"point_estimate":692.4919390753507,"standard_error":161.3717543080463},"slope":{"confidence_interval":{"confidence_level":0.95,"lower_bound":51975.02488453581,"upper_bound":52430.434822007475},"point_estimate":52210.94229939412,"standard_error":116.09921231554331},"std_dev":{"confidence_interval":{"confidence_level":0.95,"lower_bound":894.0851335475459,"upper_bound":2048.0227982333163},"point_estimate":1427.3019692311993,"standard_error":339.8850596182573}}