{"mean":{"confidence_interval":{"confidence_level":0.95,"lower_bound":34934.58900026285,"upper_bound":35248.725336651274},"point_estimate":35067.68854504842,"standard_error":82.21850469432371},"median":{"confidence_interval":{"confidence_level":0.95,"lower_bound":34923.04969114619,"upper_bound":34989.80147058824},"point_estimate":34967.75506072874,"standard_error":16.937074197859573},"median_abs_dev":{"confidence_interval":{"confidence_level":0.95,"lower_bound":109.95748416097145,"upper_bound":209.5810912559853},"point_estimate":151.39793850987476,"standard_error":26.13600490784276},"slope":{"confidence_interval":{"confidence_level":0.95,"lower_bound":35002.67461674773,"upper_bound":35465.176390887005},"point_estimate":35191.72093128417,"standard_error":122.11954782397791},"std_dev":{"confidence_interval":{"confidence_level":0.95,"lower_bound":183.3992489829629,"upper_bound":1270.2229556208035},"point_estimate":827.1404101016483,"standard_error":293.4149256656975}}