{"mean":{"confidence_interval":{"confidence_level":0.95,"lower_bound":52808.92881444786,"upper_bound":53292.038105662825},"point_estimate":52993.47628817259,"standard_error":128.7755361309561},"median":{"confidence_interval":{"confidence_level":0.95,"lower_bound":52728.73653846154,"upper_bound":52821.523916009704},"point_estimate":52788.252198576796,"standard_error":24.346395640134656},"median_abs_dev":{"confidence_interval":{"confidence_level":0.95,"lower_bound":118.94885184557434,"upper_bound":192.14603672176466},"point_estimate":146.04988142821423,"standard_error":19.36908451701917},"slope":{"confidence_interval":{"confidence_level":0.95,"lower_bound":52854.063943795045,"upper_bound":53839.40851975374},"point_estimate":53198.33297177479,"standard_error":280.40187636056214},"std_dev":{"confidence_interval":{"confidence_level":0.95,"lower_bound":238.88496223246074,"upper_bound":2151.8497527656864},"point_estimate":1295.6643482469933,"standard_error":601.0941468975873}}