{"mean":{"confidence_interval":{"confidence_level":0.95,"lower_bound":52861.88952680433,"upper_bound":53056.79662212055},"point_estimate":52943.187776338935,"standard_error":50.50328294019107},"median":{"confidence_interval":{"confidence_level":0.95,"lower_bound":52828.118863049094,"upper_bound":52929.70209311425},"point_estimate":52865.16880764163,"standard_error":26.627277922163913},"median_abs_dev":{"confidence_interval":{"confidence_level":0.95,"lower_bound":167.25378471133703,"upper_bound":271.53128609103203},"point_estimate":217.44689791732222,"standard_error":26.901072337499382},"slope":{"confidence_interval":{"confidence_level":0.95,"lower_bound":52902.40763811539,"upper_bound":53001.43948774028},"point_estimate":52947.10578592188,"standard_error":25.3214558765105},"std_dev":{"confidence_interval":{"confidence_level":0.95,"lower_bound":203.40528329690457,"upper_bound":805.9953507685713},"point_estimate":508.9193482892564,"standard_error":188.09245621126917}}