{"mean":{"confidence_interval":{"confidence_level":0.95,"lower_bound":52737.5004189442,"upper_bound":52830.21438901702},"point_estimate":52778.72944711056,"standard_error":23.623105102770303},"median":{"confidence_interval":{"confidence_level":0.95,"lower_bound":52747.03078982597,"upper_bound":52788.114622201494},"point_estimate":52760.83645702306,"standard_error":10.06170476775698},"median_abs_dev":{"confidence_interval":{"confidence_level":0.95,"lower_bound":76.25267336720772,"upper_bound":136.13108567842903},"point_estimate":110.76761589062193,"standard_error":15.813960665987876},"slope":{"confidence_interval":{"confidence_level":0.95,"lower_bound":52802.627051886346,"upper_bound":52859.14588600595},"point_estimate":52828.18628606144,"standard_error":14.467976132144777},"std_dev":{"confidence_interval":{"confidence_level":0.95,"lower_bound":123.9956809655222,"upper_bound":354.1252003566886},"point_estimate":237.3511451704805,"standard_error":66.06241524787255}}