{"mean":{"confidence_interval":{"confidence_level":0.95,"lower_bound":52743.97651140376,"upper_bound":52812.929668272765},"point_estimate":52777.982179385675,"standard_error":17.566072722069567},"median":{"confidence_interval":{"confidence_level":0.95,"lower_bound":52743.05219609307,"upper_bound":52824.186167635664},"point_estimate":52770.254960317456,"standard_error":25.56381146227959},"median_abs_dev":{"confidence_interval":{"confidence_level":0.95,"lower_bound":124.97494304746904,"upper_bound":210.85042625665736},"point_estimate":179.87472325396158,"standard_error":23.696541350625},"slope":{"confidence_interval":{"confidence_level":0.95,"lower_bound":52803.41532929777,"upper_bound":52853.97445082606},"point_estimate":52828.62026074249,"standard_error":12.924631515868848},"std_dev":{"confidence_interval":{"confidence_level":0.95,"lower_bound":145.39478826295627,"upper_bound":208.27876925399133},"point_estimate":177.17912831233104,"standard_error":16.089852478335775}}