{"mean":{"confidence_interval":{"confidence_level":0.95,"lower_bound":53339.159584689696,"upper_bound":53481.7553208844},"point_estimate":53405.43501711076,"standard_error":36.38782264719522},"median":{"confidence_interval":{"confidence_level":0.95,"lower_bound":53314.05152979066,"upper_bound":53394.0},"point_estimate":53339.72502805837,"standard_error":18.99233502704414},"median_abs_dev":{"confidence_interval":{"confidence_level":0.95,"lower_bound":123.18391258558206,"upper_bound":207.81961949385607},"point_estimate":171.58259701996937,"standard_error":23.167581463155514},"slope":{"confidence_interval":{"confidence_level":0.95,"lower_bound":53406.11317808258,"upper_bound":53576.50176117573},"point_estimate":53482.95389750916,"standard_error":43.708835835218295},"std_dev":{"confidence_interval":{"confidence_level":0.95,"lower_bound":225.51619862671546,"upper_bound":492.0794681260138},"point_estimate":365.3573472074039,"standard_error":68.66772117979673}}