{"mean":{"confidence_interval":{"confidence_level":0.95,"lower_bound":313408.94092214206,"upper_bound":313768.63267424464},"point_estimate":313586.7671842367,"standard_error":91.9205135542635},"median":{"confidence_interval":{"confidence_level":0.95,"lower_bound":313501.1476190476,"upper_bound":313769.8109452736},"point_estimate":313619.997044335,"standard_error":65.96041734331654},"median_abs_dev":{"confidence_interval":{"confidence_level":0.95,"lower_bound":518.3045355680459,"upper_bound":830.1038559334158},"point_estimate":639.7217377223128,"standard_error":76.86808272344307},"slope":{"confidence_interval":{"confidence_level":0.95,"lower_bound":313547.2172340678,"upper_bound":313794.8250734493},"point_estimate":313671.71607408504,"standard_error":63.14557172798473},"std_dev":{"confidence_interval":{"confidence_level":0.95,"lower_bound":717.4245658466335,"upper_bound":1117.8324589676429},"point_estimate":921.4998800586621,"standard_error":102.80705258140351}}