{"mean":{"confidence_interval":{"confidence_level":0.95,"lower_bound":26959.703090947194,"upper_bound":27031.74102470318},"point_estimate":26995.727769289027,"standard_error":18.371748162822346},"median":{"confidence_interval":{"confidence_level":0.95,"lower_bound":26954.37603305785,"upper_bound":27044.416267942583},"point_estimate":27003.774562937062,"standard_error":23.80811677739913},"median_abs_dev":{"confidence_interval":{"confidence_level":0.95,"lower_bound":126.13740023994984,"upper_bound":202.09607824675678},"point_estimate":169.95794098819883,"standard_error":19.564059082628045},"slope":{"confidence_interval":{"confidence_level":0.95,"lower_bound":26981.037988189873,"upper_bound":27077.68633387181},"point_estimate":27027.874811988662,"standard_error":24.72300025342766},"std_dev":{"confidence_interval":{"confidence_level":0.95,"lower_bound":152.34361849609425,"upper_bound":215.51024790482012},"point_estimate":184.84131174067048,"standard_error":16.180369318954426}}