{"mean":{"confidence_interval":{"confidence_level":0.95,"lower_bound":26929.79143402772,"upper_bound":27000.612120048398},"point_estimate":26964.613039098997,"standard_error":18.049085359575916},"median":{"confidence_interval":{"confidence_level":0.95,"lower_bound":26926.968058968057,"upper_bound":26986.173129687217},"point_estimate":26954.615593434344,"standard_error":17.294443944238473},"median_abs_dev":{"confidence_interval":{"confidence_level":0.95,"lower_bound":109.48464573153811,"upper_bound":194.74831967768546},"point_estimate":153.29148593899993,"standard_error":21.199532307837266},"slope":{"confidence_interval":{"confidence_level":0.95,"lower_bound":26941.67040189014,"upper_bound":27028.85774377977},"point_estimate":26982.06769912812,"standard_error":22.27745370439053},"std_dev":{"confidence_interval":{"confidence_level":0.95,"lower_bound":139.49817466147513,"upper_bound":221.95169955755804},"point_estimate":181.56331127464253,"standard_error":21.180041397618304}}