{"mean":{"confidence_interval":{"confidence_level":0.95,"lower_bound":52802.642885100366,"upper_bound":53103.48810040337},"point_estimate":52913.05298844799,"standard_error":86.22354974558135},"median":{"confidence_interval":{"confidence_level":0.95,"lower_bound":52770.26848687808,"upper_bound":52863.241722783394},"point_estimate":52819.165625,"standard_error":20.963566279989383},"median_abs_dev":{"confidence_interval":{"confidence_level":0.95,"lower_bound":122.52954914046009,"upper_bound":198.8602525011518},"point_estimate":156.9657037365573,"standard_error":18.934828556724405},"slope":{"confidence_interval":{"confidence_level":0.95,"lower_bound":52879.6409529857,"upper_bound":53607.903195764826},"point_estimate":53125.56396076548,"standard_error":213.4446463118033},"std_dev":{"confidence_interval":{"confidence_level":0.95,"lower_bound":150.5777743464351,"upper_bound":1465.3273406635738},"point_estimate":864.5667491748554,"standard_error":461.4001531419896}}