{"mean":{"confidence_interval":{"confidence_level":0.95,"lower_bound":52728.195868169605,"upper_bound":53001.037756103826},"point_estimate":52842.447342037216,"standard_error":70.90316182086117},"median":{"confidence_interval":{"confidence_level":0.95,"lower_bound":52691.30303030303,"upper_bound":52760.44673539519},"point_estimate":52731.76610644258,"standard_error":16.95884877216781},"median_abs_dev":{"confidence_interval":{"confidence_level":0.95,"lower_bound":109.99966502368031,"upper_bound":210.9378370819745},"point_estimate":152.7198555584724,"standard_error":25.094253849308135},"slope":{"confidence_interval":{"confidence_level":0.95,"lower_bound":52790.583588674126,"upper_bound":53312.55132196135},"point_estimate":52977.98155985748,"standard_error":144.90044888002808},"std_dev":{"confidence_interval":{"confidence_level":0.95,"lower_bound":213.24408660452178,"upper_bound":1126.1267137237578},"point_estimate":711.5795719881157,"standard_error":254.11829122332423}}