{"mean":{"confidence_interval":{"confidence_level":0.95,"lower_bound":326260.6423812968,"upper_bound":326682.7736483269},"point_estimate":326470.3849474763,"standard_error":107.70855751182114},"median":{"confidence_interval":{"confidence_level":0.95,"lower_bound":326117.550877193,"upper_bound":326632.4878178694},"point_estimate":326310.0729166666,"standard_error":135.38588304350387},"median_abs_dev":{"confidence_interval":{"confidence_level":0.95,"lower_bound":769.6387016203502,"upper_bound":1247.5080874676821},"point_estimate":978.1774678063082,"standard_error":120.29245368730479},"slope":{"confidence_interval":{"confidence_level":0.95,"lower_bound":326371.9216661333,"upper_bound":326949.23906771484},"point_estimate":326653.8875454411,"standard_error":147.0062629914044},"std_dev":{"confidence_interval":{"confidence_level":0.95,"lower_bound":915.748407297964,"upper_bound":1233.4699263904372},"point_estimate":1082.1767146439533,"standard_error":81.28732414655451}}