{"mean":{"confidence_interval":{"confidence_level":0.95,"lower_bound":52847.498048443755,"upper_bound":53848.71370552095},"point_estimate":53272.961853506604,"standard_error":258.6432020521615},"median":{"confidence_interval":{"confidence_level":0.95,"lower_bound":52778.60858585859,"upper_bound":52849.72463768116},"point_estimate":52806.2871459695,"standard_error":14.87792990124614},"median_abs_dev":{"confidence_interval":{"confidence_level":0.95,"lower_bound":116.50350344965169,"upper_bound":243.79586857654283},"point_estimate":153.49241013611717,"standard_error":33.32705456327429},"slope":{"confidence_interval":{"confidence_level":0.95,"lower_bound":52886.85129676137,"upper_bound":54549.70503630295},"point_estimate":53541.09299640412,"standard_error":444.5307646175651},"std_dev":{"confidence_interval":{"confidence_level":0.95,"lower_bound":256.81284928635347,"upper_bound":4065.6778220162105},"point_estimate":2600.941055328112,"standard_error":945.4286129287084}}