{"mean":{"confidence_interval":{"confidence_level":0.95,"lower_bound":52729.66253454879,"upper_bound":52871.879381045015},"point_estimate":52792.57236411313,"standard_error":36.52914083521648},"median":{"confidence_interval":{"confidence_level":0.95,"lower_bound":52713.2643256464,"upper_bound":52796.260162601626},"point_estimate":52764.178740530304,"standard_error":21.52359818694469},"median_abs_dev":{"confidence_interval":{"confidence_level":0.95,"lower_bound":123.44717243649909,"upper_bound":214.28456873109175},"point_estimate":145.04450504804714,"standard_error":22.983173068497617},"slope":{"confidence_interval":{"confidence_level":0.95,"lower_bound":52795.69704836635,"upper_bound":52903.02190140928},"point_estimate":52845.137366960575,"standard_error":27.424519488509507},"std_dev":{"confidence_interval":{"confidence_level":0.95,"lower_bound":188.46309511514445,"upper_bound":549.6022086830992},"point_estimate":367.00091521335173,"standard_error":105.27614850026143}}