{"mean":{"confidence_interval":{"confidence_level":0.95,"lower_bound":26959.04470710904,"upper_bound":27027.93072164172},"point_estimate":26993.688819371248,"standard_error":17.59600873674974},"median":{"confidence_interval":{"confidence_level":0.95,"lower_bound":26978.204691142193,"upper_bound":27042.224880382775},"point_estimate":27002.08104035002,"standard_error":15.254757494823064},"median_abs_dev":{"confidence_interval":{"confidence_level":0.95,"lower_bound":107.43226085951629,"upper_bound":204.03720546852443},"point_estimate":155.77059008949257,"standard_error":24.737891791837335},"slope":{"confidence_interval":{"confidence_level":0.95,"lower_bound":26976.095308929052,"upper_bound":27051.694692037214},"point_estimate":27013.368675255584,"standard_error":19.328826119542317},"std_dev":{"confidence_interval":{"confidence_level":0.95,"lower_bound":142.49852918319098,"upper_bound":211.4451344646031},"point_estimate":177.1030983750235,"standard_error":17.68981147058012}}