{"mean":{"confidence_interval":{"confidence_level":0.95,"lower_bound":34836.15851074778,"upper_bound":34901.903528309434},"point_estimate":34867.58097897377,"standard_error":16.746456568744048},"median":{"confidence_interval":{"confidence_level":0.95,"lower_bound":34837.31506849315,"upper_bound":34882.760256410256},"point_estimate":34860.42960354721,"standard_error":12.523064423285694},"median_abs_dev":{"confidence_interval":{"confidence_level":0.95,"lower_bound":84.04701310580718,"upper_bound":136.7077697167091},"point_estimate":107.47991242172768,"standard_error":13.241541493578593},"slope":{"confidence_interval":{"confidence_level":0.95,"lower_bound":34894.254570931844,"upper_bound":34947.02456323248},"point_estimate":34918.89480124132,"standard_error":13.470556747501748},"std_dev":{"confidence_interval":{"confidence_level":0.95,"lower_bound":118.81602232881538,"upper_bound":216.52544639138046},"point_estimate":167.94555466524585,"standard_error":25.325225257125854}}