{"mean":{"confidence_interval":{"confidence_level":0.95,"lower_bound":53323.40860366428,"upper_bound":53458.700370464605},"point_estimate":53388.2840174266,"standard_error":34.498601878772284},"median":{"confidence_interval":{"confidence_level":0.95,"lower_bound":53302.38413242009,"upper_bound":53368.670274170276},"point_estimate":53328.10507936508,"standard_error":17.61587079445227},"median_abs_dev":{"confidence_interval":{"confidence_level":0.95,"lower_bound":142.89535568401607,"upper_bound":238.48328539100734},"point_estimate":195.31879914351026,"standard_error":25.695863592083967},"slope":{"confidence_interval":{"confidence_level":0.95,"lower_bound":53411.41188593057,"upper_bound":53572.63595466329},"point_estimate":53486.32786398043,"standard_error":41.49818866964381},"std_dev":{"confidence_interval":{"confidence_level":0.95,"lower_bound":251.44099876390928,"upper_bound":441.0715636947257},"point_estimate":347.7691851514716,"standard_error":48.95262292962635}}