{"mean":{"confidence_interval":{"confidence_level":0.95,"lower_bound":92641.2597491636,"upper_bound":92709.31644346719},"point_estimate":92673.93044260012,"standard_error":17.326746700783733},"median":{"confidence_interval":{"confidence_level":0.95,"lower_bound":92671.00632969034,"upper_bound":92696.78463457146},"point_estimate":92683.12681000438,"standard_error":8.093119459564226},"median_abs_dev":{"confidence_interval":{"confidence_level":0.95,"lower_bound":48.23600311955348,"upper_bound":95.92243343767556},"point_estimate":63.71061553558313,"standard_error":12.18907514944531},"slope":{"confidence_interval":{"confidence_level":0.95,"lower_bound":92682.47343903026,"upper_bound":92712.45573177614},"point_estimate":92697.1886537609,"standard_error":7.661624360023984},"std_dev":{"confidence_interval":{"confidence_level":0.95,"lower_bound":121.23636950105919,"upper_bound":232.57650312203089},"point_estimate":173.64836636914092,"standard_error":29.852333956476915}}