{"mean":{"confidence_interval":{"confidence_level":0.95,"lower_bound":52778.25255413702,"upper_bound":52853.19396079975},"point_estimate":52814.82803535047,"standard_error":19.132528362513323},"median":{"confidence_interval":{"confidence_level":0.95,"lower_bound":52785.40350877193,"upper_bound":52846.069444444445},"point_estimate":52826.22528471624,"standard_error":17.073410440386585},"median_abs_dev":{"confidence_interval":{"confidence_level":0.95,"lower_bound":103.66673474540576,"upper_bound":213.22699822662287},"point_estimate":161.6584159099464,"standard_error":27.23645931426028},"slope":{"confidence_interval":{"confidence_level":0.95,"lower_bound":52824.705123714564,"upper_bound":52892.3886427258},"point_estimate":52857.512557673675,"standard_error":17.177498362158946},"std_dev":{"confidence_interval":{"confidence_level":0.95,"lower_bound":152.08012360386005,"upper_bound":235.22704200952325},"point_estimate":192.88841810339818,"standard_error":21.53621655773765}}