{"mean":{"confidence_interval":{"confidence_level":0.95,"lower_bound":52781.86428603453,"upper_bound":52907.380103965384},"point_estimate":52838.63090843824,"standard_error":32.09860749133595},"median":{"confidence_interval":{"confidence_level":0.95,"lower_bound":52752.419917967185,"upper_bound":52835.878234398784},"point_estimate":52793.433156966494,"standard_error":20.81924262154511},"median_abs_dev":{"confidence_interval":{"confidence_level":0.95,"lower_bound":130.15429078046762,"upper_bound":210.49117812726644},"point_estimate":165.42457134473668,"standard_error":20.97925765285635},"slope":{"confidence_interval":{"confidence_level":0.95,"lower_bound":52829.907337973644,"upper_bound":53010.170442723815},"point_estimate":52904.70571236228,"standard_error":47.22059255205308},"std_dev":{"confidence_interval":{"confidence_level":0.95,"lower_bound":160.89884263302804,"upper_bound":451.05815794900343},"point_estimate":322.56604674824206,"standard_error":72.67686223751033}}