{"mean":{"confidence_interval":{"confidence_level":0.95,"lower_bound":27111.057121083657,"upper_bound":27168.934379823495},"point_estimate":27140.02893371744,"standard_error":14.77623934662418},"median":{"confidence_interval":{"confidence_level":0.95,"lower_bound":27108.76874738165,"upper_bound":27167.82983682984},"point_estimate":27142.621503496506,"standard_error":15.64318178046734},"median_abs_dev":{"confidence_interval":{"confidence_level":0.95,"lower_bound":110.28108104211817,"upper_bound":179.7870979021948},"point_estimate":152.33244207442715,"standard_error":17.938880922579454},"slope":{"confidence_interval":{"confidence_level":0.95,"lower_bound":27124.10861340894,"upper_bound":27183.33483643801},"point_estimate":27153.501799105285,"standard_error":15.123614758370017},"std_dev":{"confidence_interval":{"confidence_level":0.95,"lower_bound":126.82990269606698,"upper_bound":168.7790656223144},"point_estimate":148.8009082381657,"standard_error":10.754076050426633}}