{"mean":{"confidence_interval":{"confidence_level":0.95,"lower_bound":-0.011283623759167465,"upper_bound":-0.004775402287090836},"point_estimate":-0.007970391444078628,"standard_error":0.001666624973442679},"median":{"confidence_interval":{"confidence_level":0.95,"lower_bound":-0.011787906840397544,"upper_bound":-0.0027909310859375314},"point_estimate":-0.008088164095069184,"standard_error":0.0022561917242070566}}