{"mean":{"confidence_interval":{"confidence_level":0.95,"lower_bound":-0.06052793166674786,"upper_bound":-0.05328333115778683},"point_estimate":-0.056787566301028214,"standard_error":0.001850589059132682},"median":{"confidence_interval":{"confidence_level":0.95,"lower_bound":-0.06460381711326668,"upper_bound":-0.05398672883313127},"point_estimate":-0.060002666967181595,"standard_error":0.0027752320305871785}}