{"mean":{"confidence_interval":{"confidence_level":0.95,"lower_bound":-0.016352434499422808,"upper_bound":-0.00893963115003018},"point_estimate":-0.01278370471771928,"standard_error":0.0018706674959886775},"median":{"confidence_interval":{"confidence_level":0.95,"lower_bound":-0.02084803813579747,"upper_bound":-0.012067172207775437},"point_estimate":-0.01710341348800326,"standard_error":0.0020739826251067895}}