{"mean":{"confidence_interval":{"confidence_level":0.95,"lower_bound":0.00862935303113555,"upper_bound":0.009945378345352012},"point_estimate":0.00928816130914889,"standard_error":0.0003350514473840037},"median":{"confidence_interval":{"confidence_level":0.95,"lower_bound":0.00856990392216006,"upper_bound":0.010099819065137447},"point_estimate":0.009385653001735772,"standard_error":0.00038852410780726925}}