{"mean":{"confidence_interval":{"confidence_level":0.95,"lower_bound":-0.0664770390497255,"upper_bound":-0.05695481822358242},"point_estimate":-0.06174723163980722,"standard_error":0.002418326674524362},"median":{"confidence_interval":{"confidence_level":0.95,"lower_bound":-0.07376224319037905,"upper_bound":-0.051452426790652095},"point_estimate":-0.06669620856259761,"standard_error":0.006068832504202143}}