{"mean":{"confidence_interval":{"confidence_level":0.95,"lower_bound":0.1937528372575823,"upper_bound":0.22096181874627344},"point_estimate":0.20690341012933944,"standard_error":0.007210566617357388},"median":{"confidence_interval":{"confidence_level":0.95,"lower_bound":0.18973843869861653,"upper_bound":0.2178796691942666},"point_estimate":0.20276838143325304,"standard_error":0.007597465748827744}}