{"mean":{"confidence_interval":{"confidence_level":0.95,"lower_bound":0.1984287123720426,"upper_bound":0.20671628484326765},"point_estimate":0.2024334918216939,"standard_error":0.0021106696405910853},"median":{"confidence_interval":{"confidence_level":0.95,"lower_bound":0.19877416043070992,"upper_bound":0.20510850657732904},"point_estimate":0.20094625083301376,"standard_error":0.0017024964086437247}}