{"mean":{"confidence_interval":{"confidence_level":0.95,"lower_bound":-0.03133666156128399,"upper_bound":-0.02281458765865759},"point_estimate":-0.026940789532504228,"standard_error":0.0021580607992305336},"median":{"confidence_interval":{"confidence_level":0.95,"lower_bound":-0.03311871643926456,"upper_bound":-0.020778043583941308},"point_estimate":-0.02428733291698215,"standard_error":0.0027233946032695286}}