{"mean":{"confidence_interval":{"confidence_level":0.95,"lower_bound":0.011746007166760553,"upper_bound":0.021088804746726145},"point_estimate":0.016440160260641212,"standard_error":0.002389914953137601},"median":{"confidence_interval":{"confidence_level":0.95,"lower_bound":0.005995299538344101,"upper_bound":0.02116399559219162},"point_estimate":0.010176374482328443,"standard_error":0.00346397574724271}}