{"mean":{"confidence_interval":{"confidence_level":0.95,"lower_bound":-0.011967897822641621,"upper_bound":-0.004826709727361549},"point_estimate":-0.008111277766437386,"standard_error":0.0018269296581691255},"median":{"confidence_interval":{"confidence_level":0.95,"lower_bound":-0.014109387410790708,"upper_bound":-0.0018107624238119513},"point_estimate":-0.004986210503894806,"standard_error":0.0036418390264035495}}