{"mean":{"confidence_interval":{"confidence_level":0.95,"lower_bound":-0.0021501322698813854,"upper_bound":0.0044569261385629545},"point_estimate":0.0014413377258029048,"standard_error":0.0016899002271335204},"median":{"confidence_interval":{"confidence_level":0.95,"lower_bound":0.00209034242737446,"upper_bound":0.0070906061313067426},"point_estimate":0.004297521394431403,"standard_error":0.0012560148902004613}}