{"mean":{"confidence_interval":{"confidence_level":0.95,"lower_bound":-0.007303255931501423,"upper_bound":-0.0005434819356352483},"point_estimate":-0.003826269097131907,"standard_error":0.0017146437388265066},"median":{"confidence_interval":{"confidence_level":0.95,"lower_bound":-0.014099613903192032,"upper_bound":0.011278427671430778},"point_estimate":-0.0091368357899263,"standard_error":0.006589553097799113}}