{"mean":{"confidence_interval":{"confidence_level":0.95,"lower_bound":0.19527310996040695,"upper_bound":0.20306152368182973},"point_estimate":0.19917430298695682,"standard_error":0.001980994669830535},"median":{"confidence_interval":{"confidence_level":0.95,"lower_bound":0.19672733712073498,"upper_bound":0.20221290296642813},"point_estimate":0.1994959292652987,"standard_error":0.0017129665837739727}}