{"mean":{"confidence_interval":{"confidence_level":0.95,"lower_bound":-0.0011762353243464606,"upper_bound":0.020948531476823674},"point_estimate":0.010700944876182339,"standard_error":0.005657063956763463},"median":{"confidence_interval":{"confidence_level":0.95,"lower_bound":0.01528608393350446,"upper_bound":0.03514000687236729},"point_estimate":0.025683077087354622,"standard_error":0.004688478397447471}}