{"mean":{"confidence_interval":{"confidence_level":0.95,"lower_bound":0.0010761564516593664,"upper_bound":0.013069654151376672},"point_estimate":0.006665799696475405,"standard_error":0.0030002448106008577},"median":{"confidence_interval":{"confidence_level":0.95,"lower_bound":-0.016944084919101907,"upper_bound":0.027244245938915723},"point_estimate":-0.001027769925456834,"standard_error":0.011075094488215064}}