{"mean":{"confidence_interval":{"confidence_level":0.95,"lower_bound":-0.0165518008811501,"upper_bound":0.0009062172022196385},"point_estimate":-0.006153429896037954,"standard_error":0.004606597885184926},"median":{"confidence_interval":{"confidence_level":0.95,"lower_bound":-0.005387396205007944,"upper_bound":0.003955329534235608},"point_estimate":-0.0003384406864934686,"standard_error":0.002363233232405443}}