{"mean":{"confidence_interval":{"confidence_level":0.95,"lower_bound":-0.0008780453925160219,"upper_bound":0.0005803613066763134},"point_estimate":-0.00014957023411299453,"standard_error":0.00037532874152627975},"median":{"confidence_interval":{"confidence_level":0.95,"lower_bound":-0.00003711440597486959,"upper_bound":0.0009114760231605512},"point_estimate":0.00040704255629497865,"standard_error":0.00023996013014944398}}