{"mean":{"confidence_interval":{"confidence_level":0.95,"lower_bound":-0.004411862228794292,"upper_bound":0.003983938078624802},"point_estimate":-0.00024499231748875694,"standard_error":0.002136928392512444},"median":{"confidence_interval":{"confidence_level":0.95,"lower_bound":-0.01698830271192875,"upper_bound":0.016433993924541035},"point_estimate":0.0012475102558024975,"standard_error":0.008389110028618078}}