{"mean":{"confidence_interval":{"confidence_level":0.95,"lower_bound":-0.16102698807235016,"upper_bound":-0.1486144634784815},"point_estimate":-0.1545444262172344,"standard_error":0.003179893722099835},"median":{"confidence_interval":{"confidence_level":0.95,"lower_bound":-0.15152331155030485,"upper_bound":-0.145101013975098},"point_estimate":-0.14779038963547697,"standard_error":0.001628730717908811}}