{"mean":{"confidence_interval":{"confidence_level":0.95,"lower_bound":-0.004585317361885593,"upper_bound":0.0034644353135319154},"point_estimate":-0.0004979764478498794,"standard_error":0.0020609193226123704},"median":{"confidence_interval":{"confidence_level":0.95,"lower_bound":-0.0059344771970983885,"upper_bound":0.005622162328515312},"point_estimate":0.0007386716502031376,"standard_error":0.0029802696975676484}}