{"mean":{"confidence_interval":{"confidence_level":0.95,"lower_bound":-0.0631241504512634,"upper_bound":-0.056623364515036224},"point_estimate":-0.059669377128356516,"standard_error":0.001662136493236383},"median":{"confidence_interval":{"confidence_level":0.95,"lower_bound":-0.06766892524380119,"upper_bound":-0.06149315713427106},"point_estimate":-0.06463096732871643,"standard_error":0.0015443254096964524}}