{"mean":{"confidence_interval":{"confidence_level":0.95,"lower_bound":-0.0067240730246397856,"upper_bound":-0.00007287529510604447},"point_estimate":-0.003511397769920155,"standard_error":0.001682158353547939},"median":{"confidence_interval":{"confidence_level":0.95,"lower_bound":-0.006339199233246662,"upper_bound":0.0017272013523141894},"point_estimate":-0.002947538333352706,"standard_error":0.0019630111162034177}}