{"mean":{"confidence_interval":{"confidence_level":0.95,"lower_bound":0.0012275760601614745,"upper_bound":0.023628505454465158},"point_estimate":0.00987289065064445,"standard_error":0.006185177684378905},"median":{"confidence_interval":{"confidence_level":0.95,"lower_bound":0.0043121749770675954,"upper_bound":0.011727796286773229},"point_estimate":0.007584637161844432,"standard_error":0.0017206905273329048}}