{"mean":{"confidence_interval":{"confidence_level":0.95,"lower_bound":-0.00028033033615771074,"upper_bound":0.006958279521269743},"point_estimate":0.003311674853768709,"standard_error":0.001839790117352002},"median":{"confidence_interval":{"confidence_level":0.95,"lower_bound":-0.0010655832602597393,"upper_bound":0.012398467073808428},"point_estimate":0.008528410583928281,"standard_error":0.003902473744233601}}