{"mean":{"confidence_interval":{"confidence_level":0.95,"lower_bound":-0.013609129658972093,"upper_bound":-0.003744246102844545},"point_estimate":-0.008353861689633146,"standard_error":0.002524594298876927},"median":{"confidence_interval":{"confidence_level":0.95,"lower_bound":-0.015310922791515802,"upper_bound":-0.0010451499832971347},"point_estimate":-0.010075782242489284,"standard_error":0.003414683864581822}}