{"mean":{"confidence_interval":{"confidence_level":0.95,"lower_bound":0.04630267333505633,"upper_bound":0.06227381948310249},"point_estimate":0.05448191978746175,"standard_error":0.004066361906649024},"median":{"confidence_interval":{"confidence_level":0.95,"lower_bound":0.043652984473094424,"upper_bound":0.08149264015896018},"point_estimate":0.07564269750699637,"standard_error":0.011325734257037244}}