{"mean":{"confidence_interval":{"confidence_level":0.95,"lower_bound":-0.005303413376763514,"upper_bound":0.0035176525662185096},"point_estimate":-0.00042234182265621367,"standard_error":0.002257262211637613},"median":{"confidence_interval":{"confidence_level":0.95,"lower_bound":-0.004927221717901387,"upper_bound":0.007454147256399812},"point_estimate":-0.00006566992108214542,"standard_error":0.0032267774199264067}}