{"mean":{"confidence_interval":{"confidence_level":0.95,"lower_bound":-0.0031002694716473927,"upper_bound":0.002408854522522319},"point_estimate":-0.0003456923052240768,"standard_error":0.0014133303743457267},"median":{"confidence_interval":{"confidence_level":0.95,"lower_bound":-0.004236657084670026,"upper_bound":0.003009148760674263},"point_estimate":-0.0006204542390014778,"standard_error":0.0016065695910245789}}