{"mean":{"confidence_interval":{"confidence_level":0.95,"lower_bound":-0.00864987531063112,"upper_bound":-0.00191962740387035},"point_estimate":-0.005282907565432815,"standard_error":0.0016994444224583535},"median":{"confidence_interval":{"confidence_level":0.95,"lower_bound":-0.010126581884086772,"upper_bound":-0.0003478729816991377},"point_estimate":-0.004443917089723803,"standard_error":0.00256993244558186}}