{"mean":{"confidence_interval":{"confidence_level":0.95,"lower_bound":-0.007636192012653208,"upper_bound":0.0009256291580656217},"point_estimate":-0.0034351210822723965,"standard_error":0.0021774361859348067},"median":{"confidence_interval":{"confidence_level":0.95,"lower_bound":-0.008835757552113077,"upper_bound":0.0025297424725778672},"point_estimate":-0.003991604019194295,"standard_error":0.002649021536555297}}