{"mean":{"confidence_interval":{"confidence_level":0.95,"lower_bound":-0.0028958511525012313,"upper_bound":0.0078463557552698},"point_estimate":0.0025997577263836558,"standard_error":0.0027419732740774725},"median":{"confidence_interval":{"confidence_level":0.95,"lower_bound":-0.015765000263079254,"upper_bound":0.027289861704667295},"point_estimate":0.005637913353856883,"standard_error":0.010154996518603666}}