{"mean":{"confidence_interval":{"confidence_level":0.95,"lower_bound":-0.032414842211738515,"upper_bound":-0.02570264324534266},"point_estimate":-0.028929487060633807,"standard_error":0.001720263264896741},"median":{"confidence_interval":{"confidence_level":0.95,"lower_bound":-0.03365325924856144,"upper_bound":-0.022697373713358227},"point_estimate":-0.02813001385168401,"standard_error":0.0028805634276573826}}