{"mean":{"confidence_interval":{"confidence_level":0.95,"lower_bound":-0.0040478002025664695,"upper_bound":0.005647768851927312},"point_estimate":0.0011372888956038274,"standard_error":0.0024848200787542358},"median":{"confidence_interval":{"confidence_level":0.95,"lower_bound":-0.0076074461406007154,"upper_bound":0.0029452086686410084},"point_estimate":-0.001141443738006842,"standard_error":0.002707975979633435}}