{"mean":{"confidence_interval":{"confidence_level":0.95,"lower_bound":-0.007319531512589064,"upper_bound":0.0015844976774210026},"point_estimate":-0.0027801574621307834,"standard_error":0.0022772254075944264},"median":{"confidence_interval":{"confidence_level":0.95,"lower_bound":-0.007531166166850456,"upper_bound":0.0033230998486148966},"point_estimate":-0.0038871383484551103,"standard_error":0.002649136739340322}}