{"mean":{"confidence_interval":{"confidence_level":0.95,"lower_bound":-0.006786043768374124,"upper_bound":0.0016011708941160324},"point_estimate":-0.002467509133180723,"standard_error":0.0021336615406789905},"median":{"confidence_interval":{"confidence_level":0.95,"lower_bound":-0.019588092691000814,"upper_bound":0.009220587250819978},"point_estimate":-0.006069164107504799,"standard_error":0.007062944540649332}}