{"mean":{"confidence_interval":{"confidence_level":0.95,"lower_bound":-0.002749107925181196,"upper_bound":0.005768309286402419},"point_estimate":0.0016289524553267931,"standard_error":0.002155538654801455},"median":{"confidence_interval":{"confidence_level":0.95,"lower_bound":-0.005718267427172963,"upper_bound":0.007380362476391289},"point_estimate":-0.0005962010256630457,"standard_error":0.003428352857356862}}