{"mean":{"confidence_interval":{"confidence_level":0.95,"lower_bound":0.008933035526344524,"upper_bound":0.023475477518037746},"point_estimate":0.01554707986755366,"standard_error":0.003657650229215025},"median":{"confidence_interval":{"confidence_level":0.95,"lower_bound":-0.010466076321870466,"upper_bound":0.016095371422474747},"point_estimate":0.0040736624511792385,"standard_error":0.006882828818339701}}