{"mean":{"confidence_interval":{"confidence_level":0.95,"lower_bound":-0.12566798974687407,"upper_bound":-0.10563133602672993},"point_estimate":-0.11562474417684165,"standard_error":0.005108237192079892},"median":{"confidence_interval":{"confidence_level":0.95,"lower_bound":-0.1287009746742327,"upper_bound":-0.09965281920139857},"point_estimate":-0.1140449648391656,"standard_error":0.007446858436523105}}