{"mean":{"confidence_interval":{"confidence_level":0.95,"lower_bound":-0.004053807212918059,"upper_bound":0.0031662652907625487},"point_estimate":-0.0008482147781618821,"standard_error":0.0018268521583458131},"median":{"confidence_interval":{"confidence_level":0.95,"lower_bound":-0.008796478253884188,"upper_bound":0.0011746927960583076},"point_estimate":-0.002292156194591888,"standard_error":0.0024957741790387674}}