{"mean":{"confidence_interval":{"confidence_level":0.95,"lower_bound":0.01401651259504866,"upper_bound":0.0211159957571517},"point_estimate":0.017478285539989757,"standard_error":0.0018156845091731784},"median":{"confidence_interval":{"confidence_level":0.95,"lower_bound":0.008982733934959075,"upper_bound":0.03124961100176904},"point_estimate":0.028394238042279252,"standard_error":0.007803269307756111}}