{"mean":{"confidence_interval":{"confidence_level":0.95,"lower_bound":-0.00392385806669826,"upper_bound":0.0031505418361533963},"point_estimate":-0.000366537027756797,"standard_error":0.001811636313584549},"median":{"confidence_interval":{"confidence_level":0.95,"lower_bound":-0.0037259960271639977,"upper_bound":0.006453243730251135},"point_estimate":0.0007863811922168562,"standard_error":0.002428089762969264}}