{"mean":{"confidence_interval":{"confidence_level":0.95,"lower_bound":-0.00021443613293335554,"upper_bound":0.005317889685137014},"point_estimate":0.0024184418346477887,"standard_error":0.0014064602993688685},"median":{"confidence_interval":{"confidence_level":0.95,"lower_bound":-0.00018282994235629957,"upper_bound":0.006641840178235325},"point_estimate":0.003141702949079006,"standard_error":0.0016691152036092303}}