{"mean":{"confidence_interval":{"confidence_level":0.95,"lower_bound":-0.003595903724016008,"upper_bound":0.0051498714044298875},"point_estimate":0.0009575891990438734,"standard_error":0.002233180224809831},"median":{"confidence_interval":{"confidence_level":0.95,"lower_bound":-0.017767724382414363,"upper_bound":0.019244189126964573},"point_estimate":0.00443707313803543,"standard_error":0.010214634142867664}}