{"mean":{"confidence_interval":{"confidence_level":0.95,"lower_bound":-0.0037951640753751082,"upper_bound":0.006292746749932644},"point_estimate":0.00100096865930821,"standard_error":0.0025759681871958926},"median":{"confidence_interval":{"confidence_level":0.95,"lower_bound":-0.014420704984722255,"upper_bound":0.01812640247482178},"point_estimate":0.0076031131567497745,"standard_error":0.00937004789860266}}