{"mean":{"confidence_interval":{"confidence_level":0.95,"lower_bound":-0.0023913350211943454,"upper_bound":0.007582373764785638},"point_estimate":0.0025633773161641837,"standard_error":0.002544172354463161},"median":{"confidence_interval":{"confidence_level":0.95,"lower_bound":-0.012130880186448034,"upper_bound":0.016924650774520357},"point_estimate":0.002905815239630405,"standard_error":0.007951043831954684}}