{"mean":{"confidence_interval":{"confidence_level":0.95,"lower_bound":-0.004015198707363734,"upper_bound":0.0041050482309961415},"point_estimate":-0.00003358314655199646,"standard_error":0.002092621709800642},"median":{"confidence_interval":{"confidence_level":0.95,"lower_bound":-0.017442513979250784,"upper_bound":0.017210984231275095},"point_estimate":-0.0017416479660089523,"standard_error":0.00825213277639386}}