{"mean":{"confidence_interval":{"confidence_level":0.95,"lower_bound":14888.074696498235,"upper_bound":15485.943033975931},"point_estimate":15177.14467756629,"standard_error":152.30235974279603},"median":{"confidence_interval":{"confidence_level":0.95,"lower_bound":14727.900709219859,"upper_bound":15416.918553018162},"point_estimate":15144.126357560568,"standard_error":203.08891217502483},"median_abs_dev":{"confidence_interval":{"confidence_level":0.95,"lower_bound":1029.7748577149653,"upper_bound":1610.9746637236185},"point_estimate":1336.0539866774643,"standard_error":150.15734557348244},"slope":{"confidence_interval":{"confidence_level":0.95,"lower_bound":15351.524619565695,"upper_bound":15945.939319805115},"point_estimate":15645.623344662825,"standard_error":151.58672500686464},"std_dev":{"confidence_interval":{"confidence_level":0.95,"lower_bound":1150.727773304047,"upper_bound":1875.1127898102595},"point_estimate":1520.0176341287822,"standard_error":186.51347854652747}}