{"mean":{"confidence_interval":{"confidence_level":0.95,"lower_bound":8159.2121091408535,"upper_bound":8438.898316915707},"point_estimate":8281.855878726072,"standard_error":71.21905108659477},"median":{"confidence_interval":{"confidence_level":0.95,"lower_bound":8136.737653131533,"upper_bound":8214.735978112176},"point_estimate":8165.118677817603,"standard_error":19.78241845316842},"median_abs_dev":{"confidence_interval":{"confidence_level":0.95,"lower_bound":86.30716359379217,"upper_bound":127.91692029248902},"point_estimate":105.65835778992046,"standard_error":11.514383979236312},"slope":{"confidence_interval":{"confidence_level":0.95,"lower_bound":8132.690548811665,"upper_bound":8168.572759005487},"point_estimate":8148.370322760107,"standard_error":9.21057308195924},"std_dev":{"confidence_interval":{"confidence_level":0.95,"lower_bound":119.71728616485754,"upper_bound":1053.0326368456201},"point_estimate":718.3857841273929,"standard_error":214.37958159696043}}