{"mean":{"confidence_interval":{"confidence_level":0.95,"lower_bound":8221.933861030435,"upper_bound":8458.622403896903},"point_estimate":8317.485890353362,"standard_error":62.051201959518025},"median":{"confidence_interval":{"confidence_level":0.95,"lower_bound":8176.3723183391,"upper_bound":8286.53431372549},"point_estimate":8235.840780542987,"standard_error":28.86013211125514},"median_abs_dev":{"confidence_interval":{"confidence_level":0.95,"lower_bound":117.35681315849708,"upper_bound":176.54604627150326},"point_estimate":151.0609349176807,"standard_error":14.74456695786166},"slope":{"confidence_interval":{"confidence_level":0.95,"lower_bound":8169.94708215676,"upper_bound":8417.953979911603},"point_estimate":8277.25209833187,"standard_error":63.50631135276596},"std_dev":{"confidence_interval":{"confidence_level":0.95,"lower_bound":140.40919060761254,"upper_bound":1017.5271594195128},"point_estimate":626.8685352032497,"standard_error":255.26146132256622}}