{"mean":{"confidence_interval":{"confidence_level":0.95,"lower_bound":11815.885586129805,"upper_bound":11860.9595032961},"point_estimate":11838.51885841193,"standard_error":11.534177178458663},"median":{"confidence_interval":{"confidence_level":0.95,"lower_bound":11804.063025210084,"upper_bound":11893.30348126495},"point_estimate":11874.300686813187,"standard_error":21.602934026560206},"median_abs_dev":{"confidence_interval":{"confidence_level":0.95,"lower_bound":68.52832269983419,"upper_bound":136.74516431471153},"point_estimate":115.69407478991016,"standard_error":18.38887975426961},"slope":{"confidence_interval":{"confidence_level":0.95,"lower_bound":11797.374121371493,"upper_bound":11828.357030411773},"point_estimate":11811.425262513458,"standard_error":7.908177860104554},"std_dev":{"confidence_interval":{"confidence_level":0.95,"lower_bound":97.43046500961358,"upper_bound":132.5650339435243},"point_estimate":116.07927431408916,"standard_error":8.946139590106624}}