{"mean":{"confidence_interval":{"confidence_level":0.95,"lower_bound":9202.430057053902,"upper_bound":9267.886380524076},"point_estimate":9232.509396785581,"standard_error":16.702110532424037},"median":{"confidence_interval":{"confidence_level":0.95,"lower_bound":9195.808968850699,"upper_bound":9222.787593984962},"point_estimate":9212.168558187923,"standard_error":6.644495878582371},"median_abs_dev":{"confidence_interval":{"confidence_level":0.95,"lower_bound":47.83296766381495,"upper_bound":78.19999571693582},"point_estimate":63.03469373736971,"standard_error":7.90831065454609},"slope":{"confidence_interval":{"confidence_level":0.95,"lower_bound":9189.965594016141,"upper_bound":9296.41610113476},"point_estimate":9235.178862436125,"standard_error":27.774575473029294},"std_dev":{"confidence_interval":{"confidence_level":0.95,"lower_bound":94.35903175629025,"upper_bound":234.48916892898998},"point_estimate":167.42267118014112,"standard_error":36.69271073764491}}