{"mean":{"confidence_interval":{"confidence_level":0.95,"lower_bound":14938.332161298302,"upper_bound":15005.783658600942},"point_estimate":14969.656527492773,"standard_error":17.19480182595526},"median":{"confidence_interval":{"confidence_level":0.95,"lower_bound":14939.59497645212,"upper_bound":14993.942590497736},"point_estimate":14976.057609057609,"standard_error":14.284513014599202},"median_abs_dev":{"confidence_interval":{"confidence_level":0.95,"lower_bound":67.6757399283058,"upper_bound":111.3541693811279},"point_estimate":89.06749766523883,"standard_error":11.111823549898077},"slope":{"confidence_interval":{"confidence_level":0.95,"lower_bound":14939.577040943303,"upper_bound":15036.49173001613},"point_estimate":14975.610306350956,"standard_error":26.26102631881141},"std_dev":{"confidence_interval":{"confidence_level":0.95,"lower_bound":101.32164284740762,"upper_bound":249.30178747591043},"point_estimate":172.37531724939862,"standard_error":41.12466416345209}}