{"mean":{"confidence_interval":{"confidence_level":0.95,"lower_bound":9124.905843226736,"upper_bound":10883.656463618801},"point_estimate":9834.66990660181,"standard_error":459.0732584471055},"median":{"confidence_interval":{"confidence_level":0.95,"lower_bound":9026.526041666666,"upper_bound":9101.922659050178},"point_estimate":9061.947320166135,"standard_error":16.75778029411041},"median_abs_dev":{"confidence_interval":{"confidence_level":0.95,"lower_bound":103.93759711184774,"upper_bound":168.37255748068762},"point_estimate":145.69947235152546,"standard_error":17.136085839962416},"slope":{"confidence_interval":{"confidence_level":0.95,"lower_bound":9036.049786478541,"upper_bound":9148.000249270674},"point_estimate":9083.17474120733,"standard_error":28.845203232545472},"std_dev":{"confidence_interval":{"confidence_level":0.95,"lower_bound":594.4377470768337,"upper_bound":7559.663814334663},"point_estimate":4630.917110633483,"standard_error":1937.9642757607278}}