{"mean":{"confidence_interval":{"confidence_level":0.95,"lower_bound":9201.702779954961,"upper_bound":9300.967466118364},"point_estimate":9245.866812855098,"standard_error":25.52903755981993},"median":{"confidence_interval":{"confidence_level":0.95,"lower_bound":9191.946275946277,"upper_bound":9227.196943972835},"point_estimate":9206.102765268788,"standard_error":10.490634590880061},"median_abs_dev":{"confidence_interval":{"confidence_level":0.95,"lower_bound":48.11670250863484,"upper_bound":74.50287971778266},"point_estimate":61.390513532367315,"standard_error":6.765664002000023},"slope":{"confidence_interval":{"confidence_level":0.95,"lower_bound":9185.531287357855,"upper_bound":9366.709035141797},"point_estimate":9265.040859122833,"standard_error":46.56592426717975},"std_dev":{"confidence_interval":{"confidence_level":0.95,"lower_bound":106.97937190605315,"upper_bound":374.87677891614254},"point_estimate":256.4874261077359,"standard_error":68.71236927517126}}