{"mean":{"confidence_interval":{"confidence_level":0.95,"lower_bound":9156.53302607751,"upper_bound":9313.24558864097},"point_estimate":9216.498875801844,"standard_error":42.45907572623143},"median":{"confidence_interval":{"confidence_level":0.95,"lower_bound":9147.457236842105,"upper_bound":9177.238815789475},"point_estimate":9156.997168812122,"standard_error":7.976968044785584},"median_abs_dev":{"confidence_interval":{"confidence_level":0.95,"lower_bound":45.97637502068405,"upper_bound":76.09345303540846},"point_estimate":66.56492304561917,"standard_error":7.5094729167150955},"slope":{"confidence_interval":{"confidence_level":0.95,"lower_bound":9151.631837485435,"upper_bound":9314.53740762489},"point_estimate":9216.678714193493,"standard_error":42.69205541750101},"std_dev":{"confidence_interval":{"confidence_level":0.95,"lower_bound":95.35879753198313,"upper_bound":706.0074799036879},"point_estimate":423.9006337780408,"standard_error":201.18334786924606}}