{"mean":{"confidence_interval":{"confidence_level":0.95,"lower_bound":8226.621461107166,"upper_bound":8430.991418429961},"point_estimate":8313.578578813756,"standard_error":53.13308431446478},"median":{"confidence_interval":{"confidence_level":0.95,"lower_bound":8167.510909463564,"upper_bound":8272.246323529413},"point_estimate":8205.840338736114,"standard_error":29.76985030684645},"median_abs_dev":{"confidence_interval":{"confidence_level":0.95,"lower_bound":95.73091728777807,"upper_bound":166.36884541220164},"point_estimate":145.6988662977955,"standard_error":19.084380738211053},"slope":{"confidence_interval":{"confidence_level":0.95,"lower_bound":8180.410561556183,"upper_bound":8243.969975904074},"point_estimate":8207.756422430653,"standard_error":16.33689204179012},"std_dev":{"confidence_interval":{"confidence_level":0.95,"lower_bound":176.57439017173508,"upper_bound":835.4984033353254},"point_estimate":534.1469336130635,"standard_error":180.69477516453608}}