{"mean":{"confidence_interval":{"confidence_level":0.95,"lower_bound":8232.755315047409,"upper_bound":8297.063702928022},"point_estimate":8264.469768451469,"standard_error":16.379572514040547},"median":{"confidence_interval":{"confidence_level":0.95,"lower_bound":8210.884742152306,"upper_bound":8296.939075630253},"point_estimate":8250.5,"standard_error":25.930332534044027},"median_abs_dev":{"confidence_interval":{"confidence_level":0.95,"lower_bound":81.27603799214603,"upper_bound":135.40352994904788},"point_estimate":106.82819323464167,"standard_error":13.026341816340992},"slope":{"confidence_interval":{"confidence_level":0.95,"lower_bound":8206.39551249099,"upper_bound":8239.197907232228},"point_estimate":8220.980569893689,"standard_error":8.358626382769529},"std_dev":{"confidence_interval":{"confidence_level":0.95,"lower_bound":122.35397599333659,"upper_bound":204.6647085216011},"point_estimate":164.44740100538544,"standard_error":21.10802883767252}}