{"mean":{"confidence_interval":{"confidence_level":0.95,"lower_bound":8526.701193572135,"upper_bound":8573.583482329817},"point_estimate":8550.720092238766,"standard_error":11.939220698091514},"median":{"confidence_interval":{"confidence_level":0.95,"lower_bound":8542.251524390244,"upper_bound":8570.721104086642},"point_estimate":8556.763727211135,"standard_error":6.950491351415843},"median_abs_dev":{"confidence_interval":{"confidence_level":0.95,"lower_bound":43.908007759461334,"upper_bound":71.39078859525526},"point_estimate":55.29612104112239,"standard_error":6.913982836531553},"slope":{"confidence_interval":{"confidence_level":0.95,"lower_bound":8543.302346187002,"upper_bound":8565.260280855386},"point_estimate":8554.021209546328,"standard_error":5.5969400420543876},"std_dev":{"confidence_interval":{"confidence_level":0.95,"lower_bound":90.70426680926846,"upper_bound":146.137598185807},"point_estimate":120.32972415028756,"standard_error":14.134765681685588}}