{"mean":{"confidence_interval":{"confidence_level":0.95,"lower_bound":9245.859118819379,"upper_bound":9510.92600461999},"point_estimate":9359.440354392433,"standard_error":68.89723207780038},"median":{"confidence_interval":{"confidence_level":0.95,"lower_bound":9203.788888888888,"upper_bound":9258.001196172248},"point_estimate":9226.33848112838,"standard_error":12.093393193630911},"median_abs_dev":{"confidence_interval":{"confidence_level":0.95,"lower_bound":53.2389134950512,"upper_bound":98.64630705804923},"point_estimate":77.17410556308432,"standard_error":11.300090429201466},"slope":{"confidence_interval":{"confidence_level":0.95,"lower_bound":9229.490832783518,"upper_bound":9529.743744608875},"point_estimate":9357.371490126232,"standard_error":77.65244201081376},"std_dev":{"confidence_interval":{"confidence_level":0.95,"lower_bound":181.15899846510538,"upper_bound":1071.9041159803867},"point_estimate":692.6987722605755,"standard_error":225.71600529159159}}