{"mean":{"confidence_interval":{"confidence_level":0.95,"lower_bound":8541.81571195549,"upper_bound":8612.094095898732},"point_estimate":8574.428946579934,"standard_error":17.924055267027896},"median":{"confidence_interval":{"confidence_level":0.95,"lower_bound":8553.40625,"upper_bound":8585.67288961039},"point_estimate":8563.341500686813,"standard_error":7.034252383686833},"median_abs_dev":{"confidence_interval":{"confidence_level":0.95,"lower_bound":44.05822407439637,"upper_bound":73.22055487195102},"point_estimate":56.95009985404599,"standard_error":7.521837993965765},"slope":{"confidence_interval":{"confidence_level":0.95,"lower_bound":8553.611922960257,"upper_bound":8634.953695977732},"point_estimate":8583.107251366928,"standard_error":22.219849028971876},"std_dev":{"confidence_interval":{"confidence_level":0.95,"lower_bound":101.6771439908547,"upper_bound":247.82560851255863},"point_estimate":180.16692921203554,"standard_error":37.51415976450666}}