{"mean":{"confidence_interval":{"confidence_level":0.95,"lower_bound":9088.77273717237,"upper_bound":9285.809165555189},"point_estimate":9174.54595356314,"standard_error":50.85931250984776},"median":{"confidence_interval":{"confidence_level":0.95,"lower_bound":9104.68167406468,"upper_bound":9150.032894736842},"point_estimate":9123.610099111414,"standard_error":12.525803090022366},"median_abs_dev":{"confidence_interval":{"confidence_level":0.95,"lower_bound":62.050081215221674,"upper_bound":110.80590420505128},"point_estimate":82.42377430553684,"standard_error":12.616516367374793},"slope":{"confidence_interval":{"confidence_level":0.95,"lower_bound":9086.603377895079,"upper_bound":9262.031036572747},"point_estimate":9160.636764639543,"standard_error":45.20830678136493},"std_dev":{"confidence_interval":{"confidence_level":0.95,"lower_bound":161.0923272548676,"upper_bound":764.5996679234779},"point_estimate":510.84698935514706,"standard_error":152.43508978488475}}