{"mean":{"confidence_interval":{"confidence_level":0.95,"lower_bound":8169.981744232196,"upper_bound":8247.570306838817},"point_estimate":8207.216111615002,"standard_error":19.72976329988539},"median":{"confidence_interval":{"confidence_level":0.95,"lower_bound":8152.842097445038,"upper_bound":8230.149243393009},"point_estimate":8176.954449472096,"standard_error":19.65604921590119},"median_abs_dev":{"confidence_interval":{"confidence_level":0.95,"lower_bound":100.67433513639958,"upper_bound":153.8667100059463},"point_estimate":129.60057976512635,"standard_error":13.361133560232139},"slope":{"confidence_interval":{"confidence_level":0.95,"lower_bound":8158.624003129838,"upper_bound":8211.044323914108},"point_estimate":8181.539081355018,"standard_error":13.415151594838445},"std_dev":{"confidence_interval":{"confidence_level":0.95,"lower_bound":138.58232391071476,"upper_bound":252.93101838383274},"point_estimate":198.20014497533194,"standard_error":29.33759242130829}}