{"mean":{"confidence_interval":{"confidence_level":0.95,"lower_bound":14761.515601878473,"upper_bound":15868.7728667205},"point_estimate":15184.760196003772,"standard_error":298.4796879347876},"median":{"confidence_interval":{"confidence_level":0.95,"lower_bound":14672.255601851852,"upper_bound":15067.442982456141},"point_estimate":14838.50499387255,"standard_error":104.01926613071981},"median_abs_dev":{"confidence_interval":{"confidence_level":0.95,"lower_bound":621.1768557307117,"upper_bound":1003.9515107994343},"point_estimate":796.3466587786879,"standard_error":100.31535684175768},"slope":{"confidence_interval":{"confidence_level":0.95,"lower_bound":14876.877656495682,"upper_bound":15254.322509548425},"point_estimate":15064.335692330427,"standard_error":96.19244806780434},"std_dev":{"confidence_interval":{"confidence_level":0.95,"lower_bound":775.6852318528738,"upper_bound":4966.345074178809},"point_estimate":2985.4054466913894,"standard_error":1412.7841733971268}}