{"mean":{"confidence_interval":{"confidence_level":0.95,"lower_bound":9341.72805242281,"upper_bound":9499.4264512184},"point_estimate":9411.944924641377,"standard_error":40.46204844926964},"median":{"confidence_interval":{"confidence_level":0.95,"lower_bound":9230.461538461539,"upper_bound":9434.5},"point_estimate":9386.724264705881,"standard_error":57.895613549497924},"median_abs_dev":{"confidence_interval":{"confidence_level":0.95,"lower_bound":132.7879702964519,"upper_bound":294.6513635688469},"point_estimate":247.39252725061658,"standard_error":39.707268852557085},"slope":{"confidence_interval":{"confidence_level":0.95,"lower_bound":9254.797555194418,"upper_bound":9542.540650895417},"point_estimate":9360.98442866115,"standard_error":77.62787335680446},"std_dev":{"confidence_interval":{"confidence_level":0.95,"lower_bound":212.28931046965425,"upper_bound":596.1036880335216},"point_estimate":405.5118956782318,"standard_error":106.57499599331184}}