{"mean":{"confidence_interval":{"confidence_level":0.95,"lower_bound":9099.707799612937,"upper_bound":9169.910501325257},"point_estimate":9131.485604255724,"standard_error":17.902919859462347},"median":{"confidence_interval":{"confidence_level":0.95,"lower_bound":9050.314903846154,"upper_bound":9179.701772186148},"point_estimate":9157.522155572755,"standard_error":35.02012719165345},"median_abs_dev":{"confidence_interval":{"confidence_level":0.95,"lower_bound":92.164188252326,"upper_bound":172.76392221608705},"point_estimate":149.09519883086404,"standard_error":20.874856573052192},"slope":{"confidence_interval":{"confidence_level":0.95,"lower_bound":9046.114576801601,"upper_bound":9109.928558809033},"point_estimate":9073.765749593616,"standard_error":16.268486081764962},"std_dev":{"confidence_interval":{"confidence_level":0.95,"lower_bound":108.5202657777447,"upper_bound":262.02865349317926},"point_estimate":179.89741534802187,"standard_error":46.731543549252656}}