{"mean":{"confidence_interval":{"confidence_level":0.95,"lower_bound":8230.678763458483,"upper_bound":8282.085848969105},"point_estimate":8256.32978736955,"standard_error":13.117760670197953},"median":{"confidence_interval":{"confidence_level":0.95,"lower_bound":8226.575597147948,"upper_bound":8269.876763375034},"point_estimate":8241.095535254342,"standard_error":12.329567846350033},"median_abs_dev":{"confidence_interval":{"confidence_level":0.95,"lower_bound":65.75163862807074,"upper_bound":110.84313093934688},"point_estimate":87.23076992571906,"standard_error":11.535147479495318},"slope":{"confidence_interval":{"confidence_level":0.95,"lower_bound":8225.099297069151,"upper_bound":8266.904268592125},"point_estimate":8243.558206347412,"standard_error":10.721697371373304},"std_dev":{"confidence_interval":{"confidence_level":0.95,"lower_bound":102.21632705551274,"upper_bound":157.95140921691},"point_estimate":131.7064067373294,"standard_error":14.257356935274919}}