{"mean":{"confidence_interval":{"confidence_level":0.95,"lower_bound":10022.356167538972,"upper_bound":10065.458096280097},"point_estimate":10044.298059198194,"standard_error":10.988786956823825},"median":{"confidence_interval":{"confidence_level":0.95,"lower_bound":10028.745535714286,"upper_bound":10070.91523580586},"point_estimate":10044.40245907139,"standard_error":10.67452243876344},"median_abs_dev":{"confidence_interval":{"confidence_level":0.95,"lower_bound":56.54289150974976,"upper_bound":93.95111371808966},"point_estimate":72.33774533659656,"standard_error":9.676151196045316},"slope":{"confidence_interval":{"confidence_level":0.95,"lower_bound":10027.786630966917,"upper_bound":10054.511435201635},"point_estimate":10040.393129525639,"standard_error":6.819994370138315},"std_dev":{"confidence_interval":{"confidence_level":0.95,"lower_bound":86.23520401906279,"upper_bound":133.6552264388093},"point_estimate":110.51346993347684,"standard_error":12.153276202623623}}