{"mean":{"confidence_interval":{"confidence_level":0.95,"lower_bound":13888.998742574682,"upper_bound":14074.11906579207},"point_estimate":13960.735185046575,"standard_error":49.51855819145449},"median":{"confidence_interval":{"confidence_level":0.95,"lower_bound":13892.430992736077,"upper_bound":13941.0},"point_estimate":13922.76625255646,"standard_error":11.394924976800176},"median_abs_dev":{"confidence_interval":{"confidence_level":0.95,"lower_bound":52.7486259193672,"upper_bound":136.38896231195497},"point_estimate":102.64815914200454,"standard_error":22.029549014515577},"slope":{"confidence_interval":{"confidence_level":0.95,"lower_bound":13853.324082345092,"upper_bound":14059.710091029106},"point_estimate":13929.953402436193,"standard_error":55.96524263411659},"std_dev":{"confidence_interval":{"confidence_level":0.95,"lower_bound":116.41569329120593,"upper_bound":828.702117755619},"point_estimate":500.64098457697895,"standard_error":228.21577479677126}}