{"mean":{"confidence_interval":{"confidence_level":0.95,"lower_bound":9246.572339788772,"upper_bound":9355.535850708036},"point_estimate":9292.126165347907,"standard_error":28.229266901164277},"median":{"confidence_interval":{"confidence_level":0.95,"lower_bound":9234.771632471007,"upper_bound":9278.960784313726},"point_estimate":9251.77068541956,"standard_error":9.864340549918058},"median_abs_dev":{"confidence_interval":{"confidence_level":0.95,"lower_bound":54.73390638520919,"upper_bound":88.5834152125363},"point_estimate":66.80609072481307,"standard_error":8.666728449711364},"slope":{"confidence_interval":{"confidence_level":0.95,"lower_bound":9233.707095992653,"upper_bound":9384.962310229748},"point_estimate":9299.989531705723,"standard_error":38.545915053476},"std_dev":{"confidence_interval":{"confidence_level":0.95,"lower_bound":97.12152695665601,"upper_bound":450.88015901582753},"point_estimate":284.4862418366995,"standard_error":103.19713826714666}}