{"mean":{"confidence_interval":{"confidence_level":0.95,"lower_bound":6642.147024647227,"upper_bound":6660.6080774250995},"point_estimate":6651.301213615328,"standard_error":4.6882188242626635},"median":{"confidence_interval":{"confidence_level":0.95,"lower_bound":6641.36,"upper_bound":6658.965},"point_estimate":6653.071825396825,"standard_error":5.348327970129119},"median_abs_dev":{"confidence_interval":{"confidence_level":0.95,"lower_bound":27.692987573890864,"upper_bound":49.608554184631885},"point_estimate":35.848530667908946,"standard_error":5.610750976644484},"slope":{"confidence_interval":{"confidence_level":0.95,"lower_bound":6651.629064713966,"upper_bound":6671.637246401557},"point_estimate":6660.869550169942,"standard_error":5.1217032037882095},"std_dev":{"confidence_interval":{"confidence_level":0.95,"lower_bound":39.40939835692408,"upper_bound":54.07341997949516},"point_estimate":47.09286974886439,"standard_error":3.739286402048764}}