{"mean":{"confidence_interval":{"confidence_level":0.95,"lower_bound":27976.673934800045,"upper_bound":28030.302412907717},"point_estimate":27998.028172791688,"standard_error":14.136726771742294},"median":{"confidence_interval":{"confidence_level":0.95,"lower_bound":27966.90625,"upper_bound":27980.747807017542},"point_estimate":27971.518315508023,"standard_error":3.5152084852604735},"median_abs_dev":{"confidence_interval":{"confidence_level":0.95,"lower_bound":23.940955332316726,"upper_bound":43.59599501253342},"point_estimate":29.632661175471185,"standard_error":5.218481179803265},"slope":{"confidence_interval":{"confidence_level":0.95,"lower_bound":27971.228132863587,"upper_bound":27990.435871903075},"point_estimate":27980.1171881927,"standard_error":4.933405338714202},"std_dev":{"confidence_interval":{"confidence_level":0.95,"lower_bound":48.039153670051505,"upper_bound":231.73323414513422},"point_estimate":142.2892810704715,"standard_error":60.78835556177793}}