{"mean":{"confidence_interval":{"confidence_level":0.95,"lower_bound":27765.58287902688,"upper_bound":27787.93087576283},"point_estimate":27776.113844130672,"standard_error":5.727451346383679},"median":{"confidence_interval":{"confidence_level":0.95,"lower_bound":27758.69776234568,"upper_bound":27771.21111111111},"point_estimate":27763.85683055097,"standard_error":2.72557936292609},"median_abs_dev":{"confidence_interval":{"confidence_level":0.95,"lower_bound":25.10176192983283,"upper_bound":45.00738384148215},"point_estimate":35.033728058422945,"standard_error":4.883857979273738},"slope":{"confidence_interval":{"confidence_level":0.95,"lower_bound":27760.842157013296,"upper_bound":27779.235045176945},"point_estimate":27769.64060423953,"standard_error":4.685515284513473},"std_dev":{"confidence_interval":{"confidence_level":0.95,"lower_bound":40.42902924584669,"upper_bound":73.7249567821858},"point_estimate":57.60337161877957,"standard_error":8.554516214797337}}