{"mean":{"confidence_interval":{"confidence_level":0.95,"lower_bound":25485.01443145,"upper_bound":25533.326196203874},"point_estimate":25506.882152357433,"standard_error":12.341479242634072},"median":{"confidence_interval":{"confidence_level":0.95,"lower_bound":25472.145454545454,"upper_bound":25491.871441689622},"point_estimate":25477.037107182943,"standard_error":5.595813007355082},"median_abs_dev":{"confidence_interval":{"confidence_level":0.95,"lower_bound":29.32454651715874,"upper_bound":56.5746003655441},"point_estimate":40.908808760605474,"standard_error":7.166542807436648},"slope":{"confidence_interval":{"confidence_level":0.95,"lower_bound":25486.643069761412,"upper_bound":25519.388459929585},"point_estimate":25501.87615137633,"standard_error":8.372932134195866},"std_dev":{"confidence_interval":{"confidence_level":0.95,"lower_bound":70.53337360374363,"upper_bound":177.62843775501975},"point_estimate":124.01998348964688,"standard_error":29.247900909219066}}