{"mean":{"confidence_interval":{"confidence_level":0.95,"lower_bound":6671.05696115221,"upper_bound":6693.52467185705},"point_estimate":6682.0125366214415,"standard_error":5.743598235020499},"median":{"confidence_interval":{"confidence_level":0.95,"lower_bound":6667.63386288686,"upper_bound":6690.150194409416},"point_estimate":6678.204656862745,"standard_error":5.603820903057613},"median_abs_dev":{"confidence_interval":{"confidence_level":0.95,"lower_bound":39.62683924213536,"upper_bound":62.5085312711652},"point_estimate":53.971495262418884,"standard_error":5.9639892692846095},"slope":{"confidence_interval":{"confidence_level":0.95,"lower_bound":6679.758116585874,"upper_bound":6705.6435525006955},"point_estimate":6692.423859415792,"standard_error":6.579552293810191},"std_dev":{"confidence_interval":{"confidence_level":0.95,"lower_bound":46.11543536572664,"upper_bound":68.78474035224117},"point_estimate":57.783375904056804,"standard_error":5.817216049160601}}