{"mean":{"confidence_interval":{"confidence_level":0.95,"lower_bound":25524.393355252225,"upper_bound":25583.590072450785},"point_estimate":25552.001980737317,"standard_error":15.145928405572832},"median":{"confidence_interval":{"confidence_level":0.95,"lower_bound":25495.374242424245,"upper_bound":25529.48402948403},"point_estimate":25513.975170363927,"standard_error":9.256832612628214},"median_abs_dev":{"confidence_interval":{"confidence_level":0.95,"lower_bound":51.04852141448128,"upper_bound":92.67281658004048},"point_estimate":73.94650175391588,"standard_error":10.559131503025307},"slope":{"confidence_interval":{"confidence_level":0.95,"lower_bound":25527.904966286136,"upper_bound":25585.706633951042},"point_estimate":25555.380724370945,"standard_error":14.77646546990333},"std_dev":{"confidence_interval":{"confidence_level":0.95,"lower_bound":97.09791536929448,"upper_bound":205.64781986634503},"point_estimate":152.47265307023622,"standard_error":28.23196092925572}}