{"mean":{"confidence_interval":{"confidence_level":0.95,"lower_bound":25481.62474836743,"upper_bound":25514.817728157494},"point_estimate":25497.33395077338,"standard_error":8.44630962235991},"median":{"confidence_interval":{"confidence_level":0.95,"lower_bound":25467.912727272727,"upper_bound":25498.701101928375},"point_estimate":25484.380633401684,"standard_error":7.081047270295983},"median_abs_dev":{"confidence_interval":{"confidence_level":0.95,"lower_bound":47.024342717920305,"upper_bound":73.8327797327934},"point_estimate":60.91847918363193,"standard_error":6.838347878670883},"slope":{"confidence_interval":{"confidence_level":0.95,"lower_bound":25490.88934765753,"upper_bound":25529.46363668331},"point_estimate":25507.73491435711,"standard_error":9.957585730070125},"std_dev":{"confidence_interval":{"confidence_level":0.95,"lower_bound":59.43979605476952,"upper_bound":108.38133064077769},"point_estimate":84.62962534771641,"standard_error":12.530106687725286}}