{"mean":{"confidence_interval":{"confidence_level":0.95,"lower_bound":6554.208121746092,"upper_bound":6579.765541514865},"point_estimate":6566.3362914408835,"standard_error":6.509926837051788},"median":{"confidence_interval":{"confidence_level":0.95,"lower_bound":6543.964285714285,"upper_bound":6567.597348484848},"point_estimate":6556.8701388888885,"standard_error":5.76279038819739},"median_abs_dev":{"confidence_interval":{"confidence_level":0.95,"lower_bound":32.523911818418654,"upper_bound":56.34487583141984},"point_estimate":41.19388271266738,"standard_error":6.034506840973408},"slope":{"confidence_interval":{"confidence_level":0.95,"lower_bound":6560.633066477735,"upper_bound":6593.048343220475},"point_estimate":6575.462121176297,"standard_error":8.303368237781758},"std_dev":{"confidence_interval":{"confidence_level":0.95,"lower_bound":46.655078991998344,"upper_bound":83.43751602058195},"point_estimate":65.656010055167,"standard_error":9.458348528436963}}