{"mean":{"confidence_interval":{"confidence_level":0.95,"lower_bound":25501.735760624135,"upper_bound":25537.027050128734},"point_estimate":25518.793289559693,"standard_error":9.02623872418003},"median":{"confidence_interval":{"confidence_level":0.95,"lower_bound":25498.102715466353,"upper_bound":25513.640798226163},"point_estimate":25508.821963265935,"standard_error":3.8904484872807785},"median_abs_dev":{"confidence_interval":{"confidence_level":0.95,"lower_bound":37.51386624965504,"upper_bound":72.48724541629107},"point_estimate":52.539832471037016,"standard_error":9.017914829113513},"slope":{"confidence_interval":{"confidence_level":0.95,"lower_bound":25516.327462035915,"upper_bound":25548.689746323515},"point_estimate":25531.473374800167,"standard_error":8.25034872260712},"std_dev":{"confidence_interval":{"confidence_level":0.95,"lower_bound":69.40636498702617,"upper_bound":109.5305106354529},"point_estimate":90.41780600412801,"standard_error":10.2977417672914}}