{"mean":{"confidence_interval":{"confidence_level":0.95,"lower_bound":6752.490995529072,"upper_bound":6779.078747701481},"point_estimate":6765.22135787727,"standard_error":6.790215011638289},"median":{"confidence_interval":{"confidence_level":0.95,"lower_bound":6749.080946450809,"upper_bound":6768.450139047129},"point_estimate":6761.118614867775,"standard_error":5.200016326282771},"median_abs_dev":{"confidence_interval":{"confidence_level":0.95,"lower_bound":38.55347976182539,"upper_bound":67.46511114175608},"point_estimate":53.706313850088335,"standard_error":7.486349966879657},"slope":{"confidence_interval":{"confidence_level":0.95,"lower_bound":6736.505518240728,"upper_bound":6779.726689675331},"point_estimate":6755.196903752373,"standard_error":11.11762396935587},"std_dev":{"confidence_interval":{"confidence_level":0.95,"lower_bound":50.16934090513383,"upper_bound":85.21245165081204},"point_estimate":68.03088899417224,"standard_error":9.051657269491141}}