{"mean":{"confidence_interval":{"confidence_level":0.95,"lower_bound":27814.442339519417,"upper_bound":27850.706822230553},"point_estimate":27831.525047110692,"standard_error":9.225974513148767},"median":{"confidence_interval":{"confidence_level":0.95,"lower_bound":27784.246527777777,"upper_bound":27834.3993993994},"point_estimate":27800.662375387867,"standard_error":11.965055414918425},"median_abs_dev":{"confidence_interval":{"confidence_level":0.95,"lower_bound":47.17620444450688,"upper_bound":94.42342235163005},"point_estimate":66.45116682791932,"standard_error":13.211267249502413},"slope":{"confidence_interval":{"confidence_level":0.95,"lower_bound":27818.99124927935,"upper_bound":27853.4448511531},"point_estimate":27835.843022182817,"standard_error":8.772733610732017},"std_dev":{"confidence_interval":{"confidence_level":0.95,"lower_bound":67.73373382111103,"upper_bound":121.58547512339766},"point_estimate":92.25601599607486,"standard_error":15.275065479441597}}