{"mean":{"confidence_interval":{"confidence_level":0.95,"lower_bound":27233.05441630986,"upper_bound":27266.516393919544},"point_estimate":27249.875156702805,"standard_error":8.53338542521597},"median":{"confidence_interval":{"confidence_level":0.95,"lower_bound":27226.561008758683,"upper_bound":27269.74122169314},"point_estimate":27249.885242030694,"standard_error":10.703055599380448},"median_abs_dev":{"confidence_interval":{"confidence_level":0.95,"lower_bound":60.64786850519542,"upper_bound":102.9254941451895},"point_estimate":87.9614273737185,"standard_error":10.921937417564786},"slope":{"confidence_interval":{"confidence_level":0.95,"lower_bound":27237.731718732837,"upper_bound":27269.746247961277},"point_estimate":27253.40629230087,"standard_error":8.130392314080762},"std_dev":{"confidence_interval":{"confidence_level":0.95,"lower_bound":73.00678783973575,"upper_bound":96.94539144760515},"point_estimate":85.51057006068118,"standard_error":6.106836115010147}}