{"mean":{"confidence_interval":{"confidence_level":0.95,"lower_bound":6575.841600946749,"upper_bound":6622.753656617508},"point_estimate":6597.352747401364,"standard_error":12.049806306016452},"median":{"confidence_interval":{"confidence_level":0.95,"lower_bound":6558.044578313253,"upper_bound":6577.96125},"point_estimate":6568.830831708901,"standard_error":5.133556598448074},"median_abs_dev":{"confidence_interval":{"confidence_level":0.95,"lower_bound":30.42695831946214,"upper_bound":54.303594363728045},"point_estimate":40.179692378284926,"standard_error":5.9725033338165066},"slope":{"confidence_interval":{"confidence_level":0.95,"lower_bound":6585.336542491167,"upper_bound":6645.568046636648},"point_estimate":6612.155984040195,"standard_error":15.486155618159037},"std_dev":{"confidence_interval":{"confidence_level":0.95,"lower_bound":71.67469582674373,"upper_bound":164.71351739946573},"point_estimate":121.36173856774232,"standard_error":23.985815993885986}}