{"mean":{"confidence_interval":{"confidence_level":0.95,"lower_bound":25485.8935432097,"upper_bound":25561.74967759846},"point_estimate":25519.591918887316,"standard_error":19.53310085836557},"median":{"confidence_interval":{"confidence_level":0.95,"lower_bound":25461.95989304813,"upper_bound":25491.780822977365},"point_estimate":25476.49079457364,"standard_error":7.26557287672139},"median_abs_dev":{"confidence_interval":{"confidence_level":0.95,"lower_bound":42.05690534802618,"upper_bound":75.02974753159553},"point_estimate":58.68715333825843,"standard_error":8.645681556903305},"slope":{"confidence_interval":{"confidence_level":0.95,"lower_bound":25487.958724465083,"upper_bound":25529.33890034962},"point_estimate":25507.068450636107,"standard_error":10.577531777486634},"std_dev":{"confidence_interval":{"confidence_level":0.95,"lower_bound":84.33552338115723,"upper_bound":283.2663070460756},"point_estimate":196.4759953837577,"standard_error":51.05366362410218}}