{"mean":{"confidence_interval":{"confidence_level":0.95,"lower_bound":6724.270852893422,"upper_bound":6760.164782527984},"point_estimate":6741.389258554842,"standard_error":9.159496985751451},"median":{"confidence_interval":{"confidence_level":0.95,"lower_bound":6706.398392652124,"upper_bound":6737.862237762238},"point_estimate":6726.905302633873,"standard_error":9.285318911216804},"median_abs_dev":{"confidence_interval":{"confidence_level":0.95,"lower_bound":49.93625252495904,"upper_bound":89.38788545949161},"point_estimate":72.01630892570527,"standard_error":10.291177102110474},"slope":{"confidence_interval":{"confidence_level":0.95,"lower_bound":6697.510615379992,"upper_bound":6723.47703700094},"point_estimate":6709.999368428232,"standard_error":6.65131260166503},"std_dev":{"confidence_interval":{"confidence_level":0.95,"lower_bound":68.94632113135715,"upper_bound":115.83584843984755},"point_estimate":92.30330889721438,"standard_error":12.165507564392914}}