{"mean":{"confidence_interval":{"confidence_level":0.95,"lower_bound":6882.025440822193,"upper_bound":6918.311439380317},"point_estimate":6900.193875250084,"standard_error":9.238107737581085},"median":{"confidence_interval":{"confidence_level":0.95,"lower_bound":6892.705616918103,"upper_bound":6922.30608974359},"point_estimate":6908.264516559829,"standard_error":7.63035285297055},"median_abs_dev":{"confidence_interval":{"confidence_level":0.95,"lower_bound":44.901429491302395,"upper_bound":83.43914782421461},"point_estimate":65.59732696041442,"standard_error":9.649038841016818},"slope":{"confidence_interval":{"confidence_level":0.95,"lower_bound":6860.806974566554,"upper_bound":6901.5537746543805},"point_estimate":6880.073406975026,"standard_error":10.41764017387742},"std_dev":{"confidence_interval":{"confidence_level":0.95,"lower_bound":71.12563536692996,"upper_bound":112.22684895534898},"point_estimate":92.65402517751097,"standard_error":10.5104899070787}}