{"mean":{"confidence_interval":{"confidence_level":0.95,"lower_bound":25496.403240239884,"upper_bound":25549.499872019886},"point_estimate":25521.46778093998,"standard_error":13.617436179388042},"median":{"confidence_interval":{"confidence_level":0.95,"lower_bound":25473.00814111262,"upper_bound":25513.950146627565},"point_estimate":25492.10221201819,"standard_error":10.601281234194152},"median_abs_dev":{"confidence_interval":{"confidence_level":0.95,"lower_bound":61.440294536284156,"upper_bound":104.80743849267259},"point_estimate":86.55227552169325,"standard_error":10.969129438435447},"slope":{"confidence_interval":{"confidence_level":0.95,"lower_bound":25504.49131646247,"upper_bound":25564.895949589067},"point_estimate":25530.861169579646,"standard_error":15.484170991318885},"std_dev":{"confidence_interval":{"confidence_level":0.95,"lower_bound":94.8018672928498,"upper_bound":174.54105363131623},"point_estimate":137.01514637773718,"standard_error":20.414419899794108}}