{"mean":{"confidence_interval":{"confidence_level":0.95,"lower_bound":6651.539980097793,"upper_bound":6672.978930479739},"point_estimate":6662.17429161377,"standard_error":5.479785089904281},"median":{"confidence_interval":{"confidence_level":0.95,"lower_bound":6643.751851851852,"upper_bound":6677.682716049383},"point_estimate":6656.954733959312,"standard_error":7.7395176264296595},"median_abs_dev":{"confidence_interval":{"confidence_level":0.95,"lower_bound":45.88065506780822,"upper_bound":70.25323526665159},"point_estimate":55.32469140909413,"standard_error":6.3053511953832215},"slope":{"confidence_interval":{"confidence_level":0.95,"lower_bound":6665.146046278182,"upper_bound":6682.739745975934},"point_estimate":6673.730593172751,"standard_error":4.482132713837534},"std_dev":{"confidence_interval":{"confidence_level":0.95,"lower_bound":47.055579635766506,"upper_bound":62.77402443438766},"point_estimate":55.09865034216036,"standard_error":4.0118972110337765}}