{"mean":{"confidence_interval":{"confidence_level":0.95,"lower_bound":6572.5929014851545,"upper_bound":6646.321557327321},"point_estimate":6602.289346634075,"standard_error":19.29817690841753},"median":{"confidence_interval":{"confidence_level":0.95,"lower_bound":6553.6844269102985,"upper_bound":6575.945259259259},"point_estimate":6568.175769230769,"standard_error":5.556177076483929},"median_abs_dev":{"confidence_interval":{"confidence_level":0.95,"lower_bound":31.593848186085495,"upper_bound":51.04175217301317},"point_estimate":41.213190518319244,"standard_error":4.978330386891703},"slope":{"confidence_interval":{"confidence_level":0.95,"lower_bound":6572.541826939879,"upper_bound":6605.3289498776385},"point_estimate":6587.187991428994,"standard_error":8.393761605790475},"std_dev":{"confidence_interval":{"confidence_level":0.95,"lower_bound":56.58082490619982,"upper_bound":313.8618885220761},"point_estimate":193.93452801165796,"standard_error":78.78887671761085}}