{"mean":{"confidence_interval":{"confidence_level":0.95,"lower_bound":25463.085443959404,"upper_bound":25496.86775664427},"point_estimate":25479.72772756146,"standard_error":8.622487424357598},"median":{"confidence_interval":{"confidence_level":0.95,"lower_bound":25458.945454545454,"upper_bound":25494.74114993501},"point_estimate":25472.27308893638,"standard_error":9.145273115575943},"median_abs_dev":{"confidence_interval":{"confidence_level":0.95,"lower_bound":51.83612042732732,"upper_bound":87.37838910109453},"point_estimate":73.84125456318256,"standard_error":9.166163017641365},"slope":{"confidence_interval":{"confidence_level":0.95,"lower_bound":25460.570733925902,"upper_bound":25511.962746575555},"point_estimate":25488.85935918965,"standard_error":13.133638050665116},"std_dev":{"confidence_interval":{"confidence_level":0.95,"lower_bound":63.3690170871294,"upper_bound":108.6949247216935},"point_estimate":86.2272112153642,"standard_error":11.709405398713812}}