{"mean":{"confidence_interval":{"confidence_level":0.95,"lower_bound":6814.293993725237,"upper_bound":6904.187534442811},"point_estimate":6850.141188078274,"standard_error":23.700207948205357},"median":{"confidence_interval":{"confidence_level":0.95,"lower_bound":6795.313522158593,"upper_bound":6829.120772669953},"point_estimate":6812.063936063936,"standard_error":9.594494075633358},"median_abs_dev":{"confidence_interval":{"confidence_level":0.95,"lower_bound":50.82772758875142,"upper_bound":83.81037970313534},"point_estimate":67.0075334826829,"standard_error":8.69387465921363},"slope":{"confidence_interval":{"confidence_level":0.95,"lower_bound":6793.969405299555,"upper_bound":6827.829685197244},"point_estimate":6809.800629525639,"standard_error":8.631115085873382},"std_dev":{"confidence_interval":{"confidence_level":0.95,"lower_bound":69.03135186436754,"upper_bound":388.08976890482666},"point_estimate":237.83556363845298,"standard_error":100.35378099192107}}