{"mean":{"confidence_interval":{"confidence_level":0.95,"lower_bound":1763495.5957078708,"upper_bound":1767786.3997937813},"point_estimate":1765220.409780893,"standard_error":1125.8615572560473},"median":{"confidence_interval":{"confidence_level":0.95,"lower_bound":1762574.4615384615,"upper_bound":1763982.8076923077},"point_estimate":1763106.9163135593,"standard_error":309.35079193352965},"median_abs_dev":{"confidence_interval":{"confidence_level":0.95,"lower_bound":2154.8916708338247,"upper_bound":3793.670278970518},"point_estimate":2782.6121526783077,"standard_error":399.6104131407579},"slope":{"confidence_interval":{"confidence_level":0.95,"lower_bound":1762937.3287572286,"upper_bound":1764611.9145667083},"point_estimate":1763716.6930427072,"standard_error":427.6204121921954},"std_dev":{"confidence_interval":{"confidence_level":0.95,"lower_bound":3793.4493212582565,"upper_bound":18184.22075005471},"point_estimate":11267.669626854053,"standard_error":4530.773578078104}}