{"mean":{"confidence_interval":{"confidence_level":0.95,"lower_bound":1792387.5824757328,"upper_bound":1798506.9990009088},"point_estimate":1794976.1962391192,"standard_error":1584.0078745492349},"median":{"confidence_interval":{"confidence_level":0.95,"lower_bound":1791080.5,"upper_bound":1791983.400254669},"point_estimate":1791322.206822612,"standard_error":232.0993793167757},"median_abs_dev":{"confidence_interval":{"confidence_level":0.95,"lower_bound":1537.4342255759973,"upper_bound":2790.6103687917393},"point_estimate":2056.3850992330717,"standard_error":312.1938488688347},"slope":{"confidence_interval":{"confidence_level":0.95,"lower_bound":1791671.3837007182,"upper_bound":1798579.5087899794},"point_estimate":1794311.3097532142,"standard_error":1862.3570662207023},"std_dev":{"confidence_interval":{"confidence_level":0.95,"lower_bound":3805.933285753521,"upper_bound":24968.54381772331},"point_estimate":16003.252772175107,"standard_error":5529.188084773209}}