{"mean":{"confidence_interval":{"confidence_level":0.95,"lower_bound":1767628.180913116,"upper_bound":1894776.1147393582},"point_estimate":1816630.5841754363,"standard_error":34449.27405180375},"median":{"confidence_interval":{"confidence_level":0.95,"lower_bound":1762283.3052127464,"upper_bound":1768554.67},"point_estimate":1764894.0227987422,"standard_error":1665.9837462509345},"median_abs_dev":{"confidence_interval":{"confidence_level":0.95,"lower_bound":9159.373585162099,"upper_bound":14763.079164162007},"point_estimate":11267.454621513696,"standard_error":1478.1735806924687},"slope":{"confidence_interval":{"confidence_level":0.95,"lower_bound":1769675.2095122035,"upper_bound":1885167.254350029},"point_estimate":1814677.638610906,"standard_error":30884.01311855838},"std_dev":{"confidence_interval":{"confidence_level":0.95,"lower_bound":18364.90883662399,"upper_bound":566112.5263742452},"point_estimate":345227.9817026778,"standard_error":156285.61591671492}}