{"mean":{"confidence_interval":{"confidence_level":0.95,"lower_bound":1764081.6769260634,"upper_bound":1768339.2768561677},"point_estimate":1765923.2785374671,"standard_error":1102.9527010547254},"median":{"confidence_interval":{"confidence_level":0.95,"lower_bound":1762987.5789473683,"upper_bound":1764516.4422773838},"point_estimate":1763894.2549270792,"standard_error":366.1699259864039},"median_abs_dev":{"confidence_interval":{"confidence_level":0.95,"lower_bound":2489.098849027107,"upper_bound":4019.5179719727244},"point_estimate":3263.6801476967375,"standard_error":393.8193690349472},"slope":{"confidence_interval":{"confidence_level":0.95,"lower_bound":1762836.5955231145,"upper_bound":1765368.7303858437},"point_estimate":1764033.5570947244,"standard_error":645.3211162123108},"std_dev":{"confidence_interval":{"confidence_level":0.95,"lower_bound":4147.61059534545,"upper_bound":16886.53847654301},"point_estimate":11063.72135889235,"standard_error":3443.2629526796227}}