{"mean":{"confidence_interval":{"confidence_level":0.95,"lower_bound":1769823.4552896207,"upper_bound":1777876.295360926},"point_estimate":1773142.7997192368,"standard_error":2124.8118039711885},"median":{"confidence_interval":{"confidence_level":0.95,"lower_bound":1768376.4047619049,"upper_bound":1770117.5497674418},"point_estimate":1769115.7085253457,"standard_error":433.7936671726641},"median_abs_dev":{"confidence_interval":{"confidence_level":0.95,"lower_bound":2301.053318425742,"upper_bound":3881.171689311917},"point_estimate":2947.088640860489,"standard_error":379.02941142392655},"slope":{"confidence_interval":{"confidence_level":0.95,"lower_bound":1769493.240311058,"upper_bound":1774759.031604013},"point_estimate":1771521.7864223437,"standard_error":1393.8261076768565},"std_dev":{"confidence_interval":{"confidence_level":0.95,"lower_bound":4870.042026496069,"upper_bound":34515.39123922071},"point_estimate":21448.797818836123,"standard_error":8424.556384364627}}