{"mean":{"confidence_interval":{"confidence_level":0.95,"lower_bound":1762196.5458002936,"upper_bound":1767145.2091148444},"point_estimate":1764045.4111573088,"standard_error":1363.4133605029986},"median":{"confidence_interval":{"confidence_level":0.95,"lower_bound":1761557.175,"upper_bound":1762436.5261569417},"point_estimate":1761970.1744186047,"standard_error":205.30815589637606},"median_abs_dev":{"confidence_interval":{"confidence_level":0.95,"lower_bound":1609.843737202043,"upper_bound":3056.377292466242},"point_estimate":2081.6601671117282,"standard_error":363.1654661901426},"slope":{"confidence_interval":{"confidence_level":0.95,"lower_bound":1762388.4284363375,"upper_bound":1763917.8353761549},"point_estimate":1763120.3369824146,"standard_error":392.3669870516826},"std_dev":{"confidence_interval":{"confidence_level":0.95,"lower_bound":2995.9860154403486,"upper_bound":23045.093917846945},"point_estimate":13728.051208500867,"standard_error":6889.142400088169}}