{"mean":{"confidence_interval":{"confidence_level":0.95,"lower_bound":1797703.629258629,"upper_bound":1804505.9488506394},"point_estimate":1800638.958586728,"standard_error":1742.139999326957},"median":{"confidence_interval":{"confidence_level":0.95,"lower_bound":1796410.3396226414,"upper_bound":1797856.4965034965},"point_estimate":1797093.4520833334,"standard_error":406.4674538942292},"median_abs_dev":{"confidence_interval":{"confidence_level":0.95,"lower_bound":1907.344115462114,"upper_bound":3289.997093634798},"point_estimate":2508.2454267198013,"standard_error":354.78465598506375},"slope":{"confidence_interval":{"confidence_level":0.95,"lower_bound":1797345.337728313,"upper_bound":1801539.8850983018},"point_estimate":1798941.4577744938,"standard_error":1113.5164396194941},"std_dev":{"confidence_interval":{"confidence_level":0.95,"lower_bound":3551.660127057422,"upper_bound":26021.433697423763},"point_estimate":17363.543722610586,"standard_error":5377.416971023847}}