{"mean":{"confidence_interval":{"confidence_level":0.95,"lower_bound":6527531.5473437505,"upper_bound":6566893.17259375},"point_estimate":6544589.9625,"standard_error":10076.92106941874},"median":{"confidence_interval":{"confidence_level":0.95,"lower_bound":6522308.25,"upper_bound":6524313.25},"point_estimate":6523238.75,"standard_error":460.45924856136304},"median_abs_dev":{"confidence_interval":{"confidence_level":0.95,"lower_bound":2920.5366231501102,"upper_bound":5250.720469281077},"point_estimate":3889.7863559424877,"standard_error":572.6123514392665},"slope":null,"std_dev":{"confidence_interval":{"confidence_level":0.95,"lower_bound":19467.9812708565,"upper_bound":152712.8725385479},"point_estimate":101219.22316220438,"standard_error":31915.106359625144}}