{"mean":{"confidence_interval":{"confidence_level":0.95,"lower_bound":6524546.75934375,"upper_bound":6526384.2164687505},"point_estimate":6525418.87125,"standard_error":470.23063827521855},"median":{"confidence_interval":{"confidence_level":0.95,"lower_bound":6523400.5,"upper_bound":6525146.6875},"point_estimate":6524621.8125,"standard_error":373.4910846676253},"median_abs_dev":{"confidence_interval":{"confidence_level":0.95,"lower_bound":2353.25680822134,"upper_bound":3777.294082939625},"point_estimate":3040.349233523011,"standard_error":370.44899842847616},"slope":null,"std_dev":{"confidence_interval":{"confidence_level":0.95,"lower_bound":3369.86538417752,"upper_bound":5898.918836420104},"point_estimate":4749.978817750983,"standard_error":647.1389728962768}}