{"mean":{"confidence_interval":{"confidence_level":0.95,"lower_bound":6525952.7081875,"upper_bound":6531844.752},"point_estimate":6528544.8775,"standard_error":1515.0735976391754},"median":{"confidence_interval":{"confidence_level":0.95,"lower_bound":6523518.0,"upper_bound":6525562.375},"point_estimate":6524329.4375,"standard_error":517.0478748603164},"median_abs_dev":{"confidence_interval":{"confidence_level":0.95,"lower_bound":3311.3870412111282,"upper_bound":5451.149453222752},"point_estimate":4470.038920640945,"standard_error":516.3117829852573},"slope":null,"std_dev":{"confidence_interval":{"confidence_level":0.95,"lower_bound":7193.920628901868,"upper_bound":22735.54247274051},"point_estimate":15217.704002798408,"standard_error":4286.793854171576}}