{"mean":{"confidence_interval":{"confidence_level":0.95,"lower_bound":6525703.465656251,"upper_bound":6554832.7059375},"point_estimate":6536019.51125,"standard_error":8566.216292703402},"median":{"confidence_interval":{"confidence_level":0.95,"lower_bound":6523172.75,"upper_bound":6525512.375},"point_estimate":6523915.375,"standard_error":560.7820598806583},"median_abs_dev":{"confidence_interval":{"confidence_level":0.95,"lower_bound":2960.0108474493027,"upper_bound":5482.840027660131},"point_estimate":3905.6316431611776,"standard_error":612.0617600171913},"slope":null,"std_dev":{"confidence_interval":{"confidence_level":0.95,"lower_bound":6127.492014695701,"upper_bound":146451.82201930304},"point_estimate":85937.23440508102,"standard_error":48070.35873311627}}