{"mean":{"confidence_interval":{"confidence_level":0.95,"lower_bound":6528815.3906562505,"upper_bound":6539417.49159375},"point_estimate":6533612.995,"standard_error":2719.784533820547},"median":{"confidence_interval":{"confidence_level":0.95,"lower_bound":6525062.25,"upper_bound":6527013.375},"point_estimate":6525910.625,"standard_error":477.3252418719708},"median_abs_dev":{"confidence_interval":{"confidence_level":0.95,"lower_bound":2978.1726971268654,"upper_bound":5235.801807045937},"point_estimate":3846.1423192173243,"standard_error":553.8415030219797},"slope":null,"std_dev":{"confidence_interval":{"confidence_level":0.95,"lower_bound":14441.518986498233,"upper_bound":36619.79956751259},"point_estimate":27231.705504520814,"standard_error":5596.047848762722}}