{"mean":{"confidence_interval":{"confidence_level":0.95,"lower_bound":6524710.89875,"upper_bound":6527449.4030312495},"point_estimate":6525989.27875,"standard_error":699.0450565396017},"median":{"confidence_interval":{"confidence_level":0.95,"lower_bound":6523119.375,"upper_bound":6524389.375},"point_estimate":6523806.25,"standard_error":327.57457309107866},"median_abs_dev":{"confidence_interval":{"confidence_level":0.95,"lower_bound":1730.379494279623,"upper_bound":3269.8927744477946},"point_estimate":2813.9747500419617,"standard_error":408.09414463197413},"slope":null,"std_dev":{"confidence_interval":{"confidence_level":0.95,"lower_bound":4318.112040539942,"upper_bound":9324.273069721376},"point_estimate":7025.885436687807,"standard_error":1276.6124908820202}}