{"mean":{"confidence_interval":{"confidence_level":0.95,"lower_bound":45210602.770125,"upper_bound":45551738.895},"point_estimate":45370986.425,"standard_error":87537.41939802466},"median":{"confidence_interval":{"confidence_level":0.95,"lower_bound":45135789.0,"upper_bound":45318386.25},"point_estimate":45223102.75,"standard_error":50699.946132070945},"median_abs_dev":{"confidence_interval":{"confidence_level":0.95,"lower_bound":333703.6020755768,"upper_bound":611320.4471468925},"point_estimate":467475.6325006485,"standard_error":71402.33561315753},"slope":null,"std_dev":{"confidence_interval":{"confidence_level":0.95,"lower_bound":609722.4182978652,"upper_bound":1113726.4397250635},"point_estimate":882542.4564296328,"standard_error":129181.19205548275}}