{"mean":{"confidence_interval":{"confidence_level":0.95,"lower_bound":43163705.061125,"upper_bound":43300016.4345},"point_estimate":43230349.475,"standard_error":34843.409182344985},"median":{"confidence_interval":{"confidence_level":0.95,"lower_bound":43090914.5,"upper_bound":43231824.0},"point_estimate":43150885.0,"standard_error":36868.53193443775},"median_abs_dev":{"confidence_interval":{"confidence_level":0.95,"lower_bound":212564.4353762269,"upper_bound":362265.43652225216},"point_estimate":284351.55545175076,"standard_error":36832.39036822167},"slope":null,"std_dev":{"confidence_interval":{"confidence_level":0.95,"lower_bound":291606.25989459746,"upper_bound":400364.0267918843},"point_estimate":350440.7251446253,"standard_error":27858.18252935745}}