{"mean":{"confidence_interval":{"confidence_level":0.95,"lower_bound":41735865.656125,"upper_bound":41836439.15},"point_estimate":41785268.47,"standard_error":25678.175330480975},"median":{"confidence_interval":{"confidence_level":0.95,"lower_bound":41718581.0,"upper_bound":41806149.5},"point_estimate":41770502.75,"standard_error":20665.52391434055},"median_abs_dev":{"confidence_interval":{"confidence_level":0.95,"lower_bound":151709.26620662212,"upper_bound":266606.3163667917},"point_estimate":198590.9306243062,"standard_error":28193.565915677507},"slope":null,"std_dev":{"confidence_interval":{"confidence_level":0.95,"lower_bound":208794.20518678744,"upper_bound":303971.9843888252},"point_estimate":257723.3214354912,"standard_error":24315.729962080844}}