{"mean":{"confidence_interval":{"confidence_level":0.95,"lower_bound":48273965.705,"upper_bound":48633930.405},"point_estimate":48451089.755,"standard_error":91571.20137550232},"median":{"confidence_interval":{"confidence_level":0.95,"lower_bound":48118382.5,"upper_bound":48608015.0},"point_estimate":48397131.25,"standard_error":109695.83325688036},"median_abs_dev":{"confidence_interval":{"confidence_level":0.95,"lower_bound":628348.4784945846,"upper_bound":1056894.7421863675},"point_estimate":780408.0089449883,"standard_error":104519.60588500695},"slope":null,"std_dev":{"confidence_interval":{"confidence_level":0.95,"lower_bound":764561.4366800112,"upper_bound":1068919.077389302},"point_estimate":922649.2533859899,"standard_error":78017.766097104}}