{"mean":{"confidence_interval":{"confidence_level":0.95,"lower_bound":43410674.11925,"upper_bound":43559537.524125},"point_estimate":43483041.13,"standard_error":37932.91621728428},"median":{"confidence_interval":{"confidence_level":0.95,"lower_bound":43303633.5,"upper_bound":43508349.5},"point_estimate":43437091.0,"standard_error":51297.968279101035},"median_abs_dev":{"confidence_interval":{"confidence_level":0.95,"lower_bound":261604.765355587,"upper_bound":433712.7539500594},"point_estimate":352670.8741888404,"standard_error":43492.63964897641},"slope":null,"std_dev":{"confidence_interval":{"confidence_level":0.95,"lower_bound":304978.8265317187,"upper_bound":452250.2466640591},"point_estimate":381275.23191110475,"standard_error":37559.42263182291}}