{"mean":{"confidence_interval":{"confidence_level":0.95,"lower_bound":42950291.775,"upper_bound":43437298.09825},"point_estimate":43183084.715,"standard_error":124828.00658741196},"median":{"confidence_interval":{"confidence_level":0.95,"lower_bound":42592870.75,"upper_bound":42898743.0},"point_estimate":42693725.5,"standard_error":81272.15756807158},"median_abs_dev":{"confidence_interval":{"confidence_level":0.95,"lower_bound":362894.0403785931,"upper_bound":743432.308452688},"point_estimate":461753.537902236,"standard_error":102833.47077413832},"slope":null,"std_dev":{"confidence_interval":{"confidence_level":0.95,"lower_bound":914290.4728777624,"upper_bound":1533152.652118516},"point_estimate":1251596.3263275512,"standard_error":158092.07302094303}}