{"mean":{"confidence_interval":{"confidence_level":0.95,"lower_bound":46656166.265,"upper_bound":46956177.035},"point_estimate":46806580.215,"standard_error":76703.72332644019},"median":{"confidence_interval":{"confidence_level":0.95,"lower_bound":46565113.75,"upper_bound":47097591.0},"point_estimate":46854353.0,"standard_error":143339.58376207954},"median_abs_dev":{"confidence_interval":{"confidence_level":0.95,"lower_bound":715901.9373402,"upper_bound":1054580.7742774487},"point_estimate":916222.3208338022,"standard_error":86233.50630333973},"slope":null,"std_dev":{"confidence_interval":{"confidence_level":0.95,"lower_bound":680205.5958053898,"upper_bound":858895.2050176333},"point_estimate":774011.747792274,"standard_error":45616.29216898493}}