{"mean":{"confidence_interval":{"confidence_level":0.95,"lower_bound":45771622.7675,"upper_bound":46106533.665},"point_estimate":45929585.955,"standard_error":85447.7097967246},"median":{"confidence_interval":{"confidence_level":0.95,"lower_bound":45641810.0,"upper_bound":45928251.75},"point_estimate":45756419.5,"standard_error":73280.57711510596},"median_abs_dev":{"confidence_interval":{"confidence_level":0.95,"lower_bound":473762.22703903913,"upper_bound":824195.8578675985},"point_estimate":629703.5748705268,"standard_error":89624.00362174651},"slope":null,"std_dev":{"confidence_interval":{"confidence_level":0.95,"lower_bound":598346.3398623299,"upper_bound":1143351.0484923788},"point_estimate":852960.7976828881,"standard_error":147171.70743716933}}