{"mean":{"confidence_interval":{"confidence_level":0.95,"lower_bound":9240.132746563955,"upper_bound":9329.591982122505},"point_estimate":9283.858432317607,"standard_error":22.830192960972646},"median":{"confidence_interval":{"confidence_level":0.95,"lower_bound":9200.171153846153,"upper_bound":9314.42283887642},"point_estimate":9276.949801488834,"standard_error":36.485497955526746},"median_abs_dev":{"confidence_interval":{"confidence_level":0.95,"lower_bound":167.21776111191465,"upper_bound":283.8240963876826},"point_estimate":224.41876252669383,"standard_error":30.15543293099853},"slope":{"confidence_interval":{"confidence_level":0.95,"lower_bound":9213.658006233349,"upper_bound":9300.286732969998},"point_estimate":9255.332213343034,"standard_error":22.051502696539984},"std_dev":{"confidence_interval":{"confidence_level":0.95,"lower_bound":187.22803102245314,"upper_bound":269.54409861952445},"point_estimate":229.97201072539508,"standard_error":21.065880986731614}}