{"mean":{"confidence_interval":{"confidence_level":0.95,"lower_bound":9172.826401931941,"upper_bound":9300.497352647306},"point_estimate":9232.781088584934,"standard_error":32.51880875422197},"median":{"confidence_interval":{"confidence_level":0.95,"lower_bound":9105.513925729443,"upper_bound":9268.760476534846},"point_estimate":9221.008318413586,"standard_error":40.233597848957636},"median_abs_dev":{"confidence_interval":{"confidence_level":0.95,"lower_bound":220.32799865827678,"upper_bound":362.1177972439188},"point_estimate":307.3674345028265,"standard_error":35.2555908451968},"slope":{"confidence_interval":{"confidence_level":0.95,"lower_bound":9135.758076063337,"upper_bound":9248.557135672056},"point_estimate":9188.408091984858,"standard_error":28.80892279353619},"std_dev":{"confidence_interval":{"confidence_level":0.95,"lower_bound":228.97989416201574,"upper_bound":441.0800680903921},"point_estimate":327.54993601799384,"standard_error":58.65921370373643}}