{"mean":{"confidence_interval":{"confidence_level":0.95,"lower_bound":9277.178831764144,"upper_bound":9358.485690367752},"point_estimate":9317.25487847654,"standard_error":20.804401201609853},"median":{"confidence_interval":{"confidence_level":0.95,"lower_bound":9223.298466160657,"upper_bound":9276.304802955665},"point_estimate":9252.060868689581,"standard_error":14.218240442886458},"median_abs_dev":{"confidence_interval":{"confidence_level":0.95,"lower_bound":86.15277418628361,"upper_bound":199.96566037420078},"point_estimate":130.62402702372037,"standard_error":28.274195967295697},"slope":{"confidence_interval":{"confidence_level":0.95,"lower_bound":9202.058961982724,"upper_bound":9237.20082323988},"point_estimate":9218.720074521312,"standard_error":8.952336847491402},"std_dev":{"confidence_interval":{"confidence_level":0.95,"lower_bound":177.8603454467766,"upper_bound":235.8732698796419},"point_estimate":209.32548126629808,"standard_error":14.793279440562706}}