{"mean":{"confidence_interval":{"confidence_level":0.95,"lower_bound":9073.210549574751,"upper_bound":9167.408277601375},"point_estimate":9119.229966321407,"standard_error":24.046206199123343},"median":{"confidence_interval":{"confidence_level":0.95,"lower_bound":8959.957435897435,"upper_bound":9233.070019723866},"point_estimate":9162.772879294618,"standard_error":100.3154740163611},"median_abs_dev":{"confidence_interval":{"confidence_level":0.95,"lower_bound":111.60993856976313,"upper_bound":345.90207360546134},"point_estimate":302.16527925087865,"standard_error":62.86683070393379},"slope":{"confidence_interval":{"confidence_level":0.95,"lower_bound":9086.748828581563,"upper_bound":9171.425413538842},"point_estimate":9132.076136226711,"standard_error":21.605348489360395},"std_dev":{"confidence_interval":{"confidence_level":0.95,"lower_bound":198.2246417233454,"upper_bound":292.56308890654685},"point_estimate":241.60880183616848,"standard_error":24.972423042725094}}