{"mean":{"confidence_interval":{"confidence_level":0.95,"lower_bound":8728.052303548113,"upper_bound":8836.599932512205},"point_estimate":8782.0932550468,"standard_error":27.73545687957148},"median":{"confidence_interval":{"confidence_level":0.95,"lower_bound":8823.599290930706,"upper_bound":8870.352848101265},"point_estimate":8849.493303571428,"standard_error":21.374440283395245},"median_abs_dev":{"confidence_interval":{"confidence_level":0.95,"lower_bound":215.80701640320672,"upper_bound":474.3999540112283},"point_estimate":383.308352569918,"standard_error":67.12288922834863},"slope":{"confidence_interval":{"confidence_level":0.95,"lower_bound":8752.713784306012,"upper_bound":8822.585330590078},"point_estimate":8790.806691665435,"standard_error":17.78207112758241},"std_dev":{"confidence_interval":{"confidence_level":0.95,"lower_bound":247.2761785205253,"upper_bound":308.2922115651715},"point_estimate":279.21882476445717,"standard_error":15.553686864265778}}