{"mean":{"confidence_interval":{"confidence_level":0.95,"lower_bound":8998.83313397471,"upper_bound":9178.526479363562},"point_estimate":9074.195944914725,"standard_error":46.59929536634889},"median":{"confidence_interval":{"confidence_level":0.95,"lower_bound":8942.676485655738,"upper_bound":9082.756613756614},"point_estimate":9053.44954004329,"standard_error":38.01652519597408},"median_abs_dev":{"confidence_interval":{"confidence_level":0.95,"lower_bound":116.05271293712188,"upper_bound":199.5875202066113},"point_estimate":176.22697701541998,"standard_error":19.690027919712744},"slope":{"confidence_interval":{"confidence_level":0.95,"lower_bound":9018.577166491878,"upper_bound":9337.535243732304},"point_estimate":9152.933001329984,"standard_error":84.23488266216236},"std_dev":{"confidence_interval":{"confidence_level":0.95,"lower_bound":142.99419031897975,"upper_bound":737.5975831198646},"point_estimate":467.2673303169782,"standard_error":165.01187963153026}}