{"mean":{"confidence_interval":{"confidence_level":0.95,"lower_bound":12995.419601363332,"upper_bound":13182.37431399372},"point_estimate":13084.88551759814,"standard_error":47.90549659087316},"median":{"confidence_interval":{"confidence_level":0.95,"lower_bound":12786.285055808185,"upper_bound":12831.92911392405},"point_estimate":12796.713888888888,"standard_error":19.2271929836486},"median_abs_dev":{"confidence_interval":{"confidence_level":0.95,"lower_bound":36.467205033575,"upper_bound":134.5337495421565},"point_estimate":53.537579569229706,"standard_error":32.95826304981905},"slope":{"confidence_interval":{"confidence_level":0.95,"lower_bound":12792.980854287212,"upper_bound":12820.997782540215},"point_estimate":12805.062239988178,"standard_error":7.161805735682824},"std_dev":{"confidence_interval":{"confidence_level":0.95,"lower_bound":397.4964311791168,"upper_bound":552.0438528501934},"point_estimate":480.3438103225487,"standard_error":39.334996466439414}}