{"mean":{"confidence_interval":{"confidence_level":0.95,"lower_bound":8963.8630423387,"upper_bound":9048.550329075093},"point_estimate":9005.114507762362,"standard_error":21.626220119232485},"median":{"confidence_interval":{"confidence_level":0.95,"lower_bound":8969.091836734693,"upper_bound":9069.204910002278},"point_estimate":9048.829294217687,"standard_error":24.36663943738382},"median_abs_dev":{"confidence_interval":{"confidence_level":0.95,"lower_bound":101.18981701931108,"upper_bound":236.73207831978965},"point_estimate":169.92387831088766,"standard_error":37.75737954227224},"slope":{"confidence_interval":{"confidence_level":0.95,"lower_bound":8978.83123207864,"upper_bound":9049.37496269411},"point_estimate":9015.666635352234,"standard_error":17.97369907128893},"std_dev":{"confidence_interval":{"confidence_level":0.95,"lower_bound":160.81028880496683,"upper_bound":279.1986967318479},"point_estimate":215.9470968061062,"standard_error":31.677503879211972}}