{"mean":{"confidence_interval":{"confidence_level":0.95,"lower_bound":8703.623959288387,"upper_bound":8804.615438849258},"point_estimate":8754.24055848296,"standard_error":25.77109272442246},"median":{"confidence_interval":{"confidence_level":0.95,"lower_bound":8806.707540760868,"upper_bound":8849.730130784708},"point_estimate":8835.36446496212,"standard_error":18.221584887368397},"median_abs_dev":{"confidence_interval":{"confidence_level":0.95,"lower_bound":115.23733065065548,"upper_bound":400.3491161295619},"point_estimate":282.88076526669005,"standard_error":64.43052055230119},"slope":{"confidence_interval":{"confidence_level":0.95,"lower_bound":8732.754714925408,"upper_bound":8806.209615725053},"point_estimate":8771.871074146593,"standard_error":18.719598892663615},"std_dev":{"confidence_interval":{"confidence_level":0.95,"lower_bound":226.23749499386778,"upper_bound":289.83746202170164},"point_estimate":258.6802940112722,"standard_error":16.234296974553278}}