{"mean":{"confidence_interval":{"confidence_level":0.95,"lower_bound":8879.107640939705,"upper_bound":8986.399254694228},"point_estimate":8928.73623085803,"standard_error":27.428219308703074},"median":{"confidence_interval":{"confidence_level":0.95,"lower_bound":8859.952747252748,"upper_bound":8963.000892857142},"point_estimate":8935.817481203008,"standard_error":24.201486307365606},"median_abs_dev":{"confidence_interval":{"confidence_level":0.95,"lower_bound":182.7240645690078,"upper_bound":308.58871566739407},"point_estimate":252.00484477703236,"standard_error":31.702937362545818},"slope":{"confidence_interval":{"confidence_level":0.95,"lower_bound":8866.78970840666,"upper_bound":9068.215617365031},"point_estimate":8944.861838333087,"standard_error":55.50428302125563},"std_dev":{"confidence_interval":{"confidence_level":0.95,"lower_bound":182.42316350015656,"upper_bound":389.2389476846246},"point_estimate":275.93848908264806,"standard_error":62.25155173753435}}