{"mean":{"confidence_interval":{"confidence_level":0.95,"lower_bound":11313.412795326598,"upper_bound":11459.000102914693},"point_estimate":11385.423528965606,"standard_error":37.1961458054407},"median":{"confidence_interval":{"confidence_level":0.95,"lower_bound":11083.698717948719,"upper_bound":11570.910394265233},"point_estimate":11108.398765047737,"standard_error":174.07844526756912},"median_abs_dev":{"confidence_interval":{"confidence_level":0.95,"lower_bound":56.051220501799605,"upper_bound":665.9639213791158},"point_estimate":167.94092696058095,"standard_error":207.04249115044922},"slope":{"confidence_interval":{"confidence_level":0.95,"lower_bound":11233.425305340297,"upper_bound":11369.625488289186},"point_estimate":11304.655818186297,"standard_error":34.662747616555656},"std_dev":{"confidence_interval":{"confidence_level":0.95,"lower_bound":341.1312834224985,"upper_bound":399.3125341057201},"point_estimate":373.3366502659421,"standard_error":14.73608843809326}}