{"mean":{"confidence_interval":{"confidence_level":0.95,"lower_bound":11273.190287154674,"upper_bound":11404.253702571961},"point_estimate":11338.32514090163,"standard_error":33.500011885042525},"median":{"confidence_interval":{"confidence_level":0.95,"lower_bound":11076.270833333334,"upper_bound":11591.595053475936},"point_estimate":11112.618587962963,"standard_error":177.31775722339788},"median_abs_dev":{"confidence_interval":{"confidence_level":0.95,"lower_bound":93.47627031016135,"upper_bound":591.5911502529711},"point_estimate":362.61957929591165,"standard_error":159.00539791771388},"slope":{"confidence_interval":{"confidence_level":0.95,"lower_bound":11227.137646126483,"upper_bound":11389.796123030206},"point_estimate":11312.208633318556,"standard_error":41.65468599589549},"std_dev":{"confidence_interval":{"confidence_level":0.95,"lower_bound":308.24994786305507,"upper_bound":361.76345522441636},"point_estimate":336.3386543478607,"standard_error":13.734856692431299}}