{"mean":{"confidence_interval":{"confidence_level":0.95,"lower_bound":8738.547804788745,"upper_bound":8896.667568522598},"point_estimate":8809.87440735692,"standard_error":40.4491326004596},"median":{"confidence_interval":{"confidence_level":0.95,"lower_bound":8835.542729591836,"upper_bound":8878.030707923113},"point_estimate":8860.349325375852,"standard_error":16.34753686855724},"median_abs_dev":{"confidence_interval":{"confidence_level":0.95,"lower_bound":126.23502266638512,"upper_bound":447.5971334937795},"point_estimate":291.30359986983996,"standard_error":80.16982855015353},"slope":{"confidence_interval":{"confidence_level":0.95,"lower_bound":8768.95417800756,"upper_bound":8852.163712703237},"point_estimate":8812.207961430471,"standard_error":21.17685115279331},"std_dev":{"confidence_interval":{"confidence_level":0.95,"lower_bound":244.1930399326968,"upper_bound":599.2314670147348},"point_estimate":407.45804820381557,"standard_error":111.00200221969052}}