{"mean":{"confidence_interval":{"confidence_level":0.95,"lower_bound":9098.945065493084,"upper_bound":9304.970247496718},"point_estimate":9180.419978655013,"standard_error":54.406269979870885},"median":{"confidence_interval":{"confidence_level":0.95,"lower_bound":9036.94493006993,"upper_bound":9108.034965034965},"point_estimate":9064.02195121951,"standard_error":20.591541294881495},"median_abs_dev":{"confidence_interval":{"confidence_level":0.95,"lower_bound":81.42247250551102,"upper_bound":163.8563954232852},"point_estimate":106.20373617420857,"standard_error":23.2310723520051},"slope":{"confidence_interval":{"confidence_level":0.95,"lower_bound":9029.89917428657,"upper_bound":9432.287547414673},"point_estimate":9160.389913266872,"standard_error":117.58279553220619},"std_dev":{"confidence_interval":{"confidence_level":0.95,"lower_bound":171.2554990851887,"upper_bound":888.9480940956006},"point_estimate":544.5445008109197,"standard_error":233.54599028367633}}