{"mean":{"confidence_interval":{"confidence_level":0.95,"lower_bound":13113.814381940609,"upper_bound":13263.068436231366},"point_estimate":13186.549365768169,"standard_error":38.08290055411953},"median":{"confidence_interval":{"confidence_level":0.95,"lower_bound":13033.953846153847,"upper_bound":13169.5425},"point_estimate":13095.436238825032,"standard_error":30.511819172455134},"median_abs_dev":{"confidence_interval":{"confidence_level":0.95,"lower_bound":183.79015311929743,"upper_bound":309.85808091997103},"point_estimate":234.13495278452476,"standard_error":30.530086937068827},"slope":{"confidence_interval":{"confidence_level":0.95,"lower_bound":13043.178154432637,"upper_bound":13111.732928826912},"point_estimate":13077.6673991429,"standard_error":17.477756544550633},"std_dev":{"confidence_interval":{"confidence_level":0.95,"lower_bound":315.0018068632462,"upper_bound":438.572860735395},"point_estimate":382.16290290131155,"standard_error":31.588694444867606}}