{"mean":{"confidence_interval":{"confidence_level":0.95,"lower_bound":9194.673520214877,"upper_bound":9277.453591296642},"point_estimate":9235.123957930626,"standard_error":21.11729236645712},"median":{"confidence_interval":{"confidence_level":0.95,"lower_bound":9133.52019476687,"upper_bound":9179.773599240267},"point_estimate":9153.894772311543,"standard_error":12.111018747265517},"median_abs_dev":{"confidence_interval":{"confidence_level":0.95,"lower_bound":76.96801144730898,"upper_bound":168.03997536657013},"point_estimate":112.89247853722742,"standard_error":23.663741860261148},"slope":{"confidence_interval":{"confidence_level":0.95,"lower_bound":9119.809924545094,"upper_bound":9153.034082171574},"point_estimate":9135.590314308125,"standard_error":8.445546290063918},"std_dev":{"confidence_interval":{"confidence_level":0.95,"lower_bound":183.0233138316425,"upper_bound":235.49226273894698},"point_estimate":212.12131433633763,"standard_error":13.379505246127888}}