{"mean":{"confidence_interval":{"confidence_level":0.95,"lower_bound":8858.538452853538,"upper_bound":9064.420836693324},"point_estimate":8951.431562068568,"standard_error":52.757008643098466},"median":{"confidence_interval":{"confidence_level":0.95,"lower_bound":8922.729166666666,"upper_bound":8982.214818403028},"point_estimate":8946.874344493746,"standard_error":19.76661791239149},"median_abs_dev":{"confidence_interval":{"confidence_level":0.95,"lower_bound":229.38729584762217,"upper_bound":457.0779171569843},"point_estimate":371.5215050603782,"standard_error":66.44905579955622},"slope":{"confidence_interval":{"confidence_level":0.95,"lower_bound":8875.553962076327,"upper_bound":9287.440059165257},"point_estimate":9052.322698943402,"standard_error":108.13046345149084},"std_dev":{"confidence_interval":{"confidence_level":0.95,"lower_bound":272.2725807408176,"upper_bound":759.5968067426923},"point_estimate":529.8319687146198,"standard_error":129.88200120460758}}