{"mean":{"confidence_interval":{"confidence_level":0.95,"lower_bound":9257.500837572734,"upper_bound":9418.687153526846},"point_estimate":9324.193531585846,"standard_error":42.063521172415605},"median":{"confidence_interval":{"confidence_level":0.95,"lower_bound":9195.869565217392,"upper_bound":9265.756344284646},"point_estimate":9227.325638469207,"standard_error":17.463565590374344},"median_abs_dev":{"confidence_interval":{"confidence_level":0.95,"lower_bound":83.49740064736157,"upper_bound":183.88943840937912},"point_estimate":127.90230559577135,"standard_error":25.744696335213533},"slope":{"confidence_interval":{"confidence_level":0.95,"lower_bound":9186.49833630124,"upper_bound":9555.367474940991},"point_estimate":9308.55490059224,"standard_error":108.29450979379958},"std_dev":{"confidence_interval":{"confidence_level":0.95,"lower_bound":170.63593441623226,"upper_bound":676.7639108969101},"point_estimate":424.29191751877914,"standard_error":164.0193864207675}}