{"mean":{"confidence_interval":{"confidence_level":0.95,"lower_bound":9426.044227850494,"upper_bound":9528.606504634523},"point_estimate":9476.596864309004,"standard_error":26.25289781014236},"median":{"confidence_interval":{"confidence_level":0.95,"lower_bound":9349.61994949495,"upper_bound":9416.445755225166},"point_estimate":9381.422694291707,"standard_error":16.33026687804598},"median_abs_dev":{"confidence_interval":{"confidence_level":0.95,"lower_bound":106.40921259747776,"upper_bound":251.02047983082528},"point_estimate":168.42128629921095,"standard_error":36.42530357668341},"slope":{"confidence_interval":{"confidence_level":0.95,"lower_bound":9319.474692676522,"upper_bound":9358.22911352385},"point_estimate":9337.84469336486,"standard_error":9.872826244241725},"std_dev":{"confidence_interval":{"confidence_level":0.95,"lower_bound":228.15586349654492,"upper_bound":294.14276481422485},"point_estimate":264.31659588808606,"standard_error":16.809868558181496}}