{"mean":{"confidence_interval":{"confidence_level":0.95,"lower_bound":11290.084960734997,"upper_bound":11439.513867393893},"point_estimate":11363.869701951058,"standard_error":38.20016463803026},"median":{"confidence_interval":{"confidence_level":0.95,"lower_bound":11053.836147421931,"upper_bound":11522.170634920636},"point_estimate":11098.570646280634,"standard_error":175.60661451050174},"median_abs_dev":{"confidence_interval":{"confidence_level":0.95,"lower_bound":72.7274096419428,"upper_bound":650.2536401223576},"point_estimate":221.15980388628313,"standard_error":207.59457875740077},"slope":{"confidence_interval":{"confidence_level":0.95,"lower_bound":11198.009831623163,"upper_bound":11334.110582567579},"point_estimate":11269.366993251564,"standard_error":34.81726938661537},"std_dev":{"confidence_interval":{"confidence_level":0.95,"lower_bound":350.74462177413153,"upper_bound":410.62678050611913},"point_estimate":384.0622644493343,"standard_error":15.309907128197844}}