{"mean":{"confidence_interval":{"confidence_level":0.95,"lower_bound":2656652.7969342116,"upper_bound":2658472.367434211},"point_estimate":2657543.5531578953,"standard_error":464.95830776808964},"median":{"confidence_interval":{"confidence_level":0.95,"lower_bound":2655706.0,"upper_bound":2657558.6842105263},"point_estimate":2656508.6052631577,"standard_error":516.1365505322501},"median_abs_dev":{"confidence_interval":{"confidence_level":0.95,"lower_bound":2770.1210034519186,"upper_bound":4732.6151791366165},"point_estimate":3577.7478312191392,"standard_error":474.1296900929597},"slope":null,"std_dev":{"confidence_interval":{"confidence_level":0.95,"lower_bound":3869.0048592522726,"upper_bound":5424.077312628931},"point_estimate":4692.28041992235,"standard_error":397.5209168803776}}