{"mean":{"confidence_interval":{"confidence_level":0.95,"lower_bound":2992817.5545882354,"upper_bound":3048597.5308970567},"point_estimate":3020619.671764706,"standard_error":14229.672290317636},"median":{"confidence_interval":{"confidence_level":0.95,"lower_bound":2990932.0882352944,"upper_bound":3053021.529411765},"point_estimate":3024644.5,"standard_error":14950.29842133547},"median_abs_dev":{"confidence_interval":{"confidence_level":0.95,"lower_bound":99100.51431708445,"upper_bound":164275.0858894164},"point_estimate":133937.99441036058,"standard_error":16440.83730611529},"slope":null,"std_dev":{"confidence_interval":{"confidence_level":0.95,"lower_bound":122269.9101504814,"upper_bound":161334.84997375027},"point_estimate":142802.90591455362,"standard_error":9970.42563356343}}