{"mean":{"confidence_interval":{"confidence_level":0.95,"lower_bound":2590921.3659249977,"upper_bound":2594052.0856874976},"point_estimate":2592389.797999998,"standard_error":800.1533793166316},"median":{"confidence_interval":{"confidence_level":0.95,"lower_bound":2589590.7,"upper_bound":2590585.7},"point_estimate":2590010.7,"standard_error":251.28080509292113},"median_abs_dev":{"confidence_interval":{"confidence_level":0.95,"lower_bound":1725.8946293593833,"upper_bound":3083.733815253057},"point_estimate":2513.044020384757,"standard_error":350.75801791440625},"slope":null,"std_dev":{"confidence_interval":{"confidence_level":0.95,"lower_bound":5726.322948828751,"upper_bound":9817.179754395458},"point_estimate":8029.949119868205,"standard_error":1046.1167141570581}}