{"mean":{"confidence_interval":{"confidence_level":0.95,"lower_bound":2440996.978464286,"upper_bound":2442088.0249047624},"point_estimate":2441511.1180952378,"standard_error":278.91264011002494},"median":{"confidence_interval":{"confidence_level":0.95,"lower_bound":2440541.761904762,"upper_bound":2441445.0476190476},"point_estimate":2441047.4285714286,"standard_error":249.11018331223056},"median_abs_dev":{"confidence_interval":{"confidence_level":0.95,"lower_bound":1155.2621969900376,"upper_bound":1991.9083646365245},"point_estimate":1526.3013729027668,"standard_error":217.24049281696088},"slope":null,"std_dev":{"confidence_interval":{"confidence_level":0.95,"lower_bound":1911.5635169047143,"upper_bound":3702.734394760552},"point_estimate":2805.412038590425,"standard_error":468.40511286687945}}