{"mean":{"confidence_interval":{"confidence_level":0.95,"lower_bound":1850923.5613396512,"upper_bound":1865526.4244947457},"point_estimate":1856803.076232676,"standard_error":3853.4329946641014},"median":{"confidence_interval":{"confidence_level":0.95,"lower_bound":1848804.256097561,"upper_bound":1851815.84},"point_estimate":1850140.9047619049,"standard_error":805.8946700831788},"median_abs_dev":{"confidence_interval":{"confidence_level":0.95,"lower_bound":2949.589723093843,"upper_bound":5209.079322182292},"point_estimate":4134.918352642173,"standard_error":573.2546516826185},"slope":{"confidence_interval":{"confidence_level":0.95,"lower_bound":1849086.1484687135,"upper_bound":1861540.389128862},"point_estimate":1853308.0063514113,"standard_error":3523.721118066745},"std_dev":{"confidence_interval":{"confidence_level":0.95,"lower_bound":4570.628496896944,"upper_bound":61398.52268353257},"point_estimate":38709.82822973265,"standard_error":15585.277137992643}}