{"mean":{"confidence_interval":{"confidence_level":0.95,"lower_bound":2757789.3273684224,"upper_bound":2759031.465486843},"point_estimate":2758384.184736843,"standard_error":317.2293087635706},"median":{"confidence_interval":{"confidence_level":0.95,"lower_bound":2757586.842105263,"upper_bound":2758755.3157894737},"point_estimate":2758292.157894737,"standard_error":302.8845956803608},"median_abs_dev":{"confidence_interval":{"confidence_level":0.95,"lower_bound":1919.6158238141984,"upper_bound":3328.124814597938},"point_estimate":2493.1869346848703,"standard_error":360.8177196748362},"slope":null,"std_dev":{"confidence_interval":{"confidence_level":0.95,"lower_bound":2342.46221885072,"upper_bound":4195.653964143981},"point_estimate":3195.3271588199896,"standard_error":507.30997235246434}}