{"mean":{"confidence_interval":{"confidence_level":0.95,"lower_bound":2444156.323666667,"upper_bound":2449580.395988095},"point_estimate":2446295.373333333,"standard_error":1429.1893762119607},"median":{"confidence_interval":{"confidence_level":0.95,"lower_bound":2443230.6666666665,"upper_bound":2444193.1904761903},"point_estimate":2443705.095238095,"standard_error":237.4127496880884},"median_abs_dev":{"confidence_interval":{"confidence_level":0.95,"lower_bound":1837.3799698799148,"upper_bound":3014.6905464787083},"point_estimate":2475.483056051473,"standard_error":317.8010661692113},"slope":null,"std_dev":{"confidence_interval":{"confidence_level":0.95,"lower_bound":3016.978291800249,"upper_bound":23556.63707451948},"point_estimate":14375.721592891456,"standard_error":6153.529536759042}}