{"mean":{"confidence_interval":{"confidence_level":0.95,"lower_bound":3065472.51082353,"upper_bound":3078036.630088236},"point_estimate":3071814.281764707,"standard_error":3213.163710877217},"median":{"confidence_interval":{"confidence_level":0.95,"lower_bound":3064803.0,"upper_bound":3088177.1470588236},"point_estimate":3075944.470588235,"standard_error":6160.558851326635},"median_abs_dev":{"confidence_interval":{"confidence_level":0.95,"lower_bound":27206.40721110686,"upper_bound":44226.306061884854},"point_estimate":37916.36057390913,"standard_error":4234.456068129372},"slope":null,"std_dev":{"confidence_interval":{"confidence_level":0.95,"lower_bound":28370.840167692822,"upper_bound":36067.96720607886},"point_estimate":32336.495061776746,"standard_error":1967.4240520376027}}