{"mean":{"confidence_interval":{"confidence_level":0.95,"lower_bound":1957696.5132577545,"upper_bound":1962739.9390551762},"point_estimate":1959838.7810833708,"standard_error":1302.7565416862622},"median":{"confidence_interval":{"confidence_level":0.95,"lower_bound":1956466.2285714287,"upper_bound":1957858.4181818182},"point_estimate":1957158.7657605554,"standard_error":307.96378110530287},"median_abs_dev":{"confidence_interval":{"confidence_level":0.95,"lower_bound":2367.4601159691188,"upper_bound":3834.658243097661},"point_estimate":3222.9977485842987,"standard_error":388.8104686527155},"slope":{"confidence_interval":{"confidence_level":0.95,"lower_bound":1957592.1985762897,"upper_bound":1962917.7890238964},"point_estimate":1959585.929877346,"standard_error":1448.4171467915871},"std_dev":{"confidence_interval":{"confidence_level":0.95,"lower_bound":4226.926103790885,"upper_bound":20366.487290514076},"point_estimate":13045.620754388254,"standard_error":4335.431795871612}}