{"mean":{"confidence_interval":{"confidence_level":0.95,"lower_bound":2782012.929708334,"upper_bound":2783629.223625001},"point_estimate":2782820.15,"standard_error":413.9526594295217},"median":{"confidence_interval":{"confidence_level":0.95,"lower_bound":2781877.611111111,"upper_bound":2783621.916666667},"point_estimate":2782546.777777778,"standard_error":418.05415053508483},"median_abs_dev":{"confidence_interval":{"confidence_level":0.95,"lower_bound":3010.5016132195024,"upper_bound":5411.489903926849},"point_estimate":4291.4679904774575,"standard_error":593.3538689687994},"slope":null,"std_dev":{"confidence_interval":{"confidence_level":0.95,"lower_bound":3585.0761493257737,"upper_bound":4681.735056026944},"point_estimate":4163.516577841149,"standard_error":279.28918256322936}}