{"mean":{"confidence_interval":{"confidence_level":0.95,"lower_bound":1952426.6208033517,"upper_bound":1982781.9301667123},"point_estimate":1963349.5435274527,"standard_error":8890.323408587834},"median":{"confidence_interval":{"confidence_level":0.95,"lower_bound":1950867.9855072463,"upper_bound":1951985.5860416666},"point_estimate":1951636.0638041734,"standard_error":354.8481707377238},"median_abs_dev":{"confidence_interval":{"confidence_level":0.95,"lower_bound":1991.0528763072255,"upper_bound":3608.001443539239},"point_estimate":2678.2909931484282,"standard_error":417.3951526358847},"slope":{"confidence_interval":{"confidence_level":0.95,"lower_bound":1952302.9472169492,"upper_bound":1955504.5644877178},"point_estimate":1953769.1524072706,"standard_error":818.7432160675236},"std_dev":{"confidence_interval":{"confidence_level":0.95,"lower_bound":6016.31661393956,"upper_bound":152288.96747455277},"point_estimate":89507.58580565572,"standard_error":49433.77344957821}}