{"mean":{"confidence_interval":{"confidence_level":0.95,"lower_bound":2644446.2851184215,"upper_bound":2650799.3098026323},"point_estimate":2647285.6368421065,"standard_error":1630.7328937085094},"median":{"confidence_interval":{"confidence_level":0.95,"lower_bound":2641978.210526316,"upper_bound":2643972.657894737},"point_estimate":2643265.3684210526,"standard_error":576.5945193801413},"median_abs_dev":{"confidence_interval":{"confidence_level":0.95,"lower_bound":2981.7426418006917,"upper_bound":5895.022328237226},"point_estimate":4576.317929280395,"standard_error":753.6515783630025},"slope":null,"std_dev":{"confidence_interval":{"confidence_level":0.95,"lower_bound":7665.46271791388,"upper_bound":23442.507982755214},"point_estimate":16433.340761769457,"standard_error":4062.852739796216}}