{"mean":{"confidence_interval":{"confidence_level":0.95,"lower_bound":1960829.8997308435,"upper_bound":1966840.2484850152},"point_estimate":1963216.5499853236,"standard_error":1576.5394595750138},"median":{"confidence_interval":{"confidence_level":0.95,"lower_bound":1960001.2371134022,"upper_bound":1960960.880538816},"point_estimate":1960589.1403906522,"standard_error":261.6256807410038},"median_abs_dev":{"confidence_interval":{"confidence_level":0.95,"lower_bound":1819.7560998669207,"upper_bound":3085.780787659055},"point_estimate":2515.7076851998054,"standard_error":330.55591438477927},"slope":{"confidence_interval":{"confidence_level":0.95,"lower_bound":1961328.4824230673,"upper_bound":1964320.2384285915},"point_estimate":1962691.4891650658,"standard_error":770.862896550856},"std_dev":{"confidence_interval":{"confidence_level":0.95,"lower_bound":4330.406139194936,"upper_bound":25656.295141893635},"point_estimate":15755.462116640947,"standard_error":6589.993503946118}}