{"mean":{"confidence_interval":{"confidence_level":0.95,"lower_bound":1851574.7103225375,"upper_bound":1855711.3047306838},"point_estimate":1853453.5939858293,"standard_error":1061.8660168921908},"median":{"confidence_interval":{"confidence_level":0.95,"lower_bound":1849143.8056835637,"upper_bound":1855275.407523511},"point_estimate":1852630.8530020704,"standard_error":1683.6469217695546},"median_abs_dev":{"confidence_interval":{"confidence_level":0.95,"lower_bound":4886.264981293381,"upper_bound":9174.339985619306},"point_estimate":7890.765119764139,"standard_error":1066.4277570412487},"slope":{"confidence_interval":{"confidence_level":0.95,"lower_bound":1847681.2939544811,"upper_bound":1849523.9235224004},"point_estimate":1848508.7779252254,"standard_error":470.0000213760114},"std_dev":{"confidence_interval":{"confidence_level":0.95,"lower_bound":5829.285465872983,"upper_bound":15065.06896965224},"point_estimate":10603.281470087479,"standard_error":2475.2778222089746}}