{"mean":{"confidence_interval":{"confidence_level":0.95,"lower_bound":3412126.4896500027,"upper_bound":3470549.717166667},"point_estimate":3439450.726666666,"standard_error":14957.461441789826},"median":{"confidence_interval":{"confidence_level":0.95,"lower_bound":3379543.533333333,"upper_bound":3435407.2},"point_estimate":3398745.2666666666,"standard_error":15834.74517732841},"median_abs_dev":{"confidence_interval":{"confidence_level":0.95,"lower_bound":66506.27193927769,"upper_bound":119958.79473030547},"point_estimate":84049.82800781715,"standard_error":14628.385738163051},"slope":null,"std_dev":{"confidence_interval":{"confidence_level":0.95,"lower_bound":100253.14159876894,"upper_bound":199330.3432839491},"point_estimate":149968.94289872647,"standard_error":25823.38905000831}}