{"mean":{"confidence_interval":{"confidence_level":0.95,"lower_bound":2669744.809881579,"upper_bound":2675810.7892105263},"point_estimate":2672512.497894737,"standard_error":1549.2878202911847},"median":{"confidence_interval":{"confidence_level":0.95,"lower_bound":2667560.2894736845,"upper_bound":2670581.0},"point_estimate":2668675.7105263155,"standard_error":875.629696013894},"median_abs_dev":{"confidence_interval":{"confidence_level":0.95,"lower_bound":4035.4030336200694,"upper_bound":6581.495377892305},"point_estimate":5196.864049842337,"standard_error":664.4377511271566},"slope":null,"std_dev":{"confidence_interval":{"confidence_level":0.95,"lower_bound":9161.67792832163,"upper_bound":20664.565027950925},"point_estimate":15565.667321919285,"standard_error":2931.839495644831}}