{"mean":{"confidence_interval":{"confidence_level":0.95,"lower_bound":2659072.8413421055,"upper_bound":2661262.5160789466},"point_estimate":2660163.922631579,"standard_error":558.6638934800637},"median":{"confidence_interval":{"confidence_level":0.95,"lower_bound":2658530.5263157897,"upper_bound":2661404.5789473685},"point_estimate":2660046.6842105263,"standard_error":746.6405943339328},"median_abs_dev":{"confidence_interval":{"confidence_level":0.95,"lower_bound":4385.452690563813,"upper_bound":7362.591469287872},"point_estimate":6004.607924975738,"standard_error":768.1964202114804},"slope":null,"std_dev":{"confidence_interval":{"confidence_level":0.95,"lower_bound":4885.74391939861,"upper_bound":6249.405256951243},"point_estimate":5602.5655226337085,"standard_error":348.1812097685505}}