{"mean":{"confidence_interval":{"confidence_level":0.95,"lower_bound":1849178.6091094527,"upper_bound":1871787.2110289629},"point_estimate":1857345.9604885757,"standard_error":6464.745189280814},"median":{"confidence_interval":{"confidence_level":0.95,"lower_bound":1847494.0,"upper_bound":1848565.8614864866},"point_estimate":1847930.332036877,"standard_error":268.7894359479064},"median_abs_dev":{"confidence_interval":{"confidence_level":0.95,"lower_bound":1616.1231371099136,"upper_bound":2977.061867781177},"point_estimate":2468.7511860000754,"standard_error":356.7098416891902},"slope":{"confidence_interval":{"confidence_level":0.95,"lower_bound":1848292.7776776915,"upper_bound":1851015.8848887654},"point_estimate":1849552.67263189,"standard_error":697.3460167119897},"std_dev":{"confidence_interval":{"confidence_level":0.95,"lower_bound":5076.229186129184,"upper_bound":110495.87754794153},"point_estimate":65120.211117539315,"standard_error":34991.263636248856}}