{"mean":{"confidence_interval":{"confidence_level":0.95,"lower_bound":2428375.4837738113,"upper_bound":2429289.313047619},"point_estimate":2428812.064285714,"standard_error":233.46379847099837},"median":{"confidence_interval":{"confidence_level":0.95,"lower_bound":2427931.8095238097,"upper_bound":2428722.285714286},"point_estimate":2428377.0476190476,"standard_error":206.56741796535246},"median_abs_dev":{"confidence_interval":{"confidence_level":0.95,"lower_bound":1062.4946811367515,"upper_bound":1934.51056565549},"point_estimate":1422.6252747432868,"standard_error":225.78089991168378},"slope":null,"std_dev":{"confidence_interval":{"confidence_level":0.95,"lower_bound":1788.5699840003408,"upper_bound":2804.661468738012},"point_estimate":2333.2726880278847,"standard_error":259.02768811464205}}