{"mean":{"confidence_interval":{"confidence_level":0.95,"lower_bound":1848727.9301661002,"upper_bound":1853992.4811015031},"point_estimate":1851033.0493695757,"standard_error":1358.2851945445575},"median":{"confidence_interval":{"confidence_level":0.95,"lower_bound":1847088.206185567,"upper_bound":1848622.2051282052},"point_estimate":1847733.3173843701,"standard_error":356.2239972900817},"median_abs_dev":{"confidence_interval":{"confidence_level":0.95,"lower_bound":2181.0775943138397,"upper_bound":4096.766578518131},"point_estimate":3099.591191573523,"standard_error":494.16061370214607},"slope":{"confidence_interval":{"confidence_level":0.95,"lower_bound":1847174.523218114,"upper_bound":1849167.0963532135},"point_estimate":1848085.7957115413,"standard_error":511.3122482291633},"std_dev":{"confidence_interval":{"confidence_level":0.95,"lower_bound":5320.127184901912,"upper_bound":20223.920312916238},"point_estimate":13693.894023740651,"standard_error":3864.981655871675}}