{"mean":{"confidence_interval":{"confidence_level":0.95,"lower_bound":1858228.0143577573,"upper_bound":1865505.0273324924},"point_estimate":1861419.1801622435,"standard_error":1866.906102835623},"median":{"confidence_interval":{"confidence_level":0.95,"lower_bound":1854529.1032068655,"upper_bound":1858355.9019138757},"point_estimate":1856259.5291902074,"standard_error":1103.7100119608554},"median_abs_dev":{"confidence_interval":{"confidence_level":0.95,"lower_bound":5822.532092738746,"upper_bound":10787.879215619803},"point_estimate":7703.210442691249,"standard_error":1274.8838948497523},"slope":{"confidence_interval":{"confidence_level":0.95,"lower_bound":1858445.8356733236,"upper_bound":1866583.5503469764},"point_estimate":1862482.412484114,"standard_error":2078.413521650465},"std_dev":{"confidence_interval":{"confidence_level":0.95,"lower_bound":9882.55887019315,"upper_bound":28251.095951048577},"point_estimate":18890.538923963042,"standard_error":5477.340484444297}}