{"mean":{"confidence_interval":{"confidence_level":0.95,"lower_bound":2642772.3247631574,"upper_bound":2644117.2358026314},"point_estimate":2643438.7100000004,"standard_error":342.5222916712276},"median":{"confidence_interval":{"confidence_level":0.95,"lower_bound":2642289.6315789474,"upper_bound":2644137.0},"point_estimate":2643194.5789473685,"standard_error":427.57229687326435},"median_abs_dev":{"confidence_interval":{"confidence_level":0.95,"lower_bound":2688.1761422750237,"upper_bound":4269.341703150784},"point_estimate":3374.865729557877,"standard_error":406.4435940434244},"slope":null,"std_dev":{"confidence_interval":{"confidence_level":0.95,"lower_bound":2932.859566739626,"upper_bound":3922.333850963116},"point_estimate":3442.1310032536358,"standard_error":253.55142338257505}}