{"mean":{"confidence_interval":{"confidence_level":0.95,"lower_bound":2706264.0636578933,"upper_bound":2709200.798618419},"point_estimate":2707701.9589473675,"standard_error":749.059223442989},"median":{"confidence_interval":{"confidence_level":0.95,"lower_bound":2704230.552631579,"upper_bound":2710033.157894737},"point_estimate":2707093.7105263155,"standard_error":1527.3083399142988},"median_abs_dev":{"confidence_interval":{"confidence_level":0.95,"lower_bound":5906.990421444965,"upper_bound":8840.899706200677},"point_estimate":6968.219876289022,"standard_error":784.91474494973},"slope":null,"std_dev":{"confidence_interval":{"confidence_level":0.95,"lower_bound":6195.413059072,"upper_bound":8751.653969804574},"point_estimate":7545.145017918756,"standard_error":656.0898948595641}}