{"mean":{"confidence_interval":{"confidence_level":0.95,"lower_bound":1953052.0713768553,"upper_bound":1957235.2385406601},"point_estimate":1954938.472282949,"standard_error":1077.7441859620599},"median":{"confidence_interval":{"confidence_level":0.95,"lower_bound":1951008.3333333333,"upper_bound":1952621.3858784894},"point_estimate":1951775.6387301586,"standard_error":390.56768677324857},"median_abs_dev":{"confidence_interval":{"confidence_level":0.95,"lower_bound":2091.758874942365,"upper_bound":4078.929656038634},"point_estimate":3161.604907870371,"standard_error":493.94959878726706},"slope":{"confidence_interval":{"confidence_level":0.95,"lower_bound":1952082.5914497648,"upper_bound":1956208.3057128112},"point_estimate":1953940.910737402,"standard_error":1056.616897458983},"std_dev":{"confidence_interval":{"confidence_level":0.95,"lower_bound":5574.641859335026,"upper_bound":15455.726724932783},"point_estimate":10811.147636414185,"standard_error":2612.80808329082}}