{"mean":{"confidence_interval":{"confidence_level":0.95,"lower_bound":2851380.0149166677,"upper_bound":2857979.05263889},"point_estimate":2854629.5316666677,"standard_error":1681.8436669552013},"median":{"confidence_interval":{"confidence_level":0.95,"lower_bound":2845693.9444444445,"upper_bound":2856649.5555555555},"point_estimate":2850413.388888889,"standard_error":3278.190520276625},"median_abs_dev":{"confidence_interval":{"confidence_level":0.95,"lower_bound":12976.805298365585,"upper_bound":23771.14312797762},"point_estimate":17428.868723908905,"standard_error":3016.91479572543},"slope":null,"std_dev":{"confidence_interval":{"confidence_level":0.95,"lower_bound":15006.350712098769,"upper_bound":18401.669240162486},"point_estimate":16878.925799278928,"standard_error":866.2143573080441}}