{"mean":{"confidence_interval":{"confidence_level":0.95,"lower_bound":1952108.6667845007,"upper_bound":1961274.3702815955},"point_estimate":1955924.1653441289,"standard_error":2423.528908924884},"median":{"confidence_interval":{"confidence_level":0.95,"lower_bound":1951104.5169942928,"upper_bound":1951968.1818181819},"point_estimate":1951486.231818182,"standard_error":197.96163337245602},"median_abs_dev":{"confidence_interval":{"confidence_level":0.95,"lower_bound":1808.0849199491095,"upper_bound":4395.7158191671215},"point_estimate":3091.0307010897827,"standard_error":658.9160694921537},"slope":{"confidence_interval":{"confidence_level":0.95,"lower_bound":1951477.7314296581,"upper_bound":1962717.8473194174},"point_estimate":1955342.9778365598,"standard_error":3203.7415917023823},"std_dev":{"confidence_interval":{"confidence_level":0.95,"lower_bound":4042.700188249953,"upper_bound":37993.2786293864},"point_estimate":24497.741530753785,"standard_error":9245.556358884647}}