{"mean":{"confidence_interval":{"confidence_level":0.95,"lower_bound":1791690.746415214,"upper_bound":1799885.5025733723},"point_estimate":1795340.3494977055,"standard_error":2109.674814562309},"median":{"confidence_interval":{"confidence_level":0.95,"lower_bound":1787729.452247191,"upper_bound":1791381.4384615384},"point_estimate":1790337.782726046,"standard_error":1018.8389648577127},"median_abs_dev":{"confidence_interval":{"confidence_level":0.95,"lower_bound":3233.8415847938463,"upper_bound":6786.374928599322},"point_estimate":5512.950092131756,"standard_error":969.953660495899},"slope":{"confidence_interval":{"confidence_level":0.95,"lower_bound":1788034.7923415797,"upper_bound":1790887.789260145},"point_estimate":1789305.655345057,"standard_error":731.6839599553124},"std_dev":{"confidence_interval":{"confidence_level":0.95,"lower_bound":8354.64794276275,"upper_bound":30122.465307822877},"point_estimate":21225.688359449447,"standard_error":5274.141072871523}}