{"mean":{"confidence_interval":{"confidence_level":0.95,"lower_bound":1952873.6616021572,"upper_bound":1956661.7143240115},"point_estimate":1954501.3949120117,"standard_error":975.2954524312222},"median":{"confidence_interval":{"confidence_level":0.95,"lower_bound":1951448.7142857143,"upper_bound":1953341.3428395928},"point_estimate":1952497.4928571428,"standard_error":599.9202337348734},"median_abs_dev":{"confidence_interval":{"confidence_level":0.95,"lower_bound":2497.9653166600688,"upper_bound":4934.380356521344},"point_estimate":3746.457524040898,"standard_error":646.4765782552047},"slope":{"confidence_interval":{"confidence_level":0.95,"lower_bound":1954946.8111833236,"upper_bound":1961432.8309659},"point_estimate":1957649.1535067237,"standard_error":1701.9671537313004},"std_dev":{"confidence_interval":{"confidence_level":0.95,"lower_bound":3908.1500017368016,"upper_bound":15045.187005059217},"point_estimate":9794.141828648813,"standard_error":3068.1923585423183}}