{"mean":{"confidence_interval":{"confidence_level":0.95,"lower_bound":0.7173040942345057,"upper_bound":0.7372767666574139},"point_estimate":0.7272722426277507,"standard_error":0.005072057104677221},"median":{"confidence_interval":{"confidence_level":0.95,"lower_bound":0.7257836825589405,"upper_bound":0.7541186264519868},"point_estimate":0.7354710977993582,"standard_error":0.007462476792518942}}