{"mean":{"confidence_interval":{"confidence_level":0.95,"lower_bound":-0.34324501619408965,"upper_bound":-0.3407908176053962},"point_estimate":-0.34197383181697827,"standard_error":0.0006618733755172576},"median":{"confidence_interval":{"confidence_level":0.95,"lower_bound":-0.3447530070934251,"upper_bound":-0.3418149961292275},"point_estimate":-0.34317160614292397,"standard_error":0.000728564217679653}}