{"mean":{"confidence_interval":{"confidence_level":0.95,"lower_bound":1615160.0750301445,"upper_bound":1620361.1199806146},"point_estimate":1617163.0295484578,"standard_error":1388.0713122788854},"median":{"confidence_interval":{"confidence_level":0.95,"lower_bound":1614034.5,"upper_bound":1615312.9795918367},"point_estimate":1614746.2840909092,"standard_error":317.5593752101209},"median_abs_dev":{"confidence_interval":{"confidence_level":0.95,"lower_bound":1660.5890731502122,"upper_bound":3078.830645339805},"point_estimate":2364.99002301438,"standard_error":356.6531007015976},"slope":{"confidence_interval":{"confidence_level":0.95,"lower_bound":1614825.670081741,"upper_bound":1617303.565851301},"point_estimate":1615949.3389389685,"standard_error":635.462802498642},"std_dev":{"confidence_interval":{"confidence_level":0.95,"lower_bound":3549.4379902225623,"upper_bound":23053.066978135987},"point_estimate":13935.596791610486,"standard_error":6389.888757646169}}