{"mean":{"confidence_interval":{"confidence_level":0.95,"lower_bound":1610690.0067739615,"upper_bound":1619454.9599768254},"point_estimate":1614042.0712534967,"standard_error":2360.5567660207157},"median":{"confidence_interval":{"confidence_level":0.95,"lower_bound":1609059.5135746608,"upper_bound":1612641.1176470588},"point_estimate":1610864.2128378379,"standard_error":881.204643440702},"median_abs_dev":{"confidence_interval":{"confidence_level":0.95,"lower_bound":5506.69115546272,"upper_bound":9288.779777912368},"point_estimate":7348.786793571467,"standard_error":1015.7364389169546},"slope":{"confidence_interval":{"confidence_level":0.95,"lower_bound":1609181.0500765129,"upper_bound":1612949.554752621},"point_estimate":1611005.9156169647,"standard_error":962.436419641445},"std_dev":{"confidence_interval":{"confidence_level":0.95,"lower_bound":6614.319751455157,"upper_bound":39453.16314175473},"point_estimate":23738.89329654816,"standard_error":11221.674546180808}}