{"mean":{"confidence_interval":{"confidence_level":0.95,"lower_bound":1623563.6824508866,"upper_bound":1631497.114884553},"point_estimate":1626905.2992029565,"standard_error":2053.032738876852},"median":{"confidence_interval":{"confidence_level":0.95,"lower_bound":1621763.7258522727,"upper_bound":1623780.142857143},"point_estimate":1622979.1846205962,"standard_error":521.4651420799294},"median_abs_dev":{"confidence_interval":{"confidence_level":0.95,"lower_bound":3003.138866068243,"upper_bound":5591.043830425697},"point_estimate":4444.428914591535,"standard_error":653.4504344253077},"slope":{"confidence_interval":{"confidence_level":0.95,"lower_bound":1624023.045223546,"upper_bound":1635239.5701050356},"point_estimate":1628169.6633604255,"standard_error":3066.2050139922003},"std_dev":{"confidence_interval":{"confidence_level":0.95,"lower_bound":5884.563613907207,"upper_bound":32416.539828972363},"point_estimate":20684.30397028074,"standard_error":7188.908230808662}}