{"mean":{"confidence_interval":{"confidence_level":0.95,"lower_bound":1622206.4514903012,"upper_bound":1629614.4166803341},"point_estimate":1625224.2598624567,"standard_error":1935.073685432212},"median":{"confidence_interval":{"confidence_level":0.95,"lower_bound":1620699.6551724137,"upper_bound":1622484.1290322582},"point_estimate":1621857.1846153846,"standard_error":504.97678584293794},"median_abs_dev":{"confidence_interval":{"confidence_level":0.95,"lower_bound":2130.122126779762,"upper_bound":3943.701450128647},"point_estimate":3006.2464410339944,"standard_error":506.0420739055135},"slope":{"confidence_interval":{"confidence_level":0.95,"lower_bound":1622273.4508783699,"upper_bound":1629394.9334943169},"point_estimate":1625285.4553716565,"standard_error":1848.1530068144384},"std_dev":{"confidence_interval":{"confidence_level":0.95,"lower_bound":5481.585564509974,"upper_bound":31275.780611455077},"point_estimate":19438.460832678185,"standard_error":7581.388522098478}}