{"mean":{"confidence_interval":{"confidence_level":0.95,"lower_bound":1628048.2532458112,"upper_bound":1638484.6539774158},"point_estimate":1632422.296761251,"standard_error":2733.820083483303},"median":{"confidence_interval":{"confidence_level":0.95,"lower_bound":1626148.2673160173,"upper_bound":1628078.6744186047},"point_estimate":1627105.7623376623,"standard_error":481.11359425165386},"median_abs_dev":{"confidence_interval":{"confidence_level":0.95,"lower_bound":3278.0927113006887,"upper_bound":5762.275002092406},"point_estimate":4662.348480447915,"standard_error":622.5839836957953},"slope":{"confidence_interval":{"confidence_level":0.95,"lower_bound":1627813.5157336544,"upper_bound":1640637.6070085273},"point_estimate":1632526.4828638984,"standard_error":3506.7758528220343},"std_dev":{"confidence_interval":{"confidence_level":0.95,"lower_bound":5698.648486170233,"upper_bound":42318.371854871664},"point_estimate":27471.588948360648,"standard_error":9997.148919175106}}