{"mean":{"confidence_interval":{"confidence_level":0.95,"lower_bound":2542798.4975125,"upper_bound":2547909.728812501},"point_estimate":2545429.9024999994,"standard_error":1309.365598161736},"median":{"confidence_interval":{"confidence_level":0.95,"lower_bound":2546416.375,"upper_bound":2550791.75},"point_estimate":2548536.6,"standard_error":1042.3398852141331},"median_abs_dev":{"confidence_interval":{"confidence_level":0.95,"lower_bound":6494.306794702799,"upper_bound":12084.116410464048},"point_estimate":9797.168886065621,"standard_error":1394.3052314013262},"slope":null,"std_dev":{"confidence_interval":{"confidence_level":0.95,"lower_bound":10332.083178248025,"upper_bound":15795.62196168721},"point_estimate":13207.203582158269,"standard_error":1397.5505356402161}}