{"mean":{"confidence_interval":{"confidence_level":0.95,"lower_bound":2025576.023099999,"upper_bound":2028825.9398599996},"point_estimate":2027112.3436000003,"standard_error":829.006516830506},"median":{"confidence_interval":{"confidence_level":0.95,"lower_bound":2024031.8599999999,"upper_bound":2025980.0},"point_estimate":2024559.6,"standard_error":522.1038327406737},"median_abs_dev":{"confidence_interval":{"confidence_level":0.95,"lower_bound":3535.073570939743,"upper_bound":6470.429522126896},"point_estimate":4830.3107142448425,"standard_error":773.4466994029725},"slope":null,"std_dev":{"confidence_interval":{"confidence_level":0.95,"lower_bound":5974.070797265749,"upper_bound":10671.885822279759},"point_estimate":8365.521090701333,"standard_error":1211.457302906426}}