{"mean":{"confidence_interval":{"confidence_level":0.95,"lower_bound":1584171.0715187483,"upper_bound":1588498.7911595062},"point_estimate":1586070.8682910106,"standard_error":1112.938489179682},"median":{"confidence_interval":{"confidence_level":0.95,"lower_bound":1582753.0118421053,"upper_bound":1584971.1797752809},"point_estimate":1583702.309197257,"standard_error":536.2440315550996},"median_abs_dev":{"confidence_interval":{"confidence_level":0.95,"lower_bound":2995.013636175748,"upper_bound":4903.695906444918},"point_estimate":3877.3061544260554,"standard_error":485.155884809918},"slope":{"confidence_interval":{"confidence_level":0.95,"lower_bound":1583497.0485640548,"upper_bound":1585108.716227194},"point_estimate":1584281.8465169203,"standard_error":409.5137959690563},"std_dev":{"confidence_interval":{"confidence_level":0.95,"lower_bound":4571.935761868999,"upper_bound":16395.199301373043},"point_estimate":11168.144775617044,"standard_error":3124.2228656924967}}