{"mean":{"confidence_interval":{"confidence_level":0.95,"lower_bound":1608214.0570576754,"upper_bound":1621770.761933556},"point_estimate":1614249.6437056991,"standard_error":3479.2313758447963},"median":{"confidence_interval":{"confidence_level":0.95,"lower_bound":1601450.8804347827,"upper_bound":1605106.4693472772},"point_estimate":1603562.7626768867,"standard_error":856.8071106919346},"median_abs_dev":{"confidence_interval":{"confidence_level":0.95,"lower_bound":5013.101057128434,"upper_bound":9614.780479003515},"point_estimate":6998.488652504265,"standard_error":1234.9717694283481},"slope":{"confidence_interval":{"confidence_level":0.95,"lower_bound":1605008.7428348844,"upper_bound":1614074.4313643489},"point_estimate":1609089.5048500074,"standard_error":2334.1121315201017},"std_dev":{"confidence_interval":{"confidence_level":0.95,"lower_bound":16769.588084871084,"upper_bound":50031.49805263162},"point_estimate":34929.60298546811,"standard_error":8623.409798122684}}