{"mean":{"confidence_interval":{"confidence_level":0.95,"lower_bound":2032660.3009583333,"upper_bound":2034781.8797187498},"point_estimate":2033691.7766666657,"standard_error":542.1314347372513},"median":{"confidence_interval":{"confidence_level":0.95,"lower_bound":2031902.5833333333,"upper_bound":2033698.25},"point_estimate":2032650.1666666665,"standard_error":464.57394443111616},"median_abs_dev":{"confidence_interval":{"confidence_level":0.95,"lower_bound":3348.452040553093,"upper_bound":5559.997001290437},"point_estimate":4553.898481652141,"standard_error":558.6112668182178},"slope":null,"std_dev":{"confidence_interval":{"confidence_level":0.95,"lower_bound":4420.6093682817655,"upper_bound":6379.393501600233},"point_estimate":5450.170377500351,"standard_error":500.8523874363427}}