{"mean":{"confidence_interval":{"confidence_level":0.95,"lower_bound":2138121.9691086956,"upper_bound":2143394.38952174},"point_estimate":2140636.455652174,"standard_error":1345.123517270567},"median":{"confidence_interval":{"confidence_level":0.95,"lower_bound":2136327.304347826,"upper_bound":2142142.652173913},"point_estimate":2139475.2608695654,"standard_error":1567.6568170145435},"median_abs_dev":{"confidence_interval":{"confidence_level":0.95,"lower_bound":9198.627967234952,"upper_bound":14194.31787397867},"point_estimate":11654.686162653266,"standard_error":1272.595280529745},"slope":null,"std_dev":{"confidence_interval":{"confidence_level":0.95,"lower_bound":9811.834903187288,"upper_bound":17294.250671613074},"point_estimate":13479.271607864885,"standard_error":1954.4290993269162}}