{"mean":{"confidence_interval":{"confidence_level":0.95,"lower_bound":1593714.637534766,"upper_bound":1598111.4111226168},"point_estimate":1595709.0215156565,"standard_error":1129.3134340821825},"median":{"confidence_interval":{"confidence_level":0.95,"lower_bound":1592129.8148148148,"upper_bound":1593510.6458333335},"point_estimate":1592684.6965725806,"standard_error":350.121955442529},"median_abs_dev":{"confidence_interval":{"confidence_level":0.95,"lower_bound":2061.8107429726047,"upper_bound":3706.71298304633},"point_estimate":2604.539340503472,"standard_error":424.17003452358836},"slope":{"confidence_interval":{"confidence_level":0.95,"lower_bound":1593346.8344363824,"upper_bound":1598516.6114221427},"point_estimate":1595656.5402482636,"standard_error":1331.2253502233273},"std_dev":{"confidence_interval":{"confidence_level":0.95,"lower_bound":6047.0481379714365,"upper_bound":15562.969278446997},"point_estimate":11355.97521880517,"standard_error":2416.8526937945144}}