{"mean":{"confidence_interval":{"confidence_level":0.95,"lower_bound":1622109.0224372558,"upper_bound":1625921.7485075486},"point_estimate":1623781.7297524852,"standard_error":979.7128653262049},"median":{"confidence_interval":{"confidence_level":0.95,"lower_bound":1620996.319375,"upper_bound":1622447.6755555556},"point_estimate":1621426.8727272726,"standard_error":351.48635583232806},"median_abs_dev":{"confidence_interval":{"confidence_level":0.95,"lower_bound":2077.0628535502624,"upper_bound":3607.494530239913},"point_estimate":2646.83423973887,"standard_error":398.704065251585},"slope":{"confidence_interval":{"confidence_level":0.95,"lower_bound":1621830.8922981003,"upper_bound":1626211.7696550866},"point_estimate":1623485.5842027487,"standard_error":1175.4253551829922},"std_dev":{"confidence_interval":{"confidence_level":0.95,"lower_bound":3924.1820598916315,"upper_bound":14405.590461236823},"point_estimate":9800.261002284993,"standard_error":2747.869501015949}}