{"mean":{"confidence_interval":{"confidence_level":0.95,"lower_bound":1626997.3705849017,"upper_bound":1632866.0595021732},"point_estimate":1629436.9740871636,"standard_error":1527.9760623871039},"median":{"confidence_interval":{"confidence_level":0.95,"lower_bound":1625398.4576271186,"upper_bound":1627720.2048192772},"point_estimate":1626435.959090909,"standard_error":664.5356438320755},"median_abs_dev":{"confidence_interval":{"confidence_level":0.95,"lower_bound":3151.461453050442,"upper_bound":5575.011308265247},"point_estimate":4267.933255474919,"standard_error":592.9740291291687},"slope":{"confidence_interval":{"confidence_level":0.95,"lower_bound":1627134.7633128252,"upper_bound":1631438.2033208683},"point_estimate":1629100.8413358948,"standard_error":1104.4490498695427},"std_dev":{"confidence_interval":{"confidence_level":0.95,"lower_bound":5238.325079521894,"upper_bound":24489.568209916342},"point_estimate":15389.63189043164,"standard_error":5745.4159674933}}