{"mean":{"confidence_interval":{"confidence_level":0.95,"lower_bound":1621693.3574321817,"upper_bound":1631699.4473368183},"point_estimate":1625926.94381727,"standard_error":2603.2351869526296},"median":{"confidence_interval":{"confidence_level":0.95,"lower_bound":1620695.4371890547,"upper_bound":1622087.218452381},"point_estimate":1621176.4591013824,"standard_error":346.93640905093775},"median_abs_dev":{"confidence_interval":{"confidence_level":0.95,"lower_bound":2432.3668222015076,"upper_bound":4905.079500843115},"point_estimate":4045.393695179918,"standard_error":667.1227926437697},"slope":{"confidence_interval":{"confidence_level":0.95,"lower_bound":1621948.1449121637,"upper_bound":1625429.0480472199},"point_estimate":1623517.638690705,"standard_error":893.7218517783007},"std_dev":{"confidence_interval":{"confidence_level":0.95,"lower_bound":5507.102992747596,"upper_bound":40770.986510470146},"point_estimate":26210.679982728157,"standard_error":9257.527176336838}}