{"mean":{"confidence_interval":{"confidence_level":0.95,"lower_bound":-0.018734505782054347,"upper_bound":0.0014617169356772586},"point_estimate":-0.008782542473389165,"standard_error":0.005157804480314827},"median":{"confidence_interval":{"confidence_level":0.95,"lower_bound":-0.013967811150619958,"upper_bound":-0.0016455822445896606},"point_estimate":-0.008146249315078902,"standard_error":0.0030046259177511896}}