{"mean":{"confidence_interval":{"confidence_level":0.95,"lower_bound":-0.04248411311869505,"upper_bound":0.008401933546506153},"point_estimate":-0.014329682079902484,"standard_error":0.013143859816149564},"median":{"confidence_interval":{"confidence_level":0.95,"lower_bound":-0.0037164289856517208,"upper_bound":0.009470610718112393},"point_estimate":0.0023804235965354525,"standard_error":0.0032769647540083578}}