{"mean":{"confidence_interval":{"confidence_level":0.95,"lower_bound":0.03425191317882621,"upper_bound":0.05398021010045209},"point_estimate":0.0435462970113587,"standard_error":0.005062506494374692},"median":{"confidence_interval":{"confidence_level":0.95,"lower_bound":0.030237962750810032,"upper_bound":0.04487635156953451},"point_estimate":0.035932149616550335,"standard_error":0.0037343194677137764}}