{"mean":{"confidence_interval":{"confidence_level":0.95,"lower_bound":-0.07264817411754433,"upper_bound":-0.06089586154443809},"point_estimate":-0.06646797383942693,"standard_error":0.0029992587474419806},"median":{"confidence_interval":{"confidence_level":0.95,"lower_bound":-0.05985058547750155,"upper_bound":-0.05346066548922912},"point_estimate":-0.05634901115007551,"standard_error":0.0016951888252363788}}