{"mean":{"confidence_interval":{"confidence_level":0.95,"lower_bound":0.15155003258291277,"upper_bound":0.18276199806025326},"point_estimate":0.16693047327102994,"standard_error":0.007965322859768762},"median":{"confidence_interval":{"confidence_level":0.95,"lower_bound":0.12017138451660236,"upper_bound":0.20948243292655389},"point_estimate":0.18714112068169064,"standard_error":0.015251123167561059}}