{"mean":{"confidence_interval":{"confidence_level":0.95,"lower_bound":0.09638564316774476,"upper_bound":0.1274138464322849},"point_estimate":0.11197380762657483,"standard_error":0.007948237115398965},"median":{"confidence_interval":{"confidence_level":0.95,"lower_bound":0.10232903404849747,"upper_bound":0.1597645263791585},"point_estimate":0.13871723706790373,"standard_error":0.015497703851097716}}