{"mean":{"confidence_interval":{"confidence_level":0.95,"lower_bound":-0.16665375554683542,"upper_bound":-0.14883638598853324},"point_estimate":-0.15833200961849914,"standard_error":0.004543833153506099},"median":{"confidence_interval":{"confidence_level":0.95,"lower_bound":-0.17479931423722572,"upper_bound":-0.12225663122078556},"point_estimate":-0.1709716310524113,"standard_error":0.01042617041563242}}