{"mean":{"confidence_interval":{"confidence_level":0.95,"lower_bound":-0.012612693209826258,"upper_bound":0.0027537645223907215},"point_estimate":-0.004720359563427756,"standard_error":0.0039094170850968715},"median":{"confidence_interval":{"confidence_level":0.95,"lower_bound":-0.004200514240767728,"upper_bound":0.006206596212214421},"point_estimate":0.0014530977855184979,"standard_error":0.0026092475914235545}}