{"mean":{"confidence_interval":{"confidence_level":0.95,"lower_bound":-0.10065153805542804,"upper_bound":-0.05164898576562438},"point_estimate":-0.07465757662543648,"standard_error":0.012597400609927532},"median":{"confidence_interval":{"confidence_level":0.95,"lower_bound":-0.057009174250374474,"upper_bound":-0.028574931018550798},"point_estimate":-0.045043474587778576,"standard_error":0.007453986245780058}}