{"mean":{"confidence_interval":{"confidence_level":0.95,"lower_bound":-0.008054355882846859,"upper_bound":0.009682515662905934},"point_estimate":0.0009992425573246422,"standard_error":0.004534849602002001},"median":{"confidence_interval":{"confidence_level":0.95,"lower_bound":-0.008415206037310496,"upper_bound":0.005204101966675312},"point_estimate":-0.0026660259050756974,"standard_error":0.0035528948992204204}}