{"mean":{"confidence_interval":{"confidence_level":0.95,"lower_bound":-0.014387403302775386,"upper_bound":0.013908112296475041},"point_estimate":-0.0023328727369368307,"standard_error":0.0074010189847641215},"median":{"confidence_interval":{"confidence_level":0.95,"lower_bound":-0.014465670908269779,"upper_bound":-0.0046574187461104755},"point_estimate":-0.009950570152040594,"standard_error":0.0023928985318069037}}