{"mean":{"confidence_interval":{"confidence_level":0.95,"lower_bound":0.17092845025537762,"upper_bound":0.20801862034524254},"point_estimate":0.1894458996377466,"standard_error":0.009448281477616269},"median":{"confidence_interval":{"confidence_level":0.95,"lower_bound":0.17916825257420932,"upper_bound":0.2843369036788752},"point_estimate":0.2003107998745408,"standard_error":0.028431004751402065}}