{"mean":{"confidence_interval":{"confidence_level":0.95,"lower_bound":0.0157468233663689,"upper_bound":0.03573903760383724},"point_estimate":0.025535899357331138,"standard_error":0.005080987145649899},"median":{"confidence_interval":{"confidence_level":0.95,"lower_bound":0.013001523259322398,"upper_bound":0.03177920946458812},"point_estimate":0.022511333637791342,"standard_error":0.004705424489390333}}