{"mean":{"confidence_interval":{"confidence_level":0.95,"lower_bound":-0.013253271521091348,"upper_bound":0.07860137689103917},"point_estimate":0.029676863594965353,"standard_error":0.02348191624668553},"median":{"confidence_interval":{"confidence_level":0.95,"lower_bound":-0.060804878478587565,"upper_bound":0.06835514707754517},"point_estimate":-0.02239225036961945,"standard_error":0.029413727792114333}}