{"mean":{"confidence_interval":{"confidence_level":0.95,"lower_bound":0.003260403063565201,"upper_bound":0.03658231436805007},"point_estimate":0.01997744890488451,"standard_error":0.008530269187450375},"median":{"confidence_interval":{"confidence_level":0.95,"lower_bound":0.001427847100929383,"upper_bound":0.02109303795386186},"point_estimate":0.009372372342509205,"standard_error":0.004836980431998242}}