{"mean":{"confidence_interval":{"confidence_level":0.95,"lower_bound":-0.016657641267615472,"upper_bound":0.014004998269261146},"point_estimate":-0.0017577796877543683,"standard_error":0.007776166491730076},"median":{"confidence_interval":{"confidence_level":0.95,"lower_bound":-0.009295329837643918,"upper_bound":-0.0007595857870016376},"point_estimate":-0.005392806937004391,"standard_error":0.002801902869772543}}