{"mean":{"confidence_interval":{"confidence_level":0.95,"lower_bound":-0.016901574346308842,"upper_bound":0.017717447535368348},"point_estimate":0.00020813712286771313,"standard_error":0.0088168312537655},"median":{"confidence_interval":{"confidence_level":0.95,"lower_bound":-0.0022627311129473915,"upper_bound":0.013882078945845948},"point_estimate":0.005979282986163348,"standard_error":0.00458974924171488}}