{"mean":{"confidence_interval":{"confidence_level":0.95,"lower_bound":-0.06048286993579785,"upper_bound":-0.022144135206093696},"point_estimate":-0.04304815879742563,"standard_error":0.009864527221413164},"median":{"confidence_interval":{"confidence_level":0.95,"lower_bound":-0.0929304285380883,"upper_bound":-0.05650483216635917},"point_estimate":-0.08284961863017681,"standard_error":0.010130126638971011}}