{"mean":{"confidence_interval":{"confidence_level":0.95,"lower_bound":-0.043476055243709455,"upper_bound":-0.021078379463690202},"point_estimate":-0.032617903895100664,"standard_error":0.005690574468503267},"median":{"confidence_interval":{"confidence_level":0.95,"lower_bound":-0.07521551291405255,"upper_bound":-0.0010101623973189922},"point_estimate":-0.012603130532990114,"standard_error":0.017263472700045364}}