{"mean":{"confidence_interval":{"confidence_level":0.95,"lower_bound":-0.021380991470140016,"upper_bound":-0.0014975644647495358},"point_estimate":-0.011458987388337505,"standard_error":0.005080747429756398},"median":{"confidence_interval":{"confidence_level":0.95,"lower_bound":-0.019754479499568545,"upper_bound":-0.0064379484370159674},"point_estimate":-0.014068723214150536,"standard_error":0.0032165187535565}}