{"mean":{"confidence_interval":{"confidence_level":0.95,"lower_bound":0.01334958186996882,"upper_bound":0.026517605586744986},"point_estimate":0.019948192824834843,"standard_error":0.003372641094252332},"median":{"confidence_interval":{"confidence_level":0.95,"lower_bound":0.015242288348682615,"upper_bound":0.026436157312045072},"point_estimate":0.020983401190103557,"standard_error":0.0027872440614931026}}