{"mean":{"confidence_interval":{"confidence_level":0.95,"lower_bound":0.029990938667303256,"upper_bound":0.059269701329831295},"point_estimate":0.043376243986463336,"standard_error":0.007585027167162724},"median":{"confidence_interval":{"confidence_level":0.95,"lower_bound":0.030210038188761557,"upper_bound":0.04708209468053215},"point_estimate":0.03680641721781441,"standard_error":0.004299848946797344}}