{"mean":{"confidence_interval":{"confidence_level":0.95,"lower_bound":-0.0038146847777173983,"upper_bound":0.029402502805883756},"point_estimate":0.012007869677922889,"standard_error":0.008441355505251467},"median":{"confidence_interval":{"confidence_level":0.95,"lower_bound":0.001002376037521735,"upper_bound":0.01788253052462364},"point_estimate":0.008616901728635051,"standard_error":0.004801809830058084}}