{"mean":{"confidence_interval":{"confidence_level":0.95,"lower_bound":-0.02012177918294259,"upper_bound":0.013286613878930613},"point_estimate":-0.0028939023158632837,"standard_error":0.00854790196064561},"median":{"confidence_interval":{"confidence_level":0.95,"lower_bound":-0.00494785244374496,"upper_bound":0.004325502823324311},"point_estimate":-0.0006088247907716227,"standard_error":0.003972830302606666}}