{"mean":{"confidence_interval":{"confidence_level":0.95,"lower_bound":-0.025331298917657348,"upper_bound":-0.00861567929887753},"point_estimate":-0.01685375867836203,"standard_error":0.004255602399779165},"median":{"confidence_interval":{"confidence_level":0.95,"lower_bound":-0.01985664526900599,"upper_bound":-0.005247017944801424},"point_estimate":-0.013262860517083697,"standard_error":0.00382831730433861}}