{"mean":{"confidence_interval":{"confidence_level":0.95,"lower_bound":-0.013753016493472358,"upper_bound":0.010588454275405015},"point_estimate":-0.0017748174852793008,"standard_error":0.006224938297782066},"median":{"confidence_interval":{"confidence_level":0.95,"lower_bound":-0.020136670042462095,"upper_bound":0.02214538135084365},"point_estimate":-0.002049312113289181,"standard_error":0.012186021689516106}}