{"mean":{"confidence_interval":{"confidence_level":0.95,"lower_bound":-0.01393748837591743,"upper_bound":0.02065913844945073},"point_estimate":0.004199923215764345,"standard_error":0.008850071895473597},"median":{"confidence_interval":{"confidence_level":0.95,"lower_bound":-0.0052645463470828435,"upper_bound":0.003409231457817352},"point_estimate":-0.0004434059138057611,"standard_error":0.0025739709804042995}}