{"mean":{"confidence_interval":{"confidence_level":0.95,"lower_bound":-0.03007093996916996,"upper_bound":-0.01914583239177985},"point_estimate":-0.02470454141369205,"standard_error":0.002769461182111535},"median":{"confidence_interval":{"confidence_level":0.95,"lower_bound":-0.025354255256607727,"upper_bound":-0.02477844262559071},"point_estimate":-0.0250369205653731,"standard_error":0.00015361941244963596}}