{"mean":{"confidence_interval":{"confidence_level":0.95,"lower_bound":-0.014730943781737667,"upper_bound":0.018195929715581594},"point_estimate":0.0006285443064573126,"standard_error":0.008437364315583033},"median":{"confidence_interval":{"confidence_level":0.95,"lower_bound":-0.006498755236955844,"upper_bound":0.0062247539170239286},"point_estimate":-0.0009562699137782849,"standard_error":0.0033278285356147168}}