{"mean":{"confidence_interval":{"confidence_level":0.95,"lower_bound":-0.018271947219740098,"upper_bound":0.001505675467958492},"point_estimate":-0.008387205605160819,"standard_error":0.005034286885956289},"median":{"confidence_interval":{"confidence_level":0.95,"lower_bound":-0.013220851207632542,"upper_bound":0.0008936845126252227},"point_estimate":-0.005879008708685407,"standard_error":0.003561788107953169}}