{"mean":{"confidence_interval":{"confidence_level":0.95,"lower_bound":-0.027238515157214097,"upper_bound":0.011422990244587643},"point_estimate":-0.008388801017016556,"standard_error":0.009845011888305683},"median":{"confidence_interval":{"confidence_level":0.95,"lower_bound":-0.0134939892141549,"upper_bound":-0.0010078978108243944},"point_estimate":-0.005681155870575605,"standard_error":0.006768279299628378}}