{"mean":{"confidence_interval":{"confidence_level":0.95,"lower_bound":-0.021669435499072204,"upper_bound":0.01066485144160939},"point_estimate":-0.006103308946710628,"standard_error":0.00824530156425958},"median":{"confidence_interval":{"confidence_level":0.95,"lower_bound":-0.012897204895494063,"upper_bound":-0.0017920946728186005},"point_estimate":-0.008973610957020095,"standard_error":0.0035634270773849054}}