{"mean":{"confidence_interval":{"confidence_level":0.95,"lower_bound":-0.022062744603605886,"upper_bound":-0.006189400346584257},"point_estimate":-0.013970304801362965,"standard_error":0.004060647389727579},"median":{"confidence_interval":{"confidence_level":0.95,"lower_bound":-0.022055187737200055,"upper_bound":-0.011444349110708352},"point_estimate":-0.016557102345965413,"standard_error":0.00266432414150903}}