{"mean":{"confidence_interval":{"confidence_level":0.95,"lower_bound":0.03453476296649906,"upper_bound":0.05399955377870016},"point_estimate":0.04394494979151364,"standard_error":0.004971207924445048},"median":{"confidence_interval":{"confidence_level":0.95,"lower_bound":0.024437273392676317,"upper_bound":0.05251454761704569},"point_estimate":0.04435957566982718,"standard_error":0.007038779613239991}}