{"mean":{"confidence_interval":{"confidence_level":0.95,"lower_bound":-0.08799281400287605,"upper_bound":-0.051216607067366526},"point_estimate":-0.06855407082423548,"standard_error":0.009354878715844681},"median":{"confidence_interval":{"confidence_level":0.95,"lower_bound":-0.07200819063031527,"upper_bound":-0.051049012160608864},"point_estimate":-0.06412402625120062,"standard_error":0.005581856862186477}}