{"mean":{"confidence_interval":{"confidence_level":0.95,"lower_bound":0.03080940599234194,"upper_bound":0.03903003533510467},"point_estimate":0.03478698842214634,"standard_error":0.00219277071026437},"median":{"confidence_interval":{"confidence_level":0.95,"lower_bound":0.028402471799455542,"upper_bound":0.028997608204599734},"point_estimate":0.028666101763067386,"standard_error":0.00015252935918341892}}