{"mean":{"confidence_interval":{"confidence_level":0.95,"lower_bound":-0.018182675639096205,"upper_bound":0.019961403471473172},"point_estimate":0.000274095251643347,"standard_error":0.009732697890528646},"median":{"confidence_interval":{"confidence_level":0.95,"lower_bound":0.0006035773266697131,"upper_bound":0.008658976763735114},"point_estimate":0.005591058706513996,"standard_error":0.004599189649730703}}