{"mean":{"confidence_interval":{"confidence_level":0.95,"lower_bound":-0.014199722593739035,"upper_bound":0.019559200908604423},"point_estimate":0.0023103888619480095,"standard_error":0.008650826628760155},"median":{"confidence_interval":{"confidence_level":0.95,"lower_bound":-0.0008979829583944943,"upper_bound":0.012664001202018715},"point_estimate":0.004333518601643327,"standard_error":0.0038825712280215717}}