{"mean":{"confidence_interval":{"confidence_level":0.95,"lower_bound":-0.053867635763773854,"upper_bound":-0.034523965811001374},"point_estimate":-0.04425205930855436,"standard_error":0.004930949236493348},"median":{"confidence_interval":{"confidence_level":0.95,"lower_bound":-0.050428507657061195,"upper_bound":-0.03961196721232116},"point_estimate":-0.0450519987000324,"standard_error":0.002673988547821584}}