{"mean":{"confidence_interval":{"confidence_level":0.95,"lower_bound":0.05384616699292603,"upper_bound":0.08177807125568509},"point_estimate":0.06781991928786635,"standard_error":0.00715254579981079},"median":{"confidence_interval":{"confidence_level":0.95,"lower_bound":0.053820688756431645,"upper_bound":0.0788166295895687},"point_estimate":0.0652265415720017,"standard_error":0.006338728077650314}}