{"mean":{"confidence_interval":{"confidence_level":0.95,"lower_bound":-0.0020662311773758544,"upper_bound":0.020606455268505373},"point_estimate":0.008859542182894309,"standard_error":0.0057476589499442276},"median":{"confidence_interval":{"confidence_level":0.95,"lower_bound":-0.004959971966316146,"upper_bound":0.008829465186680041},"point_estimate":-0.0008655247813410538,"standard_error":0.0035674210958288695}}