{"mean":{"confidence_interval":{"confidence_level":0.95,"lower_bound":0.08022819095342383,"upper_bound":0.12029844059090389},"point_estimate":0.09794922352042579,"standard_error":0.010582785299658967},"median":{"confidence_interval":{"confidence_level":0.95,"lower_bound":0.06975958115484482,"upper_bound":0.09166856370620091},"point_estimate":0.08293789228113502,"standard_error":0.005904235879952873}}