{"mean":{"confidence_interval":{"confidence_level":0.95,"lower_bound":-0.03566136374743069,"upper_bound":0.009960209677550553},"point_estimate":-0.01618685644625284,"standard_error":0.011853330264323768},"median":{"confidence_interval":{"confidence_level":0.95,"lower_bound":-0.03653360543046633,"upper_bound":-0.01257778532095104},"point_estimate":-0.02175559695336149,"standard_error":0.005478612145270137}}