{"mean":{"confidence_interval":{"confidence_level":0.95,"lower_bound":0.014850102664001557,"upper_bound":0.03252847176238073},"point_estimate":0.023639260441908005,"standard_error":0.004474947712725811},"median":{"confidence_interval":{"confidence_level":0.95,"lower_bound":0.015314235420212369,"upper_bound":0.027005658841182445},"point_estimate":0.022347345244297934,"standard_error":0.0029366668404874276}}