{"mean":{"confidence_interval":{"confidence_level":0.95,"lower_bound":0.12092229510622816,"upper_bound":0.16856910476308928},"point_estimate":0.14502320967360327,"standard_error":0.012166578631925003},"median":{"confidence_interval":{"confidence_level":0.95,"lower_bound":0.09966481529900928,"upper_bound":0.22178194391150874},"point_estimate":0.2107860198391216,"standard_error":0.03051041297619302}}