{"mean":{"confidence_interval":{"confidence_level":0.95,"lower_bound":-0.01040493054416074,"upper_bound":0.00812623162104553},"point_estimate":-0.0010022338511305184,"standard_error":0.004714805224193714},"median":{"confidence_interval":{"confidence_level":0.95,"lower_bound":-0.00393025900111934,"upper_bound":0.011062497279076489},"point_estimate":0.0036129906118163024,"standard_error":0.0036366591679042825}}