{"mean":{"confidence_interval":{"confidence_level":0.95,"lower_bound":-0.012707956693530672,"upper_bound":0.007407542577191565},"point_estimate":-0.0027422967391877995,"standard_error":0.005064390498439962},"median":{"confidence_interval":{"confidence_level":0.95,"lower_bound":-0.011473167489070124,"upper_bound":0.0019572374254750446},"point_estimate":-0.006017017177717188,"standard_error":0.0034351454850808536}}