{"mean":{"confidence_interval":{"confidence_level":0.95,"lower_bound":0.025154012185963595,"upper_bound":0.06689957834419825},"point_estimate":0.0454445161547814,"standard_error":0.010484015439371946},"median":{"confidence_interval":{"confidence_level":0.95,"lower_bound":0.00438432050683657,"upper_bound":0.0490695222054889},"point_estimate":0.030271310695990872,"standard_error":0.012755099023247687}}