{"mean":{"confidence_interval":{"confidence_level":0.95,"lower_bound":-0.15627278937111055,"upper_bound":-0.13578579563497142},"point_estimate":-0.14635970277788934,"standard_error":0.005179257657008973},"median":{"confidence_interval":{"confidence_level":0.95,"lower_bound":-0.1685817949812327,"upper_bound":-0.12321398788566984},"point_estimate":-0.15729165304182635,"standard_error":0.009330674294855137}}