{"mean":{"confidence_interval":{"confidence_level":0.95,"lower_bound":-0.018899122191349566,"upper_bound":0.014682237039004365},"point_estimate":-0.00267616042162222,"standard_error":0.0085821029659664},"median":{"confidence_interval":{"confidence_level":0.95,"lower_bound":-0.012149343357308662,"upper_bound":0.00340571235620185},"point_estimate":-0.003777127133698599,"standard_error":0.004594731108620902}}