{"mean":{"confidence_interval":{"confidence_level":0.95,"lower_bound":0.032935603551319206,"upper_bound":0.054318181117208666},"point_estimate":0.04350926639404862,"standard_error":0.005526591797734183},"median":{"confidence_interval":{"confidence_level":0.95,"lower_bound":0.00542747724971937,"upper_bound":0.02107898417002385},"point_estimate":0.01029981376160749,"standard_error":0.008236935822089463}}