{"mean":{"confidence_interval":{"confidence_level":0.95,"lower_bound":-0.01086620739393221,"upper_bound":0.010522645498478238},"point_estimate":-0.00021079997807627038,"standard_error":0.005469711517538571},"median":{"confidence_interval":{"confidence_level":0.95,"lower_bound":-0.0022734654108477192,"upper_bound":0.013414685110117341},"point_estimate":0.006206013832498192,"standard_error":0.003958143098115812}}