{"mean":{"confidence_interval":{"confidence_level":0.95,"lower_bound":-0.01016697276095381,"upper_bound":0.028043166293563824},"point_estimate":0.007450727193380802,"standard_error":0.00972825039875219},"median":{"confidence_interval":{"confidence_level":0.95,"lower_bound":-0.00037782704528710465,"upper_bound":0.023903417924826163},"point_estimate":0.005756971913288167,"standard_error":0.00670439983185377}}