{"mean":{"confidence_interval":{"confidence_level":0.95,"lower_bound":88406.6033806165,"upper_bound":88700.70963442522},"point_estimate":88541.04928604106,"standard_error":75.41600872304522},"median":{"confidence_interval":{"confidence_level":0.95,"lower_bound":88339.68333333333,"upper_bound":88560.21515151515},"point_estimate":88528.7938292683,"standard_error":51.13409620918933},"median_abs_dev":{"confidence_interval":{"confidence_level":0.95,"lower_bound":329.2212843770652,"upper_bound":627.9505343616331},"point_estimate":436.0339450137358,"standard_error":74.81722600282089},"slope":{"confidence_interval":{"confidence_level":0.95,"lower_bound":88575.5381364622,"upper_bound":88817.83424446033},"point_estimate":88681.82340357619,"standard_error":62.24677713459908},"std_dev":{"confidence_interval":{"confidence_level":0.95,"lower_bound":440.2543799225742,"upper_bound":1073.3688681673507},"point_estimate":755.5771259416883,"standard_error":169.9947026831703}}