{"mean":{"confidence_interval":{"confidence_level":0.95,"lower_bound":90860.47499851044,"upper_bound":91027.56916742808},"point_estimate":90937.823588129,"standard_error":42.62334003174369},"median":{"confidence_interval":{"confidence_level":0.95,"lower_bound":90834.75932987782,"upper_bound":90948.0891566265},"point_estimate":90899.21648351649,"standard_error":28.904394031496807},"median_abs_dev":{"confidence_interval":{"confidence_level":0.95,"lower_bound":146.75409554571195,"upper_bound":284.78603426221093},"point_estimate":202.53931134539502,"standard_error":35.60253086292077},"slope":{"confidence_interval":{"confidence_level":0.95,"lower_bound":90923.00028364007,"upper_bound":91188.92741812457},"point_estimate":91023.36816373578,"standard_error":72.26830762183374},"std_dev":{"confidence_interval":{"confidence_level":0.95,"lower_bound":261.17765312984693,"upper_bound":604.5301670899933},"point_estimate":429.5075563769082,"standard_error":93.45820787336761}}