{"mean":{"confidence_interval":{"confidence_level":0.95,"lower_bound":91265.48303765405,"upper_bound":92171.61712924502},"point_estimate":91658.740518766,"standard_error":233.7826086957444},"median":{"confidence_interval":{"confidence_level":0.95,"lower_bound":91030.2024427953,"upper_bound":91160.12417582418},"point_estimate":91097.075,"standard_error":35.518495522427756},"median_abs_dev":{"confidence_interval":{"confidence_level":0.95,"lower_bound":303.16969256719887,"upper_bound":515.3996491336159},"point_estimate":402.1220651657858,"standard_error":50.786643572680916},"slope":{"confidence_interval":{"confidence_level":0.95,"lower_bound":91304.70194683693,"upper_bound":91803.00580047707},"point_estimate":91536.49814275159,"standard_error":128.0528316320952},"std_dev":{"confidence_interval":{"confidence_level":0.95,"lower_bound":859.5223037242313,"upper_bound":3476.450052727597},"point_estimate":2345.063274628802,"standard_error":681.2094069174626}}