{"mean":{"confidence_interval":{"confidence_level":0.95,"lower_bound":90981.5990897848,"upper_bound":91259.82620954754},"point_estimate":91112.31323727759,"standard_error":70.99040490297051},"median":{"confidence_interval":{"confidence_level":0.95,"lower_bound":90925.4923076923,"upper_bound":91023.10294117648},"point_estimate":90978.72386363636,"standard_error":22.062498711091383},"median_abs_dev":{"confidence_interval":{"confidence_level":0.95,"lower_bound":164.4302210807734,"upper_bound":331.39607151435666},"point_estimate":218.7231123441606,"standard_error":42.680376604754464},"slope":{"confidence_interval":{"confidence_level":0.95,"lower_bound":91091.25546927737,"upper_bound":91431.39339786826},"point_estimate":91247.03504595833,"standard_error":86.95118610298597},"std_dev":{"confidence_interval":{"confidence_level":0.95,"lower_bound":483.8024482982901,"upper_bound":902.8713900544146},"point_estimate":711.5696325177585,"standard_error":107.1695239458326}}