{"mean":{"confidence_interval":{"confidence_level":0.95,"lower_bound":82205.48338726583,"upper_bound":82487.20667316031},"point_estimate":82336.50517083735,"standard_error":72.17545045786352},"median":{"confidence_interval":{"confidence_level":0.95,"lower_bound":82128.36969696969,"upper_bound":82311.415},"point_estimate":82210.91481481481,"standard_error":45.1906335079195},"median_abs_dev":{"confidence_interval":{"confidence_level":0.95,"lower_bound":320.24131832797724,"upper_bound":543.7299867274606},"point_estimate":440.8225234364527,"standard_error":58.49319507216014},"slope":{"confidence_interval":{"confidence_level":0.95,"lower_bound":82243.41823892154,"upper_bound":82476.56716655799},"point_estimate":82354.3810025122,"standard_error":59.613779195701994},"std_dev":{"confidence_interval":{"confidence_level":0.95,"lower_bound":463.27141410832223,"upper_bound":951.3819873597464},"point_estimate":722.9979040460609,"standard_error":124.83120139587197}}