{"mean":{"confidence_interval":{"confidence_level":0.95,"lower_bound":79837.60743737697,"upper_bound":80011.00940052865},"point_estimate":79924.90567861786,"standard_error":44.17775186317093},"median":{"confidence_interval":{"confidence_level":0.95,"lower_bound":79869.96111111112,"upper_bound":79969.93265306123},"point_estimate":79937.06732954545,"standard_error":27.852311855934406},"median_abs_dev":{"confidence_interval":{"confidence_level":0.95,"lower_bound":194.62470913446327,"upper_bound":379.8749101649645},"point_estimate":287.9802276016909,"standard_error":46.000745765304565},"slope":{"confidence_interval":{"confidence_level":0.95,"lower_bound":79962.85077941568,"upper_bound":80116.89926579923},"point_estimate":80035.50568346387,"standard_error":39.29347269989895},"std_dev":{"confidence_interval":{"confidence_level":0.95,"lower_bound":361.5681756519,"upper_bound":517.3722594799059},"point_estimate":443.39342595693546,"standard_error":39.74965897465036}}