{"mean":{"confidence_interval":{"confidence_level":0.95,"lower_bound":125963.44003744748,"upper_bound":126143.58808223302},"point_estimate":126053.51123802665,"standard_error":46.20658961656115},"median":{"confidence_interval":{"confidence_level":0.95,"lower_bound":125950.87195121951,"upper_bound":126155.53409090909},"point_estimate":126055.3825,"standard_error":55.74253234551934},"median_abs_dev":{"confidence_interval":{"confidence_level":0.95,"lower_bound":295.75714533065036,"upper_bound":463.7746521181954},"point_estimate":376.549784798776,"standard_error":42.469747102129375},"slope":{"confidence_interval":{"confidence_level":0.95,"lower_bound":126065.18807574153,"upper_bound":126228.46636845621},"point_estimate":126143.66792670311,"standard_error":41.646363401901674},"std_dev":{"confidence_interval":{"confidence_level":0.95,"lower_bound":357.557297660158,"upper_bound":573.604332928457},"point_estimate":466.63787277124516,"standard_error":55.56239133585255}}