{"mean":{"confidence_interval":{"confidence_level":0.95,"lower_bound":117252.2864271537,"upper_bound":117441.90933236707},"point_estimate":117345.95103805931,"standard_error":48.2244543303492},"median":{"confidence_interval":{"confidence_level":0.95,"lower_bound":117241.69367439515,"upper_bound":117421.945},"point_estimate":117317.80494505496,"standard_error":55.08289147653757},"median_abs_dev":{"confidence_interval":{"confidence_level":0.95,"lower_bound":288.6575082086339,"upper_bound":457.07669520733293},"point_estimate":370.3764184245108,"standard_error":42.30794243464232},"slope":{"confidence_interval":{"confidence_level":0.95,"lower_bound":117220.97208632008,"upper_bound":117352.19616597555},"point_estimate":117285.89547805527,"standard_error":33.531094020127426},"std_dev":{"confidence_interval":{"confidence_level":0.95,"lower_bound":389.65009806512984,"upper_bound":569.2493974087399},"point_estimate":483.2073935362844,"standard_error":45.88537492926679}}