{"mean":{"confidence_interval":{"confidence_level":0.95,"lower_bound":129335.90069605484,"upper_bound":129508.72153964825},"point_estimate":129424.5031174054,"standard_error":44.14362376707699},"median":{"confidence_interval":{"confidence_level":0.95,"lower_bound":129430.1,"upper_bound":129515.29032258065},"point_estimate":129476.3991935484,"standard_error":17.957057989595786},"median_abs_dev":{"confidence_interval":{"confidence_level":0.95,"lower_bound":143.0500285456784,"upper_bound":260.8160136906663},"point_estimate":183.07911447696978,"standard_error":29.36359042494676},"slope":{"confidence_interval":{"confidence_level":0.95,"lower_bound":129477.23320607518,"upper_bound":129551.42949592392},"point_estimate":129513.01777597163,"standard_error":19.029805195838634},"std_dev":{"confidence_interval":{"confidence_level":0.95,"lower_bound":342.3351565752158,"upper_bound":529.3316252475638},"point_estimate":443.62918041758695,"standard_error":47.88802622127174}}