{"mean":{"confidence_interval":{"confidence_level":0.95,"lower_bound":82035.9736775528,"upper_bound":82247.89913224649},"point_estimate":82140.0628459356,"standard_error":54.1331665432061},"median":{"confidence_interval":{"confidence_level":0.95,"lower_bound":82045.64278438031,"upper_bound":82195.55590909091},"point_estimate":82146.52758152175,"standard_error":40.01874399692013},"median_abs_dev":{"confidence_interval":{"confidence_level":0.95,"lower_bound":256.4715742796254,"upper_bound":451.2340086556486},"point_estimate":342.696299447839,"standard_error":49.60308070768104},"slope":{"confidence_interval":{"confidence_level":0.95,"lower_bound":82223.9256590813,"upper_bound":82436.32406711075},"point_estimate":82324.2361684646,"standard_error":54.29879468048542},"std_dev":{"confidence_interval":{"confidence_level":0.95,"lower_bound":412.6623980663251,"upper_bound":665.8030350398591},"point_estimate":542.2261330379067,"standard_error":64.73500909381539}}