{"mean":{"confidence_interval":{"confidence_level":0.95,"lower_bound":79958.72857823,"upper_bound":80332.39945333963},"point_estimate":80113.61560524958,"standard_error":97.23907765912604},"median":{"confidence_interval":{"confidence_level":0.95,"lower_bound":79975.75157323689,"upper_bound":80113.32391304348},"point_estimate":80050.0337164751,"standard_error":35.72108032567902},"median_abs_dev":{"confidence_interval":{"confidence_level":0.95,"lower_bound":227.70458160843032,"upper_bound":397.39650877813546},"point_estimate":288.7308074523142,"standard_error":43.02972940374552},"slope":{"confidence_interval":{"confidence_level":0.95,"lower_bound":80104.65356097453,"upper_bound":80255.52175034075},"point_estimate":80176.2674827841,"standard_error":38.35610874347266},"std_dev":{"confidence_interval":{"confidence_level":0.95,"lower_bound":390.16812677861117,"upper_bound":1561.0228654313644},"point_estimate":976.4336642848184,"standard_error":377.14861871125544}}