{"mean":{"confidence_interval":{"confidence_level":0.95,"lower_bound":90935.20361446941,"upper_bound":91166.174057692},"point_estimate":91041.70441779315,"standard_error":59.253734382350316},"median":{"confidence_interval":{"confidence_level":0.95,"lower_bound":90850.12674100569,"upper_bound":90977.37894736842},"point_estimate":90903.79444444444,"standard_error":29.785460407727378},"median_abs_dev":{"confidence_interval":{"confidence_level":0.95,"lower_bound":159.24364760565166,"upper_bound":291.13224519845437},"point_estimate":206.870722429875,"standard_error":34.17457796753203},"slope":{"confidence_interval":{"confidence_level":0.95,"lower_bound":91012.89583036467,"upper_bound":91286.67055702383},"point_estimate":91135.6954544111,"standard_error":70.06755034521619},"std_dev":{"confidence_interval":{"confidence_level":0.95,"lower_bound":358.14731885921003,"upper_bound":811.1182479339781},"point_estimate":598.1596459017615,"standard_error":116.70157643343383}}