{"mean":{"confidence_interval":{"confidence_level":0.95,"lower_bound":91119.10493895465,"upper_bound":91602.12078943812},"point_estimate":91349.29212280245,"standard_error":123.53822909244239},"median":{"confidence_interval":{"confidence_level":0.95,"lower_bound":90836.6775510204,"upper_bound":91006.50444001875},"point_estimate":90944.57593167701,"standard_error":41.15047204204295},"median_abs_dev":{"confidence_interval":{"confidence_level":0.95,"lower_bound":219.19894348826213,"upper_bound":437.28954750989897},"point_estimate":313.2060429580032,"standard_error":58.486341854881566},"slope":{"confidence_interval":{"confidence_level":0.95,"lower_bound":91001.98584112804,"upper_bound":91287.02505250247},"point_estimate":91131.99418826659,"standard_error":72.91444344059579},"std_dev":{"confidence_interval":{"confidence_level":0.95,"lower_bound":926.7491435201858,"upper_bound":1503.271773211458},"point_estimate":1247.7637395952058,"standard_error":147.33620652524257}}