{"mean":{"confidence_interval":{"confidence_level":0.95,"lower_bound":82311.52438174418,"upper_bound":82651.44017412352},"point_estimate":82465.23179738282,"standard_error":86.83814983000644},"median":{"confidence_interval":{"confidence_level":0.95,"lower_bound":82289.72903225807,"upper_bound":82466.28484848485},"point_estimate":82391.64856979405,"standard_error":40.60441395837664},"median_abs_dev":{"confidence_interval":{"confidence_level":0.95,"lower_bound":256.6041456093056,"upper_bound":480.0760141773916},"point_estimate":370.21523229676063,"standard_error":56.57623799128255},"slope":{"confidence_interval":{"confidence_level":0.95,"lower_bound":82530.13796649541,"upper_bound":82851.49206024512},"point_estimate":82677.63921619624,"standard_error":82.32671653445041},"std_dev":{"confidence_interval":{"confidence_level":0.95,"lower_bound":484.5171176237187,"upper_bound":1268.975985386132},"point_estimate":874.3343891798061,"standard_error":212.39544685598494}}