{"mean":{"confidence_interval":{"confidence_level":0.95,"lower_bound":77004.27389877522,"upper_bound":77170.1881789331},"point_estimate":77087.6550953704,"standard_error":42.224371187307234},"median":{"confidence_interval":{"confidence_level":0.95,"lower_bound":77086.37671232877,"upper_bound":77210.01440329218},"point_estimate":77163.43965064356,"standard_error":34.48255077557543},"median_abs_dev":{"confidence_interval":{"confidence_level":0.95,"lower_bound":189.37808816128515,"upper_bound":411.2840407878451},"point_estimate":297.3910160245936,"standard_error":55.6061861091311},"slope":{"confidence_interval":{"confidence_level":0.95,"lower_bound":77188.10558129704,"upper_bound":77281.73345364293},"point_estimate":77233.12657553815,"standard_error":23.926541381082764},"std_dev":{"confidence_interval":{"confidence_level":0.95,"lower_bound":343.50902656426535,"upper_bound":503.6330081786851},"point_estimate":425.41480574599103,"standard_error":40.98329586996415}}