{"mean":{"confidence_interval":{"confidence_level":0.95,"lower_bound":98261.98101103892,"upper_bound":99665.95586365866},"point_estimate":98971.14118933339,"standard_error":358.2820228645128},"median":{"confidence_interval":{"confidence_level":0.95,"lower_bound":98661.3894736842,"upper_bound":100520.2494054054},"point_estimate":99743.90992063492,"standard_error":460.84791936586157},"median_abs_dev":{"confidence_interval":{"confidence_level":0.95,"lower_bound":2425.6142003409673,"upper_bound":4391.869780044419},"point_estimate":3568.190160025955,"standard_error":484.48503323122054},"slope":{"confidence_interval":{"confidence_level":0.95,"lower_bound":99303.67153737883,"upper_bound":100764.47144083762},"point_estimate":100051.56662095463,"standard_error":373.0564511369995},"std_dev":{"confidence_interval":{"confidence_level":0.95,"lower_bound":3143.854747718539,"upper_bound":3966.8382968459864},"point_estimate":3582.726234268226,"standard_error":209.83367248175426}}