{"mean":{"confidence_interval":{"confidence_level":0.95,"lower_bound":91129.10607118938,"upper_bound":91505.99661395048},"point_estimate":91294.2386533381,"standard_error":96.91217648766255},"median":{"confidence_interval":{"confidence_level":0.95,"lower_bound":91037.49427239428,"upper_bound":91215.70738095237},"point_estimate":91145.69918495297,"standard_error":45.05737388947161},"median_abs_dev":{"confidence_interval":{"confidence_level":0.95,"lower_bound":232.86578456656855,"upper_bound":389.181366494902},"point_estimate":289.5738135076844,"standard_error":39.99866362087153},"slope":{"confidence_interval":{"confidence_level":0.95,"lower_bound":91206.54214071741,"upper_bound":91480.59451970985},"point_estimate":91330.69769351263,"standard_error":70.27456611639799},"std_dev":{"confidence_interval":{"confidence_level":0.95,"lower_bound":435.65680737029976,"upper_bound":1467.4018177733049},"point_estimate":970.46772793561,"standard_error":277.6755504018687}}