{"mean":{"confidence_interval":{"confidence_level":0.95,"lower_bound":90944.80147175737,"upper_bound":91608.4414555376},"point_estimate":91229.03963905021,"standard_error":171.21402932315942},"median":{"confidence_interval":{"confidence_level":0.95,"lower_bound":90872.03214285715,"upper_bound":90969.20666666667},"point_estimate":90914.36666666667,"standard_error":21.947827650206523},"median_abs_dev":{"confidence_interval":{"confidence_level":0.95,"lower_bound":209.61763835173497,"upper_bound":376.3815871705436},"point_estimate":274.9991294927895,"standard_error":43.436749834620514},"slope":{"confidence_interval":{"confidence_level":0.95,"lower_bound":91080.12768004515,"upper_bound":91694.76873894814},"point_estimate":91347.29867888281,"standard_error":158.35994742116011},"std_dev":{"confidence_interval":{"confidence_level":0.95,"lower_bound":590.1947658272043,"upper_bound":2616.993689775924},"point_estimate":1717.063832703599,"standard_error":535.1983737622417}}