{"mean":{"confidence_interval":{"confidence_level":0.95,"lower_bound":91603.2087223362,"upper_bound":92318.04168269756},"point_estimate":91910.23818028544,"standard_error":184.38101041461638},"median":{"confidence_interval":{"confidence_level":0.95,"lower_bound":91629.8125,"upper_bound":91977.57142857143},"point_estimate":91852.01862170087,"standard_error":78.1137401230515},"median_abs_dev":{"confidence_interval":{"confidence_level":0.95,"lower_bound":420.29231253048636,"upper_bound":812.8879307273468},"point_estimate":565.0162398336458,"standard_error":102.34359112125661},"slope":{"confidence_interval":{"confidence_level":0.95,"lower_bound":91983.28734616857,"upper_bound":93226.14732852498},"point_estimate":92456.20713521501,"standard_error":336.3448724928702},"std_dev":{"confidence_interval":{"confidence_level":0.95,"lower_bound":864.4001948986134,"upper_bound":2889.944348362364},"point_estimate":1854.253355425724,"standard_error":640.2876259545329}}