{"mean":{"confidence_interval":{"confidence_level":0.95,"lower_bound":128687.06816931535,"upper_bound":128904.1673973508},"point_estimate":128799.63403022355,"standard_error":55.44581322986676},"median":{"confidence_interval":{"confidence_level":0.95,"lower_bound":128807.63888888889,"upper_bound":128956.26186951755},"point_estimate":128887.64926962872,"standard_error":37.202238333509364},"median_abs_dev":{"confidence_interval":{"confidence_level":0.95,"lower_bound":212.65518211723077,"upper_bound":354.08439515020376},"point_estimate":285.5880042815294,"standard_error":35.533958337512594},"slope":{"confidence_interval":{"confidence_level":0.95,"lower_bound":128894.77483153883,"upper_bound":128996.85306689066},"point_estimate":128944.35328432097,"standard_error":26.00773438909854},"std_dev":{"confidence_interval":{"confidence_level":0.95,"lower_bound":403.472268294046,"upper_bound":683.4214266381521},"point_estimate":556.5824380643294,"standard_error":71.70764509900089}}