{"mean":{"confidence_interval":{"confidence_level":0.95,"lower_bound":153099.8889219171,"upper_bound":153682.22358169968},"point_estimate":153395.34208237176,"standard_error":148.74039790384137},"median":{"confidence_interval":{"confidence_level":0.95,"lower_bound":153086.6568627451,"upper_bound":153917.6091954023},"point_estimate":153485.78784931597,"standard_error":246.78473050765047},"median_abs_dev":{"confidence_interval":{"confidence_level":0.95,"lower_bound":1223.006787048295,"upper_bound":1929.6205117136278},"point_estimate":1543.7182068040395,"standard_error":180.50940575412227},"slope":{"confidence_interval":{"confidence_level":0.95,"lower_bound":152822.5262833901,"upper_bound":153642.96566145887},"point_estimate":153229.7866282449,"standard_error":210.30035511978718},"std_dev":{"confidence_interval":{"confidence_level":0.95,"lower_bound":1288.425393313876,"upper_bound":1677.137269032639},"point_estimate":1492.2536590970992,"standard_error":98.8338848919449}}