{"mean":{"confidence_interval":{"confidence_level":0.95,"lower_bound":90930.8134954147,"upper_bound":91326.3389963869},"point_estimate":91112.15771391094,"standard_error":101.2317657914487},"median":{"confidence_interval":{"confidence_level":0.95,"lower_bound":90855.48684414176,"upper_bound":91036.48974358974},"point_estimate":90950.33708791209,"standard_error":40.5576240060738},"median_abs_dev":{"confidence_interval":{"confidence_level":0.95,"lower_bound":234.10705424376587,"upper_bound":538.8079774930816},"point_estimate":395.7481891505327,"standard_error":87.66950170206886},"slope":{"confidence_interval":{"confidence_level":0.95,"lower_bound":91188.82894872893,"upper_bound":91709.1063737189},"point_estimate":91432.09677079947,"standard_error":133.6572464643935},"std_dev":{"confidence_interval":{"confidence_level":0.95,"lower_bound":586.0945678468091,"upper_bound":1386.4128371226336},"point_estimate":1017.8325529977623,"standard_error":204.943520746399}}