{"mean":{"confidence_interval":{"confidence_level":0.95,"lower_bound":3836776.4082692303,"upper_bound":3840619.8238076926},"point_estimate":3838657.796153846,"standard_error":984.8165750089836},"median":{"confidence_interval":{"confidence_level":0.95,"lower_bound":3834585.6153846155,"upper_bound":3839031.769230769},"point_estimate":3835864.5,"standard_error":1086.4866282485968},"median_abs_dev":{"confidence_interval":{"confidence_level":0.95,"lower_bound":5924.241402516131,"upper_bound":10720.81726505215},"point_estimate":7990.643627368301,"standard_error":1300.720381794529},"slope":null,"std_dev":{"confidence_interval":{"confidence_level":0.95,"lower_bound":8188.345895543654,"upper_bound":11375.163772298014},"point_estimate":9844.265984712238,"standard_error":815.8519687873323}}