{"mean":{"confidence_interval":{"confidence_level":0.95,"lower_bound":179992.80029770863,"upper_bound":183867.70146633295},"point_estimate":181756.8289189013,"standard_error":992.3868843422765},"median":{"confidence_interval":{"confidence_level":0.95,"lower_bound":178564.83854166666,"upper_bound":181150.7183908046},"point_estimate":179620.6051948052,"standard_error":664.7317597996251},"median_abs_dev":{"confidence_interval":{"confidence_level":0.95,"lower_bound":3808.300694826534,"upper_bound":6791.732635559004},"point_estimate":5546.986738557477,"standard_error":813.3316369564369},"slope":{"confidence_interval":{"confidence_level":0.95,"lower_bound":180090.94750538166,"upper_bound":184600.4253749014},"point_estimate":182124.71687700113,"standard_error":1157.4074665411688},"std_dev":{"confidence_interval":{"confidence_level":0.95,"lower_bound":5810.960408210289,"upper_bound":14342.607644224438},"point_estimate":9983.641232706377,"standard_error":2371.390189985779}}