{"mean":{"confidence_interval":{"confidence_level":0.95,"lower_bound":81999.8513456515,"upper_bound":82311.13044755376},"point_estimate":82137.06550018206,"standard_error":79.75997353944038},"median":{"confidence_interval":{"confidence_level":0.95,"lower_bound":82021.13962264151,"upper_bound":82217.89195402298},"point_estimate":82120.65319148936,"standard_error":36.96761420095417},"median_abs_dev":{"confidence_interval":{"confidence_level":0.95,"lower_bound":249.0560089848006,"upper_bound":497.96570128146544},"point_estimate":310.652819357657,"standard_error":61.205171279729434},"slope":{"confidence_interval":{"confidence_level":0.95,"lower_bound":82172.65885470301,"upper_bound":82351.53991669277},"point_estimate":82253.58180700458,"standard_error":45.666172315367774},"std_dev":{"confidence_interval":{"confidence_level":0.95,"lower_bound":410.7549501511466,"upper_bound":1225.6883427733692},"point_estimate":801.8930744311308,"standard_error":250.5251546049501}}