{"mean":{"confidence_interval":{"confidence_level":0.95,"lower_bound":90657.6932678239,"upper_bound":91159.39825521028},"point_estimate":90885.43271925619,"standard_error":127.75711282129708},"median":{"confidence_interval":{"confidence_level":0.95,"lower_bound":90818.67881944444,"upper_bound":90946.87},"point_estimate":90880.60706089664,"standard_error":31.26576207097092},"median_abs_dev":{"confidence_interval":{"confidence_level":0.95,"lower_bound":227.57936987071344,"upper_bound":492.2438928509549},"point_estimate":343.7058457916906,"standard_error":68.09286631507702},"slope":{"confidence_interval":{"confidence_level":0.95,"lower_bound":90838.10266995073,"upper_bound":91170.64462790247},"point_estimate":90999.63775971626,"standard_error":84.587861392971},"std_dev":{"confidence_interval":{"confidence_level":0.95,"lower_bound":573.9997776783945,"upper_bound":1969.788177502405},"point_estimate":1287.1619923920314,"standard_error":385.12245516596295}}