{"mean":{"confidence_interval":{"confidence_level":0.95,"lower_bound":6528355.71746875,"upper_bound":6562753.6233125},"point_estimate":6542914.7975,"standard_error":8926.802470519957},"median":{"confidence_interval":{"confidence_level":0.95,"lower_bound":6524179.0,"upper_bound":6525792.375},"point_estimate":6524879.8125,"standard_error":456.31640153954805},"median_abs_dev":{"confidence_interval":{"confidence_level":0.95,"lower_bound":2652.927327901125,"upper_bound":4858.387451246381},"point_estimate":3406.366102024913,"standard_error":551.219657672475},"slope":null,"std_dev":{"confidence_interval":{"confidence_level":0.95,"lower_bound":19813.81656327536,"upper_bound":138679.7581152558},"point_estimate":89691.77015933489,"standard_error":31199.425037375957}}