{"mean":{"confidence_interval":{"confidence_level":0.95,"lower_bound":6531833.46625,"upper_bound":6611827.080687501},"point_estimate":6564599.2,"standard_error":20911.603181033555},"median":{"confidence_interval":{"confidence_level":0.95,"lower_bound":6524040.5625,"upper_bound":6525887.125},"point_estimate":6525169.5625,"standard_error":488.5737448111863},"median_abs_dev":{"confidence_interval":{"confidence_level":0.95,"lower_bound":2912.1043357998133,"upper_bound":5479.135844288393},"point_estimate":4169.256450980902,"standard_error":679.7392803029824},"slope":null,"std_dev":{"confidence_interval":{"confidence_level":0.95,"lower_bound":37852.01646822731,"upper_bound":337899.17045859434},"point_estimate":210217.60835756484,"standard_error":82667.86475564324}}