{"mean":{"confidence_interval":{"confidence_level":0.95,"lower_bound":-0.0005662159083763182,"upper_bound":0.029907291409216885},"point_estimate":0.014559306653948445,"standard_error":0.007766299465704066},"median":{"confidence_interval":{"confidence_level":0.95,"lower_bound":0.013273905068189151,"upper_bound":0.01792288785201156},"point_estimate":0.015495001020909172,"standard_error":0.0012122004323637393}}