{"mean":{"confidence_interval":{"confidence_level":0.95,"lower_bound":-0.006386258467297029,"upper_bound":0.024756207630971857},"point_estimate":0.009035471520745242,"standard_error":0.007880827300643675},"median":{"confidence_interval":{"confidence_level":0.95,"lower_bound":0.0016015807055231868,"upper_bound":0.008087075287704915},"point_estimate":0.0056586116052010915,"standard_error":0.0016734090095150594}}