{"mean":{"confidence_interval":{"confidence_level":0.95,"lower_bound":-0.03433577391057412,"upper_bound":-0.003220736923744772},"point_estimate":-0.018518234411887602,"standard_error":0.007910585311873879},"median":{"confidence_interval":{"confidence_level":0.95,"lower_bound":-0.02396798218443219,"upper_bound":-0.014380268215919756},"point_estimate":-0.017529788497886223,"standard_error":0.0024867024066602067}}