{"mean":{"confidence_interval":{"confidence_level":0.95,"lower_bound":-0.016795184601374885,"upper_bound":0.015213777659699109},"point_estimate":-0.0016803128721455396,"standard_error":0.008152404453560873},"median":{"confidence_interval":{"confidence_level":0.95,"lower_bound":-0.009127054593189132,"upper_bound":-0.003249536805094766},"point_estimate":-0.006238065478916033,"standard_error":0.001561128523678891}}