{"mean":{"confidence_interval":{"confidence_level":0.95,"lower_bound":-0.01223385330886098,"upper_bound":0.019887719707358944},"point_estimate":0.004310301788870374,"standard_error":0.008082114469074045},"median":{"confidence_interval":{"confidence_level":0.95,"lower_bound":0.0025184089551680195,"upper_bound":0.018951309524126936},"point_estimate":0.014092798026992925,"standard_error":0.0038379085459233487}}