{"mean":{"confidence_interval":{"confidence_level":0.95,"lower_bound":0.011129551534304323,"upper_bound":0.047604969336270314},"point_estimate":0.029159899447604776,"standard_error":0.009186755347227722},"median":{"confidence_interval":{"confidence_level":0.95,"lower_bound":0.017273360739107346,"upper_bound":0.02501312450339488},"point_estimate":0.0204816683754383,"standard_error":0.0020234044190188595}}