{"mean":{"confidence_interval":{"confidence_level":0.95,"lower_bound":-0.0440438327487466,"upper_bound":-0.01435367163121511},"point_estimate":-0.028899113056966796,"standard_error":0.007567404177146082},"median":{"confidence_interval":{"confidence_level":0.95,"lower_bound":-0.026381067900228983,"upper_bound":-0.018951113034278988},"point_estimate":-0.021339598339113586,"standard_error":0.001971573445815951}}