{"mean":{"confidence_interval":{"confidence_level":0.95,"lower_bound":0.0402766797047691,"upper_bound":0.07803728716561065},"point_estimate":0.059133570243265376,"standard_error":0.009481199945412517},"median":{"confidence_interval":{"confidence_level":0.95,"lower_bound":0.04959099564794789,"upper_bound":0.06461490004042303},"point_estimate":0.05587698230966054,"standard_error":0.003920024352236695}}