{"mean":{"confidence_interval":{"confidence_level":0.95,"lower_bound":-0.01816566733373425,"upper_bound":0.012911854984526652},"point_estimate":-0.0037942647072458646,"standard_error":0.007918583070222982},"median":{"confidence_interval":{"confidence_level":0.95,"lower_bound":-0.010213340701263562,"upper_bound":-0.0046678967033871865},"point_estimate":-0.008181894585135963,"standard_error":0.0014196642464977445}}