{"mean":{"confidence_interval":{"confidence_level":0.95,"lower_bound":0.005189884670211984,"upper_bound":0.03377117855382599},"point_estimate":0.019480239365207597,"standard_error":0.007262408362809835},"median":{"confidence_interval":{"confidence_level":0.95,"lower_bound":0.011159664274886572,"upper_bound":0.019843065518950764},"point_estimate":0.014803549362351731,"standard_error":0.002445257039591981}}