{"mean":{"confidence_interval":{"confidence_level":0.95,"lower_bound":-0.029394068206163994,"upper_bound":-0.000053881547108813014},"point_estimate":-0.015194437188641108,"standard_error":0.007473038864139252},"median":{"confidence_interval":{"confidence_level":0.95,"lower_bound":-0.03543612789440975,"upper_bound":-0.00048150208389430293},"point_estimate":-0.008751886178849477,"standard_error":0.009998622173994214}}