{"mean":{"confidence_interval":{"confidence_level":0.95,"lower_bound":-0.007287519421239027,"upper_bound":0.022266913737165245},"point_estimate":0.007113376183752962,"standard_error":0.007514151277312632},"median":{"confidence_interval":{"confidence_level":0.95,"lower_bound":-0.002070850890557585,"upper_bound":0.005425161501180886},"point_estimate":0.0007984146143944493,"standard_error":0.0019466097022949505}}