{"mean":{"confidence_interval":{"confidence_level":0.95,"lower_bound":-0.03235134568099153,"upper_bound":-0.0025829437799631196},"point_estimate":-0.017110159001210268,"standard_error":0.007400462362066853},"median":{"confidence_interval":{"confidence_level":0.95,"lower_bound":-0.022441330486809852,"upper_bound":-0.017198689703172287},"point_estimate":-0.020164448776098576,"standard_error":0.0013692951788996748}}