{"mean":{"confidence_interval":{"confidence_level":0.95,"lower_bound":-0.01229706654334599,"upper_bound":0.015531123944145152},"point_estimate":0.0006755821447803623,"standard_error":0.007114807635951418},"median":{"confidence_interval":{"confidence_level":0.95,"lower_bound":-0.00222078765781486,"upper_bound":0.0042016827581119465},"point_estimate":0.0007651150439769161,"standard_error":0.0015904304293234653}}