{"mean":{"confidence_interval":{"confidence_level":0.95,"lower_bound":0.01454803514175531,"upper_bound":0.043279718499218536},"point_estimate":0.028393985069382843,"standard_error":0.0073429685419472935},"median":{"confidence_interval":{"confidence_level":0.95,"lower_bound":0.011200197870196946,"upper_bound":0.024397187522706254},"point_estimate":0.015220598777710315,"standard_error":0.00362231295031979}}