{"mean":{"confidence_interval":{"confidence_level":0.95,"lower_bound":0.007970749449182583,"upper_bound":0.03623972513998268},"point_estimate":0.022059002469529077,"standard_error":0.007221559003856242},"median":{"confidence_interval":{"confidence_level":0.95,"lower_bound":0.015160393322893428,"upper_bound":0.02080456087304805},"point_estimate":0.018184670050889418,"standard_error":0.0013611625237061394}}