{"mean":{"confidence_interval":{"confidence_level":0.95,"lower_bound":-0.01485742732078359,"upper_bound":0.016299500474153527},"point_estimate":0.0009129357743311584,"standard_error":0.00782319197619717},"median":{"confidence_interval":{"confidence_level":0.95,"lower_bound":-0.0049197023008610286,"upper_bound":0.0027400104839625516},"point_estimate":-0.0011444494167622832,"standard_error":0.001991256221152652}}