{"mean":{"confidence_interval":{"confidence_level":0.95,"lower_bound":-0.022652637262206576,"upper_bound":0.010549391676629211},"point_estimate":-0.006202467000996581,"standard_error":0.00842029396267906},"median":{"confidence_interval":{"confidence_level":0.95,"lower_bound":-0.010044583195456314,"upper_bound":-0.0007468553064816894},"point_estimate":-0.006907382807867624,"standard_error":0.0025229997849919453}}