{"mean":{"confidence_interval":{"confidence_level":0.95,"lower_bound":-0.17036686964436815,"upper_bound":-0.14290460771680316},"point_estimate":-0.15754876373047477,"standard_error":0.0069582232900568895},"median":{"confidence_interval":{"confidence_level":0.95,"lower_bound":-0.16396582684196662,"upper_bound":-0.1577796416408316},"point_estimate":-0.16115184865936572,"standard_error":0.0015744821313875505}}