{"mean":{"confidence_interval":{"confidence_level":0.95,"lower_bound":-0.01638949328700222,"upper_bound":0.012492779098081101},"point_estimate":-0.001998800271539536,"standard_error":0.007368259030839083},"median":{"confidence_interval":{"confidence_level":0.95,"lower_bound":-0.01068807189116844,"upper_bound":-0.004764727227716814},"point_estimate":-0.008091762782785117,"standard_error":0.001504522075281168}}