{"mean":{"confidence_interval":{"confidence_level":0.95,"lower_bound":-0.006589908815924437,"upper_bound":0.029063750871583586},"point_estimate":0.011107688413777073,"standard_error":0.009039804531122853},"median":{"confidence_interval":{"confidence_level":0.95,"lower_bound":0.012046509093797059,"upper_bound":0.01776161868198389},"point_estimate":0.014119113168852948,"standard_error":0.0014412006125265574}}