{"mean":{"confidence_interval":{"confidence_level":0.95,"lower_bound":-0.020146817045872054,"upper_bound":0.013358063104420777},"point_estimate":-0.0032141350997070273,"standard_error":0.008368603025395991},"median":{"confidence_interval":{"confidence_level":0.95,"lower_bound":-0.011250943372572708,"upper_bound":-0.004384526224651242},"point_estimate":-0.00895435147476531,"standard_error":0.0019483043168979463}}