{"mean":{"confidence_interval":{"confidence_level":0.95,"lower_bound":0.018513074564910182,"upper_bound":0.05693214832543369},"point_estimate":0.03667863895099033,"standard_error":0.009794678721502866},"median":{"confidence_interval":{"confidence_level":0.95,"lower_bound":0.01089336632398541,"upper_bound":0.020810366349023113},"point_estimate":0.014050488692351815,"standard_error":0.0026030950714292112}}