{"mean":{"confidence_interval":{"confidence_level":0.95,"lower_bound":-0.016818693188158464,"upper_bound":0.01650054555246915},"point_estimate":-0.0003017126126880765,"standard_error":0.008450315067960474},"median":{"confidence_interval":{"confidence_level":0.95,"lower_bound":-0.011206072527490396,"upper_bound":-0.005518661940696057},"point_estimate":-0.008150259505506297,"standard_error":0.0014307772664201904}}