{"mean":{"confidence_interval":{"confidence_level":0.95,"lower_bound":0.12632207083360478,"upper_bound":0.2866997215789323},"point_estimate":0.19647071219143997,"standard_error":0.040428359270609004},"median":{"confidence_interval":{"confidence_level":0.95,"lower_bound":0.00526484509818569,"upper_bound":0.012256906898735043},"point_estimate":0.0087968875502078,"standard_error":0.0018732908943136669}}