{"mean":{"confidence_interval":{"confidence_level":0.95,"lower_bound":-0.0578257150505832,"upper_bound":-0.0006565451754708086},"point_estimate":-0.02921615924490273,"standard_error":0.014616870370735986},"median":{"confidence_interval":{"confidence_level":0.95,"lower_bound":-0.00622000320812377,"upper_bound":0.007000985792345205},"point_estimate":0.0010947373477003808,"standard_error":0.0032400283475629158}}