{"mean":{"confidence_interval":{"confidence_level":0.95,"lower_bound":-0.0038423013481154664,"upper_bound":0.030879659896816288},"point_estimate":0.013817421749926062,"standard_error":0.008805005262364987},"median":{"confidence_interval":{"confidence_level":0.95,"lower_bound":0.011074942631112528,"upper_bound":0.019016449483575393},"point_estimate":0.0154501564415237,"standard_error":0.0020159701707201604}}