{"mean":{"confidence_interval":{"confidence_level":0.95,"lower_bound":-0.16266971174519843,"upper_bound":-0.13592612008379013},"point_estimate":-0.15027789064846198,"standard_error":0.006800134883867645},"median":{"confidence_interval":{"confidence_level":0.95,"lower_bound":-0.15347906241281273,"upper_bound":-0.1422716064829811},"point_estimate":-0.14853999413944874,"standard_error":0.0032588482825769045}}