{"mean":{"confidence_interval":{"confidence_level":0.95,"lower_bound":-0.010159190998178632,"upper_bound":0.024374999286293757},"point_estimate":0.006809456958169591,"standard_error":0.008706423177671768},"median":{"confidence_interval":{"confidence_level":0.95,"lower_bound":-0.005796029403089875,"upper_bound":0.0057111262649192085},"point_estimate":-0.0019081203407204095,"standard_error":0.0032794344188472268}}