{"mean":{"confidence_interval":{"confidence_level":0.95,"lower_bound":-0.026524882404938742,"upper_bound":-0.00032927691576564917},"point_estimate":-0.013851152525258814,"standard_error":0.00665913816371717},"median":{"confidence_interval":{"confidence_level":0.95,"lower_bound":-0.0083858703436179,"upper_bound":-0.00249736010541568},"point_estimate":-0.006104031618586525,"standard_error":0.0013947220993529856}}