{"mean":{"confidence_interval":{"confidence_level":0.95,"lower_bound":-0.019582421099473564,"upper_bound":0.012504950896798444},"point_estimate":-0.00360231604907979,"standard_error":0.008177860045684016},"median":{"confidence_interval":{"confidence_level":0.95,"lower_bound":-0.008198534738360408,"upper_bound":0.00011507836959645523},"point_estimate":-0.005178699033838163,"standard_error":0.0021356809967568178}}