{"mean":{"confidence_interval":{"confidence_level":0.95,"lower_bound":-0.022139147374902964,"upper_bound":0.006681521389554486},"point_estimate":-0.007809937006394985,"standard_error":0.007303816908859064},"median":{"confidence_interval":{"confidence_level":0.95,"lower_bound":-0.010208931570924618,"upper_bound":-0.003707737409028744},"point_estimate":-0.007082370300831031,"standard_error":0.0016387442467866889}}