{"mean":{"confidence_interval":{"confidence_level":0.95,"lower_bound":-0.0062207429760495515,"upper_bound":0.024770633152636258},"point_estimate":0.009656966449810733,"standard_error":0.007866910294606304},"median":{"confidence_interval":{"confidence_level":0.95,"lower_bound":0.005900177934557327,"upper_bound":0.011445583756502398},"point_estimate":0.00862355882063559,"standard_error":0.0013626022000709248}}