{"mean":{"confidence_interval":{"confidence_level":0.95,"lower_bound":-0.023264889165189945,"upper_bound":0.004232223994707583},"point_estimate":-0.009797902429205974,"standard_error":0.006962885865466934},"median":{"confidence_interval":{"confidence_level":0.95,"lower_bound":-0.014044405414243958,"upper_bound":-0.00435609896399336},"point_estimate":-0.008091392719180135,"standard_error":0.00253156404041287}}