{"mean":{"confidence_interval":{"confidence_level":0.95,"lower_bound":-0.01891918978292511,"upper_bound":0.006108250077972881},"point_estimate":-0.006182891548048852,"standard_error":0.006337490989259507},"median":{"confidence_interval":{"confidence_level":0.95,"lower_bound":-0.006009069049500604,"upper_bound":-0.002159425626333533},"point_estimate":-0.004433211576875817,"standard_error":0.000987578920158112}}