{"mean":{"confidence_interval":{"confidence_level":0.95,"lower_bound":-0.023900128308372334,"upper_bound":0.004499153184650148},"point_estimate":-0.009620187443773354,"standard_error":0.00722100526909058},"median":{"confidence_interval":{"confidence_level":0.95,"lower_bound":-0.014893829102996636,"upper_bound":-0.006073453376116276},"point_estimate":-0.010646082624179098,"standard_error":0.0023597378223187285}}