{"mean":{"confidence_interval":{"confidence_level":0.95,"lower_bound":-0.041614981494424115,"upper_bound":-0.01024795994025131},"point_estimate":-0.026543477333522247,"standard_error":0.008035016717851888},"median":{"confidence_interval":{"confidence_level":0.95,"lower_bound":-0.028039329156551496,"upper_bound":-0.019060654515894337},"point_estimate":-0.023577280515880594,"standard_error":0.0022656226448117944}}