{"mean":{"confidence_interval":{"confidence_level":0.95,"lower_bound":0.10269667159532862,"upper_bound":0.14490127218800297},"point_estimate":0.12313745428975609,"standard_error":0.010740373346262527},"median":{"confidence_interval":{"confidence_level":0.95,"lower_bound":0.12133201996533387,"upper_bound":0.13793191921719947},"point_estimate":0.13122853914553567,"standard_error":0.00426588836399316}}