{"mean":{"confidence_interval":{"confidence_level":0.95,"lower_bound":-0.013541524096548603,"upper_bound":0.0121709554652631},"point_estimate":-0.0017758114241787082,"standard_error":0.0065289118575654935},"median":{"confidence_interval":{"confidence_level":0.95,"lower_bound":-0.004830269500462503,"upper_bound":0.002582211405704138},"point_estimate":-0.0008654048593682573,"standard_error":0.0020221343612894364}}