{"mean":{"confidence_interval":{"confidence_level":0.95,"lower_bound":-0.5250407751621113,"upper_bound":-0.5035332633935805},"point_estimate":-0.5150865099514572,"standard_error":0.005475981788203054},"median":{"confidence_interval":{"confidence_level":0.95,"lower_bound":-0.517185286661032,"upper_bound":-0.5048869068571659},"point_estimate":-0.5085992922687419,"standard_error":0.0034648574259539613}}