{"mean":{"confidence_interval":{"confidence_level":0.95,"lower_bound":-0.03360151002626257,"upper_bound":-0.009291064983626158},"point_estimate":-0.021215194927186598,"standard_error":0.006201655403857526},"median":{"confidence_interval":{"confidence_level":0.95,"lower_bound":-0.027208808896593273,"upper_bound":-0.014525028806354645},"point_estimate":-0.020035592989506856,"standard_error":0.003404571927238893}}