{"mean":{"confidence_interval":{"confidence_level":0.95,"lower_bound":-0.0009213942999890583,"upper_bound":0.00748675352644756},"point_estimate":0.0036503942624621644,"standard_error":0.0021343338266588117},"median":{"confidence_interval":{"confidence_level":0.95,"lower_bound":0.0022897145252438467,"upper_bound":0.0038982073743158425},"point_estimate":0.0030361446977991147,"standard_error":0.0004125424132558181}}