{"mean":{"confidence_interval":{"confidence_level":0.95,"lower_bound":-0.043895150572044864,"upper_bound":-0.03977590169821741},"point_estimate":-0.04171225064807771,"standard_error":0.0010488081899589104},"median":{"confidence_interval":{"confidence_level":0.95,"lower_bound":-0.04291375639133632,"upper_bound":-0.04109216460079412},"point_estimate":-0.041862312967054116,"standard_error":0.00045637826152014453}}