{"mean":{"confidence_interval":{"confidence_level":0.95,"lower_bound":0.0015364228786424242,"upper_bound":0.006096476435931386},"point_estimate":0.0036142738565880794,"standard_error":0.0011786619301159867},"median":{"confidence_interval":{"confidence_level":0.95,"lower_bound":0.0013892697285815547,"upper_bound":0.0037474861363384626},"point_estimate":0.0025711562968575574,"standard_error":0.0006006051880092293}}