{"mean":{"confidence_interval":{"confidence_level":0.95,"lower_bound":-0.0005306063489221592,"upper_bound":0.003884041484923234},"point_estimate":0.0017027516228844686,"standard_error":0.001119868670292389},"median":{"confidence_interval":{"confidence_level":0.95,"lower_bound":0.0016042640929461172,"upper_bound":0.0033857299358937},"point_estimate":0.0023135166791694584,"standard_error":0.0004635161512524778}}