{"mean":{"confidence_interval":{"confidence_level":0.95,"lower_bound":0.0044429053108661805,"upper_bound":0.011404070625134025},"point_estimate":0.007807489314088034,"standard_error":0.0017762603044375672},"median":{"confidence_interval":{"confidence_level":0.95,"lower_bound":-0.0011309519072545404,"upper_bound":0.000909110521566614},"point_estimate":0.00017546366546694614,"standard_error":0.0005100709760214564}}