{"mean":{"confidence_interval":{"confidence_level":0.95,"lower_bound":0.006708132014718183,"upper_bound":0.012715319163078782},"point_estimate":0.009592627575864432,"standard_error":0.0015021992524745246},"median":{"confidence_interval":{"confidence_level":0.95,"lower_bound":0.011804949791923258,"upper_bound":0.014050850553790406},"point_estimate":0.012804860491593795,"standard_error":0.00055386743125329}}