{"mean":{"confidence_interval":{"confidence_level":0.95,"lower_bound":-0.0062634864391399045,"upper_bound":-0.00099685387754644},"point_estimate":-0.0034693312903466555,"standard_error":0.0013348360402589182},"median":{"confidence_interval":{"confidence_level":0.95,"lower_bound":-0.004141693232480037,"upper_bound":-0.00208424248556805},"point_estimate":-0.0030188936342797623,"standard_error":0.0005210607984392397}}