{"mean":{"confidence_interval":{"confidence_level":0.95,"lower_bound":0.0035902046450341347,"upper_bound":0.009894140816666723},"point_estimate":0.006657505333208746,"standard_error":0.0016005561194958856},"median":{"confidence_interval":{"confidence_level":0.95,"lower_bound":0.00489225373657165,"upper_bound":0.007236284699489115},"point_estimate":0.005670950042330647,"standard_error":0.0006673345152517681}}