{"mean":{"confidence_interval":{"confidence_level":0.95,"lower_bound":-0.00020123895085761976,"upper_bound":0.005383069606876121},"point_estimate":0.002524941000439762,"standard_error":0.0014280396585274887},"median":{"confidence_interval":{"confidence_level":0.95,"lower_bound":0.002074382085110793,"upper_bound":0.0041141439341119135},"point_estimate":0.0031167065808670458,"standard_error":0.0005368331337321528}}