{"mean":{"confidence_interval":{"confidence_level":0.95,"lower_bound":-0.004290531102733311,"upper_bound":0.005756818603948357},"point_estimate":0.0013586913420260416,"standard_error":0.002591370935110194},"median":{"confidence_interval":{"confidence_level":0.95,"lower_bound":0.004030333820729259,"upper_bound":0.005324932755397693},"point_estimate":0.0045982189937776585,"standard_error":0.0003261041370066882}}