{"mean":{"confidence_interval":{"confidence_level":0.95,"lower_bound":0.011318119234120667,"upper_bound":0.01887803206297717},"point_estimate":0.014791575196759998,"standard_error":0.0019466373044714645},"median":{"confidence_interval":{"confidence_level":0.95,"lower_bound":0.010415531022520463,"upper_bound":0.012902784969623049},"point_estimate":0.01191177353710926,"standard_error":0.0006094087955869935}}