{"mean":{"confidence_interval":{"confidence_level":0.95,"lower_bound":-0.0015467777119076514,"upper_bound":0.004025355426086508},"point_estimate":0.0011733592237923585,"standard_error":0.0014169782555729054},"median":{"confidence_interval":{"confidence_level":0.95,"lower_bound":0.00008851665368969641,"upper_bound":0.0028320663484473485},"point_estimate":0.0014562197260896692,"standard_error":0.0006925654157122032}}