{"mean":{"confidence_interval":{"confidence_level":0.95,"lower_bound":6959.911244300974,"upper_bound":7049.465058916336},"point_estimate":6998.390242334688,"standard_error":23.086700454179464},"median":{"confidence_interval":{"confidence_level":0.95,"lower_bound":6937.838,"upper_bound":6959.126737846434},"point_estimate":6949.127358906526,"standard_error":5.268923860283156},"median_abs_dev":{"confidence_interval":{"confidence_level":0.95,"lower_bound":29.97385048637656,"upper_bound":50.59587273836487},"point_estimate":38.509754900361095,"standard_error":5.2736296354814165},"slope":{"confidence_interval":{"confidence_level":0.95,"lower_bound":6970.289480439529,"upper_bound":7092.65944966148},"point_estimate":7024.937737254322,"standard_error":31.564867637306765},"std_dev":{"confidence_interval":{"confidence_level":0.95,"lower_bound":69.64579450802815,"upper_bound":353.1146597204128},"point_estimate":232.1257271967322,"standard_error":73.91110275578419}}