{"mean":{"confidence_interval":{"confidence_level":0.95,"lower_bound":7006.518568318749,"upper_bound":7036.053911678496},"point_estimate":7020.055139948111,"standard_error":7.54099507060213},"median":{"confidence_interval":{"confidence_level":0.95,"lower_bound":7012.774335488506,"upper_bound":7026.392180774749},"point_estimate":7021.088637427647,"standard_error":3.538430805351556},"median_abs_dev":{"confidence_interval":{"confidence_level":0.95,"lower_bound":31.755916623006904,"upper_bound":57.47330757099205},"point_estimate":43.80879991092933,"standard_error":6.4742503051355635},"slope":{"confidence_interval":{"confidence_level":0.95,"lower_bound":7019.279046358899,"upper_bound":7040.452745379807},"point_estimate":7029.040656125314,"standard_error":5.3972704052316445},"std_dev":{"confidence_interval":{"confidence_level":0.95,"lower_bound":43.323430511884254,"upper_bound":107.91231170025524},"point_estimate":75.67502650211229,"standard_error":17.337597867678415}}