{"mean":{"confidence_interval":{"confidence_level":0.95,"lower_bound":10098.355912557605,"upper_bound":10125.84062462206},"point_estimate":10110.383316807465,"standard_error":7.080547232165117},"median":{"confidence_interval":{"confidence_level":0.95,"lower_bound":10093.58111111111,"upper_bound":10105.86},"point_estimate":10100.119403812056,"standard_error":3.5357806830031056},"median_abs_dev":{"confidence_interval":{"confidence_level":0.95,"lower_bound":18.248518856694012,"upper_bound":40.57454477876417},"point_estimate":30.069610674509537,"standard_error":5.80682234396489},"slope":{"confidence_interval":{"confidence_level":0.95,"lower_bound":10104.854585246607,"upper_bound":10133.197575806442},"point_estimate":10117.481360031525,"standard_error":7.317932473172072},"std_dev":{"confidence_interval":{"confidence_level":0.95,"lower_bound":34.37165440063421,"upper_bound":107.27286828986419},"point_estimate":71.13937087697516,"standard_error":21.18537813477591}}