{"mean":{"confidence_interval":{"confidence_level":0.95,"lower_bound":6924.5499310613195,"upper_bound":6937.632963965429},"point_estimate":6930.949680620784,"standard_error":3.3438786352003653},"median":{"confidence_interval":{"confidence_level":0.95,"lower_bound":6915.550980392157,"upper_bound":6933.050724637681},"point_estimate":6927.266252436648,"standard_error":4.102484327409712},"median_abs_dev":{"confidence_interval":{"confidence_level":0.95,"lower_bound":24.214282094859595,"upper_bound":39.71508439592682},"point_estimate":33.8805868814,"standard_error":4.044530404467872},"slope":{"confidence_interval":{"confidence_level":0.95,"lower_bound":6920.783951064752,"upper_bound":6933.4785984624},"point_estimate":6926.828498596128,"standard_error":3.2408719880351806},"std_dev":{"confidence_interval":{"confidence_level":0.95,"lower_bound":28.264429551861493,"upper_bound":38.52174198617613},"point_estimate":33.51529584430023,"standard_error":2.6212556919208594}}