{"mean":{"confidence_interval":{"confidence_level":0.95,"lower_bound":10087.582249048914,"upper_bound":10115.74887140503},"point_estimate":10100.507456961604,"standard_error":7.217121187025769},"median":{"confidence_interval":{"confidence_level":0.95,"lower_bound":10072.472846441948,"upper_bound":10092.38425925926},"point_estimate":10080.954408212561,"standard_error":5.235596879661617},"median_abs_dev":{"confidence_interval":{"confidence_level":0.95,"lower_bound":26.49821079109072,"upper_bound":45.45155984554566},"point_estimate":35.11008815822807,"standard_error":4.736002675027589},"slope":{"confidence_interval":{"confidence_level":0.95,"lower_bound":10090.757379912093,"upper_bound":10124.149608313313},"point_estimate":10106.20867420324,"standard_error":8.587265251419334},"std_dev":{"confidence_interval":{"confidence_level":0.95,"lower_bound":42.64266628436699,"upper_bound":101.9868386910892},"point_estimate":72.68026802143744,"standard_error":15.728270948765157}}