{"mean":{"confidence_interval":{"confidence_level":0.95,"lower_bound":10113.973989469148,"upper_bound":10186.353122548078},"point_estimate":10143.818833836349,"standard_error":18.854364799513466},"median":{"confidence_interval":{"confidence_level":0.95,"lower_bound":10100.221080368907,"upper_bound":10112.89985380117},"point_estimate":10105.45068506006,"standard_error":3.4872982637095675},"median_abs_dev":{"confidence_interval":{"confidence_level":0.95,"lower_bound":29.743593490193142,"upper_bound":48.11558073200205},"point_estimate":38.21639864688905,"standard_error":4.666006723050282},"slope":{"confidence_interval":{"confidence_level":0.95,"lower_bound":10114.963939648991,"upper_bound":10145.357227091446},"point_estimate":10129.073904487464,"standard_error":7.790891372653735},"std_dev":{"confidence_interval":{"confidence_level":0.95,"lower_bound":52.19997866720493,"upper_bound":303.585412323261},"point_estimate":189.8153758804695,"standard_error":71.47703957179647}}