{"mean":{"confidence_interval":{"confidence_level":0.95,"lower_bound":10105.77508121736,"upper_bound":10200.62810274442},"point_estimate":10141.440557739215,"standard_error":25.95442133784294},"median":{"confidence_interval":{"confidence_level":0.95,"lower_bound":10093.059764309764,"upper_bound":10117.37906504065},"point_estimate":10104.02806122449,"standard_error":4.999451860429707},"median_abs_dev":{"confidence_interval":{"confidence_level":0.95,"lower_bound":36.35468236323265,"upper_bound":64.08786341882369},"point_estimate":50.5567864735724,"standard_error":7.7603891139851235},"slope":{"confidence_interval":{"confidence_level":0.95,"lower_bound":10116.355435923426,"upper_bound":10170.343512207375},"point_estimate":10139.73897172553,"standard_error":14.013386397510718},"std_dev":{"confidence_interval":{"confidence_level":0.95,"lower_bound":48.0141427086949,"upper_bound":437.5306795838656},"point_estimate":261.10438279855583,"standard_error":128.2744256013747}}