{"mean":{"confidence_interval":{"confidence_level":0.95,"lower_bound":6993.988674707091,"upper_bound":7048.722814350453},"point_estimate":7018.150218085046,"standard_error":14.010127968999424},"median":{"confidence_interval":{"confidence_level":0.95,"lower_bound":6978.8775,"upper_bound":7010.264227642277},"point_estimate":6987.167265795207,"standard_error":8.36993919452001},"median_abs_dev":{"confidence_interval":{"confidence_level":0.95,"lower_bound":38.516894886250974,"upper_bound":62.873203247084284},"point_estimate":47.354373211923615,"standard_error":6.258774978527977},"slope":{"confidence_interval":{"confidence_level":0.95,"lower_bound":7008.369640616848,"upper_bound":7091.381574071042},"point_estimate":7043.006164967243,"standard_error":21.6676919382971},"std_dev":{"confidence_interval":{"confidence_level":0.95,"lower_bound":65.86503562376517,"upper_bound":209.8303767011129},"point_estimate":141.29172477243245,"standard_error":38.258745466217924}}