{"mean":{"confidence_interval":{"confidence_level":0.95,"lower_bound":6908.537101294856,"upper_bound":6933.295975362103},"point_estimate":6919.880839764796,"standard_error":6.356323441684656},"median":{"confidence_interval":{"confidence_level":0.95,"lower_bound":6897.421621621622,"upper_bound":6914.421621621622},"point_estimate":6905.6790909090905,"standard_error":4.2496887104710845},"median_abs_dev":{"confidence_interval":{"confidence_level":0.95,"lower_bound":24.28406933701091,"upper_bound":39.66383338251399},"point_estimate":32.10435461185191,"standard_error":3.766321231747952},"slope":{"confidence_interval":{"confidence_level":0.95,"lower_bound":6909.104116959735,"upper_bound":6928.888611823286},"point_estimate":6918.158346091325,"standard_error":5.065047369529672},"std_dev":{"confidence_interval":{"confidence_level":0.95,"lower_bound":36.232885309074476,"upper_bound":87.794603197057},"point_estimate":64.06934439076406,"standard_error":13.223136856281378}}