{"mean":{"confidence_interval":{"confidence_level":0.95,"lower_bound":7009.053018788977,"upper_bound":7062.477909544963},"point_estimate":7032.824994390838,"standard_error":13.757951649327314},"median":{"confidence_interval":{"confidence_level":0.95,"lower_bound":6986.220319634704,"upper_bound":7019.736111111111},"point_estimate":6999.452967171717,"standard_error":8.529871628651401},"median_abs_dev":{"confidence_interval":{"confidence_level":0.95,"lower_bound":39.75376491194469,"upper_bound":64.93245013509716},"point_estimate":48.789880762594855,"standard_error":6.522623884107739},"slope":{"confidence_interval":{"confidence_level":0.95,"lower_bound":6998.715583021072,"upper_bound":7025.185366896502},"point_estimate":7011.52814122457,"standard_error":6.731758865372914},"std_dev":{"confidence_interval":{"confidence_level":0.95,"lower_bound":59.418947818480795,"upper_bound":198.28807139477772},"point_estimate":138.087859050671,"standard_error":35.59816635159158}}