{"mean":{"confidence_interval":{"confidence_level":0.95,"lower_bound":7084.996387584579,"upper_bound":7176.481449386131},"point_estimate":7124.071040859499,"standard_error":23.78902322579766},"median":{"confidence_interval":{"confidence_level":0.95,"lower_bound":7063.87099593496,"upper_bound":7092.151458616011},"point_estimate":7082.574000878349,"standard_error":7.758547271678287},"median_abs_dev":{"confidence_interval":{"confidence_level":0.95,"lower_bound":47.3103818586975,"upper_bound":71.96260546483202},"point_estimate":59.17736019939234,"standard_error":6.045135704488111},"slope":{"confidence_interval":{"confidence_level":0.95,"lower_bound":7078.264643985737,"upper_bound":7228.57163482043},"point_estimate":7133.8363038766565,"standard_error":41.06787171407429},"std_dev":{"confidence_interval":{"confidence_level":0.95,"lower_bound":92.07635754585147,"upper_bound":371.71617490733956},"point_estimate":239.04755376849937,"standard_error":80.60941047506678}}