{"mean":{"confidence_interval":{"confidence_level":0.95,"lower_bound":24923.546126145575,"upper_bound":24937.931610476768},"point_estimate":24930.509467736552,"standard_error":3.6608036326568087},"median":{"confidence_interval":{"confidence_level":0.95,"lower_bound":24922.33908045977,"upper_bound":24935.095151072124},"point_estimate":24928.046269897837,"standard_error":2.943413587597935},"median_abs_dev":{"confidence_interval":{"confidence_level":0.95,"lower_bound":21.319041117516353,"upper_bound":34.98835866596664},"point_estimate":27.86842591631923,"standard_error":3.5335561326962304},"slope":{"confidence_interval":{"confidence_level":0.95,"lower_bound":24926.795011210128,"upper_bound":24940.040901710923},"point_estimate":24933.286301660017,"standard_error":3.3864451151701433},"std_dev":{"confidence_interval":{"confidence_level":0.95,"lower_bound":28.268402349535034,"upper_bound":46.15231722469898},"point_estimate":36.6828695763135,"standard_error":4.705819055870131}}