{"mean":{"confidence_interval":{"confidence_level":0.95,"lower_bound":10090.226689193581,"upper_bound":10109.556166984356},"point_estimate":10099.371303486801,"standard_error":4.933229941824492},"median":{"confidence_interval":{"confidence_level":0.95,"lower_bound":10082.319791666667,"upper_bound":10095.681818181818},"point_estimate":10087.635752688173,"standard_error":3.1701854538845873},"median_abs_dev":{"confidence_interval":{"confidence_level":0.95,"lower_bound":22.075055011646587,"upper_bound":41.42750300368547},"point_estimate":33.03277668627822,"standard_error":4.984765255915763},"slope":{"confidence_interval":{"confidence_level":0.95,"lower_bound":10094.510720096017,"upper_bound":10122.999110653684},"point_estimate":10107.753726171124,"standard_error":7.311532196076457},"std_dev":{"confidence_interval":{"confidence_level":0.95,"lower_bound":34.81379687728795,"upper_bound":62.26374172452464},"point_estimate":49.478287411568985,"standard_error":7.024048095057866}}