{"mean":{"confidence_interval":{"confidence_level":0.95,"lower_bound":10408.352349143752,"upper_bound":10413.552194781796},"point_estimate":10410.901098068072,"standard_error":1.3291833666602677},"median":{"confidence_interval":{"confidence_level":0.95,"lower_bound":10407.464444444444,"upper_bound":10413.211805555555},"point_estimate":10410.475757575758,"standard_error":1.5854082336774915},"median_abs_dev":{"confidence_interval":{"confidence_level":0.95,"lower_bound":9.88885570133846,"upper_bound":16.560303347252766},"point_estimate":14.598070065801597,"standard_error":1.7554354004139658},"slope":{"confidence_interval":{"confidence_level":0.95,"lower_bound":10411.632231517611,"upper_bound":10417.693570962098},"point_estimate":10414.560252861107,"standard_error":1.547801971248913},"std_dev":{"confidence_interval":{"confidence_level":0.95,"lower_bound":11.017794912896099,"upper_bound":15.77013183656529},"point_estimate":13.389677767707603,"standard_error":1.2212181445053207}}