{"mean":{"confidence_interval":{"confidence_level":0.95,"lower_bound":10407.018108107615,"upper_bound":10437.551720402631},"point_estimate":10419.71208266461,"standard_error":8.002322299778532},"median":{"confidence_interval":{"confidence_level":0.95,"lower_bound":10396.417777777779,"upper_bound":10404.265383722279},"point_estimate":10399.670940170941,"standard_error":2.0248976348631063},"median_abs_dev":{"confidence_interval":{"confidence_level":0.95,"lower_bound":9.244285391437002,"upper_bound":21.352971954923746},"point_estimate":13.904373529372954,"standard_error":3.098193299838691},"slope":{"confidence_interval":{"confidence_level":0.95,"lower_bound":10405.754396105594,"upper_bound":10432.140016977823},"point_estimate":10416.153164868725,"standard_error":6.9531579877458},"std_dev":{"confidence_interval":{"confidence_level":0.95,"lower_bound":20.68334173272081,"upper_bound":128.1889970253699},"point_estimate":80.55054525196834,"standard_error":30.140318955256955}}