{"mean":{"confidence_interval":{"confidence_level":0.95,"lower_bound":10079.23415021461,"upper_bound":10102.384776620434},"point_estimate":10089.999210964255,"standard_error":5.916069496067507},"median":{"confidence_interval":{"confidence_level":0.95,"lower_bound":10072.67039800995,"upper_bound":10086.955357142857},"point_estimate":10080.696688034188,"standard_error":4.2618759189299675},"median_abs_dev":{"confidence_interval":{"confidence_level":0.95,"lower_bound":23.997219762247695,"upper_bound":42.763403278352},"point_estimate":32.942345251767996,"standard_error":4.84414649158342},"slope":{"confidence_interval":{"confidence_level":0.95,"lower_bound":10082.35175863002,"upper_bound":10108.029576131768},"point_estimate":10094.12607704054,"standard_error":6.565003994509751},"std_dev":{"confidence_interval":{"confidence_level":0.95,"lower_bound":39.20787681315798,"upper_bound":76.55785683923597},"point_estimate":59.45482808504314,"standard_error":9.581661953055457}}