{"mean":{"confidence_interval":{"confidence_level":0.95,"lower_bound":7056.875373842733,"upper_bound":7085.614262941327},"point_estimate":7070.581169813901,"standard_error":7.357377778133731},"median":{"confidence_interval":{"confidence_level":0.95,"lower_bound":7049.615608465609,"upper_bound":7082.751700680272},"point_estimate":7063.091713659148,"standard_error":8.190125838787642},"median_abs_dev":{"confidence_interval":{"confidence_level":0.95,"lower_bound":42.568246514699105,"upper_bound":69.31698742071983},"point_estimate":57.16131015563933,"standard_error":7.0262963295819745},"slope":{"confidence_interval":{"confidence_level":0.95,"lower_bound":7071.001971556475,"upper_bound":7093.928271170705},"point_estimate":7082.133721245259,"standard_error":5.845913237899333},"std_dev":{"confidence_interval":{"confidence_level":0.95,"lower_bound":53.67277263854168,"upper_bound":94.9136343968648},"point_estimate":73.66431180127488,"standard_error":10.832971333969516}}