{"mean":{"confidence_interval":{"confidence_level":0.95,"lower_bound":10120.653458655534,"upper_bound":10149.81312016815},"point_estimate":10134.567442737001,"standard_error":7.443401803159195},"median":{"confidence_interval":{"confidence_level":0.95,"lower_bound":10106.824494949495,"upper_bound":10130.643790849674},"point_estimate":10120.456579685746,"standard_error":7.575271497687495},"median_abs_dev":{"confidence_interval":{"confidence_level":0.95,"lower_bound":34.07621759195982,"upper_bound":56.34451262148175},"point_estimate":45.70919422164257,"standard_error":5.743532294601029},"slope":{"confidence_interval":{"confidence_level":0.95,"lower_bound":10122.007105380237,"upper_bound":10158.119278483971},"point_estimate":10138.87348751293,"standard_error":9.216381496025916},"std_dev":{"confidence_interval":{"confidence_level":0.95,"lower_bound":54.92052932232013,"upper_bound":91.81483297736291},"point_estimate":75.00270405405485,"standard_error":9.403525615284206}}