{"mean":{"confidence_interval":{"confidence_level":0.95,"lower_bound":10438.69108222095,"upper_bound":10449.207851419285},"point_estimate":10443.673495772724,"standard_error":2.69285216649746},"median":{"confidence_interval":{"confidence_level":0.95,"lower_bound":10434.19471308833,"upper_bound":10441.664902998236},"point_estimate":10436.762936507937,"standard_error":1.6651965018499455},"median_abs_dev":{"confidence_interval":{"confidence_level":0.95,"lower_bound":11.641482286036071,"upper_bound":21.74460350284411},"point_estimate":17.724580740882583,"standard_error":2.7370050165034616},"slope":{"confidence_interval":{"confidence_level":0.95,"lower_bound":10435.913028687039,"upper_bound":10443.947325571808},"point_estimate":10439.744808301726,"standard_error":2.058153385081198},"std_dev":{"confidence_interval":{"confidence_level":0.95,"lower_bound":19.040992719528592,"upper_bound":33.99574893317187},"point_estimate":26.940549352494916,"standard_error":3.8178857331666656}}