{"mean":{"confidence_interval":{"confidence_level":0.95,"lower_bound":10445.64483971131,"upper_bound":10463.074676062899},"point_estimate":10453.580758289167,"standard_error":4.457219956175122},"median":{"confidence_interval":{"confidence_level":0.95,"lower_bound":10433.949074074075,"upper_bound":10452.791666666666},"point_estimate":10442.276674225246,"standard_error":4.674774459377074},"median_abs_dev":{"confidence_interval":{"confidence_level":0.95,"lower_bound":21.367734460568506,"upper_bound":37.40345008075471},"point_estimate":29.0130022468221,"standard_error":3.911413875278478},"slope":{"confidence_interval":{"confidence_level":0.95,"lower_bound":10447.32409552147,"upper_bound":10463.634347476034},"point_estimate":10454.807793376352,"standard_error":4.165670115365141},"std_dev":{"confidence_interval":{"confidence_level":0.95,"lower_bound":27.76579441527589,"upper_bound":64.00740781672862},"point_estimate":44.85265067450469,"standard_error":10.73739749792786}}