{"mean":{"confidence_interval":{"confidence_level":0.95,"lower_bound":6889.454783642865,"upper_bound":6908.962168659183},"point_estimate":6898.302516316443,"standard_error":4.990403258274404},"median":{"confidence_interval":{"confidence_level":0.95,"lower_bound":6884.374576271186,"upper_bound":6898.1765957446805},"point_estimate":6890.564285714286,"standard_error":3.3107910976818955},"median_abs_dev":{"confidence_interval":{"confidence_level":0.95,"lower_bound":20.87741428004644,"upper_bound":34.33222782798161},"point_estimate":26.426730377226956,"standard_error":3.5364845436587244},"slope":{"confidence_interval":{"confidence_level":0.95,"lower_bound":6891.651876163193,"upper_bound":6908.9662108278935},"point_estimate":6899.6043366336635,"standard_error":4.441106466391744},"std_dev":{"confidence_interval":{"confidence_level":0.95,"lower_bound":25.378749256325438,"upper_bound":71.01046885264611},"point_estimate":50.253160710170235,"standard_error":11.934730068328157}}