{"mean":{"confidence_interval":{"confidence_level":0.95,"lower_bound":6947.809538576131,"upper_bound":6972.888108469486},"point_estimate":6959.442518237399,"standard_error":6.412501123506757},"median":{"confidence_interval":{"confidence_level":0.95,"lower_bound":6937.24375,"upper_bound":6959.022222222222},"point_estimate":6946.683522727273,"standard_error":6.379086721761913},"median_abs_dev":{"confidence_interval":{"confidence_level":0.95,"lower_bound":32.08928762931183,"upper_bound":52.34908591961612},"point_estimate":44.05355744866249,"standard_error":5.115632337737637},"slope":{"confidence_interval":{"confidence_level":0.95,"lower_bound":6943.382198869495,"upper_bound":6962.043929626663},"point_estimate":6951.979129599527,"standard_error":4.732548573387718},"std_dev":{"confidence_interval":{"confidence_level":0.95,"lower_bound":39.067919197453435,"upper_bound":86.4036146829396},"point_estimate":64.32560262159345,"standard_error":12.093935219093034}}