{"mean":{"confidence_interval":{"confidence_level":0.95,"lower_bound":6995.390940437688,"upper_bound":7019.388338056049},"point_estimate":7007.220004530621,"standard_error":6.100587781215347},"median":{"confidence_interval":{"confidence_level":0.95,"lower_bound":6992.456633141763,"upper_bound":7010.272112170865},"point_estimate":7001.571305999878,"standard_error":4.002973217534477},"median_abs_dev":{"confidence_interval":{"confidence_level":0.95,"lower_bound":36.79960740100002,"upper_bound":68.80429907360254},"point_estimate":52.112939172849586,"standard_error":7.864987099686182},"slope":{"confidence_interval":{"confidence_level":0.95,"lower_bound":7000.488492227812,"upper_bound":7024.6361002546555},"point_estimate":7012.291870351214,"standard_error":6.16021594880206},"std_dev":{"confidence_interval":{"confidence_level":0.95,"lower_bound":51.828503512801014,"upper_bound":69.84669328481688},"point_estimate":61.52253723938567,"standard_error":4.604356118342098}}