{"mean":{"confidence_interval":{"confidence_level":0.95,"lower_bound":9048.818590777117,"upper_bound":9081.596808286233},"point_estimate":9062.94489911949,"standard_error":8.44494939357941},"median":{"confidence_interval":{"confidence_level":0.95,"lower_bound":9039.204081632653,"upper_bound":9050.622088070813},"point_estimate":9043.23009838998,"standard_error":3.070422776564455},"median_abs_dev":{"confidence_interval":{"confidence_level":0.95,"lower_bound":12.109370290174612,"upper_bound":20.907464536584158},"point_estimate":16.46075547801712,"standard_error":2.2860238308654663},"slope":{"confidence_interval":{"confidence_level":0.95,"lower_bound":9050.693733254246,"upper_bound":9058.372347093564},"point_estimate":9054.589407191006,"standard_error":1.9533544444275546},"std_dev":{"confidence_interval":{"confidence_level":0.95,"lower_bound":23.675640653032524,"upper_bound":128.48729540150575},"point_estimate":84.82010392056348,"standard_error":25.839549828025127}}