{"mean":{"confidence_interval":{"confidence_level":0.95,"lower_bound":7034.0226171158365,"upper_bound":7059.658064518139},"point_estimate":7046.565747153265,"standard_error":6.533929230273766},"median":{"confidence_interval":{"confidence_level":0.95,"lower_bound":7028.938427003658,"upper_bound":7052.748897058824},"point_estimate":7040.003310276679,"standard_error":6.614253047074606},"median_abs_dev":{"confidence_interval":{"confidence_level":0.95,"lower_bound":37.577165507792216,"upper_bound":71.71914355311942},"point_estimate":51.351169697092494,"standard_error":8.920465767740481},"slope":{"confidence_interval":{"confidence_level":0.95,"lower_bound":7042.699590542969,"upper_bound":7064.033006948204},"point_estimate":7053.172581055121,"standard_error":5.448637017414437},"std_dev":{"confidence_interval":{"confidence_level":0.95,"lower_bound":53.29240048543233,"upper_bound":77.4180833097118},"point_estimate":65.71517438165549,"standard_error":6.195843464057735}}