{"mean":{"confidence_interval":{"confidence_level":0.95,"lower_bound":7066.462698399159,"upper_bound":7116.769619287478},"point_estimate":7088.994213976985,"standard_error":12.93818798878333},"median":{"confidence_interval":{"confidence_level":0.95,"lower_bound":7053.30303030303,"upper_bound":7074.501253132832},"point_estimate":7070.709440418679,"standard_error":5.9865565036507284},"median_abs_dev":{"confidence_interval":{"confidence_level":0.95,"lower_bound":35.890294529999835,"upper_bound":60.98221975068236},"point_estimate":48.870189423882145,"standard_error":6.326358306941145},"slope":{"confidence_interval":{"confidence_level":0.95,"lower_bound":7068.667011953599,"upper_bound":7108.389946944646},"point_estimate":7086.4375163785035,"standard_error":10.217568540364978},"std_dev":{"confidence_interval":{"confidence_level":0.95,"lower_bound":64.8923397830314,"upper_bound":186.2360003905034},"point_estimate":129.81048123298086,"standard_error":31.44764751666907}}