{"mean":{"confidence_interval":{"confidence_level":0.95,"lower_bound":10421.13675230299,"upper_bound":10433.899384388505},"point_estimate":10426.658262582343,"standard_error":3.2815958417174236},"median":{"confidence_interval":{"confidence_level":0.95,"lower_bound":10417.805814010731,"upper_bound":10422.3958994709},"point_estimate":10419.661639085894,"standard_error":1.3714421236486694},"median_abs_dev":{"confidence_interval":{"confidence_level":0.95,"lower_bound":11.430504969482818,"upper_bound":19.10005107052713},"point_estimate":14.521251287559812,"standard_error":1.998077286431792},"slope":{"confidence_interval":{"confidence_level":0.95,"lower_bound":10423.26371740376,"upper_bound":10442.756902308236},"point_estimate":10431.297039554702,"standard_error":5.096769264609604},"std_dev":{"confidence_interval":{"confidence_level":0.95,"lower_bound":15.32394310086363,"upper_bound":50.49537741650151},"point_estimate":32.907482775959764,"standard_error":10.313180979918544}}