{"mean":{"confidence_interval":{"confidence_level":0.95,"lower_bound":6901.738845007197,"upper_bound":6925.264181605652},"point_estimate":6912.243465542206,"standard_error":6.02207417117286},"median":{"confidence_interval":{"confidence_level":0.95,"lower_bound":6891.47294117647,"upper_bound":6909.187400553442},"point_estimate":6899.261819148936,"standard_error":4.628507390350932},"median_abs_dev":{"confidence_interval":{"confidence_level":0.95,"lower_bound":24.064627953125143,"upper_bound":40.380358063593164},"point_estimate":30.406631833399235,"standard_error":4.151353332528401},"slope":{"confidence_interval":{"confidence_level":0.95,"lower_bound":6903.033337128708,"upper_bound":6919.629065561011},"point_estimate":6910.65321678735,"standard_error":4.2302960499699465},"std_dev":{"confidence_interval":{"confidence_level":0.95,"lower_bound":32.15635460460021,"upper_bound":88.26648286986438},"point_estimate":60.49021276064245,"standard_error":15.153636398431516}}