{"mean":{"confidence_interval":{"confidence_level":0.95,"lower_bound":6877.648760678126,"upper_bound":6892.748333250196},"point_estimate":6884.853472642126,"standard_error":3.850578005307652},"median":{"confidence_interval":{"confidence_level":0.95,"lower_bound":6867.527777777777,"upper_bound":6885.9315789473685},"point_estimate":6875.959117336152,"standard_error":4.170795495994813},"median_abs_dev":{"confidence_interval":{"confidence_level":0.95,"lower_bound":24.118295661497076,"upper_bound":38.429638484403895},"point_estimate":28.76196429706551,"standard_error":3.670893043040362},"slope":{"confidence_interval":{"confidence_level":0.95,"lower_bound":6884.328774070571,"upper_bound":6902.131779975891},"point_estimate":6892.623183981084,"standard_error":4.554728769074515},"std_dev":{"confidence_interval":{"confidence_level":0.95,"lower_bound":27.975967123270998,"upper_bound":48.614891077521634},"point_estimate":38.79080703533408,"standard_error":5.269870709842496}}