{"mean":{"confidence_interval":{"confidence_level":0.95,"lower_bound":10087.816578175518,"upper_bound":10122.666474999038},"point_estimate":10103.119665134564,"standard_error":8.969002142916114},"median":{"confidence_interval":{"confidence_level":0.95,"lower_bound":10078.652318295739,"upper_bound":10092.969444444445},"point_estimate":10084.908860112253,"standard_error":3.695884458848772},"median_abs_dev":{"confidence_interval":{"confidence_level":0.95,"lower_bound":24.13914834538427,"upper_bound":39.764777390624886},"point_estimate":30.574122635338536,"standard_error":4.106454298256869},"slope":{"confidence_interval":{"confidence_level":0.95,"lower_bound":10089.623678857863,"upper_bound":10132.763849139006},"point_estimate":10107.601119156692,"standard_error":11.22372276922232},"std_dev":{"confidence_interval":{"confidence_level":0.95,"lower_bound":36.91892476936093,"upper_bound":132.91853049369362},"point_estimate":90.08936609888805,"standard_error":25.036222933954456}}