{"mean":{"confidence_interval":{"confidence_level":0.95,"lower_bound":10468.008946457401,"upper_bound":10477.12612685428},"point_estimate":10472.390434732224,"standard_error":2.3373464358702813},"median":{"confidence_interval":{"confidence_level":0.95,"lower_bound":10460.899122807017,"upper_bound":10473.657986111111},"point_estimate":10468.30937108886,"standard_error":3.008519720883607},"median_abs_dev":{"confidence_interval":{"confidence_level":0.95,"lower_bound":14.964240700203655,"upper_bound":25.432767048476148},"point_estimate":20.616168745396134,"standard_error":2.471622368711034},"slope":{"confidence_interval":{"confidence_level":0.95,"lower_bound":10470.295807780894,"upper_bound":10478.74884509567},"point_estimate":10474.531156346979,"standard_error":2.155339171002643},"std_dev":{"confidence_interval":{"confidence_level":0.95,"lower_bound":18.393404656768254,"upper_bound":28.662829034829073},"point_estimate":23.42566771462473,"standard_error":2.658704522226413}}