{"mean":{"confidence_interval":{"confidence_level":0.95,"lower_bound":6899.133859134227,"upper_bound":6918.6942771027},"point_estimate":6907.946795015576,"standard_error":5.003912174143432},"median":{"confidence_interval":{"confidence_level":0.95,"lower_bound":6891.807246376811,"upper_bound":6913.3516171328665},"point_estimate":6903.49617936399,"standard_error":5.791287813058103},"median_abs_dev":{"confidence_interval":{"confidence_level":0.95,"lower_bound":26.983247643122834,"upper_bound":40.92907507550273},"point_estimate":34.14845538938454,"standard_error":3.5716018358758164},"slope":{"confidence_interval":{"confidence_level":0.95,"lower_bound":6907.524291095063,"upper_bound":6923.280610606219},"point_estimate":6914.979838037535,"standard_error":4.010215402938102},"std_dev":{"confidence_interval":{"confidence_level":0.95,"lower_bound":28.32663534223638,"upper_bound":73.52251818425624},"point_estimate":50.43407546201319,"standard_error":12.717668654039683}}