{"mean":{"confidence_interval":{"confidence_level":0.95,"lower_bound":6927.91173721577,"upper_bound":6940.034826104438},"point_estimate":6933.802227471699,"standard_error":3.094058281385479},"median":{"confidence_interval":{"confidence_level":0.95,"lower_bound":6919.611475409836,"upper_bound":6937.03375},"point_estimate":6929.226027397261,"standard_error":4.810373273578692},"median_abs_dev":{"confidence_interval":{"confidence_level":0.95,"lower_bound":21.985310276349843,"upper_bound":36.452079928443425},"point_estimate":31.27632505521677,"standard_error":3.7303550406040618},"slope":{"confidence_interval":{"confidence_level":0.95,"lower_bound":6934.620199019979,"upper_bound":6950.81373732311},"point_estimate":6942.527640313285,"standard_error":4.137858410929355},"std_dev":{"confidence_interval":{"confidence_level":0.95,"lower_bound":25.47421221401304,"upper_bound":36.4742783070345},"point_estimate":31.115289475391695,"standard_error":2.8178380685419695}}