{"mean":{"confidence_interval":{"confidence_level":0.95,"lower_bound":4309304.164416665,"upper_bound":4332674.220958332},"point_estimate":4321444.6225,"standard_error":5930.329192721175},"median":{"confidence_interval":{"confidence_level":0.95,"lower_bound":4316083.083333333,"upper_bound":4326187.0},"point_estimate":4321771.083333333,"standard_error":2290.2495010700336},"median_abs_dev":{"confidence_interval":{"confidence_level":0.95,"lower_bound":12816.397247463234,"upper_bound":24375.863225366033},"point_estimate":18025.635804980993,"standard_error":2874.797866602023},"slope":null,"std_dev":{"confidence_interval":{"confidence_level":0.95,"lower_bound":35008.843599098094,"upper_bound":83462.59631074185},"point_estimate":59679.249988069816,"standard_error":12682.139005006076}}