{"mean":{"confidence_interval":{"confidence_level":0.95,"lower_bound":8516601.536250003,"upper_bound":8585767.532083336},"point_estimate":8547222.11166667,"standard_error":17816.656205595158},"median":{"confidence_interval":{"confidence_level":0.95,"lower_bound":8500959.583333334,"upper_bound":8514101.416666666},"point_estimate":8505626.25,"standard_error":3156.6172157154538},"median_abs_dev":{"confidence_interval":{"confidence_level":0.95,"lower_bound":19615.538951755952,"upper_bound":33624.74965303952},"point_estimate":25334.544800221,"standard_error":3489.3338074984417},"slope":null,"std_dev":{"confidence_interval":{"confidence_level":0.95,"lower_bound":67549.57655936906,"upper_bound":254057.26575156642},"point_estimate":178873.26963792832,"standard_error":46300.987833788146}}