{"mean":{"confidence_interval":{"confidence_level":0.95,"lower_bound":4232451.691249999,"upper_bound":4249229.770187503},"point_estimate":4240567.580833332,"standard_error":4278.481662114479},"median":{"confidence_interval":{"confidence_level":0.95,"lower_bound":4227153.75,"upper_bound":4248614.416666666},"point_estimate":4238999.375,"standard_error":5159.267886819081},"median_abs_dev":{"confidence_interval":{"confidence_level":0.95,"lower_bound":32562.713871894885,"upper_bound":52180.13850549234},"point_estimate":41576.98348686076,"standard_error":4820.996129553624},"slope":null,"std_dev":{"confidence_interval":{"confidence_level":0.95,"lower_bound":33540.17936127194,"upper_bound":52577.38903295747},"point_estimate":43032.846025810904,"standard_error":4925.216440113108}}