{"mean":{"confidence_interval":{"confidence_level":0.95,"lower_bound":4248185.886666666,"upper_bound":4272457.322666667},"point_estimate":4259615.405833331,"standard_error":6195.530506211395},"median":{"confidence_interval":{"confidence_level":0.95,"lower_bound":4266964.791666666,"upper_bound":4272432.708333333},"point_estimate":4269800.291666667,"standard_error":1405.1260306401941},"median_abs_dev":{"confidence_interval":{"confidence_level":0.95,"lower_bound":11415.649147331715,"upper_bound":27162.528792768717},"point_estimate":15293.451153486736,"standard_error":3855.4906365860875},"slope":null,"std_dev":{"confidence_interval":{"confidence_level":0.95,"lower_bound":40635.90891768104,"upper_bound":85964.79202699673},"point_estimate":61863.844708349,"standard_error":12671.347070100896}}