{"mean":{"confidence_interval":{"confidence_level":0.95,"lower_bound":4123252.448903847,"upper_bound":4136192.2058461537},"point_estimate":4129833.7784615387,"standard_error":3280.469897395116},"median":{"confidence_interval":{"confidence_level":0.95,"lower_bound":4124238.269230769,"upper_bound":4131242.5},"point_estimate":4127090.923076923,"standard_error":1634.8748674122546},"median_abs_dev":{"confidence_interval":{"confidence_level":0.95,"lower_bound":10189.68152678943,"upper_bound":17432.53023897237},"point_estimate":14236.723270324614,"standard_error":1817.794992443865},"slope":null,"std_dev":{"confidence_interval":{"confidence_level":0.95,"lower_bound":18633.566520597902,"upper_bound":45638.78921067942},"point_estimate":32977.33728945262,"standard_error":6905.413366525256}}