{"mean":{"confidence_interval":{"confidence_level":0.95,"lower_bound":4223474.501020835,"upper_bound":4230351.923729166},"point_estimate":4226806.425000002,"standard_error":1748.273127463211},"median":{"confidence_interval":{"confidence_level":0.95,"lower_bound":4218952.0,"upper_bound":4229164.791666667},"point_estimate":4224140.041666666,"standard_error":2581.6553185277826},"median_abs_dev":{"confidence_interval":{"confidence_level":0.95,"lower_bound":13825.212322678437,"upper_bound":21668.345330934495},"point_estimate":17891.213407367697,"standard_error":2164.1460367988866},"slope":null,"std_dev":{"confidence_interval":{"confidence_level":0.95,"lower_bound":14365.54459170953,"upper_bound":20501.70854539769},"point_estimate":17538.340297248382,"standard_error":1572.6267125145384}}