{"mean":{"confidence_interval":{"confidence_level":0.95,"lower_bound":31242124.30725,"upper_bound":31262649.237875},"point_estimate":31251894.925,"standard_error":5245.020959461395},"median":{"confidence_interval":{"confidence_level":0.95,"lower_bound":31236269.0,"upper_bound":31252069.0},"point_estimate":31244968.75,"standard_error":4960.127114363257},"median_abs_dev":{"confidence_interval":{"confidence_level":0.95,"lower_bound":25130.801587589085,"upper_bound":43144.400534033775},"point_estimate":35916.355012357235,"standard_error":4619.3037691568325},"slope":null,"std_dev":{"confidence_interval":{"confidence_level":0.95,"lower_bound":37053.09846458333,"upper_bound":68653.16274241914},"point_estimate":52524.71475210287,"standard_error":8465.03390122226}}