{"mean":{"confidence_interval":{"confidence_level":0.95,"lower_bound":10268647.338399999,"upper_bound":10278768.227550006},"point_estimate":10273645.363999998,"standard_error":2579.8302284680976},"median":{"confidence_interval":{"confidence_level":0.95,"lower_bound":10263539.1,"upper_bound":10273840.0},"point_estimate":10268522.1,"standard_error":2267.2672063098757},"median_abs_dev":{"confidence_interval":{"confidence_level":0.95,"lower_bound":17181.109794974327,"upper_bound":31789.764082119407},"point_estimate":24060.966712833004,"standard_error":3697.303944399791},"slope":null,"std_dev":{"confidence_interval":{"confidence_level":0.95,"lower_bound":22108.388607456378,"upper_bound":29391.68350774457},"point_estimate":25962.333586129695,"standard_error":1866.531151715767}}