{"mean":{"confidence_interval":{"confidence_level":0.95,"lower_bound":43892109.919625,"upper_bound":44882620.894125},"point_estimate":44363891.885,"standard_error":253501.79545225165},"median":{"confidence_interval":{"confidence_level":0.95,"lower_bound":43165718.0,"upper_bound":44038491.75},"point_estimate":43579754.25,"standard_error":258239.83374246565},"median_abs_dev":{"confidence_interval":{"confidence_level":0.95,"lower_bound":1183736.3683007287,"upper_bound":2126774.261734709},"point_estimate":1761080.062584579,"standard_error":264649.0285558632},"slope":null,"std_dev":{"confidence_interval":{"confidence_level":0.95,"lower_bound":1895776.2206219109,"upper_bound":3173893.741189702},"point_estimate":2550547.643599919,"standard_error":329082.06302349514}}