{"mean":{"confidence_interval":{"confidence_level":0.95,"lower_bound":3748012.526071428,"upper_bound":3819757.8928571455},"point_estimate":3779021.185714286,"standard_error":18598.2063683785},"median":{"confidence_interval":{"confidence_level":0.95,"lower_bound":3737629.6428571427,"upper_bound":3742201.0},"point_estimate":3739258.6785714286,"standard_error":1508.2628559832008},"median_abs_dev":{"confidence_interval":{"confidence_level":0.95,"lower_bound":7143.696173173547,"upper_bound":12629.845575775124},"point_estimate":10622.617011411046,"standard_error":1442.9686869935863},"slope":null,"std_dev":{"confidence_interval":{"confidence_level":0.95,"lower_bound":68518.73245287786,"upper_bound":272480.4226078471},"point_estimate":186944.2171868617,"standard_error":52517.75338267325}}