{"mean":{"confidence_interval":{"confidence_level":0.95,"lower_bound":41203853.857,"upper_bound":42068114.595125005},"point_estimate":41648432.56,"standard_error":220783.0681405625},"median":{"confidence_interval":{"confidence_level":0.95,"lower_bound":42478335.5,"upper_bound":42974321.0},"point_estimate":42785831.0,"standard_error":138544.6059345432},"median_abs_dev":{"confidence_interval":{"confidence_level":0.95,"lower_bound":507898.3501330018,"upper_bound":1236280.0727516413},"point_estimate":777827.1730408072,"standard_error":216386.47773949296},"slope":null,"std_dev":{"confidence_interval":{"confidence_level":0.95,"lower_bound":1853456.66706796,"upper_bound":2507597.7410603203},"point_estimate":2219539.5805214066,"standard_error":167404.51593528927}}