{"mean":{"confidence_interval":{"confidence_level":0.95,"lower_bound":14354049.550875,"upper_bound":14363205.279375},"point_estimate":14358528.3325,"standard_error":2337.456089461333},"median":{"confidence_interval":{"confidence_level":0.95,"lower_bound":14349585.75,"upper_bound":14362044.0},"point_estimate":14357452.375,"standard_error":3450.4104404661016},"median_abs_dev":{"confidence_interval":{"confidence_level":0.95,"lower_bound":16457.230357825756,"upper_bound":26127.85933613777},"point_estimate":22396.896502375603,"standard_error":2434.900337451946},"slope":null,"std_dev":{"confidence_interval":{"confidence_level":0.95,"lower_bound":18591.975711613122,"upper_bound":28506.566104075024},"point_estimate":23464.435433996296,"standard_error":2565.90407402579}}