{"mean":{"confidence_interval":{"confidence_level":0.95,"lower_bound":10209123.3509,"upper_bound":10217540.3157},"point_estimate":10213242.991999999,"standard_error":2147.807207490606},"median":{"confidence_interval":{"confidence_level":0.95,"lower_bound":10203959.0,"upper_bound":10214309.7},"point_estimate":10206529.2,"standard_error":2556.797818162375},"median_abs_dev":{"confidence_interval":{"confidence_level":0.95,"lower_bound":15004.94955360917,"upper_bound":25487.524407505436},"point_estimate":20258.987340331078,"standard_error":2828.6771308497378},"slope":null,"std_dev":{"confidence_interval":{"confidence_level":0.95,"lower_bound":18290.111455973787,"upper_bound":24378.826251586557},"point_estimate":21568.557206386977,"standard_error":1545.2436831654263}}