{"mean":{"confidence_interval":{"confidence_level":0.95,"lower_bound":10783260.344299998,"upper_bound":10917932.087900003},"point_estimate":10848283.312000003,"standard_error":34285.03941400831},"median":{"confidence_interval":{"confidence_level":0.95,"lower_bound":10688572.6,"upper_bound":10802158.5},"point_estimate":10755702.7,"standard_error":28514.907993538964},"median_abs_dev":{"confidence_interval":{"confidence_level":0.95,"lower_bound":166619.08102642218,"upper_bound":316398.6544113029},"point_estimate":248702.88386464093,"standard_error":39846.47845609058},"slope":null,"std_dev":{"confidence_interval":{"confidence_level":0.95,"lower_bound":271311.30005883117,"upper_bound":406458.16923408845},"point_estimate":343267.13954808,"standard_error":34668.66811687313}}