{"mean":{"confidence_interval":{"confidence_level":0.95,"lower_bound":35872339.180625,"upper_bound":35932169.47975},"point_estimate":35900928.17,"standard_error":15353.78708368432},"median":{"confidence_interval":{"confidence_level":0.95,"lower_bound":35840037.5,"upper_bound":35877363.0},"point_estimate":35860963.25,"standard_error":11482.651116036464},"median_abs_dev":{"confidence_interval":{"confidence_level":0.95,"lower_bound":62566.46018922329,"upper_bound":124061.37124747038},"point_estimate":89990.48255234957,"standard_error":16249.467567657563},"slope":null,"std_dev":{"confidence_interval":{"confidence_level":0.95,"lower_bound":117212.06909487245,"upper_bound":185464.10342371947},"point_estimate":154497.04151812955,"standard_error":17475.179729756583}}