{"mean":{"confidence_interval":{"confidence_level":0.95,"lower_bound":44181697.877875,"upper_bound":44236854.83625},"point_estimate":44208335.875,"standard_error":13983.547814135174},"median":{"confidence_interval":{"confidence_level":0.95,"lower_bound":44157832.25,"upper_bound":44203945.75},"point_estimate":44181432.5,"standard_error":10982.404853696313},"median_abs_dev":{"confidence_interval":{"confidence_level":0.95,"lower_bound":81877.69549638033,"upper_bound":137792.89715118697},"point_estimate":112641.64495021105,"standard_error":14797.86884452616},"slope":null,"std_dev":{"confidence_interval":{"confidence_level":0.95,"lower_bound":107425.07145764168,"upper_bound":172036.34376055794},"point_estimate":140655.7582045177,"standard_error":16653.667761210454}}