{"mean":{"confidence_interval":{"confidence_level":0.95,"lower_bound":9880210.500624998,"upper_bound":9896610.152374998},"point_estimate":9888817.333333332,"standard_error":4181.206150197271},"median":{"confidence_interval":{"confidence_level":0.95,"lower_bound":9888760.0,"upper_bound":9902209.916666666},"point_estimate":9896417.916666668,"standard_error":3492.998644145498},"median_abs_dev":{"confidence_interval":{"confidence_level":0.95,"lower_bound":20164.471592009068,"upper_bound":33904.09619808197},"point_estimate":26737.57857531033,"standard_error":3524.4490493289723},"slope":null,"std_dev":{"confidence_interval":{"confidence_level":0.95,"lower_bound":30059.028459312896,"upper_bound":52690.19390485939},"point_estimate":41819.965233320734,"standard_error":5791.712143803474}}