{"mean":{"confidence_interval":{"confidence_level":0.95,"lower_bound":47997931.276,"upper_bound":49285477.709},"point_estimate":48606551.73,"standard_error":327659.6271642353},"median":{"confidence_interval":{"confidence_level":0.95,"lower_bound":47508845.0,"upper_bound":48605891.0},"point_estimate":48210242.5,"standard_error":317016.6690966221},"median_abs_dev":{"confidence_interval":{"confidence_level":0.95,"lower_bound":1610763.3284032345,"upper_bound":2849174.6386170387},"point_estimate":2083859.4974040985,"standard_error":313137.74265971803},"slope":null,"std_dev":{"confidence_interval":{"confidence_level":0.95,"lower_bound":2259187.502014841,"upper_bound":4255309.33862616},"point_estimate":3307140.580340837,"standard_error":513553.9962217664}}