{"mean":{"confidence_interval":{"confidence_level":0.95,"lower_bound":52543495.24475,"upper_bound":53298803.4825},"point_estimate":52895208.5,"standard_error":192768.60782115333},"median":{"confidence_interval":{"confidence_level":0.95,"lower_bound":51821731.0,"upper_bound":52270534.0},"point_estimate":51982689.0,"standard_error":134470.70655346743},"median_abs_dev":{"confidence_interval":{"confidence_level":0.95,"lower_bound":346040.3164565563,"upper_bound":1155989.8711770773},"point_estimate":576818.8631594181,"standard_error":212370.31339691416},"slope":null,"std_dev":{"confidence_interval":{"confidence_level":0.95,"lower_bound":1268449.1388188978,"upper_bound":2542014.0481142453},"point_estimate":1936043.2358938039,"standard_error":328706.54317432427}}