{"mean":{"confidence_interval":{"confidence_level":0.95,"lower_bound":9925639.41325,"upper_bound":9932194.490708334},"point_estimate":9928847.271666668,"standard_error":1675.5114549176105},"median":{"confidence_interval":{"confidence_level":0.95,"lower_bound":9922982.5,"upper_bound":9928874.583333332},"point_estimate":9926524.5,"standard_error":1648.5756931411036},"median_abs_dev":{"confidence_interval":{"confidence_level":0.95,"lower_bound":9835.074025392993,"upper_bound":18101.43372863255},"point_estimate":12874.651071430173,"standard_error":2030.6017875500913},"slope":null,"std_dev":{"confidence_interval":{"confidence_level":0.95,"lower_bound":13675.1994500893,"upper_bound":19856.556668034285},"point_estimate":16873.050741401654,"standard_error":1582.3384617813465}}