{"mean":{"confidence_interval":{"confidence_level":0.95,"lower_bound":44964138.342875,"upper_bound":45033775.73925},"point_estimate":44998418.73,"standard_error":17838.944355800188},"median":{"confidence_interval":{"confidence_level":0.95,"lower_bound":44924942.75,"upper_bound":45027899.0},"point_estimate":44975973.25,"standard_error":26559.128182170927},"median_abs_dev":{"confidence_interval":{"confidence_level":0.95,"lower_bound":135252.03584879637,"upper_bound":227552.03851014376},"point_estimate":182480.99931031466,"standard_error":23850.61790518673},"slope":null,"std_dev":{"confidence_interval":{"confidence_level":0.95,"lower_bound":155128.42675143055,"upper_bound":199786.71694386893},"point_estimate":179244.37645023185,"standard_error":11377.001056158924}}