{"mean":{"confidence_interval":{"confidence_level":0.95,"lower_bound":42231079.762375005,"upper_bound":42295406.808},"point_estimate":42263029.705,"standard_error":16444.933114157142},"median":{"confidence_interval":{"confidence_level":0.95,"lower_bound":42205856.75,"upper_bound":42304605.5},"point_estimate":42256037.0,"standard_error":28929.14800287176},"median_abs_dev":{"confidence_interval":{"confidence_level":0.95,"lower_bound":143868.1655958295,"upper_bound":223276.59083604813},"point_estimate":181866.8322712183,"standard_error":19929.776315597916},"slope":null,"std_dev":{"confidence_interval":{"confidence_level":0.95,"lower_bound":145039.62865078863,"upper_bound":184436.60984515774},"point_estimate":165556.1107685352,"standard_error":10103.413454394673}}