{"mean":{"confidence_interval":{"confidence_level":0.95,"lower_bound":8449126.480541669,"upper_bound":8465441.355875},"point_estimate":8456291.363333337,"standard_error":4226.840959428495},"median":{"confidence_interval":{"confidence_level":0.95,"lower_bound":8442594.666666666,"upper_bound":8451269.833333332},"point_estimate":8447253.083333332,"standard_error":2146.3842773913407},"median_abs_dev":{"confidence_interval":{"confidence_level":0.95,"lower_bound":12046.371886133227,"upper_bound":21461.12881898972},"point_estimate":16679.620353877544,"standard_error":2269.700039599603},"slope":null,"std_dev":{"confidence_interval":{"confidence_level":0.95,"lower_bound":16752.825661976858,"upper_bound":63612.121021953506},"point_estimate":42523.63930371067,"standard_error":12644.041570529918}}