{"mean":{"confidence_interval":{"confidence_level":0.95,"lower_bound":3806428.0269107134,"upper_bound":3813762.7585892864},"point_estimate":3809570.076428571,"standard_error":1888.071037647652},"median":{"confidence_interval":{"confidence_level":0.95,"lower_bound":3806249.5,"upper_bound":3811618.0714285714},"point_estimate":3809152.3928571427,"standard_error":1281.6000752263606},"median_abs_dev":{"confidence_interval":{"confidence_level":0.95,"lower_bound":6774.528779728269,"upper_bound":12021.503036575807},"point_estimate":8612.052597105503,"standard_error":1373.650714854893},"slope":null,"std_dev":{"confidence_interval":{"confidence_level":0.95,"lower_bound":9230.287608224195,"upper_bound":29210.458275833094},"point_estimate":18924.39633066081,"standard_error":6234.9140706453145}}