{"mean":{"confidence_interval":{"confidence_level":0.95,"lower_bound":9630394.708500003,"upper_bound":9693521.12704167},"point_estimate":9661502.516666666,"standard_error":16089.651822547048},"median":{"confidence_interval":{"confidence_level":0.95,"lower_bound":9634660.75,"upper_bound":9696207.75},"point_estimate":9671820.75,"standard_error":16667.69066191326},"median_abs_dev":{"confidence_interval":{"confidence_level":0.95,"lower_bound":103512.08465479374,"upper_bound":177078.7756562233},"point_estimate":136888.94976973487,"standard_error":18495.943599073322},"slope":null,"std_dev":{"confidence_interval":{"confidence_level":0.95,"lower_bound":124186.95264583678,"upper_bound":206713.20282560072},"point_estimate":161872.11990824054,"standard_error":22130.17315454967}}