{"mean":{"confidence_interval":{"confidence_level":0.95,"lower_bound":4400159.247916666,"upper_bound":4510181.667666667},"point_estimate":4447902.06,"standard_error":28382.087617647132},"median":{"confidence_interval":{"confidence_level":0.95,"lower_bound":4381956.375,"upper_bound":4387809.833333333},"point_estimate":4383301.416666666,"standard_error":1558.5732833294583},"median_abs_dev":{"confidence_interval":{"confidence_level":0.95,"lower_bound":8417.723894305089,"upper_bound":14942.322059720986},"point_estimate":10643.39988604188,"standard_error":1714.2887376958456},"slope":null,"std_dev":{"confidence_interval":{"confidence_level":0.95,"lower_bound":89909.93966815554,"upper_bound":428593.4065878649},"point_estimate":285356.51412123715,"standard_error":88032.83032422652}}