{"mean":{"confidence_interval":{"confidence_level":0.95,"lower_bound":4319742.1525,"upper_bound":4342571.743208333},"point_estimate":4330794.929166667,"standard_error":5804.169078703879},"median":{"confidence_interval":{"confidence_level":0.95,"lower_bound":4333578.416666667,"upper_bound":4344356.75},"point_estimate":4339285.666666666,"standard_error":2296.733018503405},"median_abs_dev":{"confidence_interval":{"confidence_level":0.95,"lower_bound":14941.457209736109,"upper_bound":31432.602041961145},"point_estimate":20939.191853255496,"standard_error":4520.362760092949},"slope":null,"std_dev":{"confidence_interval":{"confidence_level":0.95,"lower_bound":42413.12002005081,"upper_bound":74216.871337282},"point_estimate":58032.67086706275,"standard_error":8292.303014291683}}