{"mean":{"confidence_interval":{"confidence_level":0.95,"lower_bound":4205262.67504167,"upper_bound":4286613.651666666},"point_estimate":4233799.003333334,"standard_error":24745.00355409621},"median":{"confidence_interval":{"confidence_level":0.95,"lower_bound":4197685.5,"upper_bound":4211981.416666667},"point_estimate":4204096.708333333,"standard_error":3491.57231494365},"median_abs_dev":{"confidence_interval":{"confidence_level":0.95,"lower_bound":19107.50136077358,"upper_bound":32517.618122696415},"point_estimate":24266.887494176397,"standard_error":3630.94808240658},"slope":null,"std_dev":{"confidence_interval":{"confidence_level":0.95,"lower_bound":21364.51697291832,"upper_bound":424633.00171817763},"point_estimate":248374.2142890233,"standard_error":143759.42310440692}}