{"mean":{"confidence_interval":{"confidence_level":0.95,"lower_bound":14332113.43175,"upper_bound":14345822.2006875},"point_estimate":14338931.6875,"standard_error":3496.2108629327918},"median":{"confidence_interval":{"confidence_level":0.95,"lower_bound":14331022.75,"upper_bound":14350022.75},"point_estimate":14337960.25,"standard_error":5771.932540245561},"median_abs_dev":{"confidence_interval":{"confidence_level":0.95,"lower_bound":28558.767317980528,"upper_bound":44533.78203436732},"point_estimate":35267.16154888272,"standard_error":4186.988342635323},"slope":null,"std_dev":{"confidence_interval":{"confidence_level":0.95,"lower_bound":29863.50766248002,"upper_bound":40050.86997261834},"point_estimate":35094.10386631587,"standard_error":2603.265486255621}}