{"mean":{"confidence_interval":{"confidence_level":0.95,"lower_bound":-0.013078427797611513,"upper_bound":-0.0019969486590147023},"point_estimate":-0.007662263504904621,"standard_error":0.0028286913023685086},"median":{"confidence_interval":{"confidence_level":0.95,"lower_bound":-0.018955875069151862,"upper_bound":0.0011784400239565063},"point_estimate":-0.00916930070545885,"standard_error":0.005121934062905106}}