{"mean":{"confidence_interval":{"confidence_level":0.95,"lower_bound":0.06133022468003788,"upper_bound":0.08278459996503665},"point_estimate":0.07182362236592854,"standard_error":0.005636432267696844},"median":{"confidence_interval":{"confidence_level":0.95,"lower_bound":0.05347073566401317,"upper_bound":0.07978845903068033},"point_estimate":0.0667657952420404,"standard_error":0.006585234280681544}}