{"mean":{"confidence_interval":{"confidence_level":0.95,"lower_bound":-0.03837374541797045,"upper_bound":-0.03502324362537573},"point_estimate":-0.036700866351034644,"standard_error":0.0008524746746672929},"median":{"confidence_interval":{"confidence_level":0.95,"lower_bound":-0.0390525202300912,"upper_bound":-0.03501727246922499},"point_estimate":-0.03731731778362135,"standard_error":0.0009706770736252215}}