{"mean":{"confidence_interval":{"confidence_level":0.95,"lower_bound":-0.050350200266235365,"upper_bound":-0.039864030739418646},"point_estimate":-0.045114969017037376,"standard_error":0.0026793441680408275},"median":{"confidence_interval":{"confidence_level":0.95,"lower_bound":-0.05695796680118391,"upper_bound":-0.03543120355572371},"point_estimate":-0.04866083923199327,"standard_error":0.005722939510720998}}