{"mean":{"confidence_interval":{"confidence_level":0.95,"lower_bound":-0.046104667658507105,"upper_bound":-0.03549955047509373},"point_estimate":-0.04091617891749977,"standard_error":0.0027133183085598766},"median":{"confidence_interval":{"confidence_level":0.95,"lower_bound":-0.051147912889479986,"upper_bound":-0.031480398745151184},"point_estimate":-0.03918870697119825,"standard_error":0.005071121561741016}}