{"mean":{"confidence_interval":{"confidence_level":0.95,"lower_bound":-0.011232671350048233,"upper_bound":-0.0008820797599205716},"point_estimate":-0.0061802439597904435,"standard_error":0.002648699560733316},"median":{"confidence_interval":{"confidence_level":0.95,"lower_bound":-0.01564764641648586,"upper_bound":0.0019882905007040375},"point_estimate":-0.009456665831897304,"standard_error":0.004502838697776397}}