{"mean":{"confidence_interval":{"confidence_level":0.95,"lower_bound":-0.029797351821165018,"upper_bound":-0.01811229503125105},"point_estimate":-0.023768413989630033,"standard_error":0.003012418066061549},"median":{"confidence_interval":{"confidence_level":0.95,"lower_bound":-0.036456816575574646,"upper_bound":-0.017625644692240372},"point_estimate":-0.02810263825824877,"standard_error":0.0048402184783065665}}