{"mean":{"confidence_interval":{"confidence_level":0.95,"lower_bound":0.021137329245189646,"upper_bound":0.027429247708478884},"point_estimate":0.02434647536193868,"standard_error":0.0015725512120740293},"median":{"confidence_interval":{"confidence_level":0.95,"lower_bound":0.022596286084659356,"upper_bound":0.02690943004789892},"point_estimate":0.025160824851335306,"standard_error":0.0010126724100975287}}