{"mean":{"confidence_interval":{"confidence_level":0.95,"lower_bound":-0.10340941771684366,"upper_bound":-0.08790357738415311},"point_estimate":-0.09576162086112272,"standard_error":0.003972049683083993},"median":{"confidence_interval":{"confidence_level":0.95,"lower_bound":-0.10666590842285029,"upper_bound":-0.09111631807674872},"point_estimate":-0.09923067885974002,"standard_error":0.0039749567463501275}}