{"mean":{"confidence_interval":{"confidence_level":0.95,"lower_bound":0.019189173684827754,"upper_bound":0.032860415075944394},"point_estimate":0.026052533899030506,"standard_error":0.0034730104158783425},"median":{"confidence_interval":{"confidence_level":0.95,"lower_bound":0.0038174943088888913,"upper_bound":0.043809965068121536},"point_estimate":0.026054677953189165,"standard_error":0.010238352866321071}}