{"mean":{"confidence_interval":{"confidence_level":0.95,"lower_bound":0.07297150437456609,"upper_bound":0.08928681746936516},"point_estimate":0.07980941989938395,"standard_error":0.0039629999976235845},"median":{"confidence_interval":{"confidence_level":0.95,"lower_bound":0.06461746837205462,"upper_bound":0.08178338049879907},"point_estimate":0.07090526230265648,"standard_error":0.005407569878184816}}