{"mean":{"confidence_interval":{"confidence_level":0.95,"lower_bound":0.042383994349430326,"upper_bound":0.0488795739154676},"point_estimate":0.04569069790237279,"standard_error":0.0015372823692260864},"median":{"confidence_interval":{"confidence_level":0.95,"lower_bound":0.04201686294765272,"upper_bound":0.049332360487670535},"point_estimate":0.0456207087257261,"standard_error":0.0014681381954287898}}