{"mean":{"confidence_interval":{"confidence_level":0.95,"lower_bound":-0.38943581479864053,"upper_bound":-0.3799282262674028},"point_estimate":-0.3844287613086408,"standard_error":0.0024275995893816072},"median":{"confidence_interval":{"confidence_level":0.95,"lower_bound":-0.38551948055286134,"upper_bound":-0.3757550676637619},"point_estimate":-0.3804203537408736,"standard_error":0.0024785421577908874}}