{"mean":{"confidence_interval":{"confidence_level":0.95,"lower_bound":0.2581625933638451,"upper_bound":0.2693884926312314},"point_estimate":0.2639688887528262,"standard_error":0.0028461340062215833},"median":{"confidence_interval":{"confidence_level":0.95,"lower_bound":0.25317275383065363,"upper_bound":0.26560718966336583},"point_estimate":0.2595691194546599,"standard_error":0.0029570644839529737}}