{"mean":{"confidence_interval":{"confidence_level":0.95,"lower_bound":0.27449123125811253,"upper_bound":0.2799091724507813},"point_estimate":0.277310671505578,"standard_error":0.0013872929967284212},"median":{"confidence_interval":{"confidence_level":0.95,"lower_bound":0.27612763925201445,"upper_bound":0.2819516150801471},"point_estimate":0.27870749172191234,"standard_error":0.0015643477791509226}}