{"mean":{"confidence_interval":{"confidence_level":0.95,"lower_bound":0.1824549043141071,"upper_bound":0.18623232413221583},"point_estimate":0.18476006287507118,"standard_error":0.0010033856146863624},"median":{"confidence_interval":{"confidence_level":0.95,"lower_bound":0.18517604379198693,"upper_bound":0.18654759449373048},"point_estimate":0.1858277311331169,"standard_error":0.00035154805856661686}}