{"mean":{"confidence_interval":{"confidence_level":0.95,"lower_bound":0.002529016442197829,"upper_bound":0.013390991939380485},"point_estimate":0.008097813765227668,"standard_error":0.0027666922036377905},"median":{"confidence_interval":{"confidence_level":0.95,"lower_bound":-0.004841457257997672,"upper_bound":0.01958473988700649},"point_estimate":0.009839754969910519,"standard_error":0.006391570096147653}}