{"mean":{"confidence_interval":{"confidence_level":0.95,"lower_bound":-0.006370169806535899,"upper_bound":0.005827194601178972},"point_estimate":0.00018785108372054715,"standard_error":0.003114020020863108},"median":{"confidence_interval":{"confidence_level":0.95,"lower_bound":0.0027248861293707183,"upper_bound":0.007431359185556979},"point_estimate":0.006080153900390517,"standard_error":0.001172374525382879}}