{"mean":{"confidence_interval":{"confidence_level":0.95,"lower_bound":0.016288469021367904,"upper_bound":0.026683704229102694},"point_estimate":0.021491876062603055,"standard_error":0.0026561650848429953},"median":{"confidence_interval":{"confidence_level":0.95,"lower_bound":0.010220533897794707,"upper_bound":0.03207906349709955},"point_estimate":0.019485370090712717,"standard_error":0.005496100323343627}}