{"mean":{"confidence_interval":{"confidence_level":0.95,"lower_bound":-0.00687181463868658,"upper_bound":0.015728607980323335},"point_estimate":0.004540387194285289,"standard_error":0.005785300612932582},"median":{"confidence_interval":{"confidence_level":0.95,"lower_bound":-0.01604493704747889,"upper_bound":0.01726281592212575},"point_estimate":-0.002251843419034283,"standard_error":0.008710377744413545}}