{"mean":{"confidence_interval":{"confidence_level":0.95,"lower_bound":-0.04505640797879803,"upper_bound":-0.03606317238701188},"point_estimate":-0.04095893928317729,"standard_error":0.0023306195521138173},"median":{"confidence_interval":{"confidence_level":0.95,"lower_bound":-0.048372804842327755,"upper_bound":-0.042277891665912226},"point_estimate":-0.04539804250341162,"standard_error":0.0015966701571140825}}