{"mean":{"confidence_interval":{"confidence_level":0.95,"lower_bound":-0.17044685929092807,"upper_bound":-0.1678620410199989},"point_estimate":-0.1691843243911254,"standard_error":0.0006629018551180962},"median":{"confidence_interval":{"confidence_level":0.95,"lower_bound":-0.17045395045650602,"upper_bound":-0.1679287056846115},"point_estimate":-0.16910061458648606,"standard_error":0.0006970649440552188}}