{"mean":{"confidence_interval":{"confidence_level":0.95,"lower_bound":-0.03464617511976309,"upper_bound":-0.023273192274761434},"point_estimate":-0.0286930640518136,"standard_error":0.002910399901993196},"median":{"confidence_interval":{"confidence_level":0.95,"lower_bound":-0.03045094999921465,"upper_bound":-0.016091987587580125},"point_estimate":-0.024172256983676754,"standard_error":0.003191000006878861}}