{"mean":{"confidence_interval":{"confidence_level":0.95,"lower_bound":-0.020956249792072935,"upper_bound":-0.006644638401222625},"point_estimate":-0.013920161960295885,"standard_error":0.0036517466426884393},"median":{"confidence_interval":{"confidence_level":0.95,"lower_bound":-0.02914205263174252,"upper_bound":-0.0026094752447668457},"point_estimate":-0.018199504191869886,"standard_error":0.006542553032721925}}