{"mean":{"confidence_interval":{"confidence_level":0.95,"lower_bound":0.02596660085313534,"upper_bound":0.04004283242737344},"point_estimate":0.0335591517526459,"standard_error":0.003811395712335986},"median":{"confidence_interval":{"confidence_level":0.95,"lower_bound":0.021103587349756037,"upper_bound":0.032566228385009444},"point_estimate":0.026044453692948943,"standard_error":0.0031831008709630347}}