{"mean":{"confidence_interval":{"confidence_level":0.95,"lower_bound":-0.06313365984426925,"upper_bound":-0.043786117394021405},"point_estimate":-0.05201657856557396,"standard_error":0.004996267562774952},"median":{"confidence_interval":{"confidence_level":0.95,"lower_bound":-0.04966102261069061,"upper_bound":-0.04533760968743472},"point_estimate":-0.048071539808878905,"standard_error":0.0009946950430917737}}