{"mean":{"confidence_interval":{"confidence_level":0.95,"lower_bound":0.020466838113084834,"upper_bound":0.034789002469640826},"point_estimate":0.027665369430428743,"standard_error":0.0036025219849212587},"median":{"confidence_interval":{"confidence_level":0.95,"lower_bound":0.013806538947228608,"upper_bound":0.031080564292315094},"point_estimate":0.02103389864685523,"standard_error":0.004495654047497113}}