{"mean":{"confidence_interval":{"confidence_level":0.95,"lower_bound":-0.13733856731376265,"upper_bound":-0.12515647820696674},"point_estimate":-0.1311197591088631,"standard_error":0.003100946984163966},"median":{"confidence_interval":{"confidence_level":0.95,"lower_bound":-0.13277619232553967,"upper_bound":-0.11851240541504338},"point_estimate":-0.12464844925344998,"standard_error":0.0034775117004989765}}