{"mean":{"confidence_interval":{"confidence_level":0.95,"lower_bound":0.03516708017686514,"upper_bound":0.044188719537030706},"point_estimate":0.04002764153035132,"standard_error":0.002306712089461785},"median":{"confidence_interval":{"confidence_level":0.95,"lower_bound":0.042444041172316815,"upper_bound":0.04717858640436412},"point_estimate":0.04460955419469026,"standard_error":0.0011703782307835732}}