{"mean":{"confidence_interval":{"confidence_level":0.95,"lower_bound":-0.0333578527646573,"upper_bound":-0.021053376008501795},"point_estimate":-0.02696628117421096,"standard_error":0.003148859719092396},"median":{"confidence_interval":{"confidence_level":0.95,"lower_bound":-0.0394804206095597,"upper_bound":-0.01646173401557749},"point_estimate":-0.02694530898278169,"standard_error":0.00570189640294397}}