{"mean":{"confidence_interval":{"confidence_level":0.95,"lower_bound":0.2824139966925292,"upper_bound":0.2921861435927393},"point_estimate":0.28718654848486413,"standard_error":0.0025764148273632295},"median":{"confidence_interval":{"confidence_level":0.95,"lower_bound":0.27563663645940073,"upper_bound":0.29087841062907543},"point_estimate":0.28246422371387103,"standard_error":0.0036398141370343868}}