{"mean":{"confidence_interval":{"confidence_level":0.95,"lower_bound":0.004022327364627671,"upper_bound":0.015765866784344704},"point_estimate":0.00978504210888298,"standard_error":0.002996524006551105},"median":{"confidence_interval":{"confidence_level":0.95,"lower_bound":0.0013679604723280114,"upper_bound":0.02545190645849149},"point_estimate":0.01446402392043633,"standard_error":0.005388735337489157}}