{"mean":{"confidence_interval":{"confidence_level":0.95,"lower_bound":0.000993078897841393,"upper_bound":0.003917219785212843},"point_estimate":0.002492168988032617,"standard_error":0.0007430717706526086},"median":{"confidence_interval":{"confidence_level":0.95,"lower_bound":0.0014950810091517728,"upper_bound":0.003770246365037533},"point_estimate":0.002906548780590823,"standard_error":0.0005667721090675955}}