{"mean":{"confidence_interval":{"confidence_level":0.95,"lower_bound":0.03596017969635201,"upper_bound":0.038197294698396396},"point_estimate":0.037052842648843676,"standard_error":0.0005724682246797618},"median":{"confidence_interval":{"confidence_level":0.95,"lower_bound":0.035482138782723105,"upper_bound":0.038846597648674486},"point_estimate":0.03729520694726185,"standard_error":0.0008505514337502696}}