{"mean":{"confidence_interval":{"confidence_level":0.95,"lower_bound":0.2067008700739679,"upper_bound":0.21862451879429853},"point_estimate":0.2123407022581707,"standard_error":0.0030392492889674883},"median":{"confidence_interval":{"confidence_level":0.95,"lower_bound":0.20263172409589614,"upper_bound":0.2168795280546707},"point_estimate":0.20921929542510775,"standard_error":0.003588942045355835}}