{"mean":{"confidence_interval":{"confidence_level":0.95,"lower_bound":-0.16316310277984555,"upper_bound":-0.1611381659603151},"point_estimate":-0.16216549002074077,"standard_error":0.0005163106370752486},"median":{"confidence_interval":{"confidence_level":0.95,"lower_bound":-0.16306877146093016,"upper_bound":-0.1618416186238485},"point_estimate":-0.16233982401153535,"standard_error":0.0002935229577024566}}