{"mean":{"confidence_interval":{"confidence_level":0.95,"lower_bound":-0.01403282657447578,"upper_bound":-0.003521748382167499},"point_estimate":-0.008972408971740675,"standard_error":0.0026727503810016983},"median":{"confidence_interval":{"confidence_level":0.95,"lower_bound":-0.019281955556791686,"upper_bound":0.00707785077927281},"point_estimate":-0.01090557993453567,"standard_error":0.007669929553902177}}