{"mean":{"confidence_interval":{"confidence_level":0.95,"lower_bound":-0.004259021292578995,"upper_bound":0.011986485905974665},"point_estimate":0.0020407537181228452,"standard_error":0.004115338544663941},"median":{"confidence_interval":{"confidence_level":0.95,"lower_bound":-0.002745065885803921,"upper_bound":0.005207857234299568},"point_estimate":-0.00015102416729850798,"standard_error":0.0020325791530154593}}