{"mean":{"confidence_interval":{"confidence_level":0.95,"lower_bound":-0.18523658152760572,"upper_bound":-0.1797478768697019},"point_estimate":-0.1825298239000146,"standard_error":0.0013944930894027165},"median":{"confidence_interval":{"confidence_level":0.95,"lower_bound":-0.1841378098122295,"upper_bound":-0.1778465583492198},"point_estimate":-0.18055548980713254,"standard_error":0.001657299459923104}}