{"mean":{"confidence_interval":{"confidence_level":0.95,"lower_bound":0.01912127404376305,"upper_bound":0.037205940249058836},"point_estimate":0.026742265938363596,"standard_error":0.0045863526644703495},"median":{"confidence_interval":{"confidence_level":0.95,"lower_bound":0.014023950023044573,"upper_bound":0.0400337062106253},"point_estimate":0.026324149981720835,"standard_error":0.006723720710644455}}