{"mean":{"confidence_interval":{"confidence_level":0.95,"lower_bound":-0.11201716760965794,"upper_bound":-0.10110006771653711},"point_estimate":-0.106493517352244,"standard_error":0.0027875479247786196},"median":{"confidence_interval":{"confidence_level":0.95,"lower_bound":-0.11000578164095764,"upper_bound":-0.09745287179316901},"point_estimate":-0.10517446025106736,"standard_error":0.0034910494597620244}}