{"mean":{"confidence_interval":{"confidence_level":0.95,"lower_bound":-0.06382457731353874,"upper_bound":-0.05643503093191311},"point_estimate":-0.06021880124323342,"standard_error":0.0019030504290703746},"median":{"confidence_interval":{"confidence_level":0.95,"lower_bound":-0.06566088925953562,"upper_bound":-0.06158013004783358},"point_estimate":-0.06401472261565733,"standard_error":0.0010372871720167797}}