{"mean":{"confidence_interval":{"confidence_level":0.95,"lower_bound":0.18663940076630187,"upper_bound":0.18922766580236194},"point_estimate":0.18793237912944538,"standard_error":0.0006530555050592934},"median":{"confidence_interval":{"confidence_level":0.95,"lower_bound":0.18618935037395934,"upper_bound":0.18891636562370828},"point_estimate":0.18765889594858431,"standard_error":0.0006897854608992608}}