{"mean":{"confidence_interval":{"confidence_level":0.95,"lower_bound":-0.12984326297189366,"upper_bound":-0.1200794367899272},"point_estimate":-0.12509831983408337,"standard_error":0.002641452631763253},"median":{"confidence_interval":{"confidence_level":0.95,"lower_bound":-0.13443207682961933,"upper_bound":-0.12756117731457262},"point_estimate":-0.1313672503588953,"standard_error":0.001807019085838362}}