{"mean":{"confidence_interval":{"confidence_level":0.95,"lower_bound":0.0008771260151847649,"upper_bound":0.006737417880314143},"point_estimate":0.0037953847207239377,"standard_error":0.0014971562879146456},"median":{"confidence_interval":{"confidence_level":0.95,"lower_bound":0.002382695476352392,"upper_bound":0.006975645436990474},"point_estimate":0.005491228792776193,"standard_error":0.0011343721899030803}}