{"mean":{"confidence_interval":{"confidence_level":0.95,"lower_bound":-0.04936274139913726,"upper_bound":-0.03856066320026241},"point_estimate":-0.04409626677968037,"standard_error":0.0027377379798035305},"median":{"confidence_interval":{"confidence_level":0.95,"lower_bound":-0.06001808688299748,"upper_bound":-0.036709136299135636},"point_estimate":-0.049748713337245176,"standard_error":0.006327846160084722}}