{"mean":{"confidence_interval":{"confidence_level":0.95,"lower_bound":-0.036784160481731276,"upper_bound":-0.024161075282387756},"point_estimate":-0.030496903133131248,"standard_error":0.0031775531327350045},"median":{"confidence_interval":{"confidence_level":0.95,"lower_bound":-0.046355281932410786,"upper_bound":-0.013828280579060714},"point_estimate":-0.03182127242359245,"standard_error":0.008790068434842903}}