{"mean":{"confidence_interval":{"confidence_level":0.95,"lower_bound":1.0097152304729162,"upper_bound":1.0292239127001463},"point_estimate":1.019430960078867,"standard_error":0.004959937702837675},"median":{"confidence_interval":{"confidence_level":0.95,"lower_bound":1.0119970582394013,"upper_bound":1.0365008505393463},"point_estimate":1.0250930739612545,"standard_error":0.006146432703972499}}