{"mean":{"confidence_interval":{"confidence_level":0.95,"lower_bound":-0.11189082663055193,"upper_bound":-0.09899340996598893},"point_estimate":-0.10522837237316252,"standard_error":0.00328722999901175},"median":{"confidence_interval":{"confidence_level":0.95,"lower_bound":-0.10390764004232489,"upper_bound":-0.08930105013019218},"point_estimate":-0.09743937313449225,"standard_error":0.0030946240957769166}}