{"mean":{"confidence_interval":{"confidence_level":0.95,"lower_bound":5221133.868650003,"upper_bound":5246848.12125},"point_estimate":5232542.7360000005,"standard_error":6595.441438641237},"median":{"confidence_interval":{"confidence_level":0.95,"lower_bound":5213502.6,"upper_bound":5228451.85},"point_estimate":5219147.949999999,"standard_error":3785.648801127291},"median_abs_dev":{"confidence_interval":{"confidence_level":0.95,"lower_bound":24018.416093588152,"upper_bound":37303.03076773854},"point_estimate":30245.92902302756,"standard_error":3390.7967352125834},"slope":null,"std_dev":{"confidence_interval":{"confidence_level":0.95,"lower_bound":32021.373192100917,"upper_bound":98606.8403313091},"point_estimate":66307.07844392018,"standard_error":18004.268636292374}}