{"mean":{"confidence_interval":{"confidence_level":0.95,"lower_bound":5384081.959274999,"upper_bound":5412580.582375001},"point_estimate":5396913.520000001,"standard_error":7299.703732076581},"median":{"confidence_interval":{"confidence_level":0.95,"lower_bound":5370779.3,"upper_bound":5387468.55},"point_estimate":5377692.8,"standard_error":4229.956079355667},"median_abs_dev":{"confidence_interval":{"confidence_level":0.95,"lower_bound":22385.92526256983,"upper_bound":39571.63853046191},"point_estimate":29677.64845311614,"standard_error":4323.281829915334},"slope":null,"std_dev":{"confidence_interval":{"confidence_level":0.95,"lower_bound":39272.82052835995,"upper_bound":104272.7813054943},"point_estimate":73204.30118678171,"standard_error":17060.846610229662}}