{"mean":{"confidence_interval":{"confidence_level":0.95,"lower_bound":5244736.121275001,"upper_bound":5256554.405000004},"point_estimate":5250170.419000003,"standard_error":3026.2062650524053},"median":{"confidence_interval":{"confidence_level":0.95,"lower_bound":5241515.05,"upper_bound":5248899.2},"point_estimate":5243781.550000001,"standard_error":2098.493889942119},"median_abs_dev":{"confidence_interval":{"confidence_level":0.95,"lower_bound":14413.004834867612,"upper_bound":24422.537634663768},"point_estimate":18694.77023810176,"standard_error":2393.57965784815},"slope":null,"std_dev":{"confidence_interval":{"confidence_level":0.95,"lower_bound":18696.116372528657,"upper_bound":42680.41894790569},"point_estimate":30511.642511252754,"standard_error":6504.0567516836545}}