{"mean":{"confidence_interval":{"confidence_level":0.95,"lower_bound":5177691.781999999,"upper_bound":5188135.698199998},"point_estimate":5182518.007999999,"standard_error":2682.4318499077017},"median":{"confidence_interval":{"confidence_level":0.95,"lower_bound":5175891.5,"upper_bound":5181575.7},"point_estimate":5178184.85,"standard_error":1541.5788095508044},"median_abs_dev":{"confidence_interval":{"confidence_level":0.95,"lower_bound":7894.770729840769,"upper_bound":13939.182562529488},"point_estimate":9854.026595056333,"standard_error":1490.7009165871368},"slope":null,"std_dev":{"confidence_interval":{"confidence_level":0.95,"lower_bound":15865.308914884732,"upper_bound":36034.69573017869},"point_estimate":27026.047130263192,"standard_error":5126.156905405386}}