{"mean":{"confidence_interval":{"confidence_level":0.95,"lower_bound":5137263.09475,"upper_bound":5158245.197199999},"point_estimate":5148247.673999999,"standard_error":5356.144591121523},"median":{"confidence_interval":{"confidence_level":0.95,"lower_bound":5155159.5,"upper_bound":5165925.7},"point_estimate":5159455.300000001,"standard_error":2704.6871853928055},"median_abs_dev":{"confidence_interval":{"confidence_level":0.95,"lower_bound":16237.212521731992,"upper_bound":27720.616487861786},"point_estimate":21681.69027507319,"standard_error":3079.3532309397583},"slope":null,"std_dev":{"confidence_interval":{"confidence_level":0.95,"lower_bound":36815.6262111303,"upper_bound":68945.124064166},"point_estimate":53810.79456801899,"standard_error":8209.137873556603}}