{"mean":{"confidence_interval":{"confidence_level":0.95,"lower_bound":310740.7575644275,"upper_bound":311629.1967292057},"point_estimate":311073.03135339206,"standard_error":240.7068597937432},"median":{"confidence_interval":{"confidence_level":0.95,"lower_bound":310667.90277777775,"upper_bound":310746.0376344086},"point_estimate":310705.2798573975,"standard_error":18.31249912881429},"median_abs_dev":{"confidence_interval":{"confidence_level":0.95,"lower_bound":152.9398947848341,"upper_bound":274.78920146623636},"point_estimate":211.99483342897528,"standard_error":30.958030905012592},"slope":{"confidence_interval":{"confidence_level":0.95,"lower_bound":310753.1065703042,"upper_bound":311541.8108048924},"point_estimate":311055.1556672085,"standard_error":209.4865117017491},"std_dev":{"confidence_interval":{"confidence_level":0.95,"lower_bound":321.1759963789038,"upper_bound":4057.009744636895},"point_estimate":2424.2517214622026,"standard_error":1176.7466870590376}}