{"mean":{"confidence_interval":{"confidence_level":0.95,"lower_bound":310903.4002830216,"upper_bound":311538.49367704126},"point_estimate":311173.55819556455,"standard_error":163.5254875238881},"median":{"confidence_interval":{"confidence_level":0.95,"lower_bound":310744.5633802817,"upper_bound":310833.7743902439},"point_estimate":310783.0932017544,"standard_error":23.979373677064306},"median_abs_dev":{"confidence_interval":{"confidence_level":0.95,"lower_bound":121.30524034881554,"upper_bound":209.66936157814436},"point_estimate":158.78016024500118,"standard_error":22.230102091729904},"slope":{"confidence_interval":{"confidence_level":0.95,"lower_bound":310825.230873774,"upper_bound":312078.9353192258},"point_estimate":311252.23143712134,"standard_error":359.951138334593},"std_dev":{"confidence_interval":{"confidence_level":0.95,"lower_bound":589.0249174342049,"upper_bound":2530.139872085926},"point_estimate":1639.024914676404,"standard_error":533.1672925995036}}