{"mean":{"confidence_interval":{"confidence_level":0.95,"lower_bound":304454.0403684078,"upper_bound":306604.84585048823},"point_estimate":305552.13837133325,"standard_error":550.1463940298077},"median":{"confidence_interval":{"confidence_level":0.95,"lower_bound":304652.56368602643,"upper_bound":308600.7330508475},"point_estimate":307304.7271062271,"standard_error":1090.972794337554},"median_abs_dev":{"confidence_interval":{"confidence_level":0.95,"lower_bound":3383.375199352604,"upper_bound":8036.114646791616},"point_estimate":5193.427548339687,"standard_error":1243.8214924486379},"slope":{"confidence_interval":{"confidence_level":0.95,"lower_bound":303924.69949022646,"upper_bound":306700.99863707233},"point_estimate":305339.7289618738,"standard_error":708.1434310620898},"std_dev":{"confidence_interval":{"confidence_level":0.95,"lower_bound":4966.4507345434695,"upper_bound":6048.6494886363125},"point_estimate":5549.40802595628,"standard_error":273.49917872233686}}