{"mean":{"confidence_interval":{"confidence_level":0.95,"lower_bound":310998.2341753366,"upper_bound":311763.91347004153},"point_estimate":311340.18724067236,"standard_error":196.52217028989213},"median":{"confidence_interval":{"confidence_level":0.95,"lower_bound":310687.8517628205,"upper_bound":310823.0298507463},"point_estimate":310729.42527173914,"standard_error":36.13346068381491},"median_abs_dev":{"confidence_interval":{"confidence_level":0.95,"lower_bound":167.83783972637949,"upper_bound":363.2221642743546},"point_estimate":237.5763829331995,"standard_error":49.10949942225672},"slope":{"confidence_interval":{"confidence_level":0.95,"lower_bound":310866.768015017,"upper_bound":311767.2079019189},"point_estimate":311221.8154758386,"standard_error":238.120749156231},"std_dev":{"confidence_interval":{"confidence_level":0.95,"lower_bound":864.7945732562654,"upper_bound":2765.7643414949885},"point_estimate":1975.8921328818708,"standard_error":462.83509999063904}}