{"mean":{"confidence_interval":{"confidence_level":0.95,"lower_bound":310651.21229235997,"upper_bound":311007.6103477366},"point_estimate":310804.7284099625,"standard_error":91.5844977677171},"median":{"confidence_interval":{"confidence_level":0.95,"lower_bound":310577.7046035805,"upper_bound":310655.0643939394},"point_estimate":310616.5372113454,"standard_error":20.27281643372333},"median_abs_dev":{"confidence_interval":{"confidence_level":0.95,"lower_bound":125.43814500935498,"upper_bound":213.25470618952681},"point_estimate":171.6313705243843,"standard_error":23.13707886705079},"slope":{"confidence_interval":{"confidence_level":0.95,"lower_bound":310692.4942259477,"upper_bound":311011.07570864196},"point_estimate":310833.0507396187,"standard_error":81.73972358401996},"std_dev":{"confidence_interval":{"confidence_level":0.95,"lower_bound":329.07829878809184,"upper_bound":1405.8720124399363},"point_estimate":920.059311592535,"standard_error":282.9800474805844}}