{"mean":{"confidence_interval":{"confidence_level":0.95,"lower_bound":312955.17844173114,"upper_bound":316421.5455930485},"point_estimate":314597.7798986006,"standard_error":881.5249290398327},"median":{"confidence_interval":{"confidence_level":0.95,"lower_bound":310609.56741695805,"upper_bound":310746.375},"point_estimate":310666.7915296053,"standard_error":36.43251777213939},"median_abs_dev":{"confidence_interval":{"confidence_level":0.95,"lower_bound":209.8549403184213,"upper_bound":428.54288200877664},"point_estimate":293.2258740973764,"standard_error":60.48556908616516},"slope":{"confidence_interval":{"confidence_level":0.95,"lower_bound":313244.1028704952,"upper_bound":317073.90325668774},"point_estimate":314985.805959066,"standard_error":978.3439340009855},"std_dev":{"confidence_interval":{"confidence_level":0.95,"lower_bound":6302.709733008846,"upper_bound":10985.882245536213},"point_estimate":8853.92267015966,"standard_error":1187.1625166153044}}