{"mean":{"confidence_interval":{"confidence_level":0.95,"lower_bound":310850.28632330755,"upper_bound":312015.7205463232},"point_estimate":311344.0048895097,"standard_error":300.7638350734398},"median":{"confidence_interval":{"confidence_level":0.95,"lower_bound":310647.7552631579,"upper_bound":310770.15593434346},"point_estimate":310682.3630952381,"standard_error":30.774148107892376},"median_abs_dev":{"confidence_interval":{"confidence_level":0.95,"lower_bound":139.70460048322386,"upper_bound":260.8442516264665},"point_estimate":190.071964125537,"standard_error":31.05956338831582},"slope":{"confidence_interval":{"confidence_level":0.95,"lower_bound":310804.7044419921,"upper_bound":313179.571369038},"point_estimate":311863.96581646224,"standard_error":607.2260662270132},"std_dev":{"confidence_interval":{"confidence_level":0.95,"lower_bound":1011.9175985607403,"upper_bound":4640.030991811987},"point_estimate":3015.4161528202253,"standard_error":964.0487364810699}}