{"mean":{"confidence_interval":{"confidence_level":0.95,"lower_bound":311053.9853148134,"upper_bound":312766.5190146398},"point_estimate":311787.6445096636,"standard_error":443.27199874744275},"median":{"confidence_interval":{"confidence_level":0.95,"lower_bound":310612.67548076925,"upper_bound":310721.48082264955},"point_estimate":310668.96515444014,"standard_error":27.607110070499818},"median_abs_dev":{"confidence_interval":{"confidence_level":0.95,"lower_bound":189.0769645779794,"upper_bound":367.99595267054667},"point_estimate":291.2562481687945,"standard_error":46.310501512950204},"slope":{"confidence_interval":{"confidence_level":0.95,"lower_bound":311255.05036707985,"upper_bound":313294.70761977154},"point_estimate":312142.60640165507,"standard_error":525.2750961159319},"std_dev":{"confidence_interval":{"confidence_level":0.95,"lower_bound":1193.7708383497652,"upper_bound":6710.970249489964},"point_estimate":4433.261161588185,"standard_error":1407.3901868879682}}