{"mean":{"confidence_interval":{"confidence_level":0.95,"lower_bound":6588.5706670976115,"upper_bound":6618.232395061183},"point_estimate":6602.614774288654,"standard_error":7.581003877177241},"median":{"confidence_interval":{"confidence_level":0.95,"lower_bound":6578.477598020556,"upper_bound":6592.503448275862},"point_estimate":6583.312931034483,"standard_error":4.274893981356649},"median_abs_dev":{"confidence_interval":{"confidence_level":0.95,"lower_bound":28.1441486926115,"upper_bound":59.348323724529855},"point_estimate":45.646715241333524,"standard_error":8.745042702516512},"slope":{"confidence_interval":{"confidence_level":0.95,"lower_bound":6596.664957851268,"upper_bound":6631.404700782815},"point_estimate":6612.950247376976,"standard_error":8.892437921396072},"std_dev":{"confidence_interval":{"confidence_level":0.95,"lower_bound":53.92368285177284,"upper_bound":95.8185976686403},"point_estimate":76.31634623125052,"standard_error":10.69940689876443}}