{"mean":{"confidence_interval":{"confidence_level":0.95,"lower_bound":6635.420718577356,"upper_bound":6674.3081420342805},"point_estimate":6654.329521268067,"standard_error":9.92086610856807},"median":{"confidence_interval":{"confidence_level":0.95,"lower_bound":6641.748275862069,"upper_bound":6664.024137931035},"point_estimate":6658.571644818976,"standard_error":5.699512917350815},"median_abs_dev":{"confidence_interval":{"confidence_level":0.95,"lower_bound":43.49289389451322,"upper_bound":73.48419880776031},"point_estimate":53.85144635199885,"standard_error":7.5933629946152905},"slope":{"confidence_interval":{"confidence_level":0.95,"lower_bound":6664.6945608752385,"upper_bound":6705.743593604979},"point_estimate":6683.216723806709,"standard_error":10.56191737655552},"std_dev":{"confidence_interval":{"confidence_level":0.95,"lower_bound":76.01210925852548,"upper_bound":122.06513846843444},"point_estimate":99.8436600841196,"standard_error":11.811979462247088}}