{"mean":{"confidence_interval":{"confidence_level":0.95,"lower_bound":4049.132448307261,"upper_bound":4068.898865975711},"point_estimate":4058.993477224678,"standard_error":5.026647951223682},"median":{"confidence_interval":{"confidence_level":0.95,"lower_bound":4048.345610967979,"upper_bound":4068.7792249417253},"point_estimate":4057.3506410256414,"standard_error":5.181330172142969},"median_abs_dev":{"confidence_interval":{"confidence_level":0.95,"lower_bound":41.321364651014605,"upper_bound":65.00420758917873},"point_estimate":53.2447612004657,"standard_error":6.036061817281725},"slope":{"confidence_interval":{"confidence_level":0.95,"lower_bound":4069.594051223685,"upper_bound":4092.5085815152447},"point_estimate":4081.4503156722103,"standard_error":5.826096877100937},"std_dev":{"confidence_interval":{"confidence_level":0.95,"lower_bound":43.92346170720558,"upper_bound":56.458699829916156},"point_estimate":50.58761743666213,"standard_error":3.1906251065938402}}