{"mean":{"confidence_interval":{"confidence_level":0.95,"lower_bound":12197.836995894317,"upper_bound":12209.60742095543},"point_estimate":12202.925519504986,"standard_error":3.037398762986531},"median":{"confidence_interval":{"confidence_level":0.95,"lower_bound":12195.802714932126,"upper_bound":12199.51566951567},"point_estimate":12197.704915572232,"standard_error":0.900604876799846},"median_abs_dev":{"confidence_interval":{"confidence_level":0.95,"lower_bound":6.654633041592569,"upper_bound":13.8993399830685},"point_estimate":10.350003527320384,"standard_error":2.0083403424059543},"slope":{"confidence_interval":{"confidence_level":0.95,"lower_bound":12198.351831090506,"upper_bound":12202.135311491069},"point_estimate":12200.252893794546,"standard_error":0.9627815396433528},"std_dev":{"confidence_interval":{"confidence_level":0.95,"lower_bound":11.970007488354572,"upper_bound":47.069215923512765},"point_estimate":30.512512274839054,"standard_error":9.691988416419921}}