{"mean":{"confidence_interval":{"confidence_level":0.95,"lower_bound":8777.965084430747,"upper_bound":8831.038508661466},"point_estimate":8804.973494386943,"standard_error":13.53373801462373},"median":{"confidence_interval":{"confidence_level":0.95,"lower_bound":8810.114774114774,"upper_bound":8883.258347016967},"point_estimate":8857.431773879143,"standard_error":21.689733450263773},"median_abs_dev":{"confidence_interval":{"confidence_level":0.95,"lower_bound":74.92914746960535,"upper_bound":152.05410393257566},"point_estimate":115.90924747756642,"standard_error":21.878779089226217},"slope":{"confidence_interval":{"confidence_level":0.95,"lower_bound":8821.500289390893,"upper_bound":8870.708668290838},"point_estimate":8847.495024875621,"standard_error":12.520291192432463},"std_dev":{"confidence_interval":{"confidence_level":0.95,"lower_bound":116.48458615172562,"upper_bound":154.32546514754117},"point_estimate":136.3675447651533,"standard_error":9.700779177592862}}