{"mean":{"confidence_interval":{"confidence_level":0.95,"lower_bound":7477.440935928184,"upper_bound":7483.597176594911},"point_estimate":7480.417693222248,"standard_error":1.5738789131382187},"median":{"confidence_interval":{"confidence_level":0.95,"lower_bound":7474.693464052288,"upper_bound":7480.149659863946},"point_estimate":7477.638271604938,"standard_error":1.4705579058136464},"median_abs_dev":{"confidence_interval":{"confidence_level":0.95,"lower_bound":8.200029399874134,"upper_bound":14.666181812435745},"point_estimate":10.90735128836407,"standard_error":1.6792777154382388},"slope":{"confidence_interval":{"confidence_level":0.95,"lower_bound":7474.125309207817,"upper_bound":7480.288105539894},"point_estimate":7477.196514457416,"standard_error":1.5753193737921802},"std_dev":{"confidence_interval":{"confidence_level":0.95,"lower_bound":12.489915930051502,"upper_bound":18.812896328357787},"point_estimate":15.806447485447654,"standard_error":1.6177875995494673}}