{"mean":{"confidence_interval":{"confidence_level":0.95,"lower_bound":6557.629751104654,"upper_bound":6642.216636655424},"point_estimate":6590.810134345473,"standard_error":22.422270654787187},"median":{"confidence_interval":{"confidence_level":0.95,"lower_bound":6530.942857142857,"upper_bound":6551.330666666667},"point_estimate":6538.298556998558,"standard_error":5.083058509208896},"median_abs_dev":{"confidence_interval":{"confidence_level":0.95,"lower_bound":26.605800480506165,"upper_bound":50.51568918316971},"point_estimate":38.2734335717333,"standard_error":6.310691930129934},"slope":{"confidence_interval":{"confidence_level":0.95,"lower_bound":6555.675955296609,"upper_bound":6743.202828489925},"point_estimate":6624.048850007389,"standard_error":51.8355872872953},"std_dev":{"confidence_interval":{"confidence_level":0.95,"lower_bound":67.91522002224957,"upper_bound":366.6651416108534},"point_estimate":224.13325491594136,"standard_error":98.13261402523096}}