{"mean":{"confidence_interval":{"confidence_level":0.95,"lower_bound":4175.463553229461,"upper_bound":4201.86395441094},"point_estimate":4188.428023363853,"standard_error":6.709318262775113},"median":{"confidence_interval":{"confidence_level":0.95,"lower_bound":4171.801678876678,"upper_bound":4197.847222222223},"point_estimate":4182.3845246959545,"standard_error":7.280219737964686},"median_abs_dev":{"confidence_interval":{"confidence_level":0.95,"lower_bound":52.719945645230524,"upper_bound":80.1463077767536},"point_estimate":66.65048484522498,"standard_error":6.812357000676273},"slope":{"confidence_interval":{"confidence_level":0.95,"lower_bound":4188.653499771239,"upper_bound":4218.709286914925},"point_estimate":4204.122008768041,"standard_error":7.671735814411572},"std_dev":{"confidence_interval":{"confidence_level":0.95,"lower_bound":55.2911260184624,"upper_bound":78.83133648840821},"point_estimate":67.30559884201558,"standard_error":6.021976350741752}}