{"mean":{"confidence_interval":{"confidence_level":0.95,"lower_bound":6519.030781081097,"upper_bound":6559.712710943276},"point_estimate":6537.666869589036,"standard_error":10.362727247476386},"median":{"confidence_interval":{"confidence_level":0.95,"lower_bound":6505.037267080746,"upper_bound":6529.908777969019},"point_estimate":6517.21783625731,"standard_error":6.790333765853677},"median_abs_dev":{"confidence_interval":{"confidence_level":0.95,"lower_bound":39.03258240736135,"upper_bound":69.15870596517018},"point_estimate":51.175843434920615,"standard_error":7.820545063719053},"slope":{"confidence_interval":{"confidence_level":0.95,"lower_bound":6546.9200205720235,"upper_bound":6615.168660650624},"point_estimate":6578.013936540776,"standard_error":17.55474169891154},"std_dev":{"confidence_interval":{"confidence_level":0.95,"lower_bound":62.97449345090099,"upper_bound":141.76392054918506},"point_estimate":103.9192910221728,"standard_error":20.426603098368123}}