{"mean":{"confidence_interval":{"confidence_level":0.95,"lower_bound":6506.52356487675,"upper_bound":6530.682487149495},"point_estimate":6518.246080748342,"standard_error":6.1624695081114265},"median":{"confidence_interval":{"confidence_level":0.95,"lower_bound":6486.554054054054,"upper_bound":6523.245238095238},"point_estimate":6498.343452380952,"standard_error":8.795542388111627},"median_abs_dev":{"confidence_interval":{"confidence_level":0.95,"lower_bound":36.6475043860333,"upper_bound":70.35475483125279},"point_estimate":56.30540029823785,"standard_error":8.838465446625372},"slope":{"confidence_interval":{"confidence_level":0.95,"lower_bound":6534.210069988312,"upper_bound":6566.65703026561},"point_estimate":6549.888441385717,"standard_error":8.265263909144682},"std_dev":{"confidence_interval":{"confidence_level":0.95,"lower_bound":48.058460454974536,"upper_bound":75.85578467686415},"point_estimate":61.87176946958273,"standard_error":7.182630497207218}}