{"mean":{"confidence_interval":{"confidence_level":0.95,"lower_bound":6578.734055434658,"upper_bound":6619.189648857354},"point_estimate":6595.882228924186,"standard_error":10.462409221802114},"median":{"confidence_interval":{"confidence_level":0.95,"lower_bound":6564.75,"upper_bound":6585.987234042554},"point_estimate":6574.453481447549,"standard_error":5.5534740006572205},"median_abs_dev":{"confidence_interval":{"confidence_level":0.95,"lower_bound":27.207941596959024,"upper_bound":42.790905270613514},"point_estimate":34.688515134156354,"standard_error":3.8831187812996144},"slope":{"confidence_interval":{"confidence_level":0.95,"lower_bound":6584.462112551941,"upper_bound":6621.988182441174},"point_estimate":6601.100498005025,"standard_error":9.66893417327155},"std_dev":{"confidence_interval":{"confidence_level":0.95,"lower_bound":43.100258291784456,"upper_bound":162.16415051024705},"point_estimate":104.66300058769471,"standard_error":34.70431705590435}}