{"mean":{"confidence_interval":{"confidence_level":0.95,"lower_bound":8935.721659175033,"upper_bound":8996.932077737707},"point_estimate":8959.238395631946,"standard_error":16.511383447536158},"median":{"confidence_interval":{"confidence_level":0.95,"lower_bound":8925.454600202567,"upper_bound":8935.316872427984},"point_estimate":8931.257769112608,"standard_error":3.0750000157593202},"median_abs_dev":{"confidence_interval":{"confidence_level":0.95,"lower_bound":15.490888473904084,"upper_bound":34.91012976908314},"point_estimate":23.487593197141674,"standard_error":4.8503129450560145},"slope":{"confidence_interval":{"confidence_level":0.95,"lower_bound":8931.387812358724,"upper_bound":8939.540678020587},"point_estimate":8935.229425479862,"standard_error":2.084187296965372},"std_dev":{"confidence_interval":{"confidence_level":0.95,"lower_bound":32.84956274722033,"upper_bound":277.187678595457},"point_estimate":166.49607185806317,"standard_error":78.36375420413233}}