{"mean":{"confidence_interval":{"confidence_level":0.95,"lower_bound":6482.527721306057,"upper_bound":6505.908388942649},"point_estimate":6494.019130852108,"standard_error":5.962686285028964},"median":{"confidence_interval":{"confidence_level":0.95,"lower_bound":6464.867781155015,"upper_bound":6487.01885372312},"point_estimate":6473.174399759904,"standard_error":5.408683551802947},"median_abs_dev":{"confidence_interval":{"confidence_level":0.95,"lower_bound":35.427820317200606,"upper_bound":77.33295788031279},"point_estimate":55.925161967656166,"standard_error":9.22124388605846},"slope":{"confidence_interval":{"confidence_level":0.95,"lower_bound":6522.507052231046,"upper_bound":6551.008294993159},"point_estimate":6537.480878633705,"standard_error":7.272268000103459},"std_dev":{"confidence_interval":{"confidence_level":0.95,"lower_bound":51.503953769770604,"upper_bound":67.97724857398973},"point_estimate":59.915946775269035,"standard_error":4.229955281848777}}