{"mean":{"confidence_interval":{"confidence_level":0.95,"lower_bound":4109.889826820052,"upper_bound":4156.391796114844},"point_estimate":4130.5426168483355,"standard_error":11.960975507283024},"median":{"confidence_interval":{"confidence_level":0.95,"lower_bound":4096.189458689459,"upper_bound":4122.857939385968},"point_estimate":4109.467127609233,"standard_error":7.852103535952604},"median_abs_dev":{"confidence_interval":{"confidence_level":0.95,"lower_bound":39.04147659563093,"upper_bound":63.474212783022026},"point_estimate":50.561401742001784,"standard_error":6.090774722903019},"slope":{"confidence_interval":{"confidence_level":0.95,"lower_bound":4110.5984995502795,"upper_bound":4128.938272207867},"point_estimate":4119.7524545588885,"standard_error":4.675500831935863},"std_dev":{"confidence_interval":{"confidence_level":0.95,"lower_bound":56.29553254399449,"upper_bound":174.78521831375284},"point_estimate":120.15421607505229,"standard_error":31.039983633402475}}