{"mean":{"confidence_interval":{"confidence_level":0.95,"lower_bound":4120.494084017641,"upper_bound":4226.145239174368},"point_estimate":4159.930764168739,"standard_error":29.579657660375066},"median":{"confidence_interval":{"confidence_level":0.95,"lower_bound":4119.1755146262185,"upper_bound":4141.430196844898},"point_estimate":4129.193575257134,"standard_error":5.472018331389147},"median_abs_dev":{"confidence_interval":{"confidence_level":0.95,"lower_bound":43.73692934877887,"upper_bound":77.38231713755431},"point_estimate":62.52954070984789,"standard_error":8.5464913889008},"slope":{"confidence_interval":{"confidence_level":0.95,"lower_bound":4084.4717315724783,"upper_bound":4115.506985593385},"point_estimate":4098.85829830285,"standard_error":7.90321330563419},"std_dev":{"confidence_interval":{"confidence_level":0.95,"lower_bound":60.582723530854,"upper_bound":501.95020816790156},"point_estimate":297.89092240326335,"standard_error":152.49207285993083}}