{"mean":{"confidence_interval":{"confidence_level":0.95,"lower_bound":9544.21482104024,"upper_bound":9681.843739228321},"point_estimate":9598.64071100608,"standard_error":36.42356657458975},"median":{"confidence_interval":{"confidence_level":0.95,"lower_bound":9506.679582409459,"upper_bound":9531.804238505747},"point_estimate":9521.200321449445,"standard_error":7.063328732629805},"median_abs_dev":{"confidence_interval":{"confidence_level":0.95,"lower_bound":42.83055235731392,"upper_bound":74.05449802271423},"point_estimate":62.93608413234099,"standard_error":8.153932219836625},"slope":{"confidence_interval":{"confidence_level":0.95,"lower_bound":9538.531777244538,"upper_bound":9616.668034819724},"point_estimate":9574.286556819861,"standard_error":20.009623075627687},"std_dev":{"confidence_interval":{"confidence_level":0.95,"lower_bound":108.43415802177847,"upper_bound":599.3850061296573},"point_estimate":366.9860940018611,"standard_error":157.1650108047858}}