{"mean":{"confidence_interval":{"confidence_level":0.95,"lower_bound":9535.757704192012,"upper_bound":9581.107749192892},"point_estimate":9556.940823752497,"standard_error":11.61134977192232},"median":{"confidence_interval":{"confidence_level":0.95,"lower_bound":9514.34963768116,"upper_bound":9540.314102564103},"point_estimate":9523.77935222672,"standard_error":5.898772995366733},"median_abs_dev":{"confidence_interval":{"confidence_level":0.95,"lower_bound":33.32369855996753,"upper_bound":62.584761010490595},"point_estimate":46.5716745970229,"standard_error":7.4138556045270505},"slope":{"confidence_interval":{"confidence_level":0.95,"lower_bound":9540.452664980236,"upper_bound":9585.307380598018},"point_estimate":9560.732458992168,"standard_error":11.45830828638613},"std_dev":{"confidence_interval":{"confidence_level":0.95,"lower_bound":74.13266084275946,"upper_bound":152.4931725323456},"point_estimate":116.95424694437627,"standard_error":20.075023893514665}}