{"mean":{"confidence_interval":{"confidence_level":0.95,"lower_bound":6469.183316296165,"upper_bound":6584.137256751186},"point_estimate":6511.973693139436,"standard_error":31.86854385955287},"median":{"confidence_interval":{"confidence_level":0.95,"lower_bound":6440.503899613899,"upper_bound":6468.2752100840335},"point_estimate":6450.204239045891,"standard_error":7.4608063702621505},"median_abs_dev":{"confidence_interval":{"confidence_level":0.95,"lower_bound":38.28836191808313,"upper_bound":85.07585363666077},"point_estimate":58.11225774115402,"standard_error":11.731650963490079},"slope":{"confidence_interval":{"confidence_level":0.95,"lower_bound":6510.768800779811,"upper_bound":6756.837191170221},"point_estimate":6600.160027655217,"standard_error":69.38628592547126},"std_dev":{"confidence_interval":{"confidence_level":0.95,"lower_bound":61.910528411707844,"upper_bound":536.9135380895706},"point_estimate":319.2637785744992,"standard_error":161.79589324667563}}