{"mean":{"confidence_interval":{"confidence_level":0.95,"lower_bound":9504.683871567684,"upper_bound":9587.243924770513},"point_estimate":9540.411090570431,"standard_error":21.312852810201438},"median":{"confidence_interval":{"confidence_level":0.95,"lower_bound":9487.31799476244,"upper_bound":9501.104166666666},"point_estimate":9497.043725490195,"standard_error":4.304851161004332},"median_abs_dev":{"confidence_interval":{"confidence_level":0.95,"lower_bound":34.766003594747076,"upper_bound":57.74637991425366},"point_estimate":47.21085652295087,"standard_error":5.683318807729435},"slope":{"confidence_interval":{"confidence_level":0.95,"lower_bound":9504.769319297671,"upper_bound":9625.451738867358},"point_estimate":9554.328432343234,"standard_error":31.453950306509743},"std_dev":{"confidence_interval":{"confidence_level":0.95,"lower_bound":76.36749347630425,"upper_bound":327.3403190923943},"point_estimate":214.51865176691192,"standard_error":65.07297305232176}}