{"mean":{"confidence_interval":{"confidence_level":0.95,"lower_bound":8960.905971129772,"upper_bound":8980.527107104766},"point_estimate":8969.684839698592,"standard_error":5.018333126779723},"median":{"confidence_interval":{"confidence_level":0.95,"lower_bound":8952.573851548343,"upper_bound":8964.513070077865},"point_estimate":8960.287988263342,"standard_error":3.577585722341797},"median_abs_dev":{"confidence_interval":{"confidence_level":0.95,"lower_bound":17.10167302971854,"upper_bound":28.712282457287863},"point_estimate":25.302377675793256,"standard_error":3.0240782853430717},"slope":{"confidence_interval":{"confidence_level":0.95,"lower_bound":8965.457133915656,"upper_bound":8975.791234461865},"point_estimate":8970.478629061201,"standard_error":2.6380350241282633},"std_dev":{"confidence_interval":{"confidence_level":0.95,"lower_bound":24.787861240896937,"upper_bound":73.1681172449655},"point_estimate":50.71402865672992,"standard_error":12.742872059800849}}