{"mean":{"confidence_interval":{"confidence_level":0.95,"lower_bound":9489.479982827375,"upper_bound":9551.775219872283},"point_estimate":9513.40460926965,"standard_error":16.673623016546145},"median":{"confidence_interval":{"confidence_level":0.95,"lower_bound":9476.576422115897,"upper_bound":9497.220037453184},"point_estimate":9489.888253012048,"standard_error":6.341064546633372},"median_abs_dev":{"confidence_interval":{"confidence_level":0.95,"lower_bound":33.89285251581575,"upper_bound":57.69036970376129},"point_estimate":48.1225168113163,"standard_error":6.474364261422546},"slope":{"confidence_interval":{"confidence_level":0.95,"lower_bound":9496.87214853631,"upper_bound":9524.25846947236},"point_estimate":9510.051766169154,"standard_error":6.9862796422385935},"std_dev":{"confidence_interval":{"confidence_level":0.95,"lower_bound":45.70972343358807,"upper_bound":277.89385758348016},"point_estimate":167.63253204731438,"standard_error":78.06751155564737}}