{"mean":{"confidence_interval":{"confidence_level":0.95,"lower_bound":1516770.1671418557,"upper_bound":1528264.7762192516},"point_estimate":1521702.5590347857,"standard_error":2977.1473801979623},"median":{"confidence_interval":{"confidence_level":0.95,"lower_bound":1512925.8170289854,"upper_bound":1515694.4112021858},"point_estimate":1514467.4557317682,"standard_error":687.2619554326224},"median_abs_dev":{"confidence_interval":{"confidence_level":0.95,"lower_bound":3631.3186531919055,"upper_bound":6948.484537517856},"point_estimate":5576.635328914431,"standard_error":851.4542457273977},"slope":{"confidence_interval":{"confidence_level":0.95,"lower_bound":1516183.1766602919,"upper_bound":1525438.593984266},"point_estimate":1520167.426555342,"standard_error":2391.5106169628248},"std_dev":{"confidence_interval":{"confidence_level":0.95,"lower_bound":9132.973863243751,"upper_bound":46115.76435241025},"point_estimate":29865.98421935727,"standard_error":9626.378530419839}}