{"mean":{"confidence_interval":{"confidence_level":0.95,"lower_bound":2390688.377714285,"upper_bound":2418888.7927976185},"point_estimate":2405070.269999999,"standard_error":7211.111248846484},"median":{"confidence_interval":{"confidence_level":0.95,"lower_bound":2406207.476190476,"upper_bound":2451147.904761905},"point_estimate":2440931.595238095,"standard_error":10335.3982129158},"median_abs_dev":{"confidence_interval":{"confidence_level":0.95,"lower_bound":28513.36269378662,"upper_bound":83662.92236468568},"point_estimate":47056.09936458737,"standard_error":13123.405851796117},"slope":null,"std_dev":{"confidence_interval":{"confidence_level":0.95,"lower_bound":62647.77488629608,"upper_bound":79964.18434066908},"point_estimate":72263.33216151888,"standard_error":4417.368735942413}}