{"mean":{"confidence_interval":{"confidence_level":0.95,"lower_bound":2032195.5777916661,"upper_bound":2034922.4003229172},"point_estimate":2033554.6337499993,"standard_error":695.4252002666454},"median":{"confidence_interval":{"confidence_level":0.95,"lower_bound":2030799.1348958332,"upper_bound":2034953.9583333333},"point_estimate":2032808.0625,"standard_error":1115.597423825072},"median_abs_dev":{"confidence_interval":{"confidence_level":0.95,"lower_bound":5476.260990276933,"upper_bound":8874.31835494924},"point_estimate":7070.17951197928,"standard_error":881.6726674269393},"slope":null,"std_dev":{"confidence_interval":{"confidence_level":0.95,"lower_bound":6083.81838138183,"upper_bound":7761.432808084816},"point_estimate":6978.477534523983,"standard_error":426.8109744558461}}