{"mean":{"confidence_interval":{"confidence_level":0.95,"lower_bound":1640790.8200880708,"upper_bound":1648351.2794035715},"point_estimate":1644267.7250694374,"standard_error":1934.560977418373},"median":{"confidence_interval":{"confidence_level":0.95,"lower_bound":1636954.6,"upper_bound":1642614.6304347827},"point_estimate":1640054.0304294098,"standard_error":1662.8446335629103},"median_abs_dev":{"confidence_interval":{"confidence_level":0.95,"lower_bound":7545.060418517929,"upper_bound":15756.459603242993},"point_estimate":10262.620766417216,"standard_error":2130.766278559455},"slope":{"confidence_interval":{"confidence_level":0.95,"lower_bound":1642715.6688558608,"upper_bound":1651332.3810152228},"point_estimate":1646692.9266085415,"standard_error":2205.63098541993},"std_dev":{"confidence_interval":{"confidence_level":0.95,"lower_bound":11721.344816288545,"upper_bound":27007.645443112702},"point_estimate":19421.497971073248,"standard_error":4062.2371963554638}}