{"mean":{"confidence_interval":{"confidence_level":0.95,"lower_bound":2031023.0908333343,"upper_bound":2033961.1000625012},"point_estimate":2032419.2612500002,"standard_error":750.8471033854463},"median":{"confidence_interval":{"confidence_level":0.95,"lower_bound":2029141.0833333333,"upper_bound":2030923.6875},"point_estimate":2030049.0625,"standard_error":431.7685120799297},"median_abs_dev":{"confidence_interval":{"confidence_level":0.95,"lower_bound":2675.042777508267,"upper_bound":5865.695216488203},"point_estimate":3786.807432770844,"standard_error":854.9225832517674},"slope":null,"std_dev":{"confidence_interval":{"confidence_level":0.95,"lower_bound":5684.220553281507,"upper_bound":9145.538936920224},"point_estimate":7519.122150044988,"standard_error":885.4332389220157}}