{"mean":{"confidence_interval":{"confidence_level":0.95,"lower_bound":1595231.1753330524,"upper_bound":1628194.6802299535},"point_estimate":1607408.1622341594,"standard_error":8969.990496703058},"median":{"confidence_interval":{"confidence_level":0.95,"lower_bound":1593735.3544303798,"upper_bound":1595437.305263158},"point_estimate":1594448.0085470085,"standard_error":408.9868052165423},"median_abs_dev":{"confidence_interval":{"confidence_level":0.95,"lower_bound":2703.4414785478843,"upper_bound":4423.4015834655165},"point_estimate":3720.4224745742977,"standard_error":439.20265274048387},"slope":{"confidence_interval":{"confidence_level":0.95,"lower_bound":1594502.899650134,"upper_bound":1596964.3241320292},"point_estimate":1595640.397372543,"standard_error":628.946179190986},"std_dev":{"confidence_interval":{"confidence_level":0.95,"lower_bound":5466.365981269448,"upper_bound":150286.12258093708},"point_estimate":89793.42070797613,"standard_error":44173.11596455041}}