{"mean":{"confidence_interval":{"confidence_level":0.95,"lower_bound":2318398.92109524,"upper_bound":2320968.006809525},"point_estimate":2319665.544285715,"standard_error":658.4769706775527},"median":{"confidence_interval":{"confidence_level":0.95,"lower_bound":2316807.619047619,"upper_bound":2320160.238095238},"point_estimate":2317967.2142857146,"standard_error":973.5680977390144},"median_abs_dev":{"confidence_interval":{"confidence_level":0.95,"lower_bound":4358.020550129675,"upper_bound":7459.5252675667725},"point_estimate":5810.874096836872,"standard_error":801.9553183410007},"slope":null,"std_dev":{"confidence_interval":{"confidence_level":0.95,"lower_bound":5616.644506226499,"upper_bound":7521.33230974882},"point_estimate":6634.538663526177,"standard_error":487.75487074875406}}