{"mean":{"confidence_interval":{"confidence_level":0.95,"lower_bound":1630331.7201798689,"upper_bound":1638064.2846430743},"point_estimate":1633191.0510258763,"standard_error":2200.640790569259},"median":{"confidence_interval":{"confidence_level":0.95,"lower_bound":1630632.1391808626,"upper_bound":1632155.8055555555},"point_estimate":1631541.8016877638,"standard_error":499.1711699819467},"median_abs_dev":{"confidence_interval":{"confidence_level":0.95,"lower_bound":2878.227251533109,"upper_bound":4939.150369287828},"point_estimate":3948.690052896883,"standard_error":517.7270191802685},"slope":{"confidence_interval":{"confidence_level":0.95,"lower_bound":1631499.0017860874,"upper_bound":1633350.316967701},"point_estimate":1632413.5721442294,"standard_error":473.39031359484306},"std_dev":{"confidence_interval":{"confidence_level":0.95,"lower_bound":3988.0786534640824,"upper_bound":37638.7557934941},"point_estimate":22205.158417492446,"standard_error":11766.324908735112}}