{"mean":{"confidence_interval":{"confidence_level":0.95,"lower_bound":1622214.2961142096,"upper_bound":1625275.0589041437},"point_estimate":1623622.1253350473,"standard_error":783.924558921648},"median":{"confidence_interval":{"confidence_level":0.95,"lower_bound":1621443.9157894736,"upper_bound":1623324.3166666667},"point_estimate":1622196.4333030854,"standard_error":426.53125060821736},"median_abs_dev":{"confidence_interval":{"confidence_level":0.95,"lower_bound":3375.5836579847323,"upper_bound":5614.533185567944},"point_estimate":4356.7446139605345,"standard_error":561.0040693122571},"slope":{"confidence_interval":{"confidence_level":0.95,"lower_bound":1622499.9591828845,"upper_bound":1626270.0297955477},"point_estimate":1624161.4748189745,"standard_error":967.9806904703057},"std_dev":{"confidence_interval":{"confidence_level":0.95,"lower_bound":4402.881431581163,"upper_bound":10865.60084488255},"point_estimate":7880.776853142446,"standard_error":1685.8813300377626}}