{"mean":{"confidence_interval":{"confidence_level":0.95,"lower_bound":1588734.5434605055,"upper_bound":1592382.4275748355},"point_estimate":1590370.410660055,"standard_error":938.349340307874},"median":{"confidence_interval":{"confidence_level":0.95,"lower_bound":1587403.4190074906,"upper_bound":1588985.144117647},"point_estimate":1588234.4143077715,"standard_error":409.1952490631481},"median_abs_dev":{"confidence_interval":{"confidence_level":0.95,"lower_bound":2935.0096877611004,"upper_bound":4854.0683658041635},"point_estimate":4069.332582300391,"standard_error":494.450715853467},"slope":{"confidence_interval":{"confidence_level":0.95,"lower_bound":1587216.447884997,"upper_bound":1590176.4109998613},"point_estimate":1588422.9900664992,"standard_error":771.1186431944266},"std_dev":{"confidence_interval":{"confidence_level":0.95,"lower_bound":4254.991382987761,"upper_bound":13283.95102881494},"point_estimate":9423.743075329468,"standard_error":2240.898889759765}}