{"mean":{"confidence_interval":{"confidence_level":0.95,"lower_bound":2414509.51484524,"upper_bound":2418503.055904762},"point_estimate":2416406.4519047625,"standard_error":1019.6796154194466},"median":{"confidence_interval":{"confidence_level":0.95,"lower_bound":2413089.8571428573,"upper_bound":2415921.0},"point_estimate":2414668.6428571427,"standard_error":686.5067612181782},"median_abs_dev":{"confidence_interval":{"confidence_level":0.95,"lower_bound":4698.677016581512,"upper_bound":7790.71427418716},"point_estimate":6029.310492958391,"standard_error":848.5369756026936},"slope":null,"std_dev":{"confidence_interval":{"confidence_level":0.95,"lower_bound":7285.500859154509,"upper_bound":12858.273780299973},"point_estimate":10283.38928536993,"standard_error":1419.2883451293299}}