{"mean":{"confidence_interval":{"confidence_level":0.95,"lower_bound":2122317.589260869,"upper_bound":2126073.8155652178},"point_estimate":2124176.9356521736,"standard_error":957.6362750862381},"median":{"confidence_interval":{"confidence_level":0.95,"lower_bound":2121162.5,"upper_bound":2126351.4130434785},"point_estimate":2124077.5217391304,"standard_error":1348.0709761371556},"median_abs_dev":{"confidence_interval":{"confidence_level":0.95,"lower_bound":7586.754139221112,"upper_bound":11638.21641077151},"point_estimate":10055.766551909495,"standard_error":1032.6288501844651},"slope":null,"std_dev":{"confidence_interval":{"confidence_level":0.95,"lower_bound":8258.806937414185,"upper_bound":10779.157829772592},"point_estimate":9593.170886286269,"standard_error":645.9842311993852}}