{"mean":{"confidence_interval":{"confidence_level":0.95,"lower_bound":2262972.9641931816,"upper_bound":2296383.4057272724},"point_estimate":2279592.0609090906,"standard_error":8504.39130984764},"median":{"confidence_interval":{"confidence_level":0.95,"lower_bound":2258677.590909091,"upper_bound":2308338.7272727275},"point_estimate":2289258.0454545454,"standard_error":14332.304573369407},"median_abs_dev":{"confidence_interval":{"confidence_level":0.95,"lower_bound":74396.19866681698,"upper_bound":118089.66072621687},"point_estimate":95966.67456897839,"standard_error":11411.510640133467},"slope":null,"std_dev":{"confidence_interval":{"confidence_level":0.95,"lower_bound":75823.98714895012,"upper_bound":93908.96064941124},"point_estimate":85498.64297519467,"standard_error":4593.13516541823}}