{"mean":{"confidence_interval":{"confidence_level":0.95,"lower_bound":1620690.4328484104,"upper_bound":1627420.6782174811},"point_estimate":1623588.586649003,"standard_error":1730.2193491915411},"median":{"confidence_interval":{"confidence_level":0.95,"lower_bound":1618925.1454545455,"upper_bound":1620877.6303191488},"point_estimate":1619661.168831169,"standard_error":519.023687320167},"median_abs_dev":{"confidence_interval":{"confidence_level":0.95,"lower_bound":2933.9277415390984,"upper_bound":5382.2876635566745},"point_estimate":3775.121775900189,"standard_error":639.3111844838091},"slope":{"confidence_interval":{"confidence_level":0.95,"lower_bound":1619915.861993827,"upper_bound":1623371.2368277428},"point_estimate":1621410.0576089849,"standard_error":888.247408581714},"std_dev":{"confidence_interval":{"confidence_level":0.95,"lower_bound":4878.315167266115,"upper_bound":25925.48365789619},"point_estimate":17311.871210745812,"standard_error":5234.230241994664}}