{"mean":{"confidence_interval":{"confidence_level":0.95,"lower_bound":1627708.4542346986,"upper_bound":1635174.4344667115},"point_estimate":1630605.002510536,"standard_error":2001.3522720178119},"median":{"confidence_interval":{"confidence_level":0.95,"lower_bound":1626492.9868421052,"upper_bound":1627747.6538461538},"point_estimate":1627074.1173913043,"standard_error":356.3784109329234},"median_abs_dev":{"confidence_interval":{"confidence_level":0.95,"lower_bound":2667.01764356023,"upper_bound":5285.955652892758},"point_estimate":3696.25795357437,"standard_error":674.9941970675925},"slope":{"confidence_interval":{"confidence_level":0.95,"lower_bound":1625705.2834500393,"upper_bound":1627761.995447981},"point_estimate":1626677.4687926704,"standard_error":525.7248296615807},"std_dev":{"confidence_interval":{"confidence_level":0.95,"lower_bound":5563.1258998772,"upper_bound":33143.424053240255},"point_estimate":20089.79866963711,"standard_error":9163.526019883484}}