{"mean":{"confidence_interval":{"confidence_level":0.95,"lower_bound":6567188.811500001,"upper_bound":6633133.3649375},"point_estimate":6597752.43625,"standard_error":16887.436535613502},"median":{"confidence_interval":{"confidence_level":0.95,"lower_bound":6519899.0625,"upper_bound":6529592.3125},"point_estimate":6524588.5625,"standard_error":2804.403513812945},"median_abs_dev":{"confidence_interval":{"confidence_level":0.95,"lower_bound":11089.19916562736,"upper_bound":24100.77452212572},"point_estimate":17354.203341901302,"standard_error":3500.651984216729},"slope":null,"std_dev":{"confidence_interval":{"confidence_level":0.95,"lower_bound":105660.17212878287,"upper_bound":222760.86340021173},"point_estimate":169590.5683511094,"standard_error":29803.233162113793}}