{"mean":{"confidence_interval":{"confidence_level":0.95,"lower_bound":19818871.31216667,"upper_bound":19826191.99925},"point_estimate":19822154.113333333,"standard_error":1864.098399545357},"median":{"confidence_interval":{"confidence_level":0.95,"lower_bound":19817516.666666668,"upper_bound":19822050.333333332},"point_estimate":19819450.0,"standard_error":1306.1021480091897},"median_abs_dev":{"confidence_interval":{"confidence_level":0.95,"lower_bound":6869.6269780397415,"upper_bound":12552.679777144465},"point_estimate":9898.578724265099,"standard_error":1471.6452909945767},"slope":null,"std_dev":{"confidence_interval":{"confidence_level":0.95,"lower_bound":10447.81972344379,"upper_bound":28092.05232913133},"point_estimate":18820.728176021425,"standard_error":5259.832765765789}}