{"mean":{"confidence_interval":{"confidence_level":0.95,"lower_bound":6547057.5835625,"upper_bound":6599350.91103125},"point_estimate":6571277.05625,"standard_error":13416.505563077577},"median":{"confidence_interval":{"confidence_level":0.95,"lower_bound":6513319.375,"upper_bound":6519163.875},"point_estimate":6515310.375,"standard_error":1381.0481394685175},"median_abs_dev":{"confidence_interval":{"confidence_level":0.95,"lower_bound":5096.808059513569,"upper_bound":13773.35375547409},"point_estimate":7566.634290665388,"standard_error":2025.311650087722},"slope":null,"std_dev":{"confidence_interval":{"confidence_level":0.95,"lower_bound":83780.4998940252,"upper_bound":179421.12880427868},"point_estimate":134826.8577787172,"standard_error":24633.919897924094}}