{"mean":{"confidence_interval":{"confidence_level":0.95,"lower_bound":6609319.907625,"upper_bound":6672443.638812499},"point_estimate":6639071.68625,"standard_error":16051.30754885061},"median":{"confidence_interval":{"confidence_level":0.95,"lower_bound":6567026.875,"upper_bound":6578458.5625},"point_estimate":6573118.4375,"standard_error":2922.592541407192},"median_abs_dev":{"confidence_interval":{"confidence_level":0.95,"lower_bound":13956.98534502648,"upper_bound":27543.64964850247},"point_estimate":21237.132672965527,"standard_error":3522.8886338981356},"slope":null,"std_dev":{"confidence_interval":{"confidence_level":0.95,"lower_bound":110476.36196288101,"upper_bound":203665.72592087262},"point_estimate":161428.81691801315,"standard_error":23841.201425140804}}