{"mean":{"confidence_interval":{"confidence_level":0.95,"lower_bound":19510947.80558333,"upper_bound":19686239.23191667},"point_estimate":19585485.866666675,"standard_error":45380.64512090534},"median":{"confidence_interval":{"confidence_level":0.95,"lower_bound":19498089.0,"upper_bound":19500090.666666668},"point_estimate":19498473.333333336,"standard_error":489.7622793252287},"median_abs_dev":{"confidence_interval":{"confidence_level":0.95,"lower_bound":3137.657211793748,"upper_bound":6078.412792087522},"point_estimate":4621.2641179561615,"standard_error":760.7077052435926},"slope":null,"std_dev":{"confidence_interval":{"confidence_level":0.95,"lower_bound":106790.98677727822,"upper_bound":691630.6152594176},"point_estimate":456459.2815871382,"standard_error":149710.93411051072}}