{"mean":{"confidence_interval":{"confidence_level":0.95,"lower_bound":6556277.379875,"upper_bound":6629991.482812501},"point_estimate":6589914.72,"standard_error":18848.00297665121},"median":{"confidence_interval":{"confidence_level":0.95,"lower_bound":6513546.875,"upper_bound":6515935.625},"point_estimate":6514440.8125,"standard_error":601.7476791678534},"median_abs_dev":{"confidence_interval":{"confidence_level":0.95,"lower_bound":2919.980648159981,"upper_bound":7075.893699377775},"point_estimate":4243.571774661541,"standard_error":1094.2738779637873},"slope":null,"std_dev":{"confidence_interval":{"confidence_level":0.95,"lower_bound":109160.2757530733,"upper_bound":258020.32164059888},"point_estimate":189574.98564383487,"standard_error":38062.910553047586}}