{"mean":{"confidence_interval":{"confidence_level":0.95,"lower_bound":6521652.022093751,"upper_bound":6525141.59425},"point_estimate":6523105.61875,"standard_error":901.9584531156577},"median":{"confidence_interval":{"confidence_level":0.95,"lower_bound":6520765.9375,"upper_bound":6522307.125},"point_estimate":6521411.6875,"standard_error":472.53602637780307},"median_abs_dev":{"confidence_interval":{"confidence_level":0.95,"lower_bound":2791.8284129351377,"upper_bound":4408.696346729994},"point_estimate":3730.1288712769747,"standard_error":401.9034434226268},"slope":null,"std_dev":{"confidence_interval":{"confidence_level":0.95,"lower_bound":3768.700511031879,"upper_bound":14369.007537566498},"point_estimate":9095.625150440621,"standard_error":3361.7031495152664}}