{"mean":{"confidence_interval":{"confidence_level":0.95,"lower_bound":6528902.2924999995,"upper_bound":6559253.70846875},"point_estimate":6542546.88625,"standard_error":7781.221283267089},"median":{"confidence_interval":{"confidence_level":0.95,"lower_bound":6514241.625,"upper_bound":6517401.75},"point_estimate":6515584.625,"standard_error":926.3659028794136},"median_abs_dev":{"confidence_interval":{"confidence_level":0.95,"lower_bound":4325.0221107155085,"upper_bound":8920.43339163065},"point_estimate":6339.134174957871,"standard_error":1220.3073070375317},"slope":null,"std_dev":{"confidence_interval":{"confidence_level":0.95,"lower_bound":36411.820757464186,"upper_bound":109525.69687273509},"point_estimate":78143.69275877773,"standard_error":18112.872314351684}}