{"mean":{"confidence_interval":{"confidence_level":0.95,"lower_bound":6544831.45675,"upper_bound":6597731.873000001},"point_estimate":6569157.0675,"standard_error":13577.961366143505},"median":{"confidence_interval":{"confidence_level":0.95,"lower_bound":6513381.5,"upper_bound":6516931.75},"point_estimate":6514490.375,"standard_error":927.4784823704814},"median_abs_dev":{"confidence_interval":{"confidence_level":0.95,"lower_bound":4659.34840478003,"upper_bound":9896.818136796355},"point_estimate":6296.138775721192,"standard_error":1448.4968126983586},"slope":null,"std_dev":{"confidence_interval":{"confidence_level":0.95,"lower_bound":83191.87015987627,"upper_bound":181788.8397057477},"point_estimate":136361.94955663237,"standard_error":25152.82076891438}}