{"mean":{"confidence_interval":{"confidence_level":0.95,"lower_bound":6548049.59540625,"upper_bound":6625591.32484375},"point_estimate":6582044.9025,"standard_error":20010.058825184547},"median":{"confidence_interval":{"confidence_level":0.95,"lower_bound":6520110.125,"upper_bound":6524680.0625},"point_estimate":6522243.5625,"standard_error":1169.890669262706},"median_abs_dev":{"confidence_interval":{"confidence_level":0.95,"lower_bound":6276.0310135781765,"upper_bound":12791.77991040051},"point_estimate":8794.22706887126,"standard_error":1724.2493294973976},"slope":null,"std_dev":{"confidence_interval":{"confidence_level":0.95,"lower_bound":81433.27603552035,"upper_bound":303028.9092358723},"point_estimate":200884.97788065905,"standard_error":58561.620167624285}}