{"mean":{"confidence_interval":{"confidence_level":0.95,"lower_bound":6524569.90875,"upper_bound":6529677.7635625},"point_estimate":6526826.17875,"standard_error":1313.7327396837582},"median":{"confidence_interval":{"confidence_level":0.95,"lower_bound":6522235.875,"upper_bound":6525276.625},"point_estimate":6523482.125,"standard_error":801.7742838178056},"median_abs_dev":{"confidence_interval":{"confidence_level":0.95,"lower_bound":3772.846283018589,"upper_bound":7163.645085319877},"point_estimate":5793.630047142506,"standard_error":848.7702890860633},"slope":null,"std_dev":{"confidence_interval":{"confidence_level":0.95,"lower_bound":6229.14169063265,"upper_bound":19502.680696795975},"point_estimate":13217.085619151047,"standard_error":3535.0385215870724}}