{"mean":{"confidence_interval":{"confidence_level":0.95,"lower_bound":6576804.7509375,"upper_bound":6662194.114124999},"point_estimate":6617103.38,"standard_error":21783.70813934731},"median":{"confidence_interval":{"confidence_level":0.95,"lower_bound":6519961.875,"upper_bound":6530491.875},"point_estimate":6523666.375,"standard_error":2910.5528543159357},"median_abs_dev":{"confidence_interval":{"confidence_level":0.95,"lower_bound":10495.13988867402,"upper_bound":23128.6545684468},"point_estimate":14984.081958979368,"standard_error":3227.8073254897517},"slope":null,"std_dev":{"confidence_interval":{"confidence_level":0.95,"lower_bound":154010.43038772422,"upper_bound":274826.3092183459},"point_estimate":219373.22686046187,"standard_error":30880.973542279888}}