{"mean":{"confidence_interval":{"confidence_level":0.95,"lower_bound":6568865.88625,"upper_bound":6628090.6010937495},"point_estimate":6596606.99,"standard_error":15166.828516653522},"median":{"confidence_interval":{"confidence_level":0.95,"lower_bound":6523582.125,"upper_bound":6530875.1875},"point_estimate":6525987.0,"standard_error":1737.567419270615},"median_abs_dev":{"confidence_interval":{"confidence_level":0.95,"lower_bound":10736.426084702834,"upper_bound":22077.766858041286},"point_estimate":15755.033945292234,"standard_error":2826.532895664102},"slope":null,"std_dev":{"confidence_interval":{"confidence_level":0.95,"lower_bound":106475.66789715849,"upper_bound":195892.76326743962},"point_estimate":152717.0404138754,"standard_error":23073.502980702746}}