{"mean":{"confidence_interval":{"confidence_level":0.95,"lower_bound":18353738.82933334,"upper_bound":18359049.94150001},"point_estimate":18355968.536666676,"standard_error":1384.747188729571},"median":{"confidence_interval":{"confidence_level":0.95,"lower_bound":18352390.166666668,"upper_bound":18355023.333333332},"point_estimate":18353840.166666668,"standard_error":781.952249460605},"median_abs_dev":{"confidence_interval":{"confidence_level":0.95,"lower_bound":3929.1370302401915,"upper_bound":6696.656981108732},"point_estimate":4991.667011378355,"standard_error":710.6471825122678},"slope":null,"std_dev":{"confidence_interval":{"confidence_level":0.95,"lower_bound":4778.616250179411,"upper_bound":22116.014630007423},"point_estimate":13939.121633131892,"standard_error":5080.106381279431}}