{"mean":{"confidence_interval":{"confidence_level":0.95,"lower_bound":6523332.81875,"upper_bound":6532966.692624999},"point_estimate":6527460.09875,"standard_error":2492.0303866009917},"median":{"confidence_interval":{"confidence_level":0.95,"lower_bound":6521228.125,"upper_bound":6523156.75},"point_estimate":6522237.1875,"standard_error":482.8345816098705},"median_abs_dev":{"confidence_interval":{"confidence_level":0.95,"lower_bound":3145.706494152546,"upper_bound":5425.396228367461},"point_estimate":4244.49839964509,"standard_error":593.4815314035799},"slope":null,"std_dev":{"confidence_interval":{"confidence_level":0.95,"lower_bound":6827.333502878882,"upper_bound":38464.86521685389},"point_estimate":25030.778420514587,"standard_error":7838.8681994683375}}