{"mean":{"confidence_interval":{"confidence_level":0.95,"lower_bound":19492718.126166668,"upper_bound":19495800.436500005},"point_estimate":19494019.09333334,"standard_error":792.5753842337185},"median":{"confidence_interval":{"confidence_level":0.95,"lower_bound":19492026.333333332,"upper_bound":19493609.666666668},"point_estimate":19492793.0,"standard_error":433.937637543935},"median_abs_dev":{"confidence_interval":{"confidence_level":0.95,"lower_bound":2323.227981249166,"upper_bound":4175.495725873814},"point_estimate":3163.1270438432693,"standard_error":460.3475500194932},"slope":null,"std_dev":{"confidence_interval":{"confidence_level":0.95,"lower_bound":3460.8417516273066,"upper_bound":12563.956014317684},"point_estimate":8025.830385738817,"standard_error":2801.477452400735}}