{"mean":{"confidence_interval":{"confidence_level":0.95,"lower_bound":21950638.137083333,"upper_bound":21981628.392000005},"point_estimate":21966422.573333334,"standard_error":7914.758381026627},"median":{"confidence_interval":{"confidence_level":0.95,"lower_bound":21978015.833333336,"upper_bound":22009183.0},"point_estimate":21994406.5,"standard_error":10100.757441929141},"median_abs_dev":{"confidence_interval":{"confidence_level":0.95,"lower_bound":34583.62118601615,"upper_bound":78259.60176311394},"point_estimate":55139.3756210804,"standard_error":12080.207854281794},"slope":null,"std_dev":{"confidence_interval":{"confidence_level":0.95,"lower_bound":66682.37708463096,"upper_bound":90319.88267434103},"point_estimate":79412.56895564352,"standard_error":6017.191041970959}}