{"mean":{"confidence_interval":{"confidence_level":0.95,"lower_bound":19813181.125166666,"upper_bound":19818435.49833333},"point_estimate":19815839.65666667,"standard_error":1340.935211899515},"median":{"confidence_interval":{"confidence_level":0.95,"lower_bound":19812867.666666668,"upper_bound":19818601.666666668},"point_estimate":19816317.5,"standard_error":1759.1843991970331},"median_abs_dev":{"confidence_interval":{"confidence_level":0.95,"lower_bound":7956.372758746147,"upper_bound":13294.72106397336},"point_estimate":10502.49111354443,"standard_error":1327.95186255014},"slope":null,"std_dev":{"confidence_interval":{"confidence_level":0.95,"lower_bound":11082.822242234972,"upper_bound":15701.135507153753},"point_estimate":13512.276555800543,"standard_error":1179.8440740540261}}