{"mean":{"confidence_interval":{"confidence_level":0.95,"lower_bound":170048036.3095,"upper_bound":170278030.6645},"point_estimate":170159531.12,"standard_error":58509.24379695998},"median":{"confidence_interval":{"confidence_level":0.95,"lower_bound":169919623.0,"upper_bound":170205396.0},"point_estimate":170078711.5,"standard_error":78304.17264241834},"median_abs_dev":{"confidence_interval":{"confidence_level":0.95,"lower_bound":387492.5515106321,"upper_bound":630779.571801424},"point_estimate":515570.4343467951,"standard_error":63375.36769698345},"slope":null,"std_dev":{"confidence_interval":{"confidence_level":0.95,"lower_bound":464955.84550111863,"upper_bound":719831.952184543},"point_estimate":588042.0235120849,"standard_error":66313.93815917219}}