{"mean":{"confidence_interval":{"confidence_level":0.95,"lower_bound":168287511.183,"upper_bound":170964569.945},"point_estimate":169623217.33,"standard_error":686570.1410980045},"median":{"confidence_interval":{"confidence_level":0.95,"lower_bound":168150154.0,"upper_bound":171284362.0},"point_estimate":169536472.0,"standard_error":835889.9891754233},"median_abs_dev":{"confidence_interval":{"confidence_level":0.95,"lower_bound":5882273.216968775,"upper_bound":8857203.467953205},"point_estimate":7515349.674975872,"standard_error":754896.0607593704},"slope":null,"std_dev":{"confidence_interval":{"confidence_level":0.95,"lower_bound":5921161.920173989,"upper_bound":7838125.899075235},"point_estimate":6902040.270668899,"standard_error":487578.6727591677}}