{"mean":{"confidence_interval":{"confidence_level":0.95,"lower_bound":29975526.287499998,"upper_bound":30356614.710125},"point_estimate":30167899.72,"standard_error":97337.74545118185},"median":{"confidence_interval":{"confidence_level":0.95,"lower_bound":29966244.0,"upper_bound":30431143.0},"point_estimate":30388693.5,"standard_error":84658.34592223873},"median_abs_dev":{"confidence_interval":{"confidence_level":0.95,"lower_bound":576706.1855614185,"upper_bound":908197.0442412785},"point_estimate":856689.2601907253,"standard_error":86937.79501243915},"slope":null,"std_dev":{"confidence_interval":{"confidence_level":0.95,"lower_bound":765453.4334247421,"upper_bound":1188470.2744936768},"point_estimate":979875.721722182,"standard_error":107886.32281500853}}