{"mean":{"confidence_interval":{"confidence_level":0.95,"lower_bound":26905126.79275,"upper_bound":27149901.75375},"point_estimate":27030040.2,"standard_error":62302.179242094564},"median":{"confidence_interval":{"confidence_level":0.95,"lower_bound":27001744.5,"upper_bound":27203020.5},"point_estimate":27071466.5,"standard_error":58421.818552721175},"median_abs_dev":{"confidence_interval":{"confidence_level":0.95,"lower_bound":549750.2941399813,"upper_bound":816730.9670001268},"point_estimate":724357.5756400824,"standard_error":70152.70749629426},"slope":null,"std_dev":{"confidence_interval":{"confidence_level":0.95,"lower_bound":528238.998776761,"upper_bound":716280.2090906978},"point_estimate":627919.6840486792,"standard_error":48075.44793537385}}