{"mean":{"confidence_interval":{"confidence_level":0.95,"lower_bound":111676214.23050001,"upper_bound":111784618.07249999},"point_estimate":111727700.5,"standard_error":27715.533976562772},"median":{"confidence_interval":{"confidence_level":0.95,"lower_bound":111612219.0,"upper_bound":111721603.5},"point_estimate":111677531.0,"standard_error":24190.290598618336},"median_abs_dev":{"confidence_interval":{"confidence_level":0.95,"lower_bound":170818.49726736546,"upper_bound":294823.90036582947},"point_estimate":221855.5187612772,"standard_error":32243.24749343371},"slope":null,"std_dev":{"confidence_interval":{"confidence_level":0.95,"lower_bound":204228.14329109812,"upper_bound":364436.1515874854},"point_estimate":279001.12007684004,"standard_error":43987.93983115894}}