{"mean":{"confidence_interval":{"confidence_level":0.95,"lower_bound":111982637.41075,"upper_bound":112207342.03025},"point_estimate":112090865.71,"standard_error":57482.694771705064},"median":{"confidence_interval":{"confidence_level":0.95,"lower_bound":111759568.5,"upper_bound":112108239.5},"point_estimate":111858557.5,"standard_error":87576.39451827435},"median_abs_dev":{"confidence_interval":{"confidence_level":0.95,"lower_bound":297299.8423218727,"upper_bound":710407.7924877405},"point_estimate":495951.1888951063,"standard_error":106545.97047963401},"slope":null,"std_dev":{"confidence_interval":{"confidence_level":0.95,"lower_bound":472845.99113173183,"upper_bound":702153.9429478757},"point_estimate":577154.7233147199,"standard_error":61662.1844641005}}