{"mean":{"confidence_interval":{"confidence_level":0.95,"lower_bound":179436835.58875,"upper_bound":179615640.5105},"point_estimate":179525665.09,"standard_error":45698.99126463119},"median":{"confidence_interval":{"confidence_level":0.95,"lower_bound":179430874.0,"upper_bound":179611124.0},"point_estimate":179547948.5,"standard_error":44455.08349262356},"median_abs_dev":{"confidence_interval":{"confidence_level":0.95,"lower_bound":344854.23647761345,"upper_bound":585062.1190130711},"point_estimate":477477.25192308426,"standard_error":59809.93889510648},"slope":null,"std_dev":{"confidence_interval":{"confidence_level":0.95,"lower_bound":387415.4230354347,"upper_bound":521687.5529879192},"point_estimate":456924.18105018884,"standard_error":34144.97968016026}}