{"mean":{"confidence_interval":{"confidence_level":0.95,"lower_bound":181975528.319,"upper_bound":183700266.59925},"point_estimate":182814878.7,"standard_error":440232.6482121578},"median":{"confidence_interval":{"confidence_level":0.95,"lower_bound":181155055.0,"upper_bound":182840475.0},"point_estimate":181978565.0,"standard_error":389012.9615371758},"median_abs_dev":{"confidence_interval":{"confidence_level":0.95,"lower_bound":2884264.8147940636,"upper_bound":4932737.6160264015},"point_estimate":4212409.747114778,"standard_error":529691.0602818624},"slope":null,"std_dev":{"confidence_interval":{"confidence_level":0.95,"lower_bound":3608896.115117563,"upper_bound":5191813.897329392},"point_estimate":4419118.066883146,"standard_error":405657.7134480546}}