{"mean":{"confidence_interval":{"confidence_level":0.95,"lower_bound":179376014.45525,"upper_bound":179606069.341},"point_estimate":179490496.89,"standard_error":58819.86590755783},"median":{"confidence_interval":{"confidence_level":0.95,"lower_bound":179374635.5,"upper_bound":179631814.0},"point_estimate":179471987.0,"standard_error":61605.976058200125},"median_abs_dev":{"confidence_interval":{"confidence_level":0.95,"lower_bound":431746.4557349682,"upper_bound":723415.3833568096},"point_estimate":597238.7125968933,"standard_error":73700.12628252727},"slope":null,"std_dev":{"confidence_interval":{"confidence_level":0.95,"lower_bound":506602.7109350411,"upper_bound":668334.1003319374},"point_estimate":591270.9793619455,"standard_error":41526.63133132054}}