{"mean":{"confidence_interval":{"confidence_level":0.95,"lower_bound":203772151.5,"upper_bound":205219351.2495},"point_estimate":204492154.49,"standard_error":370213.02472524176},"median":{"confidence_interval":{"confidence_level":0.95,"lower_bound":203685987.0,"upper_bound":205022471.0},"point_estimate":204354229.0,"standard_error":365161.6947168738},"median_abs_dev":{"confidence_interval":{"confidence_level":0.95,"lower_bound":2482916.1063194275,"upper_bound":4837654.031914473},"point_estimate":3651870.572966337,"standard_error":585859.3050438259},"slope":null,"std_dev":{"confidence_interval":{"confidence_level":0.95,"lower_bound":3229109.8395597073,"upper_bound":4161314.879480922},"point_estimate":3721722.6279500434,"standard_error":236347.6696682494}}