{"mean":{"confidence_interval":{"confidence_level":0.95,"lower_bound":30517188.259499997,"upper_bound":30759593.169},"point_estimate":30642514.33,"standard_error":62029.13675318555},"median":{"confidence_interval":{"confidence_level":0.95,"lower_bound":30547394.25,"upper_bound":31068842.0},"point_estimate":30798040.5,"standard_error":199128.23814756246},"median_abs_dev":{"confidence_interval":{"confidence_level":0.95,"lower_bound":211809.42133963108,"upper_bound":806606.2917798758},"point_estimate":464882.56514668465,"standard_error":187400.5909688699},"slope":null,"std_dev":{"confidence_interval":{"confidence_level":0.95,"lower_bound":498878.69940213335,"upper_bound":741109.0216622705},"point_estimate":625691.8455123962,"standard_error":62055.91727594944}}