{"mean":{"confidence_interval":{"confidence_level":0.95,"lower_bound":111900010.74875,"upper_bound":112129968.81075001},"point_estimate":112007354.06,"standard_error":59096.92798829064},"median":{"confidence_interval":{"confidence_level":0.95,"lower_bound":111806086.0,"upper_bound":111896815.0},"point_estimate":111853853.5,"standard_error":23726.7995195578},"median_abs_dev":{"confidence_interval":{"confidence_level":0.95,"lower_bound":142777.34266519547,"upper_bound":254577.2414803505},"point_estimate":203946.45237922668,"standard_error":30277.6615305687},"slope":null,"std_dev":{"confidence_interval":{"confidence_level":0.95,"lower_bound":377868.45185685746,"upper_bound":765552.8843880425},"point_estimate":591507.6229826307,"standard_error":99131.04529463564}}