{"mean":{"confidence_interval":{"confidence_level":0.95,"lower_bound":112024525.24975,"upper_bound":112291698.67},"point_estimate":112153496.64,"standard_error":67967.1729017879},"median":{"confidence_interval":{"confidence_level":0.95,"lower_bound":111775884.0,"upper_bound":111982729.0},"point_estimate":111854345.0,"standard_error":50863.317325764845},"median_abs_dev":{"confidence_interval":{"confidence_level":0.95,"lower_bound":253570.48196822405,"upper_bound":569362.7381642904},"point_estimate":343821.6055959463,"standard_error":74711.91761892974},"slope":null,"std_dev":{"confidence_interval":{"confidence_level":0.95,"lower_bound":564764.1887425777,"upper_bound":780714.2666468244},"point_estimate":682596.6299380906,"standard_error":55256.77074798723}}