{"mean":{"confidence_interval":{"confidence_level":0.95,"lower_bound":-0.08548878065717133,"upper_bound":-0.08191592559365413},"point_estimate":-0.08366599217739268,"standard_error":0.0009011644752267387},"median":{"confidence_interval":{"confidence_level":0.95,"lower_bound":-0.08400037496465027,"upper_bound":-0.07970981263541699},"point_estimate":-0.08073313572124308,"standard_error":0.0011713243218299143}}