{"mean":{"confidence_interval":{"confidence_level":0.95,"lower_bound":6861213.06628125,"upper_bound":6876340.236562501},"point_estimate":6868365.23,"standard_error":3857.1414633423465},"median":{"confidence_interval":{"confidence_level":0.95,"lower_bound":6856244.5625,"upper_bound":6866557.125},"point_estimate":6862537.125,"standard_error":2151.472652870971},"median_abs_dev":{"confidence_interval":{"confidence_level":0.95,"lower_bound":20370.460325852036,"upper_bound":36944.908744096756},"point_estimate":29872.999532148242,"standard_error":4123.48101406705},"slope":null,"std_dev":{"confidence_interval":{"confidence_level":0.95,"lower_bound":27244.69018896327,"upper_bound":51615.78528618827},"point_estimate":38631.413799460075,"standard_error":6767.692071368821}}