{"mean":{"confidence_interval":{"confidence_level":0.95,"lower_bound":6980920.8239285685,"upper_bound":6997652.708999998},"point_estimate":6989091.71,"standard_error":4256.771155978477},"median":{"confidence_interval":{"confidence_level":0.95,"lower_bound":6972628.0,"upper_bound":6991271.0},"point_estimate":6986178.071428571,"standard_error":5555.483915811165},"median_abs_dev":{"confidence_interval":{"confidence_level":0.95,"lower_bound":27534.211311169933,"upper_bound":49329.59052922457},"point_estimate":37817.63062860196,"standard_error":5780.932878887744},"slope":null,"std_dev":{"confidence_interval":{"confidence_level":0.95,"lower_bound":34785.7465073343,"upper_bound":50071.61202761378},"point_estimate":42863.1281360818,"standard_error":3911.5519830525773}}