{"mean":{"confidence_interval":{"confidence_level":0.95,"lower_bound":5384112.261388889,"upper_bound":5409859.107750002},"point_estimate":5395974.297777778,"standard_error":6597.4048713646025},"median":{"confidence_interval":{"confidence_level":0.95,"lower_bound":5374586.444444444,"upper_bound":5389609.888888889},"point_estimate":5380622.166666666,"standard_error":3986.97421633911},"median_abs_dev":{"confidence_interval":{"confidence_level":0.95,"lower_bound":28610.225892067876,"upper_bound":48252.28691001702},"point_estimate":38534.66774920515,"standard_error":5067.1071880974305},"slope":null,"std_dev":{"confidence_interval":{"confidence_level":0.95,"lower_bound":39019.47568034999,"upper_bound":93711.79105227182},"point_estimate":66612.3113426995,"standard_error":14585.398004889792}}