{"mean":{"confidence_interval":{"confidence_level":0.95,"lower_bound":7062262.968535713,"upper_bound":7084324.268714283},"point_estimate":7072925.535714285,"standard_error":5634.878451649495},"median":{"confidence_interval":{"confidence_level":0.95,"lower_bound":7053486.857142857,"upper_bound":7078322.571428572},"point_estimate":7063508.285714285,"standard_error":6520.86119238986},"median_abs_dev":{"confidence_interval":{"confidence_level":0.95,"lower_bound":36916.73934459686,"upper_bound":58594.474254739536},"point_estimate":49952.92321315863,"standard_error":5509.497228644887},"slope":null,"std_dev":{"confidence_interval":{"confidence_level":0.95,"lower_bound":44281.12192589605,"upper_bound":68714.0365527134},"point_estimate":56570.777409167196,"standard_error":6262.546021285857}}