{"mean":{"confidence_interval":{"confidence_level":0.95,"lower_bound":5326762.069111113,"upper_bound":5347609.086250001},"point_estimate":5336716.960000003,"standard_error":5316.89857616953},"median":{"confidence_interval":{"confidence_level":0.95,"lower_bound":5310010.888888889,"upper_bound":5322050.611111112},"point_estimate":5315348.611111111,"standard_error":3100.601094848102},"median_abs_dev":{"confidence_interval":{"confidence_level":0.95,"lower_bound":16943.64669919037,"upper_bound":36803.73227993609},"point_estimate":28812.930255134823,"standard_error":5447.557067559561},"slope":null,"std_dev":{"confidence_interval":{"confidence_level":0.95,"lower_bound":40942.59453528499,"upper_bound":63904.250923847365},"point_estimate":53328.86623347368,"standard_error":5885.733305183589}}