{"mean":{"confidence_interval":{"confidence_level":0.95,"lower_bound":5380032.16286111,"upper_bound":5435729.663611112},"point_estimate":5401916.354444447,"standard_error":14767.944164162758},"median":{"confidence_interval":{"confidence_level":0.95,"lower_bound":5362237.555555556,"upper_bound":5398903.111111111},"point_estimate":5383473.166666667,"standard_error":10577.960851087708},"median_abs_dev":{"confidence_interval":{"confidence_level":0.95,"lower_bound":42357.13994800906,"upper_bound":70210.41618685027},"point_estimate":57242.031850417836,"standard_error":7302.536811019976},"slope":null,"std_dev":{"confidence_interval":{"confidence_level":0.95,"lower_bound":46524.67744985003,"upper_bound":244134.190103478},"point_estimate":148572.94729925468,"standard_error":66471.51233676392}}