{"mean":{"confidence_interval":{"confidence_level":0.95,"lower_bound":5052900.56805,"upper_bound":5069460.608825001},"point_estimate":5060403.887999999,"standard_error":4235.50703641037},"median":{"confidence_interval":{"confidence_level":0.95,"lower_bound":5046042.15,"upper_bound":5054922.75},"point_estimate":5048474.35,"standard_error":2118.8494218691644},"median_abs_dev":{"confidence_interval":{"confidence_level":0.95,"lower_bound":12731.753143966474,"upper_bound":21736.249954103594},"point_estimate":15852.181308568077,"standard_error":2254.3587923352247},"slope":null,"std_dev":{"confidence_interval":{"confidence_level":0.95,"lower_bound":23890.69539892617,"upper_bound":57103.266595817484},"point_estimate":42370.74449936368,"standard_error":8519.756104864155}}