{"mean":{"confidence_interval":{"confidence_level":0.95,"lower_bound":5173441.182000002,"upper_bound":5183530.289999998},"point_estimate":5178078.674000001,"standard_error":2566.9613532207586},"median":{"confidence_interval":{"confidence_level":0.95,"lower_bound":5169226.8,"upper_bound":5179505.8},"point_estimate":5174967.85,"standard_error":2808.5691193252696},"median_abs_dev":{"confidence_interval":{"confidence_level":0.95,"lower_bound":12637.682175636292,"upper_bound":20031.92715436303},"point_estimate":16967.467138766413,"standard_error":1923.1831321889758},"slope":null,"std_dev":{"confidence_interval":{"confidence_level":0.95,"lower_bound":15073.633684970084,"upper_bound":35781.20885356896},"point_estimate":25782.366107558177,"standard_error":5437.924176378709}}