{"mean":{"confidence_interval":{"confidence_level":0.95,"lower_bound":5174098.620944446,"upper_bound":5202527.724444445},"point_estimate":5186113.134444446,"standard_error":7368.141663068709},"median":{"confidence_interval":{"confidence_level":0.95,"lower_bound":5167779.444444444,"upper_bound":5177632.444444444},"point_estimate":5171167.388888889,"standard_error":2556.553369462255},"median_abs_dev":{"confidence_interval":{"confidence_level":0.95,"lower_bound":13974.904985229941,"upper_bound":23085.069990158543},"point_estimate":16885.99003354716,"standard_error":2328.088781578757},"slope":null,"std_dev":{"confidence_interval":{"confidence_level":0.95,"lower_bound":28342.47214693265,"upper_bound":116605.1629488101},"point_estimate":74509.99628113005,"standard_error":25989.55076985222}}