{"mean":{"confidence_interval":{"confidence_level":0.95,"lower_bound":5171205.424125001,"upper_bound":5183878.287575001},"point_estimate":5176950.441000002,"standard_error":3251.7351571585627},"median":{"confidence_interval":{"confidence_level":0.95,"lower_bound":5167881.95,"upper_bound":5173629.1},"point_estimate":5170945.1,"standard_error":1777.4302890217607},"median_abs_dev":{"confidence_interval":{"confidence_level":0.95,"lower_bound":10082.124601006231,"upper_bound":20516.96529550103},"point_estimate":13749.483895898418,"standard_error":2657.104455964216},"slope":null,"std_dev":{"confidence_interval":{"confidence_level":0.95,"lower_bound":16099.956652770185,"upper_bound":45346.61777679761},"point_estimate":32846.740680077586,"standard_error":7188.580034127455}}