{"mean":{"confidence_interval":{"confidence_level":0.95,"lower_bound":8151888.016625,"upper_bound":8206939.5595},"point_estimate":8179125.2716666665,"standard_error":14032.292768817886},"median":{"confidence_interval":{"confidence_level":0.95,"lower_bound":8144346.75,"upper_bound":8217279.166666667},"point_estimate":8184386.833333334,"standard_error":17481.854524406262},"median_abs_dev":{"confidence_interval":{"confidence_level":0.95,"lower_bound":113149.18834120058,"upper_bound":194360.70224940777},"point_estimate":154786.4024519934,"standard_error":21869.54890482166},"slope":null,"std_dev":{"confidence_interval":{"confidence_level":0.95,"lower_bound":123257.49265630436,"upper_bound":158197.13402224533},"point_estimate":141700.95017916322,"standard_error":8917.417681108936}}