{"mean":{"confidence_interval":{"confidence_level":0.95,"lower_bound":7065330.170571426,"upper_bound":7086134.406214284},"point_estimate":7075517.872857141,"standard_error":5323.057872044235},"median":{"confidence_interval":{"confidence_level":0.95,"lower_bound":7051138.642857143,"upper_bound":7081866.142857143},"point_estimate":7058881.285714285,"standard_error":7087.475439640392},"median_abs_dev":{"confidence_interval":{"confidence_level":0.95,"lower_bound":38357.61471901641,"upper_bound":67224.47160652665},"point_estimate":45992.686883466384,"standard_error":7691.635763489335},"slope":null,"std_dev":{"confidence_interval":{"confidence_level":0.95,"lower_bound":45661.16396439933,"upper_bound":60332.61534657432},"point_estimate":53357.149339579766,"standard_error":3741.753547073134}}