{"mean":{"confidence_interval":{"confidence_level":0.95,"lower_bound":15740687.8598125,"upper_bound":15807191.39725},"point_estimate":15773415.16,"standard_error":16963.78977727767},"median":{"confidence_interval":{"confidence_level":0.95,"lower_bound":15734229.75,"upper_bound":15814980.75},"point_estimate":15773230.125,"standard_error":20580.09707407431},"median_abs_dev":{"confidence_interval":{"confidence_level":0.95,"lower_bound":118163.85727342225,"upper_bound":201635.03268901233},"point_estimate":166590.67811742425,"standard_error":20791.80607415716},"slope":null,"std_dev":{"confidence_interval":{"confidence_level":0.95,"lower_bound":142614.66907768618,"upper_bound":195603.90079445735},"point_estimate":170355.1727288918,"standard_error":13522.427789821226}}