{"mean":{"confidence_interval":{"confidence_level":0.95,"lower_bound":65966335.16,"upper_bound":66357577.875999995},"point_estimate":66154998.53,"standard_error":99572.02350588812},"median":{"confidence_interval":{"confidence_level":0.95,"lower_bound":65727041.0,"upper_bound":66335857.0},"point_estimate":65982963.5,"standard_error":162177.78917487344},"median_abs_dev":{"confidence_interval":{"confidence_level":0.95,"lower_bound":670972.1157878637,"upper_bound":1084529.2937457561},"point_estimate":867687.9280954599,"standard_error":98452.74773222614},"slope":null,"std_dev":{"confidence_interval":{"confidence_level":0.95,"lower_bound":790154.0632580328,"upper_bound":1222605.6439255357},"point_estimate":999049.4844616557,"standard_error":113097.03344534893}}