{"mean":{"confidence_interval":{"confidence_level":0.95,"lower_bound":66956052.64,"upper_bound":67958639.12},"point_estimate":67408595.0,"standard_error":257818.00389938004},"median":{"confidence_interval":{"confidence_level":0.95,"lower_bound":66691043.0,"upper_bound":67031729.0},"point_estimate":66818414.5,"standard_error":85466.93571599384},"median_abs_dev":{"confidence_interval":{"confidence_level":0.95,"lower_bound":485314.2753839493,"upper_bound":805434.2965006828},"point_estimate":622936.6179406643,"standard_error":82607.2412868849},"slope":null,"std_dev":{"confidence_interval":{"confidence_level":0.95,"lower_bound":1201305.0726694895,"upper_bound":3642545.13755443},"point_estimate":2602368.624881121,"standard_error":609482.8474367544}}