{"mean":{"confidence_interval":{"confidence_level":0.95,"lower_bound":66847756.35175,"upper_bound":67045859.1065},"point_estimate":66946028.43,"standard_error":50478.7536896017},"median":{"confidence_interval":{"confidence_level":0.95,"lower_bound":66835113.0,"upper_bound":66988636.5},"point_estimate":66926826.5,"standard_error":40037.17136892187},"median_abs_dev":{"confidence_interval":{"confidence_level":0.95,"lower_bound":306631.32655620575,"upper_bound":622212.3678535223},"point_estimate":474395.6678777933,"standard_error":80347.17604686433},"slope":null,"std_dev":{"confidence_interval":{"confidence_level":0.95,"lower_bound":434436.0998631899,"upper_bound":575042.187684496},"point_estimate":508149.80912610213,"standard_error":35908.13838655514}}