{"mean":{"confidence_interval":{"confidence_level":0.95,"lower_bound":65887307.94,"upper_bound":66201454.660000004},"point_estimate":66039183.14,"standard_error":80703.6519302371},"median":{"confidence_interval":{"confidence_level":0.95,"lower_bound":65607135.0,"upper_bound":66098237.5},"point_estimate":65917573.0,"standard_error":127719.95205011891},"median_abs_dev":{"confidence_interval":{"confidence_level":0.95,"lower_bound":549674.6815413237,"upper_bound":958731.4272791147},"point_estimate":772531.6965848207,"standard_error":108401.78080636275},"slope":null,"std_dev":{"confidence_interval":{"confidence_level":0.95,"lower_bound":650221.3457541012,"upper_bound":969604.2282233371},"point_estimate":812511.8368631612,"standard_error":81910.54413786516}}