{"mean":{"confidence_interval":{"confidence_level":0.95,"lower_bound":52532.003281677404,"upper_bound":52746.12676349185},"point_estimate":52637.81132345865,"standard_error":54.85319180791558},"median":{"confidence_interval":{"confidence_level":0.95,"lower_bound":52480.62995113169,"upper_bound":52760.77777777778},"point_estimate":52582.82621082621,"standard_error":70.5313707884193},"median_abs_dev":{"confidence_interval":{"confidence_level":0.95,"lower_bound":415.46379518814626,"upper_bound":662.2299799758499},"point_estimate":527.2335815619355,"standard_error":63.35796360985665},"slope":{"confidence_interval":{"confidence_level":0.95,"lower_bound":52439.712860259206,"upper_bound":52648.51144436867},"point_estimate":52541.43070390621,"standard_error":53.312427806536085},"std_dev":{"confidence_interval":{"confidence_level":0.95,"lower_bound":451.03501477175996,"upper_bound":649.8724478502203},"point_estimate":551.8369316986576,"standard_error":51.13351077133035}}