{"mean":{"confidence_interval":{"confidence_level":0.95,"lower_bound":15702.704135256483,"upper_bound":15821.943854284988},"point_estimate":15762.244925790932,"standard_error":30.47529031516293},"median":{"confidence_interval":{"confidence_level":0.95,"lower_bound":15759.71875,"upper_bound":15867.513524669776},"point_estimate":15827.105725623584,"standard_error":30.207916355807463},"median_abs_dev":{"confidence_interval":{"confidence_level":0.95,"lower_bound":151.04145260917537,"upper_bound":294.12475999882935},"point_estimate":203.0906038944214,"standard_error":35.71641714127406},"slope":{"confidence_interval":{"confidence_level":0.95,"lower_bound":15848.660915332002,"upper_bound":15922.837612468458},"point_estimate":15885.965799098567,"standard_error":18.828609086440917},"std_dev":{"confidence_interval":{"confidence_level":0.95,"lower_bound":242.1532868111322,"upper_bound":368.3196592048642},"point_estimate":304.59305406993815,"standard_error":32.440594649086805}}