{"mean":{"confidence_interval":{"confidence_level":0.95,"lower_bound":15198.701157720643,"upper_bound":15284.63447530971},"point_estimate":15238.327233920594,"standard_error":22.08726757715401},"median":{"confidence_interval":{"confidence_level":0.95,"lower_bound":15178.837612387611,"upper_bound":15215.197368421053},"point_estimate":15193.915292353824,"standard_error":8.260410819222558},"median_abs_dev":{"confidence_interval":{"confidence_level":0.95,"lower_bound":60.6636485382984,"upper_bound":118.45789339244698},"point_estimate":83.20047416362289,"standard_error":14.53258702802881},"slope":{"confidence_interval":{"confidence_level":0.95,"lower_bound":15193.735829295692,"upper_bound":15300.564990490386},"point_estimate":15238.555535687898,"standard_error":27.725855083583937},"std_dev":{"confidence_interval":{"confidence_level":0.95,"lower_bound":130.88663538149748,"upper_bound":300.27987662693397},"point_estimate":221.17281744266344,"standard_error":43.40363124120251}}