{"mean":{"confidence_interval":{"confidence_level":0.95,"lower_bound":14829.470562552604,"upper_bound":14926.711488978872},"point_estimate":14869.304609997569,"standard_error":25.432346516027035},"median":{"confidence_interval":{"confidence_level":0.95,"lower_bound":14815.111111111111,"upper_bound":14839.568027210884},"point_estimate":14826.458009681413,"standard_error":6.494913173026181},"median_abs_dev":{"confidence_interval":{"confidence_level":0.95,"lower_bound":37.857975948890385,"upper_bound":62.341345617215914},"point_estimate":48.50501006478969,"standard_error":6.229527755576256},"slope":{"confidence_interval":{"confidence_level":0.95,"lower_bound":14831.147323965846,"upper_bound":14881.874956911175},"point_estimate":14852.952553732985,"standard_error":13.093865163610781},"std_dev":{"confidence_interval":{"confidence_level":0.95,"lower_bound":68.98284466547325,"upper_bound":413.90839021740163},"point_estimate":256.96069938012334,"standard_error":101.56953426933576}}