{"mean":{"confidence_interval":{"confidence_level":0.95,"lower_bound":35625.80530085617,"upper_bound":35668.64100622783},"point_estimate":35644.737406060885,"standard_error":11.00643281801589},"median":{"confidence_interval":{"confidence_level":0.95,"lower_bound":35627.49315619968,"upper_bound":35646.04421768708},"point_estimate":35637.362134502924,"standard_error":4.782344939254603},"median_abs_dev":{"confidence_interval":{"confidence_level":0.95,"lower_bound":34.54373763773318,"upper_bound":70.2141468232419},"point_estimate":52.639018451438126,"standard_error":9.253684006514627},"slope":{"confidence_interval":{"confidence_level":0.95,"lower_bound":35634.99788142744,"upper_bound":35647.647069634404},"point_estimate":35641.26530564997,"standard_error":3.2329478073620157},"std_dev":{"confidence_interval":{"confidence_level":0.95,"lower_bound":55.884058128048856,"upper_bound":162.79588979849214},"point_estimate":109.66681530670174,"standard_error":30.11930901847585}}