{"mean":{"confidence_interval":{"confidence_level":0.95,"lower_bound":14866.843889134148,"upper_bound":14970.78973641738},"point_estimate":14908.962071050108,"standard_error":27.202512057816644},"median":{"confidence_interval":{"confidence_level":0.95,"lower_bound":14843.378684807256,"upper_bound":14866.901049667178},"point_estimate":14858.5376984127,"standard_error":5.954051209158087},"median_abs_dev":{"confidence_interval":{"confidence_level":0.95,"lower_bound":37.06640173833003,"upper_bound":62.606664586187996},"point_estimate":50.08383522194732,"standard_error":6.6558307545672974},"slope":{"confidence_interval":{"confidence_level":0.95,"lower_bound":14879.859850902221,"upper_bound":15116.712391337118},"point_estimate":14966.6216544341,"standard_error":65.7677642608138},"std_dev":{"confidence_interval":{"confidence_level":0.95,"lower_bound":74.43042604969229,"upper_bound":444.57587882924173},"point_estimate":274.440057499742,"standard_error":110.4751770917994}}