{"mean":{"confidence_interval":{"confidence_level":0.95,"lower_bound":15117.720838509667,"upper_bound":15176.641831287307},"point_estimate":15144.897691592989,"standard_error":15.104538877411501},"median":{"confidence_interval":{"confidence_level":0.95,"lower_bound":15108.302941176471,"upper_bound":15137.5515625},"point_estimate":15122.552154802745,"standard_error":7.913223492791175},"median_abs_dev":{"confidence_interval":{"confidence_level":0.95,"lower_bound":55.87196545837997,"upper_bound":97.09342229618102},"point_estimate":80.4535337249211,"standard_error":10.52116516780827},"slope":{"confidence_interval":{"confidence_level":0.95,"lower_bound":15114.47591113494,"upper_bound":15147.949562051532},"point_estimate":15130.919030589626,"standard_error":8.519445139853675},"std_dev":{"confidence_interval":{"confidence_level":0.95,"lower_bound":85.2952990837912,"upper_bound":210.49458593332037},"point_estimate":152.04421073704728,"standard_error":32.560890714666655}}