{"mean":{"confidence_interval":{"confidence_level":0.95,"lower_bound":15139.422386283826,"upper_bound":15370.665529990756},"point_estimate":15238.841606847553,"standard_error":59.702628549956515},"median":{"confidence_interval":{"confidence_level":0.95,"lower_bound":15088.042725610843,"upper_bound":15140.338607594937},"point_estimate":15118.307305194805,"standard_error":13.804206991076793},"median_abs_dev":{"confidence_interval":{"confidence_level":0.95,"lower_bound":60.985249663042424,"upper_bound":112.78710822490042},"point_estimate":79.3938391436186,"standard_error":12.835836826351201},"slope":{"confidence_interval":{"confidence_level":0.95,"lower_bound":15115.087947335789,"upper_bound":15191.618032471068},"point_estimate":15149.121069159155,"standard_error":19.551169726479202},"std_dev":{"confidence_interval":{"confidence_level":0.95,"lower_bound":216.99073274677534,"upper_bound":919.6480046311897},"point_estimate":598.9414190106664,"standard_error":189.32353645369201}}