{"mean":{"confidence_interval":{"confidence_level":0.95,"lower_bound":35663.3341878718,"upper_bound":35696.151240315965},"point_estimate":35678.77146142709,"standard_error":8.3795529372247},"median":{"confidence_interval":{"confidence_level":0.95,"lower_bound":35658.306623931625,"upper_bound":35669.916666666664},"point_estimate":35664.3716255144,"standard_error":2.9503731315331434},"median_abs_dev":{"confidence_interval":{"confidence_level":0.95,"lower_bound":30.436125931070528,"upper_bound":52.80227972892175},"point_estimate":42.829731156354235,"standard_error":5.568775441058939},"slope":{"confidence_interval":{"confidence_level":0.95,"lower_bound":35660.781848241335,"upper_bound":35674.86234047292},"point_estimate":35667.57929313827,"standard_error":3.592495108717493},"std_dev":{"confidence_interval":{"confidence_level":0.95,"lower_bound":55.86382268552608,"upper_bound":109.27952854701427},"point_estimate":84.27040780459826,"standard_error":13.644953040776167}}