{"mean":{"confidence_interval":{"confidence_level":0.95,"lower_bound":14841.192115938547,"upper_bound":14887.113264404094},"point_estimate":14862.21779868791,"standard_error":11.714479528995561},"median":{"confidence_interval":{"confidence_level":0.95,"lower_bound":14819.483302002336,"upper_bound":14852.641123248373},"point_estimate":14835.335925925927,"standard_error":9.201147311325665},"median_abs_dev":{"confidence_interval":{"confidence_level":0.95,"lower_bound":45.939885789730575,"upper_bound":88.60440805285046},"point_estimate":60.40835827394275,"standard_error":10.99405953727097},"slope":{"confidence_interval":{"confidence_level":0.95,"lower_bound":14851.79483870236,"upper_bound":14894.463988499623},"point_estimate":14871.88012216147,"standard_error":10.875329615956968},"std_dev":{"confidence_interval":{"confidence_level":0.95,"lower_bound":63.826627060422105,"upper_bound":161.09280052020472},"point_estimate":117.4845305107823,"standard_error":24.461083600413783}}