{"mean":{"confidence_interval":{"confidence_level":0.95,"lower_bound":15258.043648123403,"upper_bound":15309.20859339844},"point_estimate":15283.381379554907,"standard_error":13.026325664096273},"median":{"confidence_interval":{"confidence_level":0.95,"lower_bound":15276.300297276564,"upper_bound":15303.823214285714},"point_estimate":15287.764910130718,"standard_error":6.8053824323256},"median_abs_dev":{"confidence_interval":{"confidence_level":0.95,"lower_bound":57.188188131993336,"upper_bound":121.37133711290491},"point_estimate":85.68675460055059,"standard_error":15.986923739351093},"slope":{"confidence_interval":{"confidence_level":0.95,"lower_bound":15287.800182904566,"upper_bound":15318.31834506361},"point_estimate":15303.179867001625,"standard_error":7.800429997091143},"std_dev":{"confidence_interval":{"confidence_level":0.95,"lower_bound":104.75214405428532,"upper_bound":154.6023151625177},"point_estimate":130.86818163678873,"standard_error":12.801789604766252}}