{"mean":{"confidence_interval":{"confidence_level":0.95,"lower_bound":15304.8352721945,"upper_bound":15412.844139798019},"point_estimate":15356.110933247486,"standard_error":27.528241240084473},"median":{"confidence_interval":{"confidence_level":0.95,"lower_bound":15241.637497140244,"upper_bound":15332.185232668566},"point_estimate":15293.539901583226,"standard_error":23.858676675960336},"median_abs_dev":{"confidence_interval":{"confidence_level":0.95,"lower_bound":133.89083038797372,"upper_bound":256.9444487365622},"point_estimate":189.22218856853448,"standard_error":32.298601750119886},"slope":{"confidence_interval":{"confidence_level":0.95,"lower_bound":15233.677893367187,"upper_bound":15331.016914616064},"point_estimate":15277.51300625585,"standard_error":24.888268958849025},"std_dev":{"confidence_interval":{"confidence_level":0.95,"lower_bound":201.38977043782543,"upper_bound":344.78231345204614},"point_estimate":277.75371219352564,"standard_error":36.72442641067434}}