{"mean":{"confidence_interval":{"confidence_level":0.95,"lower_bound":15223.79349098045,"upper_bound":15279.644685583273},"point_estimate":15250.452806011848,"standard_error":14.175768489850528},"median":{"confidence_interval":{"confidence_level":0.95,"lower_bound":15196.375,"upper_bound":15260.077084680026},"point_estimate":15225.507561232063,"standard_error":16.25040600750906},"median_abs_dev":{"confidence_interval":{"confidence_level":0.95,"lower_bound":71.08557897053761,"upper_bound":118.03298004000241},"point_estimate":92.42075045492501,"standard_error":11.779015121030602},"slope":{"confidence_interval":{"confidence_level":0.95,"lower_bound":15207.351407295206,"upper_bound":15243.450713542054},"point_estimate":15224.892719816758,"standard_error":9.240772421493274},"std_dev":{"confidence_interval":{"confidence_level":0.95,"lower_bound":100.96198737853888,"upper_bound":181.9057038638834},"point_estimate":142.90825730759474,"standard_error":20.74652404304005}}