{"mean":{"confidence_interval":{"confidence_level":0.95,"lower_bound":14853.000216631968,"upper_bound":14944.100379455023},"point_estimate":14889.436309336577,"standard_error":24.005667848607462},"median":{"confidence_interval":{"confidence_level":0.95,"lower_bound":14832.132791327913,"upper_bound":14856.880341880342},"point_estimate":14842.591121297004,"standard_error":6.591807910848054},"median_abs_dev":{"confidence_interval":{"confidence_level":0.95,"lower_bound":33.76288180190534,"upper_bound":66.63174164313585},"point_estimate":46.90541428415138,"standard_error":8.447079783647823},"slope":{"confidence_interval":{"confidence_level":0.95,"lower_bound":14851.725836501571,"upper_bound":14900.05578896648},"point_estimate":14873.75670689457,"standard_error":12.41775265073897},"std_dev":{"confidence_interval":{"confidence_level":0.95,"lower_bound":69.8902928891175,"upper_bound":392.4446286010007},"point_estimate":241.11208876482365,"standard_error":100.76226823012098}}