{"mean":{"confidence_interval":{"confidence_level":0.95,"lower_bound":14810.660946403064,"upper_bound":14832.34166335225},"point_estimate":14820.95848566612,"standard_error":5.541633442033105},"median":{"confidence_interval":{"confidence_level":0.95,"lower_bound":14802.088134430727,"upper_bound":14830.020202020201},"point_estimate":14813.529507529507,"standard_error":7.501673018583979},"median_abs_dev":{"confidence_interval":{"confidence_level":0.95,"lower_bound":39.3347071118662,"upper_bound":59.84425341783957},"point_estimate":49.006443995392445,"standard_error":5.346196801363812},"slope":{"confidence_interval":{"confidence_level":0.95,"lower_bound":14816.745306476761,"upper_bound":14853.110037789978},"point_estimate":14831.707550038585,"standard_error":9.518016837910604},"std_dev":{"confidence_interval":{"confidence_level":0.95,"lower_bound":41.17671789996906,"upper_bound":72.72550157946763},"point_estimate":55.75985771163815,"standard_error":8.667738614529258}}