{"mean":{"confidence_interval":{"confidence_level":0.95,"lower_bound":15182.862105910075,"upper_bound":15284.004918313454},"point_estimate":15228.139101672217,"standard_error":25.942664500894892},"median":{"confidence_interval":{"confidence_level":0.95,"lower_bound":15152.208806818182,"upper_bound":15194.608870967742},"point_estimate":15177.27394701087,"standard_error":9.946495512388134},"median_abs_dev":{"confidence_interval":{"confidence_level":0.95,"lower_bound":59.91158937140491,"upper_bound":113.85297911768622},"point_estimate":86.07715750115521,"standard_error":13.5343958743763},"slope":{"confidence_interval":{"confidence_level":0.95,"lower_bound":15179.929226502218,"upper_bound":15377.620213462518},"point_estimate":15256.747364784986,"standard_error":53.221827471147385},"std_dev":{"confidence_interval":{"confidence_level":0.95,"lower_bound":138.63278003120809,"upper_bound":374.00692528496364},"point_estimate":260.3784768109609,"standard_error":62.039836707693475}}