{"mean":{"confidence_interval":{"confidence_level":0.95,"lower_bound":8450849.712999998,"upper_bound":8473967.745},"point_estimate":8462448.976666665,"standard_error":5851.056518565255},"median":{"confidence_interval":{"confidence_level":0.95,"lower_bound":8451135.0,"upper_bound":8474129.833333334},"point_estimate":8462695.0,"standard_error":5198.3839444731},"median_abs_dev":{"confidence_interval":{"confidence_level":0.95,"lower_bound":40751.11352652311,"upper_bound":70774.50429350276},"point_estimate":58786.07735633896,"standard_error":7479.046879466874},"slope":null,"std_dev":{"confidence_interval":{"confidence_level":0.95,"lower_bound":49946.07157117305,"upper_bound":67293.14660030289},"point_estimate":58822.231281748696,"standard_error":4439.024510692524}}