{"mean":{"confidence_interval":{"confidence_level":0.95,"lower_bound":8530994.711666666,"upper_bound":8558490.645000001},"point_estimate":8546143.85833333,"standard_error":7035.32254956387},"median":{"confidence_interval":{"confidence_level":0.95,"lower_bound":8542244.333333334,"upper_bound":8556956.666666666},"point_estimate":8551939.833333332,"standard_error":3572.4414761744915},"median_abs_dev":{"confidence_interval":{"confidence_level":0.95,"lower_bound":29458.52017700672,"upper_bound":51932.26477801892},"point_estimate":40899.620623884286,"standard_error":5665.629558519415},"slope":null,"std_dev":{"confidence_interval":{"confidence_level":0.95,"lower_bound":39209.24367756053,"upper_bound":104249.75890028657},"point_estimate":70817.38172051669,"standard_error":18697.28620292498}}