{"mean":{"confidence_interval":{"confidence_level":0.95,"lower_bound":6176009.888972223,"upper_bound":6204357.965555554},"point_estimate":6186996.706666661,"standard_error":7637.533095311201},"median":{"confidence_interval":{"confidence_level":0.95,"lower_bound":6174380.444444444,"upper_bound":6185478.777777778},"point_estimate":6179699.222222222,"standard_error":3092.239863840841},"median_abs_dev":{"confidence_interval":{"confidence_level":0.95,"lower_bound":19445.039954781532,"upper_bound":31120.786557495354},"point_estimate":25981.411405404793,"standard_error":2964.622216941784},"slope":null,"std_dev":{"confidence_interval":{"confidence_level":0.95,"lower_bound":22458.865968581293,"upper_bound":127153.32010078216},"point_estimate":76576.49451442556,"standard_error":35843.820305269684}}