{"mean":{"confidence_interval":{"confidence_level":0.95,"lower_bound":8409337.628875002,"upper_bound":8454712.498083333},"point_estimate":8429424.745,"standard_error":11648.44437222728},"median":{"confidence_interval":{"confidence_level":0.95,"lower_bound":8396368.5,"upper_bound":8427631.833333334},"point_estimate":8406870.833333332,"standard_error":7841.943090356029},"median_abs_dev":{"confidence_interval":{"confidence_level":0.95,"lower_bound":42159.830601513844,"upper_bound":65200.66969245672},"point_estimate":54136.8909388776,"standard_error":6046.674200513137},"slope":null,"std_dev":{"confidence_interval":{"confidence_level":0.95,"lower_bound":50501.71805677092,"upper_bound":169974.00954418813},"point_estimate":116674.9528185445,"standard_error":31526.42469385016}}