{"mean":{"confidence_interval":{"confidence_level":0.95,"lower_bound":7933969.269714287,"upper_bound":7963725.262857145},"point_estimate":7947958.445714287,"standard_error":7582.295470095011},"median":{"confidence_interval":{"confidence_level":0.95,"lower_bound":7918083.214285715,"upper_bound":7945964.571428571},"point_estimate":7933384.571428571,"standard_error":6292.73369614251},"median_abs_dev":{"confidence_interval":{"confidence_level":0.95,"lower_bound":41928.986255611395,"upper_bound":69545.16416532574},"point_estimate":57195.52998457656,"standard_error":7325.761469059903},"slope":null,"std_dev":{"confidence_interval":{"confidence_level":0.95,"lower_bound":54467.28488366113,"upper_bound":97522.93113117544},"point_estimate":76574.7143861083,"standard_error":11029.725685360909}}