{"mean":{"confidence_interval":{"confidence_level":0.95,"lower_bound":-0.011780640232856054,"upper_bound":0.0011506079452917705},"point_estimate":-0.005780171658452571,"standard_error":0.0033019614929052006},"median":{"confidence_interval":{"confidence_level":0.95,"lower_bound":-0.0006234738539171525,"upper_bound":-0.000016225650485313103},"point_estimate":-0.00032111738623064046,"standard_error":0.00015803317433379317}}