{"mean":{"confidence_interval":{"confidence_level":0.95,"lower_bound":-0.0008047987538081278,"upper_bound":0.0010284917759142524},"point_estimate":0.00009044596711293984,"standard_error":0.00046700094754232934},"median":{"confidence_interval":{"confidence_level":0.95,"lower_bound":-0.0001289529634342923,"upper_bound":0.00023783069841710707},"point_estimate":0.00005429218369035205,"standard_error":0.00009454740791806695}}