{"mean":{"confidence_interval":{"confidence_level":0.95,"lower_bound":-0.00025463483792382,"upper_bound":0.00043700755727334997},"point_estimate":0.0000823188144640774,"standard_error":0.00017726394838665473},"median":{"confidence_interval":{"confidence_level":0.95,"lower_bound":-0.00019326627905102978,"upper_bound":0.0002568291588072036},"point_estimate":0.00004777663199240223,"standard_error":0.00012195767915449817}}