{"mean":{"confidence_interval":{"confidence_level":0.95,"lower_bound":-0.0015491281608400048,"upper_bound":0.00026328629403344316},"point_estimate":-0.0006108685115585599,"standard_error":0.00046170303717105665},"median":{"confidence_interval":{"confidence_level":0.95,"lower_bound":-0.00046777687269228263,"upper_bound":0.000030639344827720905},"point_estimate":-0.00018967366520883377,"standard_error":0.0001266090146086537}}