{"mean":{"confidence_interval":{"confidence_level":0.95,"lower_bound":-0.002438774397285086,"upper_bound":-0.0001435820019525682},"point_estimate":-0.0011935151062034688,"standard_error":0.0005513878585707722},"median":{"confidence_interval":{"confidence_level":0.95,"lower_bound":-0.0007350414607931732,"upper_bound":-0.0002924516676289235},"point_estimate":-0.0005054899967311677,"standard_error":0.00012012093486344082}}