{"mean":{"confidence_interval":{"confidence_level":0.95,"lower_bound":-0.0015860694264951093,"upper_bound":0.014284308212505297},"point_estimate":0.003712370579480595,"standard_error":0.004341487784008043},"median":{"confidence_interval":{"confidence_level":0.95,"lower_bound":-0.0006626806493754689,"upper_bound":-0.00018646114283726867},"point_estimate":-0.00043400862343734303,"standard_error":0.0001234642219728657}}