{"mean":{"confidence_interval":{"confidence_level":0.95,"lower_bound":-0.000679788175292012,"upper_bound":0.0009608525546326675},"point_estimate":0.00011613095233875548,"standard_error":0.0004120644248639703},"median":{"confidence_interval":{"confidence_level":0.95,"lower_bound":-0.00024157150061965282,"upper_bound":0.0000790336686179726},"point_estimate":-0.00003939939950070581,"standard_error":0.00007935068351998298}}