{"mean":{"confidence_interval":{"confidence_level":0.95,"lower_bound":-0.00453442968219472,"upper_bound":0.0006461135905326319},"point_estimate":-0.001615695932494221,"standard_error":0.00133851245609616},"median":{"confidence_interval":{"confidence_level":0.95,"lower_bound":0.00018416262754429355,"upper_bound":0.0005822187664623112},"point_estimate":0.00040934785873436574,"standard_error":0.00010053771193276792}}