{"mean":{"confidence_interval":{"confidence_level":0.95,"lower_bound":0.0001127110723571468,"upper_bound":0.002073093804980119},"point_estimate":0.001019606087051761,"standard_error":0.0004950714498898156},"median":{"confidence_interval":{"confidence_level":0.95,"lower_bound":-0.0003845395799737609,"upper_bound":0.00006846275891181364},"point_estimate":-0.00011421386306931236,"standard_error":0.0001172044257875728}}