{"mean":{"confidence_interval":{"confidence_level":0.95,"lower_bound":-0.0017341560443172005,"upper_bound":0.0004226936957461014},"point_estimate":-0.0004636885115809619,"standard_error":0.0005631215924135511},"median":{"confidence_interval":{"confidence_level":0.95,"lower_bound":0.000055324420716651446,"upper_bound":0.00036853881728182714},"point_estimate":0.0002116076619740337,"standard_error":0.000083117966070659}}