{"mean":{"confidence_interval":{"confidence_level":0.95,"lower_bound":-0.0035132212330051134,"upper_bound":0.00008230573830542018},"point_estimate":-0.001493372100123902,"standard_error":0.0009265105948012905},"median":{"confidence_interval":{"confidence_level":0.95,"lower_bound":0.00026976364945552334,"upper_bound":0.0007846641646005459},"point_estimate":0.0005652183982494119,"standard_error":0.00015073610483186365}}