{"mean":{"confidence_interval":{"confidence_level":0.95,"lower_bound":0.00004404370987800558,"upper_bound":0.0006017701982095278},"point_estimate":0.00032588308569270197,"standard_error":0.0001410298111132513},"median":{"confidence_interval":{"confidence_level":0.95,"lower_bound":-0.000021439291279512496,"upper_bound":0.0003897478529177878},"point_estimate":0.0001875493252376792,"standard_error":0.00010877630316338207}}