{"mean":{"confidence_interval":{"confidence_level":0.95,"lower_bound":-0.0010044995322492306,"upper_bound":0.0012242217604993486},"point_estimate":0.00014199815949211825,"standard_error":0.0005599853812128227},"median":{"confidence_interval":{"confidence_level":0.95,"lower_bound":-0.0001395861064599213,"upper_bound":0.00025478762487614597},"point_estimate":0.00003789767344675177,"standard_error":0.00009890389925548358}}