{"mean":{"confidence_interval":{"confidence_level":0.95,"lower_bound":-0.00034421181072274705,"upper_bound":0.0009785165460743591},"point_estimate":0.0003035062052445525,"standard_error":0.00034204005497779147},"median":{"confidence_interval":{"confidence_level":0.95,"lower_bound":-0.00018678814328576543,"upper_bound":0.00023328370631858775},"point_estimate":0.0000693813552998801,"standard_error":0.00010640346264910555}}