{"mean":{"confidence_interval":{"confidence_level":0.95,"lower_bound":0.005098280470721398,"upper_bound":0.013822097941514044},"point_estimate":0.009593210605711278,"standard_error":0.002145235483708628},"median":{"confidence_interval":{"confidence_level":0.95,"lower_bound":0.00014832950150389657,"upper_bound":0.0005658446328817845},"point_estimate":0.0002943244405113621,"standard_error":0.00010123507718668288}}