{"mean":{"confidence_interval":{"confidence_level":0.95,"lower_bound":0.000383589643244664,"upper_bound":0.001932529271443606},"point_estimate":0.00108263583416357,"standard_error":0.00042330067303963985},"median":{"confidence_interval":{"confidence_level":0.95,"lower_bound":4.0422205143109124e-6,"upper_bound":0.0002963547626586571},"point_estimate":0.0001728387062449599,"standard_error":0.00007362705828807881}}