{"mean":{"confidence_interval":{"confidence_level":0.95,"lower_bound":30637446.345,"upper_bound":31452193.922374997},"point_estimate":31054860.325,"standard_error":207899.70997397145},"median":{"confidence_interval":{"confidence_level":0.95,"lower_bound":30872287.5,"upper_bound":31908597.0},"point_estimate":31529902.0,"standard_error":251863.4286288961},"median_abs_dev":{"confidence_interval":{"confidence_level":0.95,"lower_bound":1507876.0793298483,"upper_bound":2382652.8924069526},"point_estimate":1946460.2861434221,"standard_error":217775.145558887},"slope":null,"std_dev":{"confidence_interval":{"confidence_level":0.95,"lower_bound":1749271.849016781,"upper_bound":2378196.9889292764},"point_estimate":2090334.6992832548,"standard_error":161241.651730647}}