{"mean":{"confidence_interval":{"confidence_level":0.95,"lower_bound":31187936.821125,"upper_bound":31982309.29425},"point_estimate":31598791.53,"standard_error":202829.21855560454},"median":{"confidence_interval":{"confidence_level":0.95,"lower_bound":31938352.5,"upper_bound":32649847.0},"point_estimate":32356017.5,"standard_error":182540.26791255648},"median_abs_dev":{"confidence_interval":{"confidence_level":0.95,"lower_bound":1018930.5459603667,"upper_bound":1986385.5914846063},"point_estimate":1541852.8229266405,"standard_error":241909.89634743097},"slope":null,"std_dev":{"confidence_interval":{"confidence_level":0.95,"lower_bound":1659815.773384934,"upper_bound":2357097.9444188457},"point_estimate":2036738.0223049726,"standard_error":178157.04558095743}}