{"mean":{"confidence_interval":{"confidence_level":0.95,"lower_bound":30849464.449,"upper_bound":31675369.321124997},"point_estimate":31269494.285,"standard_error":211027.05593517286},"median":{"confidence_interval":{"confidence_level":0.95,"lower_bound":31162587.0,"upper_bound":32181711.25},"point_estimate":31632890.0,"standard_error":247478.3350193561},"median_abs_dev":{"confidence_interval":{"confidence_level":0.95,"lower_bound":1467955.2217885852,"upper_bound":2331269.498494192},"point_estimate":1940783.7814942002,"standard_error":217886.49610344355},"slope":null,"std_dev":{"confidence_interval":{"confidence_level":0.95,"lower_bound":1737464.127571287,"upper_bound":2459707.7181663713},"point_estimate":2122733.552416249,"standard_error":184610.53500057693}}