{"mean":{"confidence_interval":{"confidence_level":0.95,"lower_bound":31980223.669,"upper_bound":32806420.663250003},"point_estimate":32405742.725,"standard_error":210603.6807685456},"median":{"confidence_interval":{"confidence_level":0.95,"lower_bound":32394250.0,"upper_bound":33565976.0},"point_estimate":33093517.75,"standard_error":273716.7884728767},"median_abs_dev":{"confidence_interval":{"confidence_level":0.95,"lower_bound":1241286.8128627539,"upper_bound":2334821.789498627},"point_estimate":1671382.7641770244,"standard_error":261494.2670042245},"slope":null,"std_dev":{"confidence_interval":{"confidence_level":0.95,"lower_bound":1760809.1195467035,"upper_bound":2415942.0839616545},"point_estimate":2117120.338965118,"standard_error":167312.03187861934}}