{"mean":{"confidence_interval":{"confidence_level":0.95,"lower_bound":32060834.9085,"upper_bound":32846400.968999997},"point_estimate":32465008.085,"standard_error":200079.12328872638},"median":{"confidence_interval":{"confidence_level":0.95,"lower_bound":32411128.0,"upper_bound":33457578.0},"point_estimate":32985561.5,"standard_error":260163.28542384747},"median_abs_dev":{"confidence_interval":{"confidence_level":0.95,"lower_bound":1329438.1301477551,"upper_bound":2147186.1607298255},"point_estimate":1879761.0785275698,"standard_error":217217.83872863842},"slope":null,"std_dev":{"confidence_interval":{"confidence_level":0.95,"lower_bound":1683636.1705139366,"upper_bound":2290409.505856163},"point_estimate":2012866.9722474252,"standard_error":154774.26255084033}}