{"mean":{"confidence_interval":{"confidence_level":0.95,"lower_bound":172545.75417259676,"upper_bound":173251.38891528526},"point_estimate":172891.44040477835,"standard_error":180.05388566235925},"median":{"confidence_interval":{"confidence_level":0.95,"lower_bound":171711.37671232875,"upper_bound":172285.26460113958},"point_estimate":171893.2131456241,"standard_error":207.6009509012861},"median_abs_dev":{"confidence_interval":{"confidence_level":0.95,"lower_bound":573.908146215855,"upper_bound":2048.2628156315204},"point_estimate":976.7973032596464,"standard_error":373.8207358716311},"slope":{"confidence_interval":{"confidence_level":0.95,"lower_bound":171680.61957890604,"upper_bound":171911.38860960116},"point_estimate":171787.31466380967,"standard_error":58.63421463188986},"std_dev":{"confidence_interval":{"confidence_level":0.95,"lower_bound":1599.4862373026392,"upper_bound":1994.2029694351904},"point_estimate":1808.027114561034,"standard_error":100.25115893852252}}