{"mean":{"confidence_interval":{"confidence_level":0.95,"lower_bound":85384.52766367722,"upper_bound":85821.70344893819},"point_estimate":85601.11295167725,"standard_error":111.42060001847771},"median":{"confidence_interval":{"confidence_level":0.95,"lower_bound":85051.12684348001,"upper_bound":85809.89285714286},"point_estimate":85235.18079783636,"standard_error":239.63385253230211},"median_abs_dev":{"confidence_interval":{"confidence_level":0.95,"lower_bound":848.7438312451535,"upper_bound":1424.879792050269},"point_estimate":1186.9378048986496,"standard_error":146.72191704529544},"slope":{"confidence_interval":{"confidence_level":0.95,"lower_bound":84931.052479221,"upper_bound":85239.95754152373},"point_estimate":85075.8369317486,"standard_error":78.7828693574223},"std_dev":{"confidence_interval":{"confidence_level":0.95,"lower_bound":989.1229420514908,"upper_bound":1234.2239581683355},"point_estimate":1121.7818791382585,"standard_error":62.52358702496248}}