{"mean":{"confidence_interval":{"confidence_level":0.95,"lower_bound":143460.6375852445,"upper_bound":144018.13431524957},"point_estimate":143734.431502718,"standard_error":142.8737661285496},"median":{"confidence_interval":{"confidence_level":0.95,"lower_bound":142859.3827403246,"upper_bound":143470.20289855072},"point_estimate":143059.5930995475,"standard_error":176.73870092997342},"median_abs_dev":{"confidence_interval":{"confidence_level":0.95,"lower_bound":594.9889906868655,"upper_bound":1478.0682882514113},"point_estimate":935.3401008835077,"standard_error":230.148025972949},"slope":{"confidence_interval":{"confidence_level":0.95,"lower_bound":142748.86747538953,"upper_bound":142978.2715933815},"point_estimate":142854.33813506723,"standard_error":58.4829527818414},"std_dev":{"confidence_interval":{"confidence_level":0.95,"lower_bound":1269.1147652693369,"upper_bound":1560.3071264525881},"point_estimate":1434.8370256529597,"standard_error":74.14854904320528}}