{"mean":{"confidence_interval":{"confidence_level":0.95,"lower_bound":100185.04877382089,"upper_bound":100564.71083367233},"point_estimate":100375.0966099914,"standard_error":96.82500094300428},"median":{"confidence_interval":{"confidence_level":0.95,"lower_bound":100261.9870890234,"upper_bound":100683.30237094838},"point_estimate":100467.76415436181,"standard_error":103.96201855289654},"median_abs_dev":{"confidence_interval":{"confidence_level":0.95,"lower_bound":655.6333065420004,"upper_bound":1305.116061182345},"point_estimate":900.1925387615775,"standard_error":163.7492968315869},"slope":{"confidence_interval":{"confidence_level":0.95,"lower_bound":99835.16495488168,"upper_bound":100241.4096576925},"point_estimate":100036.36891257996,"standard_error":103.35246885225808},"std_dev":{"confidence_interval":{"confidence_level":0.95,"lower_bound":858.6685962502398,"upper_bound":1076.0357458449962},"point_estimate":975.290932391012,"standard_error":55.71075229709561}}