{"mean":{"confidence_interval":{"confidence_level":0.95,"lower_bound":100286.67760529433,"upper_bound":100618.02390492891},"point_estimate":100450.56911118374,"standard_error":84.38469388112944},"median":{"confidence_interval":{"confidence_level":0.95,"lower_bound":100062.74540816326,"upper_bound":100688.9931972789},"point_estimate":100287.39662447257,"standard_error":155.34752005463272},"median_abs_dev":{"confidence_interval":{"confidence_level":0.95,"lower_bound":731.8781121692712,"upper_bound":1160.2840421389408},"point_estimate":982.1236983741031,"standard_error":109.51595355601108},"slope":{"confidence_interval":{"confidence_level":0.95,"lower_bound":99942.28299243154,"upper_bound":100127.35226178702},"point_estimate":100035.6532491714,"standard_error":47.09258356391606},"std_dev":{"confidence_interval":{"confidence_level":0.95,"lower_bound":750.0172565797523,"upper_bound":937.0249236545204},"point_estimate":850.0167161635194,"standard_error":47.5746140222728}}