{"mean":{"confidence_interval":{"confidence_level":0.95,"lower_bound":178468.36072096604,"upper_bound":183877.76519676374},"point_estimate":180884.82614469505,"standard_error":1392.8330456690821},"median":{"confidence_interval":{"confidence_level":0.95,"lower_bound":176220.7133838384,"upper_bound":179068.66088235294},"point_estimate":177850.91220735788,"standard_error":614.7985496349867},"median_abs_dev":{"confidence_interval":{"confidence_level":0.95,"lower_bound":4643.912142932874,"upper_bound":7699.012210305187},"point_estimate":6038.693002574413,"standard_error":734.8021124811124},"slope":{"confidence_interval":{"confidence_level":0.95,"lower_bound":177326.00062784486,"upper_bound":181292.15556285458},"point_estimate":179149.03609206443,"standard_error":1008.6148440265907},"std_dev":{"confidence_interval":{"confidence_level":0.95,"lower_bound":7347.748101478616,"upper_bound":20486.171270888593},"point_estimate":13970.227770137031,"standard_error":3634.1803091860556}}