{"mean":{"confidence_interval":{"confidence_level":0.95,"lower_bound":100340.21684263482,"upper_bound":101217.42206279757},"point_estimate":100692.94116550965,"standard_error":229.75929918521368},"median":{"confidence_interval":{"confidence_level":0.95,"lower_bound":100097.28571428571,"upper_bound":100728.62142857142},"point_estimate":100237.02224371373,"standard_error":168.4371177619925},"median_abs_dev":{"confidence_interval":{"confidence_level":0.95,"lower_bound":851.7157643955106,"upper_bound":1396.0411661341932},"point_estimate":1179.0185161003126,"standard_error":145.03957182907908},"slope":{"confidence_interval":{"confidence_level":0.95,"lower_bound":99980.57569791497,"upper_bound":100323.62885576981},"point_estimate":100138.62625514578,"standard_error":87.59081337150923},"std_dev":{"confidence_interval":{"confidence_level":0.95,"lower_bound":883.3396417643658,"upper_bound":3725.8756100757096},"point_estimate":2302.7624515359485,"standard_error":956.6449934151356}}