{"mean":{"confidence_interval":{"confidence_level":0.95,"lower_bound":333652.6810181796,"upper_bound":334269.4659729457},"point_estimate":333968.31095841195,"standard_error":157.10489410177664},"median":{"confidence_interval":{"confidence_level":0.95,"lower_bound":333844.4170945334,"upper_bound":334388.1451612903},"point_estimate":334155.1109710897,"standard_error":135.551831060073},"median_abs_dev":{"confidence_interval":{"confidence_level":0.95,"lower_bound":919.1784870508479,"upper_bound":1623.8691858887682},"point_estimate":1289.9174933527713,"standard_error":181.88487463534307},"slope":{"confidence_interval":{"confidence_level":0.95,"lower_bound":333535.9982196741,"upper_bound":334152.3490763596},"point_estimate":333856.0158297621,"standard_error":157.15785314675588},"std_dev":{"confidence_interval":{"confidence_level":0.95,"lower_bound":1269.5000299353726,"upper_bound":1864.2029610531129},"point_estimate":1577.1230395028638,"standard_error":152.3934430923944}}