{"mean":{"confidence_interval":{"confidence_level":0.95,"lower_bound":99378.06912800804,"upper_bound":99921.07943133923},"point_estimate":99646.88654725753,"standard_error":138.69704713447862},"median":{"confidence_interval":{"confidence_level":0.95,"lower_bound":98768.39783001809,"upper_bound":100525.75757575757},"point_estimate":98981.65022321428,"standard_error":419.6162519114441},"median_abs_dev":{"confidence_interval":{"confidence_level":0.95,"lower_bound":913.0260782885622,"upper_bound":2049.6997383231896},"point_estimate":1360.3574429554733,"standard_error":331.06883605694594},"slope":{"confidence_interval":{"confidence_level":0.95,"lower_bound":98585.29380451395,"upper_bound":98878.80574088951},"point_estimate":98721.5813933163,"standard_error":74.80833527607761},"std_dev":{"confidence_interval":{"confidence_level":0.95,"lower_bound":1262.5223221404246,"upper_bound":1512.494675614554},"point_estimate":1396.0518208985036,"standard_error":63.75692067070266}}