{"mean":{"confidence_interval":{"confidence_level":0.95,"lower_bound":98883.17648740654,"upper_bound":99335.19041214066},"point_estimate":99104.45678090272,"standard_error":115.6015215786383},"median":{"confidence_interval":{"confidence_level":0.95,"lower_bound":98546.79299554857,"upper_bound":99021.80492424243},"point_estimate":98750.92222222223,"standard_error":107.10357008862003},"median_abs_dev":{"confidence_interval":{"confidence_level":0.95,"lower_bound":755.6770048836314,"upper_bound":1420.042368886433},"point_estimate":1148.055074032355,"standard_error":180.77012365705454},"slope":{"confidence_interval":{"confidence_level":0.95,"lower_bound":98484.7920738044,"upper_bound":98840.04209554769},"point_estimate":98648.91148514852,"standard_error":90.71479398839298},"std_dev":{"confidence_interval":{"confidence_level":0.95,"lower_bound":946.8337342498494,"upper_bound":1361.959380587884},"point_estimate":1160.5467564473415,"standard_error":106.48378924039217}}