{"mean":{"confidence_interval":{"confidence_level":0.95,"lower_bound":132289.0637992271,"upper_bound":135218.23138699462},"point_estimate":133721.53706800606,"standard_error":742.831105721134},"median":{"confidence_interval":{"confidence_level":0.95,"lower_bound":130755.8,"upper_bound":134340.85},"point_estimate":132415.8866946359,"standard_error":851.0427600758114},"median_abs_dev":{"confidence_interval":{"confidence_level":0.95,"lower_bound":4970.54674687812,"upper_bound":8295.505684899226},"point_estimate":6356.992936182998,"standard_error":862.9775206778015},"slope":{"confidence_interval":{"confidence_level":0.95,"lower_bound":130239.77069424056,"upper_bound":133559.19209493176},"point_estimate":131847.0520768435,"standard_error":849.7514894466175},"std_dev":{"confidence_interval":{"confidence_level":0.95,"lower_bound":6170.70548261003,"upper_bound":8648.31837137407},"point_estimate":7472.019836874978,"standard_error":634.5914482233411}}