{"mean":{"confidence_interval":{"confidence_level":0.95,"lower_bound":143711.2930443042,"upper_bound":144299.49957865375},"point_estimate":144001.70684825632,"standard_error":149.79979778098027},"median":{"confidence_interval":{"confidence_level":0.95,"lower_bound":143029.60298507463,"upper_bound":143487.7536585366},"point_estimate":143268.852513369,"standard_error":113.1904296656142},"median_abs_dev":{"confidence_interval":{"confidence_level":0.95,"lower_bound":520.6483757140172,"upper_bound":1497.0837014840824},"point_estimate":823.952521893315,"standard_error":242.73981691298283},"slope":{"confidence_interval":{"confidence_level":0.95,"lower_bound":143063.80502349554,"upper_bound":143270.32354306104},"point_estimate":143163.48670489137,"standard_error":52.73119507328715},"std_dev":{"confidence_interval":{"confidence_level":0.95,"lower_bound":1349.7608186699847,"upper_bound":1626.1507549651535},"point_estimate":1508.19317303406,"standard_error":70.5054008679763}}