{"mean":{"confidence_interval":{"confidence_level":0.95,"lower_bound":145958.7856674588,"upper_bound":146769.33092276278},"point_estimate":146339.983208778,"standard_error":206.90818318948203},"median":{"confidence_interval":{"confidence_level":0.95,"lower_bound":145201.4557868953,"upper_bound":145797.87183462532},"point_estimate":145459.7096119403,"standard_error":157.8660230817874},"median_abs_dev":{"confidence_interval":{"confidence_level":0.95,"lower_bound":626.5669718941175,"upper_bound":1475.2915939252962},"point_estimate":938.1748577053281,"standard_error":226.9996125172003},"slope":{"confidence_interval":{"confidence_level":0.95,"lower_bound":145232.82130730944,"upper_bound":146160.18993929363},"point_estimate":145641.41793822966,"standard_error":237.80930240245132},"std_dev":{"confidence_interval":{"confidence_level":0.95,"lower_bound":1553.9196251579958,"upper_bound":2597.691636693533},"point_estimate":2082.406942307586,"standard_error":268.5550948241776}}