{"mean":{"confidence_interval":{"confidence_level":0.95,"lower_bound":98966.12973831603,"upper_bound":99809.05996982253},"point_estimate":99383.14160858754,"standard_error":214.18595661667763},"median":{"confidence_interval":{"confidence_level":0.95,"lower_bound":98995.29523809523,"upper_bound":99880.4094076655},"point_estimate":99449.69696736452,"standard_error":254.12538201430175},"median_abs_dev":{"confidence_interval":{"confidence_level":0.95,"lower_bound":1137.9229353533847,"upper_bound":2058.8127630978865},"point_estimate":1455.4317910605648,"standard_error":247.99823392356862},"slope":{"confidence_interval":{"confidence_level":0.95,"lower_bound":97713.10076833348,"upper_bound":98778.48435579415},"point_estimate":98248.51516561465,"standard_error":273.31162991135704},"std_dev":{"confidence_interval":{"confidence_level":0.95,"lower_bound":1686.2588493827225,"upper_bound":2647.4707275341534},"point_estimate":2158.2971219618566,"standard_error":248.85652312610563}}