{"mean":{"confidence_interval":{"confidence_level":0.95,"lower_bound":98969.16440590046,"upper_bound":99537.27531847674},"point_estimate":99248.42203222257,"standard_error":144.78369866252947},"median":{"confidence_interval":{"confidence_level":0.95,"lower_bound":98443.27049180328,"upper_bound":99582.16666666667},"point_estimate":98669.51446471346,"standard_error":286.32020772528705},"median_abs_dev":{"confidence_interval":{"confidence_level":0.95,"lower_bound":953.2570120406351,"upper_bound":1915.3801722452044},"point_estimate":1467.354449022781,"standard_error":256.5333182652791},"slope":{"confidence_interval":{"confidence_level":0.95,"lower_bound":98239.34365169656,"upper_bound":98597.75630670038},"point_estimate":98408.00463474706,"standard_error":91.381025893763},"std_dev":{"confidence_interval":{"confidence_level":0.95,"lower_bound":1274.4190906405527,"upper_bound":1612.446734394739},"point_estimate":1455.837754531102,"standard_error":86.2374564413138}}