{"mean":{"confidence_interval":{"confidence_level":0.95,"lower_bound":101239.24244377413,"upper_bound":101774.03810192553},"point_estimate":101502.33242429534,"standard_error":136.2451692780915},"median":{"confidence_interval":{"confidence_level":0.95,"lower_bound":100809.39345645235,"upper_bound":101743.9829182631},"point_estimate":101136.82899728997,"standard_error":257.54657517771176},"median_abs_dev":{"confidence_interval":{"confidence_level":0.95,"lower_bound":1108.7395904026728,"upper_bound":1916.7193735989092},"point_estimate":1549.2092132965965,"standard_error":207.7092972329514},"slope":{"confidence_interval":{"confidence_level":0.95,"lower_bound":100528.50945680242,"upper_bound":100901.31792108591},"point_estimate":100702.27684843111,"standard_error":95.36437667071395},"std_dev":{"confidence_interval":{"confidence_level":0.95,"lower_bound":1198.226506841049,"upper_bound":1532.512378917168},"point_estimate":1370.4241980750662,"standard_error":85.37185483397313}}