{"mean":{"confidence_interval":{"confidence_level":0.95,"lower_bound":100161.70674755804,"upper_bound":100664.96267877173},"point_estimate":100400.92167073539,"standard_error":128.3647611982326},"median":{"confidence_interval":{"confidence_level":0.95,"lower_bound":100090.97714285714,"upper_bound":100488.46138996139},"point_estimate":100338.05955620343,"standard_error":109.50836634700593},"median_abs_dev":{"confidence_interval":{"confidence_level":0.95,"lower_bound":613.0081134883042,"upper_bound":1250.2635582065486},"point_estimate":808.4051889356045,"standard_error":164.63740034678543},"slope":{"confidence_interval":{"confidence_level":0.95,"lower_bound":99976.24938444368,"upper_bound":100613.1064304852},"point_estimate":100263.78847474087,"standard_error":163.79518711404793},"std_dev":{"confidence_interval":{"confidence_level":0.95,"lower_bound":879.7451520706005,"upper_bound":1648.9638308667866},"point_estimate":1282.8132169568928,"standard_error":196.29863295038723}}