{"mean":{"confidence_interval":{"confidence_level":0.95,"lower_bound":80792.1274309917,"upper_bound":81263.1478721248},"point_estimate":81025.98266960615,"standard_error":120.027216796318},"median":{"confidence_interval":{"confidence_level":0.95,"lower_bound":80131.39661654136,"upper_bound":81721.14285714286},"point_estimate":80372.92041407868,"standard_error":475.2800748201186},"median_abs_dev":{"confidence_interval":{"confidence_level":0.95,"lower_bound":652.9912435836004,"upper_bound":1929.017666498438},"point_estimate":1110.2104708672016,"standard_error":371.79436777216864},"slope":{"confidence_interval":{"confidence_level":0.95,"lower_bound":80136.77982593169,"upper_bound":80353.09506565778},"point_estimate":80236.6676121514,"standard_error":55.071483355429166},"std_dev":{"confidence_interval":{"confidence_level":0.95,"lower_bound":1110.5347065606484,"upper_bound":1285.7924919297009},"point_estimate":1207.5425393900302,"standard_error":44.53322361851359}}