{"mean":{"confidence_interval":{"confidence_level":0.95,"lower_bound":99912.02754992915,"upper_bound":100508.49452481976},"point_estimate":100202.35925560397,"standard_error":152.0179910067798},"median":{"confidence_interval":{"confidence_level":0.95,"lower_bound":99170.19335142469,"upper_bound":100935.78301093356},"point_estimate":99775.62430011199,"standard_error":466.6556370235208},"median_abs_dev":{"confidence_interval":{"confidence_level":0.95,"lower_bound":878.2748919356443,"upper_bound":2085.827588862981},"point_estimate":1729.9174172399175,"standard_error":352.9799129103499},"slope":{"confidence_interval":{"confidence_level":0.95,"lower_bound":99175.34294433173,"upper_bound":99718.71379711918},"point_estimate":99421.48502776078,"standard_error":139.58982914622007},"std_dev":{"confidence_interval":{"confidence_level":0.95,"lower_bound":1283.5295657232434,"upper_bound":1829.1900773455493},"point_estimate":1525.6247974407313,"standard_error":149.096073120786}}