{"mean":{"confidence_interval":{"confidence_level":0.95,"lower_bound":143632.27332336633,"upper_bound":144458.47947916534},"point_estimate":144030.72432319418,"standard_error":211.37693001458445},"median":{"confidence_interval":{"confidence_level":0.95,"lower_bound":142703.74178937258,"upper_bound":143103.28461538462},"point_estimate":142754.23577969297,"standard_error":162.1469870883628},"median_abs_dev":{"confidence_interval":{"confidence_level":0.95,"lower_bound":391.3890167688299,"upper_bound":1294.6147756711443},"point_estimate":531.2331817722799,"standard_error":264.21570702582693},"slope":{"confidence_interval":{"confidence_level":0.95,"lower_bound":142727.37428776445,"upper_bound":143475.57289493716},"point_estimate":143031.22503029407,"standard_error":195.00036996465346},"std_dev":{"confidence_interval":{"confidence_level":0.95,"lower_bound":1675.1652428545108,"upper_bound":2544.5416119075016},"point_estimate":2116.434130134284,"standard_error":223.7463309583506}}