{"mean":{"confidence_interval":{"confidence_level":0.95,"lower_bound":143575.898054144,"upper_bound":144192.6459920899},"point_estimate":143875.7835484667,"standard_error":157.54557442780194},"median":{"confidence_interval":{"confidence_level":0.95,"lower_bound":142898.46666666667,"upper_bound":143130.90503121098},"point_estimate":143017.12297297298,"standard_error":72.8827942562406},"median_abs_dev":{"confidence_interval":{"confidence_level":0.95,"lower_bound":352.9712020461332,"upper_bound":875.2912079657801},"point_estimate":610.013512806461,"standard_error":150.14762534810495},"slope":{"confidence_interval":{"confidence_level":0.95,"lower_bound":142888.29697597478,"upper_bound":143037.2683343016},"point_estimate":142957.0461415694,"standard_error":37.780088273038515},"std_dev":{"confidence_interval":{"confidence_level":0.95,"lower_bound":1367.1884327599573,"upper_bound":1762.950405446392},"point_estimate":1582.4201459467856,"standard_error":101.05525874538296}}