{"mean":{"confidence_interval":{"confidence_level":0.95,"lower_bound":143631.85426315927,"upper_bound":144259.75153517866},"point_estimate":143940.70959301502,"standard_error":160.62227082033897},"median":{"confidence_interval":{"confidence_level":0.95,"lower_bound":142910.39402985075,"upper_bound":143304.67835051546},"point_estimate":143029.17610071547,"standard_error":111.37201290336209},"median_abs_dev":{"confidence_interval":{"confidence_level":0.95,"lower_bound":469.1215002769691,"upper_bound":1279.7328858373442},"point_estimate":674.6576899251779,"standard_error":223.06395445961357},"slope":{"confidence_interval":{"confidence_level":0.95,"lower_bound":142938.74585930238,"upper_bound":143133.68430533912},"point_estimate":143031.4964717009,"standard_error":49.356133081536115},"std_dev":{"confidence_interval":{"confidence_level":0.95,"lower_bound":1436.0089277188517,"upper_bound":1753.1927846223782},"point_estimate":1615.5826522059601,"standard_error":80.6712373633881}}