{"mean":{"confidence_interval":{"confidence_level":0.95,"lower_bound":100283.38751500909,"upper_bound":100677.89551707836},"point_estimate":100474.14874033284,"standard_error":100.464110343586},"median":{"confidence_interval":{"confidence_level":0.95,"lower_bound":100100.19376026273,"upper_bound":100614.8313253012},"point_estimate":100210.86545988258,"standard_error":121.35188091787},"median_abs_dev":{"confidence_interval":{"confidence_level":0.95,"lower_bound":784.8419722882561,"upper_bound":1196.2594615912888},"point_estimate":1070.7137218357846,"standard_error":108.58893558046239},"slope":{"confidence_interval":{"confidence_level":0.95,"lower_bound":99984.64346573935,"upper_bound":100322.16883974423},"point_estimate":100139.14792459203,"standard_error":86.24162954008985},"std_dev":{"confidence_interval":{"confidence_level":0.95,"lower_bound":783.3850506574258,"upper_bound":1247.8174967991117},"point_estimate":1010.3020025259065,"standard_error":121.36688994018826}}