{"mean":{"confidence_interval":{"confidence_level":0.95,"lower_bound":48591.88161380875,"upper_bound":49081.86658976649},"point_estimate":48857.67899927348,"standard_error":124.80719472053954},"median":{"confidence_interval":{"confidence_level":0.95,"lower_bound":48922.60372194855,"upper_bound":49054.74369747899},"point_estimate":48993.81086309524,"standard_error":35.042049194545186},"median_abs_dev":{"confidence_interval":{"confidence_level":0.95,"lower_bound":206.84975699886866,"upper_bound":365.1963293059466},"point_estimate":289.0730050219894,"standard_error":40.84406969726197},"slope":{"confidence_interval":{"confidence_level":0.95,"lower_bound":49129.835864097346,"upper_bound":49362.13721651472},"point_estimate":49238.03966363374,"standard_error":59.66155719179665},"std_dev":{"confidence_interval":{"confidence_level":0.95,"lower_bound":544.8521950723831,"upper_bound":1887.6219460499615},"point_estimate":1255.5375386258595,"standard_error":354.94926175011034}}