{"mean":{"confidence_interval":{"confidence_level":0.95,"lower_bound":85233.8863873676,"upper_bound":86618.12183957244},"point_estimate":86031.11427661106,"standard_error":359.9042861542419},"median":{"confidence_interval":{"confidence_level":0.95,"lower_bound":86678.84462449327,"upper_bound":86946.5220094086},"point_estimate":86820.94531942229,"standard_error":71.09725457348885},"median_abs_dev":{"confidence_interval":{"confidence_level":0.95,"lower_bound":378.3107435467987,"upper_bound":675.4321809690466},"point_estimate":527.4965986143867,"standard_error":75.14244275677036},"slope":{"confidence_interval":{"confidence_level":0.95,"lower_bound":86950.61110431798,"upper_bound":87168.3840010591},"point_estimate":87054.13287325748,"standard_error":55.55760260932925},"std_dev":{"confidence_interval":{"confidence_level":0.95,"lower_bound":1225.8201172596887,"upper_bound":5655.567505081688},"point_estimate":3619.316082683373,"standard_error":1227.334050193067}}