{"mean":{"confidence_interval":{"confidence_level":0.95,"lower_bound":48257.37965355392,"upper_bound":48617.914201973115},"point_estimate":48456.342323469275,"standard_error":92.7097609635154},"median":{"confidence_interval":{"confidence_level":0.95,"lower_bound":48592.35338345865,"upper_bound":48695.79598997494},"point_estimate":48635.564342403624,"standard_error":26.758245709655668},"median_abs_dev":{"confidence_interval":{"confidence_level":0.95,"lower_bound":186.10305291401883,"upper_bound":324.5153148101314},"point_estimate":266.78558763360934,"standard_error":35.5433113969623},"slope":{"confidence_interval":{"confidence_level":0.95,"lower_bound":48709.42009377744,"upper_bound":48890.11075380459},"point_estimate":48787.03278374746,"standard_error":46.68071376694043},"std_dev":{"confidence_interval":{"confidence_level":0.95,"lower_bound":467.8170253154524,"upper_bound":1357.2475987423356},"point_estimate":927.9207373739929,"standard_error":236.66367423210338}}