{"mean":{"confidence_interval":{"confidence_level":0.95,"lower_bound":52075.6232061022,"upper_bound":52611.88819858484},"point_estimate":52378.3069371735,"standard_error":137.5403289930844},"median":{"confidence_interval":{"confidence_level":0.95,"lower_bound":52480.39271664008,"upper_bound":52643.80753353973},"point_estimate":52575.21365325077,"standard_error":41.77171206424709},"median_abs_dev":{"confidence_interval":{"confidence_level":0.95,"lower_bound":266.9488717409718,"upper_bound":442.95937713395875},"point_estimate":363.6014489325935,"standard_error":46.24328490353284},"slope":{"confidence_interval":{"confidence_level":0.95,"lower_bound":52482.98320509769,"upper_bound":52877.91539486216},"point_estimate":52655.41176623397,"standard_error":102.16831755432534},"std_dev":{"confidence_interval":{"confidence_level":0.95,"lower_bound":586.2349869252549,"upper_bound":2110.3569953508018},"point_estimate":1381.0777477609438,"standard_error":424.9166682032908}}