{"mean":{"confidence_interval":{"confidence_level":0.95,"lower_bound":48752.744955524075,"upper_bound":49728.47718392727},"point_estimate":49175.09421559502,"standard_error":251.3607516082109},"median":{"confidence_interval":{"confidence_level":0.95,"lower_bound":48915.012931034486,"upper_bound":49051.16547619048},"point_estimate":49002.094689430334,"standard_error":37.37049473029218},"median_abs_dev":{"confidence_interval":{"confidence_level":0.95,"lower_bound":192.94000150759734,"upper_bound":305.1171237936108},"point_estimate":238.9828442369313,"standard_error":28.452355183639213},"slope":{"confidence_interval":{"confidence_level":0.95,"lower_bound":49124.03155710654,"upper_bound":51312.70520333459},"point_estimate":49911.44895123393,"standard_error":610.8416895901337},"std_dev":{"confidence_interval":{"confidence_level":0.95,"lower_bound":861.563791693266,"upper_bound":4028.751515386882},"point_estimate":2518.2314243358996,"standard_error":908.9417418655265}}