{"mean":{"confidence_interval":{"confidence_level":0.95,"lower_bound":92578.97182482351,"upper_bound":94160.78516654117},"point_estimate":93481.5692182734,"standard_error":408.3911220168374},"median":{"confidence_interval":{"confidence_level":0.95,"lower_bound":94267.94019138756,"upper_bound":94566.48376623377},"point_estimate":94440.49488606631,"standard_error":82.61216436960845},"median_abs_dev":{"confidence_interval":{"confidence_level":0.95,"lower_bound":346.0463674405976,"upper_bound":737.9032092370422},"point_estimate":524.1795853909223,"standard_error":103.83876632741013},"slope":{"confidence_interval":{"confidence_level":0.95,"lower_bound":94651.22568068383,"upper_bound":95019.19132775295},"point_estimate":94819.6720663111,"standard_error":94.49671328946582},"std_dev":{"confidence_interval":{"confidence_level":0.95,"lower_bound":1561.7657916761236,"upper_bound":6375.266587643742},"point_estimate":4114.606574398736,"standard_error":1342.9127549855539}}