{"mean":{"confidence_interval":{"confidence_level":0.95,"lower_bound":48506.034852897,"upper_bound":48977.79428267756},"point_estimate":48765.21491384858,"standard_error":120.45132670988986},"median":{"confidence_interval":{"confidence_level":0.95,"lower_bound":48812.501519756835,"upper_bound":48954.906066536205},"point_estimate":48893.06802054155,"standard_error":36.09598554107649},"median_abs_dev":{"confidence_interval":{"confidence_level":0.95,"lower_bound":249.20837858848682,"upper_bound":408.649420948882},"point_estimate":315.1637680589159,"standard_error":40.645445835645376},"slope":{"confidence_interval":{"confidence_level":0.95,"lower_bound":49085.56711935344,"upper_bound":49447.08443298355},"point_estimate":49242.479661100435,"standard_error":93.6392655968269},"std_dev":{"confidence_interval":{"confidence_level":0.95,"lower_bound":612.8034340746489,"upper_bound":1790.8381007988016},"point_estimate":1209.48364019665,"standard_error":317.73457065057613}}