{"mean":{"confidence_interval":{"confidence_level":0.95,"lower_bound":78019.85728929484,"upper_bound":79292.43597577454},"point_estimate":78738.96286585496,"standard_error":326.9070557705094},"median":{"confidence_interval":{"confidence_level":0.95,"lower_bound":79214.88325150027,"upper_bound":79420.78037904124},"point_estimate":79344.35915492958,"standard_error":46.02549645716445},"median_abs_dev":{"confidence_interval":{"confidence_level":0.95,"lower_bound":263.2907002291449,"upper_bound":786.6569931110025},"point_estimate":428.4922658875495,"standard_error":139.53357998711365},"slope":{"confidence_interval":{"confidence_level":0.95,"lower_bound":79559.30065699424,"upper_bound":80024.64214087807},"point_estimate":79776.35109274647,"standard_error":119.44615114944182},"std_dev":{"confidence_interval":{"confidence_level":0.95,"lower_bound":1399.2190197911568,"upper_bound":4996.75873233652},"point_estimate":3276.205597261141,"standard_error":991.9569534704033}}