{"mean":{"confidence_interval":{"confidence_level":0.95,"lower_bound":49344.10621328156,"upper_bound":49909.89316982428},"point_estimate":49642.90440506625,"standard_error":143.55424920983532},"median":{"confidence_interval":{"confidence_level":0.95,"lower_bound":49709.48909321024,"upper_bound":49815.33344567803},"point_estimate":49776.10328869047,"standard_error":29.191550934062867},"median_abs_dev":{"confidence_interval":{"confidence_level":0.95,"lower_bound":163.79638812107993,"upper_bound":347.546891853619},"point_estimate":242.27621565830177,"standard_error":45.92060218319794},"slope":{"confidence_interval":{"confidence_level":0.95,"lower_bound":49827.83332320441,"upper_bound":50017.11597284124},"point_estimate":49908.83954632777,"standard_error":48.884408023198276},"std_dev":{"confidence_interval":{"confidence_level":0.95,"lower_bound":610.6316066707486,"upper_bound":2134.028328881466},"point_estimate":1437.3853692247574,"standard_error":396.4543392769771}}