{"mean":{"confidence_interval":{"confidence_level":0.95,"lower_bound":51016.82459080678,"upper_bound":51573.19179252127},"point_estimate":51315.95991178336,"standard_error":142.13644560190517},"median":{"confidence_interval":{"confidence_level":0.95,"lower_bound":51374.10365853659,"upper_bound":51485.45925925926},"point_estimate":51422.46418040979,"standard_error":31.24750472425716},"median_abs_dev":{"confidence_interval":{"confidence_level":0.95,"lower_bound":180.95096703550465,"upper_bound":345.9407586916562},"point_estimate":270.7117675040073,"standard_error":43.522921338611354},"slope":{"confidence_interval":{"confidence_level":0.95,"lower_bound":51562.77444730457,"upper_bound":51864.88820130037},"point_estimate":51697.745672824,"standard_error":77.57314588792423},"std_dev":{"confidence_interval":{"confidence_level":0.95,"lower_bound":736.4962254837503,"upper_bound":2071.005757191312},"point_estimate":1422.2683478925999,"standard_error":356.01018497866716}}