{"mean":{"confidence_interval":{"confidence_level":0.95,"lower_bound":77513.14626188554,"upper_bound":78679.99358576405},"point_estimate":78170.55709968849,"standard_error":299.93832432265486},"median":{"confidence_interval":{"confidence_level":0.95,"lower_bound":78647.92904921166,"upper_bound":78841.57819103973},"point_estimate":78770.2496792058,"standard_error":49.04193891518224},"median_abs_dev":{"confidence_interval":{"confidence_level":0.95,"lower_bound":239.50004012653753,"upper_bound":507.3676125437791},"point_estimate":352.6848621811024,"standard_error":69.4925073548877},"slope":{"confidence_interval":{"confidence_level":0.95,"lower_bound":78945.12593146994,"upper_bound":79415.74732572664},"point_estimate":79164.3066569665,"standard_error":121.23913660769394},"std_dev":{"confidence_interval":{"confidence_level":0.95,"lower_bound":1294.8464197963137,"upper_bound":4584.895425424319},"point_estimate":3005.79629607183,"standard_error":895.2667910283108}}