{"mean":{"confidence_interval":{"confidence_level":0.95,"lower_bound":48692.78210267031,"upper_bound":49194.31521415349},"point_estimate":48963.88294895571,"standard_error":127.43584769539997},"median":{"confidence_interval":{"confidence_level":0.95,"lower_bound":48962.593406593405,"upper_bound":49065.723653395784},"point_estimate":49013.147883597885,"standard_error":28.29521048944179},"median_abs_dev":{"confidence_interval":{"confidence_level":0.95,"lower_bound":185.3033844653068,"upper_bound":363.78689132337246},"point_estimate":261.7316607781684,"standard_error":46.181551544795695},"slope":{"confidence_interval":{"confidence_level":0.95,"lower_bound":49155.97219406316,"upper_bound":49426.33171053023},"point_estimate":49281.26110634944,"standard_error":69.5273558873451},"std_dev":{"confidence_interval":{"confidence_level":0.95,"lower_bound":669.9256870999803,"upper_bound":1873.0390422101814},"point_estimate":1276.947169385785,"standard_error":324.91714154413535}}