{"mean":{"confidence_interval":{"confidence_level":0.95,"lower_bound":48670.59602236146,"upper_bound":49144.49115251302},"point_estimate":48922.25594443385,"standard_error":120.4065561007387},"median":{"confidence_interval":{"confidence_level":0.95,"lower_bound":48992.74018411712,"upper_bound":49081.18452380953},"point_estimate":49034.39655172414,"standard_error":19.09248194810339},"median_abs_dev":{"confidence_interval":{"confidence_level":0.95,"lower_bound":151.49768298063722,"upper_bound":294.8509495641072},"point_estimate":216.93710390053658,"standard_error":35.001624003696016},"slope":{"confidence_interval":{"confidence_level":0.95,"lower_bound":49122.86198986326,"upper_bound":49325.97290911099},"point_estimate":49206.350100276555,"standard_error":53.04688226769603},"std_dev":{"confidence_interval":{"confidence_level":0.95,"lower_bound":603.0235244157748,"upper_bound":1764.205257690425},"point_estimate":1214.5350586383609,"standard_error":302.7452369052051}}