{"mean":{"confidence_interval":{"confidence_level":0.95,"lower_bound":49871.07367859612,"upper_bound":50384.141957751606},"point_estimate":50152.29276129745,"standard_error":131.75520160193346},"median":{"confidence_interval":{"confidence_level":0.95,"lower_bound":50212.12380952381,"upper_bound":50579.37759502219},"point_estimate":50367.579899443735,"standard_error":101.9596756560704},"median_abs_dev":{"confidence_interval":{"confidence_level":0.95,"lower_bound":616.9856767788353,"upper_bound":1040.9966444355225},"point_estimate":855.2306407235629,"standard_error":109.70180170321304},"slope":{"confidence_interval":{"confidence_level":0.95,"lower_bound":50761.919182939244,"upper_bound":50999.258427654764},"point_estimate":50886.25146667652,"standard_error":60.55191003429048},"std_dev":{"confidence_interval":{"confidence_level":0.95,"lower_bound":726.8458802599882,"upper_bound":1919.4083900546334},"point_estimate":1320.2994320675452,"standard_error":323.60009520264805}}