{"mean":{"confidence_interval":{"confidence_level":0.95,"lower_bound":49541.61183332367,"upper_bound":49980.40205158199},"point_estimate":49792.76635410157,"standard_error":113.40369431527553},"median":{"confidence_interval":{"confidence_level":0.95,"lower_bound":50006.41558441558,"upper_bound":50104.17042253521},"point_estimate":50054.16524691358,"standard_error":25.825726500259876},"median_abs_dev":{"confidence_interval":{"confidence_level":0.95,"lower_bound":156.8574261163633,"upper_bound":302.93212730369277},"point_estimate":213.37881868647412,"standard_error":36.235771990552365},"slope":{"confidence_interval":{"confidence_level":0.95,"lower_bound":49954.461892664,"upper_bound":50109.929429059965},"point_estimate":50034.13082887542,"standard_error":39.706225359947574},"std_dev":{"confidence_interval":{"confidence_level":0.95,"lower_bound":422.8029354631049,"upper_bound":1774.6971946687727},"point_estimate":1144.2709420112938,"standard_error":374.777972239879}}