{"mean":{"confidence_interval":{"confidence_level":0.95,"lower_bound":48577.607755778,"upper_bound":49106.47220752266},"point_estimate":48853.40795099851,"standard_error":134.082555953297},"median":{"confidence_interval":{"confidence_level":0.95,"lower_bound":48864.76190476191,"upper_bound":48984.46457996688},"point_estimate":48936.56401354868,"standard_error":30.547819152689232},"median_abs_dev":{"confidence_interval":{"confidence_level":0.95,"lower_bound":197.1699194859566,"upper_bound":340.53858236002765},"point_estimate":258.70428586871583,"standard_error":37.06011703208682},"slope":{"confidence_interval":{"confidence_level":0.95,"lower_bound":49044.657386813946,"upper_bound":49311.462080259684},"point_estimate":49160.262504450875,"standard_error":68.63532509087896},"std_dev":{"confidence_interval":{"confidence_level":0.95,"lower_bound":702.9018636224102,"upper_bound":1916.7126222055838},"point_estimate":1348.136581545785,"standard_error":314.61650479156975}}