{"mean":{"confidence_interval":{"confidence_level":0.95,"lower_bound":49219.76840287778,"upper_bound":49664.00989360088},"point_estimate":49471.18534292508,"standard_error":114.50940117829211},"median":{"confidence_interval":{"confidence_level":0.95,"lower_bound":49647.719350423096,"upper_bound":49758.888813131314},"point_estimate":49722.51543835616,"standard_error":27.53256555003792},"median_abs_dev":{"confidence_interval":{"confidence_level":0.95,"lower_bound":145.15735085079854,"upper_bound":282.47946511283317},"point_estimate":208.47144648263577,"standard_error":32.738227244910206},"slope":{"confidence_interval":{"confidence_level":0.95,"lower_bound":49765.85539425343,"upper_bound":49867.500133319336},"point_estimate":49811.87541480715,"standard_error":26.016370579586585},"std_dev":{"confidence_interval":{"confidence_level":0.95,"lower_bound":481.84235362426136,"upper_bound":1754.409455302769},"point_estimate":1146.9958360103656,"standard_error":353.75929015681186}}