{"mean":{"confidence_interval":{"confidence_level":0.95,"lower_bound":48689.1286940278,"upper_bound":49238.127142070654},"point_estimate":48976.59175134825,"standard_error":139.3614158945318},"median":{"confidence_interval":{"confidence_level":0.95,"lower_bound":48957.68921387878,"upper_bound":49031.44863917444},"point_estimate":48984.37321428572,"standard_error":18.458398228810697},"median_abs_dev":{"confidence_interval":{"confidence_level":0.95,"lower_bound":150.54624701809732,"upper_bound":331.9740994826265},"point_estimate":242.97439977669177,"standard_error":47.20968557092455},"slope":{"confidence_interval":{"confidence_level":0.95,"lower_bound":49200.24120168917,"upper_bound":49739.74472392017},"point_estimate":49442.92680881308,"standard_error":138.19164944339678},"std_dev":{"confidence_interval":{"confidence_level":0.95,"lower_bound":794.4637348143438,"upper_bound":1982.3638539095225},"point_estimate":1408.2499921928143,"standard_error":309.47397000172833}}