{"mean":{"confidence_interval":{"confidence_level":0.95,"lower_bound":50985.64038936256,"upper_bound":51532.63654486499},"point_estimate":51284.252249719866,"standard_error":139.85829728615985},"median":{"confidence_interval":{"confidence_level":0.95,"lower_bound":51343.28157894737,"upper_bound":51463.726119402985},"point_estimate":51409.892584033616,"standard_error":34.58783315897916},"median_abs_dev":{"confidence_interval":{"confidence_level":0.95,"lower_bound":190.83042561712583,"upper_bound":361.16157269241273},"point_estimate":263.5197303871066,"standard_error":42.89752302013765},"slope":{"confidence_interval":{"confidence_level":0.95,"lower_bound":51578.61225965477,"upper_bound":51886.72597376232},"point_estimate":51717.83545426334,"standard_error":79.06418908996217},"std_dev":{"confidence_interval":{"confidence_level":0.95,"lower_bound":690.190328481723,"upper_bound":2096.820283031489},"point_estimate":1403.584066740765,"standard_error":386.69343560877155}}