{"mean":{"confidence_interval":{"confidence_level":0.95,"lower_bound":48174.38577289238,"upper_bound":48619.167414512056},"point_estimate":48422.9269208013,"standard_error":113.63423592381078},"median":{"confidence_interval":{"confidence_level":0.95,"lower_bound":48566.336134453784,"upper_bound":48664.228327228324},"point_estimate":48615.6246031746,"standard_error":24.518635009515396},"median_abs_dev":{"confidence_interval":{"confidence_level":0.95,"lower_bound":214.9371975989168,"upper_bound":391.5490174345728},"point_estimate":304.5895487721826,"standard_error":47.20364076633906},"slope":{"confidence_interval":{"confidence_level":0.95,"lower_bound":48709.00485490832,"upper_bound":48902.12817902373},"point_estimate":48790.98330567811,"standard_error":50.00255804436653},"std_dev":{"confidence_interval":{"confidence_level":0.95,"lower_bound":504.61910837406054,"upper_bound":1740.8231188031964},"point_estimate":1139.850795708451,"standard_error":337.54098235057336}}