{"mean":{"confidence_interval":{"confidence_level":0.95,"lower_bound":77427.92604685892,"upper_bound":78662.58620048572},"point_estimate":78130.4707606145,"standard_error":318.0062117352231},"median":{"confidence_interval":{"confidence_level":0.95,"lower_bound":78572.09925558313,"upper_bound":79013.09333333334},"point_estimate":78784.1373345005,"standard_error":123.09460495996584},"median_abs_dev":{"confidence_interval":{"confidence_level":0.95,"lower_bound":470.4743563245069,"upper_bound":880.648381949464},"point_estimate":743.5879453988865,"standard_error":107.01671767966978},"slope":{"confidence_interval":{"confidence_level":0.95,"lower_bound":78849.63622165687,"upper_bound":79267.91424061908},"point_estimate":79048.73314615044,"standard_error":106.77009243277716},"std_dev":{"confidence_interval":{"confidence_level":0.95,"lower_bound":1376.710381412156,"upper_bound":4907.579895800564},"point_estimate":3187.1424615328597,"standard_error":1010.5168217801402}}