{"mean":{"confidence_interval":{"confidence_level":0.95,"lower_bound":51508.15570745208,"upper_bound":52098.78161983949},"point_estimate":51830.67480061426,"standard_error":151.20563265049395},"median":{"confidence_interval":{"confidence_level":0.95,"lower_bound":52008.861764705885,"upper_bound":52138.668103448275},"point_estimate":52105.56408730159,"standard_error":32.006094387129785},"median_abs_dev":{"confidence_interval":{"confidence_level":0.95,"lower_bound":220.69614206310368,"upper_bound":477.0516447835408},"point_estimate":325.0081789524323,"standard_error":65.71780844482095},"slope":{"confidence_interval":{"confidence_level":0.95,"lower_bound":52228.63548427546,"upper_bound":52544.367532436554},"point_estimate":52373.62257410965,"standard_error":80.92772949267282},"std_dev":{"confidence_interval":{"confidence_level":0.95,"lower_bound":817.4439476524445,"upper_bound":2204.8679230751995},"point_estimate":1517.3562902236547,"standard_error":376.1544575285472}}