{"mean":{"confidence_interval":{"confidence_level":0.95,"lower_bound":49144.58773184573,"upper_bound":49642.76648748545},"point_estimate":49412.62462012254,"standard_error":126.95091979152718},"median":{"confidence_interval":{"confidence_level":0.95,"lower_bound":49200.74537037037,"upper_bound":49859.36768292683},"point_estimate":49570.1275,"standard_error":185.8578064114859},"median_abs_dev":{"confidence_interval":{"confidence_level":0.95,"lower_bound":469.48611833388634,"upper_bound":903.1481793351882},"point_estimate":785.1967149894575,"standard_error":113.88072606819173},"slope":{"confidence_interval":{"confidence_level":0.95,"lower_bound":49842.76905968644,"upper_bound":50198.189932737696},"point_estimate":50004.03814969706,"standard_error":91.17366287218704},"std_dev":{"confidence_interval":{"confidence_level":0.95,"lower_bound":733.5861889284266,"upper_bound":1832.096012053151},"point_estimate":1273.1929547127538,"standard_error":298.6026832971988}}