{"mean":{"confidence_interval":{"confidence_level":0.95,"lower_bound":50735.522865979445,"upper_bound":51391.6603718299},"point_estimate":51080.73179329892,"standard_error":167.05958792738767},"median":{"confidence_interval":{"confidence_level":0.95,"lower_bound":51061.808737373736,"upper_bound":51619.05543478261},"point_estimate":51355.72790653496,"standard_error":145.90981124169056},"median_abs_dev":{"confidence_interval":{"confidence_level":0.95,"lower_bound":732.683053171045,"upper_bound":1234.1674565363287},"point_estimate":1040.380909639564,"standard_error":120.65457717380029},"slope":{"confidence_interval":{"confidence_level":0.95,"lower_bound":51719.216711065514,"upper_bound":52140.87430715969},"point_estimate":51899.72027545441,"standard_error":109.55487739376782},"std_dev":{"confidence_interval":{"confidence_level":0.95,"lower_bound":1074.578259300863,"upper_bound":2289.9452497800285},"point_estimate":1675.9066426715644,"standard_error":321.82886256407517}}