{"mean":{"confidence_interval":{"confidence_level":0.95,"lower_bound":50866.865956409245,"upper_bound":51394.01929748797},"point_estimate":51157.82193051168,"standard_error":134.73524616993012},"median":{"confidence_interval":{"confidence_level":0.95,"lower_bound":51244.47833333333,"upper_bound":51472.693181818184},"point_estimate":51347.47529839128,"standard_error":61.90353676662899},"median_abs_dev":{"confidence_interval":{"confidence_level":0.95,"lower_bound":383.0582614780478,"upper_bound":795.3072220253762},"point_estimate":535.8735673864259,"standard_error":109.1380830611585},"slope":{"confidence_interval":{"confidence_level":0.95,"lower_bound":51520.95619783205,"upper_bound":51798.17652362621},"point_estimate":51665.48987941481,"standard_error":70.69915589047744},"std_dev":{"confidence_interval":{"confidence_level":0.95,"lower_bound":720.0692344545649,"upper_bound":1986.6030068549185},"point_estimate":1354.009045256642,"standard_error":351.00228016307415}}