{"mean":{"confidence_interval":{"confidence_level":0.95,"lower_bound":0.017566013272437824,"upper_bound":0.024823316835658846},"point_estimate":0.02095985086878649,"standard_error":0.0018590142928936403},"median":{"confidence_interval":{"confidence_level":0.95,"lower_bound":0.017037576418119427,"upper_bound":0.02302034139981135},"point_estimate":0.01932285632378483,"standard_error":0.0016157812046566763}}