{"mean":{"confidence_interval":{"confidence_level":0.95,"lower_bound":0.03287065485644338,"upper_bound":0.038625882946671554},"point_estimate":0.03578611552766131,"standard_error":0.001467413701536085},"median":{"confidence_interval":{"confidence_level":0.95,"lower_bound":0.034609102312714635,"upper_bound":0.041031707799472183},"point_estimate":0.03810104820309257,"standard_error":0.001598112351057773}}