{"mean":{"confidence_interval":{"confidence_level":0.95,"lower_bound":-0.009658811659750355,"upper_bound":-0.0017351103695000258},"point_estimate":-0.005686976807744992,"standard_error":0.002011916864271658},"median":{"confidence_interval":{"confidence_level":0.95,"lower_bound":-0.009544215767229525,"upper_bound":-0.002076724699558774},"point_estimate":-0.006187572429107391,"standard_error":0.001937833353559438}}