{"mean":{"confidence_interval":{"confidence_level":0.95,"lower_bound":0.018229402197159773,"upper_bound":0.026773732323299868},"point_estimate":0.022436051798402357,"standard_error":0.0021854005175037947},"median":{"confidence_interval":{"confidence_level":0.95,"lower_bound":0.008987306335629386,"upper_bound":0.02443944971091283},"point_estimate":0.01741505086249351,"standard_error":0.003691010636789496}}