{"mean":{"confidence_interval":{"confidence_level":0.95,"lower_bound":0.026222067180277753,"upper_bound":0.03451505974338847},"point_estimate":0.030078549165081014,"standard_error":0.002118577074843807},"median":{"confidence_interval":{"confidence_level":0.95,"lower_bound":0.026095771936698986,"upper_bound":0.03500319202811249},"point_estimate":0.029704576212868705,"standard_error":0.002076555869050766}}