{"mean":{"confidence_interval":{"confidence_level":0.95,"lower_bound":0.02409014499901972,"upper_bound":0.029607577027658847},"point_estimate":0.026801493292368805,"standard_error":0.0014045339424271547},"median":{"confidence_interval":{"confidence_level":0.95,"lower_bound":0.020891999482047563,"upper_bound":0.028235995743277176},"point_estimate":0.024328250772158055,"standard_error":0.001940401564594469}}