{"mean":{"confidence_interval":{"confidence_level":0.95,"lower_bound":-0.0631693434445223,"upper_bound":-0.056027552628399695},"point_estimate":-0.0596560807954819,"standard_error":0.0018225948315424235},"median":{"confidence_interval":{"confidence_level":0.95,"lower_bound":-0.062050812167211464,"upper_bound":-0.05413335388479856},"point_estimate":-0.056504888971829814,"standard_error":0.0019504529935060909}}