{"mean":{"confidence_interval":{"confidence_level":0.95,"lower_bound":-0.02248547823207969,"upper_bound":-0.015389510837896839},"point_estimate":-0.018920589749668038,"standard_error":0.001808730904127564},"median":{"confidence_interval":{"confidence_level":0.95,"lower_bound":-0.018792394244292798,"upper_bound":-0.011062806219926724},"point_estimate":-0.014039138571528609,"standard_error":0.0020310351843753137}}