{"mean":{"confidence_interval":{"confidence_level":0.95,"lower_bound":-0.0002667753851616716,"upper_bound":0.012865850454118564},"point_estimate":0.006228468791499742,"standard_error":0.0033559252432622073},"median":{"confidence_interval":{"confidence_level":0.95,"lower_bound":-0.007400641554394127,"upper_bound":0.007835447485597946},"point_estimate":0.0033999499827117585,"standard_error":0.0038490024665857113}}