{"mean":{"confidence_interval":{"confidence_level":0.95,"lower_bound":-0.012096759535544146,"upper_bound":0.0036610982014974765},"point_estimate":-0.003216884150035515,"standard_error":0.0040861344005657455},"median":{"confidence_interval":{"confidence_level":0.95,"lower_bound":-0.0013912216094250948,"upper_bound":0.005030770651071714},"point_estimate":0.001915274387308763,"standard_error":0.0016020045850273425}}