{"mean":{"confidence_interval":{"confidence_level":0.95,"lower_bound":0.030785363930690562,"upper_bound":0.03712900216488705},"point_estimate":0.0339215591880484,"standard_error":0.001624870148040592},"median":{"confidence_interval":{"confidence_level":0.95,"lower_bound":0.028369011891112406,"upper_bound":0.0363940724314431},"point_estimate":0.031888980003853984,"standard_error":0.0018808601934039149}}