{"mean":{"confidence_interval":{"confidence_level":0.95,"lower_bound":-0.06892123067710969,"upper_bound":-0.06068196676142487},"point_estimate":-0.06480652858114644,"standard_error":0.0021053138028867355},"median":{"confidence_interval":{"confidence_level":0.95,"lower_bound":-0.06943232778705544,"upper_bound":-0.0591470367530556},"point_estimate":-0.06504348946599448,"standard_error":0.0027585493828055654}}