{"mean":{"confidence_interval":{"confidence_level":0.95,"lower_bound":-0.02440582654353867,"upper_bound":-0.01759017100447831},"point_estimate":-0.021022193293205316,"standard_error":0.001743685605809158},"median":{"confidence_interval":{"confidence_level":0.95,"lower_bound":-0.019145274552955227,"upper_bound":-0.013255065523237741},"point_estimate":-0.015762212947225795,"standard_error":0.001393108059089022}}