{"mean":{"confidence_interval":{"confidence_level":0.95,"lower_bound":6673614.373875,"upper_bound":6682745.34275},"point_estimate":6677465.785,"standard_error":2368.6182698120615},"median":{"confidence_interval":{"confidence_level":0.95,"lower_bound":6671550.5,"upper_bound":6673285.8125},"point_estimate":6672390.625,"standard_error":462.96039586425684},"median_abs_dev":{"confidence_interval":{"confidence_level":0.95,"lower_bound":3324.5451159775257,"upper_bound":6295.119488239288},"point_estimate":4780.4582901299,"standard_error":779.0648618190166},"slope":null,"std_dev":{"confidence_interval":{"confidence_level":0.95,"lower_bound":7876.435894252625,"upper_bound":37119.86305214319},"point_estimate":23705.127436551975,"standard_error":8071.098682697546}}