{"mean":{"confidence_interval":{"confidence_level":0.95,"lower_bound":6673829.183625,"upper_bound":6683672.30834375},"point_estimate":6678060.1775,"standard_error":2550.5137124341227},"median":{"confidence_interval":{"confidence_level":0.95,"lower_bound":6671632.5,"upper_bound":6674032.5},"point_estimate":6673187.1875,"standard_error":606.6639559070659},"median_abs_dev":{"confidence_interval":{"confidence_level":0.95,"lower_bound":5363.95404227078,"upper_bound":8177.094829827547},"point_estimate":6521.679296717048,"standard_error":695.74496746592},"slope":null,"std_dev":{"confidence_interval":{"confidence_level":0.95,"lower_bound":8002.585794331483,"upper_bound":38422.91177913723},"point_estimate":25581.813806956332,"standard_error":8137.4123001721255}}