{"mean":{"confidence_interval":{"confidence_level":0.95,"lower_bound":6667680.6990625,"upper_bound":6671462.15934375},"point_estimate":6669469.015,"standard_error":966.7847413373393},"median":{"confidence_interval":{"confidence_level":0.95,"lower_bound":6666229.875,"upper_bound":6669061.625},"point_estimate":6668032.0,"standard_error":692.6911940432714},"median_abs_dev":{"confidence_interval":{"confidence_level":0.95,"lower_bound":3585.2047238498926,"upper_bound":6536.134646460414},"point_estimate":4570.207081362605,"standard_error":725.2000861431741},"slope":null,"std_dev":{"confidence_interval":{"confidence_level":0.95,"lower_bound":6689.163577312505,"upper_bound":12212.402259368893},"point_estimate":9696.839718012163,"standard_error":1411.4177571367832}}