{"mean":{"confidence_interval":{"confidence_level":0.95,"lower_bound":6674426.1546875,"upper_bound":6679186.33078125},"point_estimate":6676640.05,"standard_error":1219.0903509671607},"median":{"confidence_interval":{"confidence_level":0.95,"lower_bound":6673128.375,"upper_bound":6676513.375},"point_estimate":6674529.0625,"standard_error":778.9900040029145},"median_abs_dev":{"confidence_interval":{"confidence_level":0.95,"lower_bound":6349.975687265396,"upper_bound":10254.77336794138},"point_estimate":7894.937522336841,"standard_error":945.3750013379857},"slope":null,"std_dev":{"confidence_interval":{"confidence_level":0.95,"lower_bound":7955.803963553595,"upper_bound":16263.795519836433},"point_estimate":12217.901393391952,"standard_error":2156.826763143211}}