{"mean":{"confidence_interval":{"confidence_level":0.95,"lower_bound":6675135.96865625,"upper_bound":6683611.817843749},"point_estimate":6678652.9225,"standard_error":2203.8457020795113},"median":{"confidence_interval":{"confidence_level":0.95,"lower_bound":6671763.5,"upper_bound":6677142.9375},"point_estimate":6674489.25,"standard_error":1374.9614467421247},"median_abs_dev":{"confidence_interval":{"confidence_level":0.95,"lower_bound":5948.932394385338,"upper_bound":9763.768688533451},"point_estimate":7554.124853387475,"standard_error":975.0922182569684},"slope":null,"std_dev":{"confidence_interval":{"confidence_level":0.95,"lower_bound":8683.863467452644,"upper_bound":35008.10299085715},"point_estimate":22100.403672139604,"standard_error":8236.180236239421}}