{"mean":{"confidence_interval":{"confidence_level":0.95,"lower_bound":6678129.95784375,"upper_bound":6689557.868125},"point_estimate":6683262.6675,"standard_error":2934.11820417727},"median":{"confidence_interval":{"confidence_level":0.95,"lower_bound":6673225.25,"upper_bound":6676397.4375},"point_estimate":6674619.0625,"standard_error":800.5473273116489},"median_abs_dev":{"confidence_interval":{"confidence_level":0.95,"lower_bound":5105.147684365511,"upper_bound":8975.474915653467},"point_estimate":6937.733914330602,"standard_error":993.5944195223561},"slope":null,"std_dev":{"confidence_interval":{"confidence_level":0.95,"lower_bound":13953.839412487592,"upper_bound":41851.885437503086},"point_estimate":29529.473485938775,"standard_error":7114.713835842644}}