{"mean":{"confidence_interval":{"confidence_level":0.95,"lower_bound":0.004262300884265754,"upper_bound":0.036505170135011894},"point_estimate":0.020079197127054638,"standard_error":0.008220303580031035},"median":{"confidence_interval":{"confidence_level":0.95,"lower_bound":0.0021120151889406635,"upper_bound":0.03593517684857295},"point_estimate":0.015074398821768309,"standard_error":0.00857216482334191}}