{"mean":{"confidence_interval":{"confidence_level":0.95,"lower_bound":-0.032856337260793275,"upper_bound":0.0037380416539584543},"point_estimate":-0.015175429187773148,"standard_error":0.009376605621278514},"median":{"confidence_interval":{"confidence_level":0.95,"lower_bound":-0.04493613701063515,"upper_bound":0.007821010539167839},"point_estimate":-0.018462754993764152,"standard_error":0.01418938758271492}}