{"mean":{"confidence_interval":{"confidence_level":0.95,"lower_bound":-0.09162113306372299,"upper_bound":-0.0659943422258606},"point_estimate":-0.07847536256565102,"standard_error":0.0065678858936157715},"median":{"confidence_interval":{"confidence_level":0.95,"lower_bound":-0.0921230629064112,"upper_bound":-0.06247761662290141},"point_estimate":-0.07412057296961361,"standard_error":0.008232565009659541}}