{"mean":{"confidence_interval":{"confidence_level":0.95,"lower_bound":-0.0679311977734292,"upper_bound":-0.0382546223461952},"point_estimate":-0.054045230639382824,"standard_error":0.007570400227312126},"median":{"confidence_interval":{"confidence_level":0.95,"lower_bound":-0.06095465041956438,"upper_bound":-0.04202993558962964},"point_estimate":-0.05290647387836345,"standard_error":0.005167312798980416}}