{"mean":{"confidence_interval":{"confidence_level":0.95,"lower_bound":0.03356647216084101,"upper_bound":0.06645318128246826},"point_estimate":0.049855936911162635,"standard_error":0.008401089142305645},"median":{"confidence_interval":{"confidence_level":0.95,"lower_bound":0.02317503032476309,"upper_bound":0.06812039654467816},"point_estimate":0.041995636947226966,"standard_error":0.012571739580300018}}