{"mean":{"confidence_interval":{"confidence_level":0.95,"lower_bound":-0.088161065553463,"upper_bound":-0.06145525141930972},"point_estimate":-0.07446527504449718,"standard_error":0.006931144239636082},"median":{"confidence_interval":{"confidence_level":0.95,"lower_bound":-0.08786836217012206,"upper_bound":-0.049500675302695196},"point_estimate":-0.07194736704265747,"standard_error":0.009081420705525233}}