{"mean":{"confidence_interval":{"confidence_level":0.95,"lower_bound":-0.0644246857287808,"upper_bound":-0.03896766128427343},"point_estimate":-0.0509451683666049,"standard_error":0.006445732375374771},"median":{"confidence_interval":{"confidence_level":0.95,"lower_bound":-0.0543691804346651,"upper_bound":-0.024169187846123874},"point_estimate":-0.03870878488050433,"standard_error":0.0067302914549869485}}