{"mean":{"confidence_interval":{"confidence_level":0.95,"lower_bound":-0.011668185516380741,"upper_bound":0.023982585931741608},"point_estimate":0.0064196048912454895,"standard_error":0.009095393789593087},"median":{"confidence_interval":{"confidence_level":0.95,"lower_bound":-0.006871469751123516,"upper_bound":0.04612394206606574},"point_estimate":0.019547567346356765,"standard_error":0.01418182660621467}}