{"mean":{"confidence_interval":{"confidence_level":0.95,"lower_bound":-0.04536015410909623,"upper_bound":-0.012861551613127215},"point_estimate":-0.028915954749125783,"standard_error":0.008265672956416377},"median":{"confidence_interval":{"confidence_level":0.95,"lower_bound":-0.05790646498287966,"upper_bound":-0.008982886908540322},"point_estimate":-0.038646260390550524,"standard_error":0.012041903877006363}}