{"mean":{"confidence_interval":{"confidence_level":0.95,"lower_bound":-0.0336487248938097,"upper_bound":-0.015419329898575484},"point_estimate":-0.024709333631124597,"standard_error":0.00462050028565181},"median":{"confidence_interval":{"confidence_level":0.95,"lower_bound":-0.04192077012177042,"upper_bound":-0.01785710797248541},"point_estimate":-0.03070574846527563,"standard_error":0.005954837361716121}}