{"mean":{"confidence_interval":{"confidence_level":0.95,"lower_bound":-0.013958196064771857,"upper_bound":-0.00044848493864809374},"point_estimate":-0.007225716179176889,"standard_error":0.0034352236718446566},"median":{"confidence_interval":{"confidence_level":0.95,"lower_bound":-0.02174894376998915,"upper_bound":0.002841906137945216},"point_estimate":-0.012645063664593725,"standard_error":0.00704431923800141}}