{"mean":{"confidence_interval":{"confidence_level":0.95,"lower_bound":0.018456205450394367,"upper_bound":0.031564966823584374},"point_estimate":0.025406290121230413,"standard_error":0.003344425652131601},"median":{"confidence_interval":{"confidence_level":0.95,"lower_bound":0.009085057802766361,"upper_bound":0.03993673708703405},"point_estimate":0.025458855362403776,"standard_error":0.007716681042261724}}