{"mean":{"confidence_interval":{"confidence_level":0.95,"lower_bound":-0.014281793026855949,"upper_bound":-0.0009338190592623906},"point_estimate":-0.007704033249062325,"standard_error":0.0034079095759093282},"median":{"confidence_interval":{"confidence_level":0.95,"lower_bound":-0.020802095208615867,"upper_bound":-0.008099063810630636},"point_estimate":-0.013550571882023688,"standard_error":0.0031731342123362807}}