{"mean":{"confidence_interval":{"confidence_level":0.95,"lower_bound":-0.012383981132640758,"upper_bound":0.0015965183206658109},"point_estimate":-0.005474666673758288,"standard_error":0.003557632120498111},"median":{"confidence_interval":{"confidence_level":0.95,"lower_bound":-0.020160437674158538,"upper_bound":0.016709033316537614},"point_estimate":-0.0018373776920902474,"standard_error":0.009483630507469335}}