{"mean":{"confidence_interval":{"confidence_level":0.95,"lower_bound":-0.008399253543549279,"upper_bound":0.006673351302767715},"point_estimate":-0.0009476962990560001,"standard_error":0.003827229570363115},"median":{"confidence_interval":{"confidence_level":0.95,"lower_bound":-0.004055100864798433,"upper_bound":0.01154024206133038},"point_estimate":0.004207687612970412,"standard_error":0.003923760005882971}}