{"mean":{"confidence_interval":{"confidence_level":0.95,"lower_bound":-0.06313788061056834,"upper_bound":-0.05174213568582521},"point_estimate":-0.05748386668565242,"standard_error":0.0028807611244875218},"median":{"confidence_interval":{"confidence_level":0.95,"lower_bound":-0.06975967094074997,"upper_bound":-0.045474376667589356},"point_estimate":-0.05567021650810966,"standard_error":0.006752644524582837}}