{"mean":{"confidence_interval":{"confidence_level":0.95,"lower_bound":-0.027976989184209107,"upper_bound":-0.014679707616895271},"point_estimate":-0.021283924926547626,"standard_error":0.0034016291138738806},"median":{"confidence_interval":{"confidence_level":0.95,"lower_bound":-0.03336445372164798,"upper_bound":-0.006705235808735943},"point_estimate":-0.02287041551063418,"standard_error":0.007945580206275666}}