{"mean":{"confidence_interval":{"confidence_level":0.95,"lower_bound":0.052917623370903756,"upper_bound":0.06476624805946951},"point_estimate":0.05901672887618248,"standard_error":0.0030195307450207273},"median":{"confidence_interval":{"confidence_level":0.95,"lower_bound":0.048447151048542914,"upper_bound":0.07099612798578958},"point_estimate":0.05727194826101867,"standard_error":0.006069957946334514}}