{"mean":{"confidence_interval":{"confidence_level":0.95,"lower_bound":0.0013283292570145302,"upper_bound":0.016124785499059695},"point_estimate":0.008260485530567019,"standard_error":0.003744565231339611},"median":{"confidence_interval":{"confidence_level":0.95,"lower_bound":-0.009982498386606808,"upper_bound":0.020283123518674895},"point_estimate":0.005851957716508149,"standard_error":0.0076523040090199015}}