{"mean":{"confidence_interval":{"confidence_level":0.95,"lower_bound":0.008322490409483829,"upper_bound":0.02989134012718525},"point_estimate":0.019551572850118992,"standard_error":0.005486495946032112},"median":{"confidence_interval":{"confidence_level":0.95,"lower_bound":0.014103046379098094,"upper_bound":0.03763891863984559},"point_estimate":0.022100291077406853,"standard_error":0.006101818418944132}}