{"mean":{"confidence_interval":{"confidence_level":0.95,"lower_bound":6666418.852375,"upper_bound":6668633.27325},"point_estimate":6667480.02625,"standard_error":563.9512697679301},"median":{"confidence_interval":{"confidence_level":0.95,"lower_bound":6664820.625,"upper_bound":6667628.75},"point_estimate":6665938.6875,"standard_error":698.4777582649947},"median_abs_dev":{"confidence_interval":{"confidence_level":0.95,"lower_bound":3487.1608509030198,"upper_bound":5939.573482051492},"point_estimate":4792.597077414393,"standard_error":604.5623122465437},"slope":null,"std_dev":{"confidence_interval":{"confidence_level":0.95,"lower_bound":4314.353844013099,"upper_bound":7164.117302659123},"point_estimate":5662.858224289322,"standard_error":755.234714163197}}