{"mean":{"confidence_interval":{"confidence_level":0.95,"lower_bound":6665157.81090625,"upper_bound":6668497.2456875},"point_estimate":6666689.70375,"standard_error":854.2377510757525},"median":{"confidence_interval":{"confidence_level":0.95,"lower_bound":6663658.375,"upper_bound":6666308.3125},"point_estimate":6665121.6875,"standard_error":668.8043872899023},"median_abs_dev":{"confidence_interval":{"confidence_level":0.95,"lower_bound":3684.538922086358,"upper_bound":6644.086457043886},"point_estimate":5004.608873650432,"standard_error":767.4319319046671},"slope":null,"std_dev":{"confidence_interval":{"confidence_level":0.95,"lower_bound":5000.526400466486,"upper_bound":12093.083219456186},"point_estimate":8582.71633796062,"standard_error":1888.6238634051856}}