{"mean":{"confidence_interval":{"confidence_level":0.95,"lower_bound":6671729.229031251,"upper_bound":6679276.768875},"point_estimate":6674948.83375,"standard_error":1948.9504239956761},"median":{"confidence_interval":{"confidence_level":0.95,"lower_bound":6669702.375,"upper_bound":6673227.75},"point_estimate":6672120.0,"standard_error":884.8118164663553},"median_abs_dev":{"confidence_interval":{"confidence_level":0.95,"lower_bound":6185.654962370175,"upper_bound":10517.471550777555},"point_estimate":8779.679056629539,"standard_error":1091.149296900142},"slope":null,"std_dev":{"confidence_interval":{"confidence_level":0.95,"lower_bound":8149.238111531926,"upper_bound":30449.896725169485},"point_estimate":19554.755912917448,"standard_error":6512.6942661907115}}