{"mean":{"confidence_interval":{"confidence_level":0.95,"lower_bound":105314.8037343671,"upper_bound":106204.54777713888},"point_estimate":105746.67485065963,"standard_error":226.76755001189747},"median":{"confidence_interval":{"confidence_level":0.95,"lower_bound":105207.43137254902,"upper_bound":106159.58333333333},"point_estimate":105727.1092948718,"standard_error":249.8433867084111},"median_abs_dev":{"confidence_interval":{"confidence_level":0.95,"lower_bound":1158.3693617681645,"upper_bound":2189.981500636189},"point_estimate":1572.1199362599525,"standard_error":267.2146426249239},"slope":{"confidence_interval":{"confidence_level":0.95,"lower_bound":105099.20791644514,"upper_bound":105989.99106400248},"point_estimate":105532.74765220925,"standard_error":227.0379426519113},"std_dev":{"confidence_interval":{"confidence_level":0.95,"lower_bound":1672.0847836021426,"upper_bound":2910.9183684297063},"point_estimate":2276.403825531351,"standard_error":324.82093522234015}}