{"mean":{"confidence_interval":{"confidence_level":0.95,"lower_bound":195424.4743789843,"upper_bound":195500.55716978075},"point_estimate":195458.25508424564,"standard_error":19.54636851046496},"median":{"confidence_interval":{"confidence_level":0.95,"lower_bound":195407.94636768947,"upper_bound":195441.88484848486},"point_estimate":195424.58122157247,"standard_error":8.799859111334817},"median_abs_dev":{"confidence_interval":{"confidence_level":0.95,"lower_bound":57.52204539269223,"upper_bound":96.6145635021401},"point_estimate":76.27989626514808,"standard_error":9.832371085326042},"slope":{"confidence_interval":{"confidence_level":0.95,"lower_bound":195420.5914816123,"upper_bound":195444.90312151672},"point_estimate":195432.60639042413,"standard_error":6.218813740074165},"std_dev":{"confidence_interval":{"confidence_level":0.95,"lower_bound":101.13767514428511,"upper_bound":289.68130131876086},"point_estimate":196.55923945969735,"standard_error":52.78297966253051}}