{"mean":{"confidence_interval":{"confidence_level":0.95,"lower_bound":158593.41207425567,"upper_bound":158816.19371828798},"point_estimate":158698.6445481069,"standard_error":56.79173732994898},"median":{"confidence_interval":{"confidence_level":0.95,"lower_bound":158512.3325,"upper_bound":158732.9804878049},"point_estimate":158647.79664502165,"standard_error":70.96183089951931},"median_abs_dev":{"confidence_interval":{"confidence_level":0.95,"lower_bound":264.79031267183274,"upper_bound":420.0920200230958},"point_estimate":337.92836215967156,"standard_error":39.862319576641156},"slope":{"confidence_interval":{"confidence_level":0.95,"lower_bound":158667.23911078207,"upper_bound":159027.28148656047},"point_estimate":158827.02733146152,"standard_error":92.92928179618254},"std_dev":{"confidence_interval":{"confidence_level":0.95,"lower_bound":380.4983461367773,"upper_bound":736.6639089707851},"point_estimate":569.512145895013,"standard_error":91.08981666493531}}