{"mean":{"confidence_interval":{"confidence_level":0.95,"lower_bound":217582.18901003443,"upper_bound":220984.02606276426},"point_estimate":219265.95754518322,"standard_error":869.7461131915751},"median":{"confidence_interval":{"confidence_level":0.95,"lower_bound":216579.976,"upper_bound":221731.075},"point_estimate":220213.46603415557,"standard_error":1329.8107270110913},"median_abs_dev":{"confidence_interval":{"confidence_level":0.95,"lower_bound":6033.017646352571,"upper_bound":9948.5553176212},"point_estimate":7512.993433459794,"standard_error":1003.546348019182},"slope":{"confidence_interval":{"confidence_level":0.95,"lower_bound":218442.66549456277,"upper_bound":223152.30379650096},"point_estimate":220722.34260854145,"standard_error":1196.6967425521157},"std_dev":{"confidence_interval":{"confidence_level":0.95,"lower_bound":7244.210488858192,"upper_bound":10190.77524558769},"point_estimate":8726.419088981886,"standard_error":757.707865927213}}