{"mean":{"confidence_interval":{"confidence_level":0.95,"lower_bound":187409.5807262212,"upper_bound":191835.76884525083},"point_estimate":189527.59053422746,"standard_error":1130.0301779340157},"median":{"confidence_interval":{"confidence_level":0.95,"lower_bound":185842.9988235294,"upper_bound":189036.6590909091},"point_estimate":187199.1234375,"standard_error":780.4379461130382},"median_abs_dev":{"confidence_interval":{"confidence_level":0.95,"lower_bound":6222.399134420898,"upper_bound":10743.392633087286},"point_estimate":8082.931066266532,"standard_error":1183.2241077465233},"slope":{"confidence_interval":{"confidence_level":0.95,"lower_bound":185332.4555359888,"upper_bound":188731.35940702807},"point_estimate":186991.58295965716,"standard_error":873.069978264474},"std_dev":{"confidence_interval":{"confidence_level":0.95,"lower_bound":8310.006583003835,"upper_bound":14042.806839976809},"point_estimate":11316.283367684948,"standard_error":1472.1062666792684}}