{"mean":{"confidence_interval":{"confidence_level":0.95,"lower_bound":108267.66977849767,"upper_bound":108592.27882655487},"point_estimate":108413.52412962829,"standard_error":82.69886211809228},"median":{"confidence_interval":{"confidence_level":0.95,"lower_bound":108331.85159686365,"upper_bound":108465.57825166636},"point_estimate":108386.49036281179,"standard_error":34.77688954329593},"median_abs_dev":{"confidence_interval":{"confidence_level":0.95,"lower_bound":179.5654387978953,"upper_bound":338.53731619666576},"point_estimate":221.56915488289164,"standard_error":43.650235372418635},"slope":{"confidence_interval":{"confidence_level":0.95,"lower_bound":108376.48144849864,"upper_bound":109002.5110097714},"point_estimate":108594.98563279782,"standard_error":178.30712684594184},"std_dev":{"confidence_interval":{"confidence_level":0.95,"lower_bound":405.30853553945576,"upper_bound":1273.8147505235086},"point_estimate":832.8349650572267,"standard_error":253.39873637542252}}