{"mean":{"confidence_interval":{"confidence_level":0.95,"lower_bound":73945.04459737595,"upper_bound":74109.86667700503},"point_estimate":74028.17005553188,"standard_error":42.017204357458326},"median":{"confidence_interval":{"confidence_level":0.95,"lower_bound":74013.45652173914,"upper_bound":74098.77678571429},"point_estimate":74067.34984756098,"standard_error":25.59872492556336},"median_abs_dev":{"confidence_interval":{"confidence_level":0.95,"lower_bound":184.58890059516358,"upper_bound":324.9902982625271},"point_estimate":244.23694621246267,"standard_error":35.555616048664355},"slope":{"confidence_interval":{"confidence_level":0.95,"lower_bound":74050.25384423583,"upper_bound":74140.87387662765},"point_estimate":74094.87761304862,"standard_error":23.16982376874608},"std_dev":{"confidence_interval":{"confidence_level":0.95,"lower_bound":304.8086479573789,"upper_bound":533.9677901099453},"point_estimate":423.3316411571515,"standard_error":58.47539291553402}}