{"mean":{"confidence_interval":{"confidence_level":0.95,"lower_bound":92321.64349633815,"upper_bound":92658.63066557748},"point_estimate":92472.92609823955,"standard_error":86.55102056386143},"median":{"confidence_interval":{"confidence_level":0.95,"lower_bound":92195.81409592823,"upper_bound":92337.5125},"point_estimate":92257.41527777778,"standard_error":32.0179150824536},"median_abs_dev":{"confidence_interval":{"confidence_level":0.95,"lower_bound":195.34124477829457,"upper_bound":366.94108582221253},"point_estimate":258.67346133553116,"standard_error":44.810941460232904},"slope":{"confidence_interval":{"confidence_level":0.95,"lower_bound":92335.8126979538,"upper_bound":92903.42768006395},"point_estimate":92579.79135769173,"standard_error":146.8021823074091},"std_dev":{"confidence_interval":{"confidence_level":0.95,"lower_bound":361.7724724060065,"upper_bound":1233.091106313371},"point_estimate":867.4160145764486,"standard_error":213.64553904966968}}