{"mean":{"confidence_interval":{"confidence_level":0.95,"lower_bound":74196.06326360752,"upper_bound":74406.2719805273},"point_estimate":74296.30911326969,"standard_error":53.87960489436625},"median":{"confidence_interval":{"confidence_level":0.95,"lower_bound":74206.14192708333,"upper_bound":74305.32510080645},"point_estimate":74241.95972310126,"standard_error":25.873733612462814},"median_abs_dev":{"confidence_interval":{"confidence_level":0.95,"lower_bound":234.97944666161308,"upper_bound":393.2392636371613},"point_estimate":333.6643532180646,"standard_error":38.7002041178651},"slope":{"confidence_interval":{"confidence_level":0.95,"lower_bound":74223.93864684741,"upper_bound":74387.17206685145},"point_estimate":74294.90215050982,"standard_error":42.110668913950995},"std_dev":{"confidence_interval":{"confidence_level":0.95,"lower_bound":374.43873500535733,"upper_bound":696.0972043974084},"point_estimate":541.9993019019071,"standard_error":82.75106403181532}}