{"mean":{"confidence_interval":{"confidence_level":0.95,"lower_bound":101145.39624205984,"upper_bound":101959.84651758456},"point_estimate":101490.60348230488,"standard_error":211.76684963303265},"median":{"confidence_interval":{"confidence_level":0.95,"lower_bound":101068.74016563146,"upper_bound":101171.07413236481},"point_estimate":101116.35735294118,"standard_error":27.109162045957948},"median_abs_dev":{"confidence_interval":{"confidence_level":0.95,"lower_bound":187.60309708882633,"upper_bound":370.06264793438135},"point_estimate":268.78189222064555,"standard_error":44.976115001103416},"slope":{"confidence_interval":{"confidence_level":0.95,"lower_bound":101186.70407977485,"upper_bound":102663.02853332224},"point_estimate":101804.57585425067,"standard_error":385.8150988376396},"std_dev":{"confidence_interval":{"confidence_level":0.95,"lower_bound":633.1447539857821,"upper_bound":3311.7818105687315},"point_estimate":2117.079442552993,"standard_error":720.1558066834791}}