{"mean":{"confidence_interval":{"confidence_level":0.95,"lower_bound":74153.86128969639,"upper_bound":74483.92028703073},"point_estimate":74298.73501111419,"standard_error":85.14106004959831},"median":{"confidence_interval":{"confidence_level":0.95,"lower_bound":74098.21535326086,"upper_bound":74234.70357142857},"point_estimate":74138.92491460638,"standard_error":38.91938939859393},"median_abs_dev":{"confidence_interval":{"confidence_level":0.95,"lower_bound":159.34323352167195,"upper_bound":269.9373007532323},"point_estimate":195.37447444606374,"standard_error":28.580565085617458},"slope":{"confidence_interval":{"confidence_level":0.95,"lower_bound":74195.68592662457,"upper_bound":74465.99028877247},"point_estimate":74301.19618996601,"standard_error":72.16169157487904},"std_dev":{"confidence_interval":{"confidence_level":0.95,"lower_bound":316.22035534954506,"upper_bound":1270.7915712544582},"point_estimate":853.2884301374163,"standard_error":242.33410686086864}}