{"mean":{"confidence_interval":{"confidence_level":0.95,"lower_bound":283666.75548765797,"upper_bound":283839.3878388149},"point_estimate":283742.5070582584,"standard_error":44.21464218330094},"median":{"confidence_interval":{"confidence_level":0.95,"lower_bound":283666.3660714286,"upper_bound":283743.97836341267},"point_estimate":283703.03741496603,"standard_error":17.669768525469152},"median_abs_dev":{"confidence_interval":{"confidence_level":0.95,"lower_bound":126.1904643010863,"upper_bound":219.55742362693576},"point_estimate":173.4659012193658,"standard_error":23.25461352094409},"slope":{"confidence_interval":{"confidence_level":0.95,"lower_bound":283688.6294221718,"upper_bound":284001.6440420219},"point_estimate":283801.7147642973,"standard_error":86.52481298792725},"std_dev":{"confidence_interval":{"confidence_level":0.95,"lower_bound":211.99030118133265,"upper_bound":679.8980035253364},"point_estimate":444.46067045613773,"standard_error":137.35778270579527}}