{"mean":{"confidence_interval":{"confidence_level":0.95,"lower_bound":107749.13560611979,"upper_bound":108285.21480267022},"point_estimate":108033.16981621202,"standard_error":136.66332617832694},"median":{"confidence_interval":{"confidence_level":0.95,"lower_bound":108300.96275183151,"upper_bound":108405.88571428572},"point_estimate":108348.1095035029,"standard_error":33.249066281344376},"median_abs_dev":{"confidence_interval":{"confidence_level":0.95,"lower_bound":229.77472268255042,"upper_bound":388.75823595463015},"point_estimate":296.8524331697515,"standard_error":41.02229131567873},"slope":{"confidence_interval":{"confidence_level":0.95,"lower_bound":108361.72991535455,"upper_bound":108700.42966326099},"point_estimate":108510.57971880343,"standard_error":87.50058988906268},"std_dev":{"confidence_interval":{"confidence_level":0.95,"lower_bound":953.733346571388,"upper_bound":1703.1776585712764},"point_estimate":1372.1082235112253,"standard_error":191.2945387686715}}