{"mean":{"confidence_interval":{"confidence_level":0.95,"lower_bound":71821.55067567056,"upper_bound":72181.91672839149},"point_estimate":71982.88238525378,"standard_error":92.44320504864633},"median":{"confidence_interval":{"confidence_level":0.95,"lower_bound":71739.6086560045,"upper_bound":71986.92810457517},"point_estimate":71891.06262972846,"standard_error":68.74757772988234},"median_abs_dev":{"confidence_interval":{"confidence_level":0.95,"lower_bound":381.09972203538575,"upper_bound":578.0522182814334},"point_estimate":489.6344154653299,"standard_error":50.351283629465435},"slope":{"confidence_interval":{"confidence_level":0.95,"lower_bound":71764.76993777671,"upper_bound":72155.98278914606},"point_estimate":71940.68537970215,"standard_error":100.20977668266227},"std_dev":{"confidence_interval":{"confidence_level":0.95,"lower_bound":483.5306261620787,"upper_bound":1354.1695418075612},"point_estimate":928.3168740661168,"standard_error":234.5571798071886}}