{"mean":{"confidence_interval":{"confidence_level":0.95,"lower_bound":107170.02149003964,"upper_bound":107616.35630616859},"point_estimate":107386.17660697948,"standard_error":113.96984170633691},"median":{"confidence_interval":{"confidence_level":0.95,"lower_bound":107054.03108843538,"upper_bound":107478.98095238095},"point_estimate":107302.6997180451,"standard_error":107.87517151614283},"median_abs_dev":{"confidence_interval":{"confidence_level":0.95,"lower_bound":632.1607690156353,"upper_bound":1126.778659013547},"point_estimate":815.6292598360245,"standard_error":114.85617347134881},"slope":{"confidence_interval":{"confidence_level":0.95,"lower_bound":107063.4985534888,"upper_bound":107427.50608526744},"point_estimate":107239.09653697566,"standard_error":92.81515931637854},"std_dev":{"confidence_interval":{"confidence_level":0.95,"lower_bound":850.8370372122158,"upper_bound":1461.671892917726},"point_estimate":1148.5637027638568,"standard_error":158.68405121658222}}