{"mean":{"confidence_interval":{"confidence_level":0.95,"lower_bound":108303.8523993138,"upper_bound":108762.07312009751},"point_estimate":108542.78836001117,"standard_error":116.59267342897343},"median":{"confidence_interval":{"confidence_level":0.95,"lower_bound":108531.95819538468,"upper_bound":108714.66208791209},"point_estimate":108609.60787599497,"standard_error":42.682341676346965},"median_abs_dev":{"confidence_interval":{"confidence_level":0.95,"lower_bound":251.25821625266892,"upper_bound":468.56326862578936},"point_estimate":332.8982654386771,"standard_error":54.24475002695585},"slope":{"confidence_interval":{"confidence_level":0.95,"lower_bound":108697.30281970654,"upper_bound":109108.71754781471},"point_estimate":108882.99930840846,"standard_error":105.80623627922576},"std_dev":{"confidence_interval":{"confidence_level":0.95,"lower_bound":680.7076566005,"upper_bound":1646.289289634974},"point_estimate":1175.4660537700445,"standard_error":252.59459345793869}}