{"mean":{"confidence_interval":{"confidence_level":0.95,"lower_bound":74465.36082224753,"upper_bound":75368.02070784538},"point_estimate":74860.58094565611,"standard_error":233.03709809947955},"median":{"confidence_interval":{"confidence_level":0.95,"lower_bound":74272.24947589099,"upper_bound":74387.55442176871},"point_estimate":74339.81434599156,"standard_error":26.025358907021985},"median_abs_dev":{"confidence_interval":{"confidence_level":0.95,"lower_bound":184.40813172025335,"upper_bound":314.07812726351295},"point_estimate":252.14551715912637,"standard_error":33.248997275882274},"slope":{"confidence_interval":{"confidence_level":0.95,"lower_bound":74560.85467403734,"upper_bound":75564.68157138821},"point_estimate":75006.58332266062,"standard_error":258.2915225553717},"std_dev":{"confidence_interval":{"confidence_level":0.95,"lower_bound":825.6130540259627,"upper_bound":3456.8978763995187},"point_estimate":2351.380725141536,"standard_error":679.7410614993235}}