{"mean":{"confidence_interval":{"confidence_level":0.95,"lower_bound":138452.14987888062,"upper_bound":138631.85505199112},"point_estimate":138533.68081753806,"standard_error":46.01248569238736},"median":{"confidence_interval":{"confidence_level":0.95,"lower_bound":138404.9420289855,"upper_bound":138465.36666666667},"point_estimate":138424.47839506174,"standard_error":12.911401196480577},"median_abs_dev":{"confidence_interval":{"confidence_level":0.95,"lower_bound":96.82571627554094,"upper_bound":163.09455056603935},"point_estimate":126.33078794237794,"standard_error":16.24867438301983},"slope":{"confidence_interval":{"confidence_level":0.95,"lower_bound":138466.84753819593,"upper_bound":138735.80713132143},"point_estimate":138581.1232648638,"standard_error":69.690770160284},"std_dev":{"confidence_interval":{"confidence_level":0.95,"lower_bound":232.3303750495914,"upper_bound":653.3848320097243},"point_estimate":463.73153667779405,"standard_error":106.55539812479206}}