{"mean":{"confidence_interval":{"confidence_level":0.95,"lower_bound":0.0032240457240751644,"upper_bound":0.016953661216599244},"point_estimate":0.009881663095382631,"standard_error":0.003492696741972576},"median":{"confidence_interval":{"confidence_level":0.95,"lower_bound":-0.010221561428585657,"upper_bound":0.029262787068858653},"point_estimate":0.023739052900279223,"standard_error":0.011033060757068551}}