{"mean":{"confidence_interval":{"confidence_level":0.95,"lower_bound":-0.03183672064124758,"upper_bound":0.0001720440080338911},"point_estimate":-0.013128522406078202,"standard_error":0.00840853939046541},"median":{"confidence_interval":{"confidence_level":0.95,"lower_bound":-0.01968518214171744,"upper_bound":0.010354731051871235},"point_estimate":-0.00337602132395709,"standard_error":0.006473736916780117}}