{"mean":{"confidence_interval":{"confidence_level":0.95,"lower_bound":-0.017790202937750025,"upper_bound":0.0059885503659563395},"point_estimate":-0.0048486939112110106,"standard_error":0.006105691613968739},"median":{"confidence_interval":{"confidence_level":0.95,"lower_bound":-0.013627260540089003,"upper_bound":0.02786267781042251},"point_estimate":0.006686097433036942,"standard_error":0.009406399735499433}}