{"mean":{"confidence_interval":{"confidence_level":0.95,"lower_bound":-0.22279748188364765,"upper_bound":-0.19667079098243787},"point_estimate":-0.20940721940570206,"standard_error":0.00665392289791668},"median":{"confidence_interval":{"confidence_level":0.95,"lower_bound":-0.21643287668580416,"upper_bound":-0.1757307759200949},"point_estimate":-0.20646890935566797,"standard_error":0.011360129894489248}}