{"mean":{"confidence_interval":{"confidence_level":0.95,"lower_bound":-0.006071890082559398,"upper_bound":0.005922160282197013},"point_estimate":0.00007316005174828888,"standard_error":0.0030572995868439557},"median":{"confidence_interval":{"confidence_level":0.95,"lower_bound":-0.008638722188130998,"upper_bound":0.001651077776270382},"point_estimate":-0.003719123795230095,"standard_error":0.0026246121970667307}}