{"mean":{"confidence_interval":{"confidence_level":0.95,"lower_bound":0.02173543183630321,"upper_bound":0.060447983236270875},"point_estimate":0.039189247663883986,"standard_error":0.010244634878866819},"median":{"confidence_interval":{"confidence_level":0.95,"lower_bound":0.023516187357966123,"upper_bound":0.04503720599901673},"point_estimate":0.03780204402915888,"standard_error":0.005636750732281459}}