{"mean":{"confidence_interval":{"confidence_level":0.95,"lower_bound":-0.07193404060249664,"upper_bound":-0.05717387905881515},"point_estimate":-0.06502613204963026,"standard_error":0.0037586324096803374},"median":{"confidence_interval":{"confidence_level":0.95,"lower_bound":-0.08170261138636492,"upper_bound":-0.05503261824201067},"point_estimate":-0.062851404068483,"standard_error":0.00697438942808995}}