{"mean":{"confidence_interval":{"confidence_level":0.95,"lower_bound":-0.0637846076636979,"upper_bound":-0.04938538360623183},"point_estimate":-0.05667477207234306,"standard_error":0.0036796269655670773},"median":{"confidence_interval":{"confidence_level":0.95,"lower_bound":-0.06962857262341886,"upper_bound":-0.030815306381356655},"point_estimate":-0.06354409470362077,"standard_error":0.012706904895263728}}