{"mean":{"confidence_interval":{"confidence_level":0.95,"lower_bound":-0.011707566789574235,"upper_bound":0.024393158989535778},"point_estimate":0.0063337304817541185,"standard_error":0.00920538178676107},"median":{"confidence_interval":{"confidence_level":0.95,"lower_bound":-0.00018106603316536685,"upper_bound":0.013478043546101048},"point_estimate":0.0076836806550384384,"standard_error":0.0037704599836348974}}