{"mean":{"confidence_interval":{"confidence_level":0.95,"lower_bound":0.384460534951984,"upper_bound":0.41440689179549745},"point_estimate":0.3984964947576084,"standard_error":0.007496502359448088},"median":{"confidence_interval":{"confidence_level":0.95,"lower_bound":0.3505578122598627,"upper_bound":0.4217885421059133},"point_estimate":0.40783767339040033,"standard_error":0.020641822629555554}}