{"mean":{"confidence_interval":{"confidence_level":0.95,"lower_bound":0.07415042593744547,"upper_bound":0.09033412952976107},"point_estimate":0.08201438890057888,"standard_error":0.004143375352549549},"median":{"confidence_interval":{"confidence_level":0.95,"lower_bound":0.052759782765706253,"upper_bound":0.09549905072400411},"point_estimate":0.09196026203334506,"standard_error":0.015758534110299253}}