{"mean":{"confidence_interval":{"confidence_level":0.95,"lower_bound":-0.014017574329790276,"upper_bound":0.006758257388600683},"point_estimate":-0.0035429004493410243,"standard_error":0.005288339983118369},"median":{"confidence_interval":{"confidence_level":0.95,"lower_bound":-0.004391408051766077,"upper_bound":0.0023801513446772018},"point_estimate":-0.0007291879993012174,"standard_error":0.003191168734727795}}