{"mean":{"confidence_interval":{"confidence_level":0.95,"lower_bound":-0.012467963460413374,"upper_bound":0.017110877477767118},"point_estimate":0.0011159188119407304,"standard_error":0.007472311301158786},"median":{"confidence_interval":{"confidence_level":0.95,"lower_bound":-0.008791413158045325,"upper_bound":0.01185916721918634},"point_estimate":-0.0016310338920562106,"standard_error":0.005274080698752422}}