{"mean":{"confidence_interval":{"confidence_level":0.95,"lower_bound":-0.01886147891308838,"upper_bound":0.004425918654222424},"point_estimate":-0.008489340406628187,"standard_error":0.0058506005203599965},"median":{"confidence_interval":{"confidence_level":0.95,"lower_bound":-0.02268976133224221,"upper_bound":-0.001270007292700659},"point_estimate":-0.007780604626584142,"standard_error":0.005460381781921038}}