{"mean":{"confidence_interval":{"confidence_level":0.95,"lower_bound":-0.004159790040892307,"upper_bound":0.03759093145995465},"point_estimate":0.012168142020447137,"standard_error":0.011075262325572491},"median":{"confidence_interval":{"confidence_level":0.95,"lower_bound":-0.004727851802618366,"upper_bound":0.0030156533908487493},"point_estimate":-0.0011504357734686277,"standard_error":0.002892649715709846}}