{"mean":{"confidence_interval":{"confidence_level":0.95,"lower_bound":0.13204728492361584,"upper_bound":0.1821714524082303},"point_estimate":0.15784924791134847,"standard_error":0.013055306160046767},"median":{"confidence_interval":{"confidence_level":0.95,"lower_bound":0.1260692023891945,"upper_bound":0.16228475494041694},"point_estimate":0.1385789354348872,"standard_error":0.010096439311847463}}