{"mean":{"confidence_interval":{"confidence_level":0.95,"lower_bound":-0.027868774784877814,"upper_bound":0.0027937019628235162},"point_estimate":-0.011534442897299102,"standard_error":0.007815793905147587},"median":{"confidence_interval":{"confidence_level":0.95,"lower_bound":-0.004734759862646043,"upper_bound":0.002098922045865148},"point_estimate":-0.0018791899957673053,"standard_error":0.0021307476049572064}}