{"mean":{"confidence_interval":{"confidence_level":0.95,"lower_bound":-0.020406047147167934,"upper_bound":-0.00520963003282616},"point_estimate":-0.012587556075783213,"standard_error":0.0038845149543189337},"median":{"confidence_interval":{"confidence_level":0.95,"lower_bound":-0.027128673431871864,"upper_bound":0.0020728373216993834},"point_estimate":-0.007071469598378344,"standard_error":0.007366989907970092}}