{"mean":{"confidence_interval":{"confidence_level":0.95,"lower_bound":-0.011912172644099077,"upper_bound":0.011326523840124355},"point_estimate":-0.0007201220322624602,"standard_error":0.005893940658184998},"median":{"confidence_interval":{"confidence_level":0.95,"lower_bound":-0.0018239468663288072,"upper_bound":0.004811278219349013},"point_estimate":0.0024814768680363475,"standard_error":0.002323031917288909}}