{"mean":{"confidence_interval":{"confidence_level":0.95,"lower_bound":-0.004789748193232381,"upper_bound":0.014879381064495992},"point_estimate":0.005405240111692633,"standard_error":0.005006850482511759},"median":{"confidence_interval":{"confidence_level":0.95,"lower_bound":0.0069968083247002235,"upper_bound":0.014175612442427488},"point_estimate":0.012208493161610212,"standard_error":0.0026169692170921774}}