{"mean":{"confidence_interval":{"confidence_level":0.95,"lower_bound":-0.011168937802580724,"upper_bound":0.01056310107956068},"point_estimate":0.0010882779247798346,"standard_error":0.005599159958151952},"median":{"confidence_interval":{"confidence_level":0.95,"lower_bound":-0.003328098582690342,"upper_bound":0.012587490400627344},"point_estimate":0.005964460592248866,"standard_error":0.003901463635010677}}