{"mean":{"confidence_interval":{"confidence_level":0.95,"lower_bound":0.005183899897361113,"upper_bound":0.021991118691813482},"point_estimate":0.013712805224762814,"standard_error":0.004276493192032457},"median":{"confidence_interval":{"confidence_level":0.95,"lower_bound":0.01025030183089326,"upper_bound":0.02082478158703638},"point_estimate":0.014498746892715797,"standard_error":0.0026295536144345954}}