{"mean":{"confidence_interval":{"confidence_level":0.95,"lower_bound":0.023720015038965005,"upper_bound":0.04632803044088547},"point_estimate":0.0350321245431966,"standard_error":0.005791368245955393},"median":{"confidence_interval":{"confidence_level":0.95,"lower_bound":0.03999723796899213,"upper_bound":0.060682820673945814},"point_estimate":0.050932959927162846,"standard_error":0.005279527026697884}}