{"mean":{"confidence_interval":{"confidence_level":0.95,"lower_bound":0.01349746466071499,"upper_bound":0.04377345891197271},"point_estimate":0.028378453129766168,"standard_error":0.007745001743705366},"median":{"confidence_interval":{"confidence_level":0.95,"lower_bound":0.02101251899961687,"upper_bound":0.04853398217584326},"point_estimate":0.03929658708454009,"standard_error":0.006775912594745711}}