{"mean":{"confidence_interval":{"confidence_level":0.95,"lower_bound":-0.020425672345006494,"upper_bound":-0.0013921516955174296},"point_estimate":-0.011403113928544872,"standard_error":0.00483960001397249},"median":{"confidence_interval":{"confidence_level":0.95,"lower_bound":-0.030938496583474695,"upper_bound":0.007220475296317863},"point_estimate":-0.0077554273314326405,"standard_error":0.00782766261376183}}