{"mean":{"confidence_interval":{"confidence_level":0.95,"lower_bound":-0.0192617971830212,"upper_bound":0.008639338620865076},"point_estimate":-0.005035614608249528,"standard_error":0.007117879770380541},"median":{"confidence_interval":{"confidence_level":0.95,"lower_bound":-0.004757197313109134,"upper_bound":0.007002712028753466},"point_estimate":0.00010040830296653702,"standard_error":0.003786194502565503}}