{"mean":{"confidence_interval":{"confidence_level":0.95,"lower_bound":0.008136457197875115,"upper_bound":0.03973262350970226},"point_estimate":0.02183388862839375,"standard_error":0.007988804604294254},"median":{"confidence_interval":{"confidence_level":0.95,"lower_bound":0.009110273221867082,"upper_bound":0.020526479631259864},"point_estimate":0.012853394329355172,"standard_error":0.0030193566570785586}}