{"mean":{"confidence_interval":{"confidence_level":0.95,"lower_bound":-0.008166548979888218,"upper_bound":0.0103730265624473},"point_estimate":0.0008951687242710893,"standard_error":0.0047633745746035756},"median":{"confidence_interval":{"confidence_level":0.95,"lower_bound":-0.021850031721432184,"upper_bound":0.01398709884372673},"point_estimate":-0.0006247284100006079,"standard_error":0.008866865284711964}}