{"mean":{"confidence_interval":{"confidence_level":0.95,"lower_bound":0.045712226591190834,"upper_bound":0.062405027707357785},"point_estimate":0.05378475912416536,"standard_error":0.004210455121745349},"median":{"confidence_interval":{"confidence_level":0.95,"lower_bound":0.028195141453206674,"upper_bound":0.07185692166242119},"point_estimate":0.06549971457772519,"standard_error":0.013675425853049785}}