{"mean":{"confidence_interval":{"confidence_level":0.95,"lower_bound":0.020367567766197133,"upper_bound":0.033430477282253644},"point_estimate":0.026464354015852676,"standard_error":0.0033415721658284284},"median":{"confidence_interval":{"confidence_level":0.95,"lower_bound":0.018401612297103354,"upper_bound":0.025277183440344908},"point_estimate":0.021761498341218877,"standard_error":0.001725880879821559}}