{"mean":{"confidence_interval":{"confidence_level":0.95,"lower_bound":-0.022474694594650773,"upper_bound":0.00092524992044513},"point_estimate":-0.010053183711710934,"standard_error":0.0059378619256231025},"median":{"confidence_interval":{"confidence_level":0.95,"lower_bound":-0.01444866105133169,"upper_bound":0.005962483071654635},"point_estimate":-0.0026302139026967986,"standard_error":0.004933011941412986}}