{"mean":{"confidence_interval":{"confidence_level":0.95,"lower_bound":-0.0760653036698323,"upper_bound":-0.05505145758009516},"point_estimate":-0.06574420014680638,"standard_error":0.005323163384320453},"median":{"confidence_interval":{"confidence_level":0.95,"lower_bound":-0.07406270792378711,"upper_bound":-0.05562731497574325},"point_estimate":-0.06975311524603744,"standard_error":0.004507654519213847}}