{"mean":{"confidence_interval":{"confidence_level":0.95,"lower_bound":-0.024107462063959518,"upper_bound":-0.005812866437748587},"point_estimate":-0.015158130859383778,"standard_error":0.004645148725971326},"median":{"confidence_interval":{"confidence_level":0.95,"lower_bound":-0.019091630954150007,"upper_bound":-0.0007070642493879342},"point_estimate":-0.00949430026333542,"standard_error":0.004532990151868758}}