{"mean":{"confidence_interval":{"confidence_level":0.95,"lower_bound":0.002860184320330795,"upper_bound":0.026573978781130804},"point_estimate":0.015342709113920883,"standard_error":0.006021087220633868},"median":{"confidence_interval":{"confidence_level":0.95,"lower_bound":0.015071801193059953,"upper_bound":0.03037196869227543},"point_estimate":0.01915473652346833,"standard_error":0.004594013521609604}}