{"mean":{"confidence_interval":{"confidence_level":0.95,"lower_bound":-0.02821373427989565,"upper_bound":-0.009944935048526999},"point_estimate":-0.018739045817904643,"standard_error":0.004660762998052293},"median":{"confidence_interval":{"confidence_level":0.95,"lower_bound":-0.019716315200600798,"upper_bound":-0.012439587986149303},"point_estimate":-0.0166817980009637,"standard_error":0.0023416646830091118}}