{"mean":{"confidence_interval":{"confidence_level":0.95,"lower_bound":-0.0004248416141390429,"upper_bound":0.0009458853265572717},"point_estimate":0.0002653796872860159,"standard_error":0.0003563311352844973},"median":{"confidence_interval":{"confidence_level":0.95,"lower_bound":-0.0004059854875994029,"upper_bound":0.00031442560119754326},"point_estimate":-0.00003452744486065473,"standard_error":0.00018183859473816435}}