{"mean":{"confidence_interval":{"confidence_level":0.95,"lower_bound":-0.39520304981805354,"upper_bound":-0.382287319143634},"point_estimate":-0.3887843888210195,"standard_error":0.00329989549350733},"median":{"confidence_interval":{"confidence_level":0.95,"lower_bound":-0.396721663213746,"upper_bound":-0.3763375633265513},"point_estimate":-0.38402445910505056,"standard_error":0.00527583717732142}}