{"mean":{"confidence_interval":{"confidence_level":0.95,"lower_bound":-0.0025058277942040345,"upper_bound":-0.0005916280937875914},"point_estimate":-0.0015064401203692679,"standard_error":0.0004910446791772787},"median":{"confidence_interval":{"confidence_level":0.95,"lower_bound":-0.0015176854852434474,"upper_bound":-0.000860808134074964},"point_estimate":-0.001148652689304419,"standard_error":0.0001640245528089736}}