{"mean":{"confidence_interval":{"confidence_level":0.95,"lower_bound":0.0005570235371569977,"upper_bound":0.002098017148379005},"point_estimate":0.001290044844745708,"standard_error":0.00039579669215541286},"median":{"confidence_interval":{"confidence_level":0.95,"lower_bound":0.0004555212231951433,"upper_bound":0.000995346796178298},"point_estimate":0.0007647581464300668,"standard_error":0.00013704058970519874}}