{"mean":{"confidence_interval":{"confidence_level":0.95,"lower_bound":-0.0008626285789358201,"upper_bound":0.0011171320990341121},"point_estimate":0.00011765955631903857,"standard_error":0.0005027955644445481},"median":{"confidence_interval":{"confidence_level":0.95,"lower_bound":-0.00010943000530228009,"upper_bound":0.0004456628731062118},"point_estimate":0.00025701186423932043,"standard_error":0.00015105816159187842}}