{"mean":{"confidence_interval":{"confidence_level":0.95,"lower_bound":-0.0014559507900957273,"upper_bound":0.004952870621519612},"point_estimate":0.0011751828822696986,"standard_error":0.0016870733663462902},"median":{"confidence_interval":{"confidence_level":0.95,"lower_bound":-0.0004044690476253665,"upper_bound":0.0003159932460230497},"point_estimate":-0.00017118867432197593,"standard_error":0.00019179841736816953}}