{"mean":{"confidence_interval":{"confidence_level":0.95,"lower_bound":-0.02815709378714304,"upper_bound":-0.020791781049509624},"point_estimate":-0.02439882945023142,"standard_error":0.0017871296260154376},"median":{"confidence_interval":{"confidence_level":0.95,"lower_bound":-0.029896814905042927,"upper_bound":-0.017834926833956256},"point_estimate":-0.022620603062489808,"standard_error":0.0027609330713282}}