{"mean":{"confidence_interval":{"confidence_level":0.95,"lower_bound":0.19713313346965647,"upper_bound":0.1998964089329621},"point_estimate":0.19845886454302875,"standard_error":0.0007242218367918176},"median":{"confidence_interval":{"confidence_level":0.95,"lower_bound":0.19810632134973502,"upper_bound":0.2013720854596701},"point_estimate":0.20023477248463784,"standard_error":0.0008128861759453762}}