{"mean":{"confidence_interval":{"confidence_level":0.95,"lower_bound":-0.003996829981203442,"upper_bound":0.00010066967597465701},"point_estimate":-0.0015145077005188634,"standard_error":0.001087010742022235},"median":{"confidence_interval":{"confidence_level":0.95,"lower_bound":-0.0008241935264319267,"upper_bound":-0.00004544443807086296},"point_estimate":-0.0004610573613649249,"standard_error":0.00020107637399349298}}