{"mean":{"confidence_interval":{"confidence_level":0.95,"lower_bound":-0.16308901249905647,"upper_bound":-0.16096965078590364},"point_estimate":-0.16204523679676752,"standard_error":0.000540007109451765},"median":{"confidence_interval":{"confidence_level":0.95,"lower_bound":-0.16449043595314183,"upper_bound":-0.16242358645426347},"point_estimate":-0.16369707085686513,"standard_error":0.000532520197494431}}