{"mean":{"confidence_interval":{"confidence_level":0.95,"lower_bound":-0.001067094382614303,"upper_bound":0.002885112432219028},"point_estimate":0.0007335763722537969,"standard_error":0.0010282190446768737},"median":{"confidence_interval":{"confidence_level":0.95,"lower_bound":-0.0011909099664505485,"upper_bound":-0.00009440136495431073},"point_estimate":-0.0006491709337168583,"standard_error":0.0002778657424711664}}