{"mean":{"confidence_interval":{"confidence_level":0.95,"lower_bound":-0.0010542273025805405,"upper_bound":0.0008043647008228624},"point_estimate":-0.00010267489284288,"standard_error":0.00047523429235265093},"median":{"confidence_interval":{"confidence_level":0.95,"lower_bound":-0.0005982892101591419,"upper_bound":0.00014578691449540493},"point_estimate":-0.00029716650588718085,"standard_error":0.00019590119211004644}}