{"mean":{"confidence_interval":{"confidence_level":0.95,"lower_bound":-0.0006060394588040113,"upper_bound":0.005059379095601853},"point_estimate":0.0015274815582917434,"standard_error":0.0015446852188970414},"median":{"confidence_interval":{"confidence_level":0.95,"lower_bound":-0.00006274617551260686,"upper_bound":0.0005608047953122863},"point_estimate":0.00025636131243800264,"standard_error":0.0001512237813307484}}