{"mean":{"confidence_interval":{"confidence_level":0.95,"lower_bound":-0.0014589464685560577,"upper_bound":0.0003369690119970333},"point_estimate":-0.0005434451342776203,"standard_error":0.0004607506912973528},"median":{"confidence_interval":{"confidence_level":0.95,"lower_bound":-0.0011983078834351124,"upper_bound":-0.00043879544971980877},"point_estimate":-0.0007633216826509193,"standard_error":0.00019710879181961637}}