{"mean":{"confidence_interval":{"confidence_level":0.95,"lower_bound":-0.0006633592604392001,"upper_bound":0.0014436980846890375},"point_estimate":0.00032615512817724124,"standard_error":0.0005291507873713706},"median":{"confidence_interval":{"confidence_level":0.95,"lower_bound":-0.0005431853068042586,"upper_bound":0.00027529786463120764},"point_estimate":-0.00016147993164794539,"standard_error":0.00019947306355742658}}