{"mean":{"confidence_interval":{"confidence_level":0.95,"lower_bound":-0.00042099385671811305,"upper_bound":0.0012677536568310665},"point_estimate":0.0003812771476234822,"standard_error":0.00044023671669153554},"median":{"confidence_interval":{"confidence_level":0.95,"lower_bound":-0.00042684694843209137,"upper_bound":0.0002994962036988458},"point_estimate":-0.00008876491631570893,"standard_error":0.00018296996997234564}}