{"mean":{"confidence_interval":{"confidence_level":0.95,"lower_bound":0.8853708262735341,"upper_bound":0.8893743510214915},"point_estimate":0.8874917873799708,"standard_error":0.0010339043627388606},"median":{"confidence_interval":{"confidence_level":0.95,"lower_bound":0.8883266226881692,"upper_bound":0.8925998798690575},"point_estimate":0.8904365361670163,"standard_error":0.0011104004425716786}}