{"mean":{"confidence_interval":{"confidence_level":0.95,"lower_bound":-0.0002524012117754631,"upper_bound":0.0016050535525291719},"point_estimate":0.0005906651856224521,"standard_error":0.0004743782486622539},"median":{"confidence_interval":{"confidence_level":0.95,"lower_bound":-0.0008082905101820526,"upper_bound":0.00003223420415979118},"point_estimate":-0.0005124580575344151,"standard_error":0.00021824237055321886}}