{"mean":{"confidence_interval":{"confidence_level":0.95,"lower_bound":0.5176068362366011,"upper_bound":0.5195219291982061},"point_estimate":0.5185768221267066,"standard_error":0.0004877738036194533},"median":{"confidence_interval":{"confidence_level":0.95,"lower_bound":0.5183733185203534,"upper_bound":0.5201095175434045},"point_estimate":0.519115995931231,"standard_error":0.0005190053318876611}}