{"mean":{"confidence_interval":{"confidence_level":0.95,"lower_bound":-0.027997806285920968,"upper_bound":-0.00029688454613546777},"point_estimate":-0.011676690716126537,"standard_error":0.007309160313024719},"median":{"confidence_interval":{"confidence_level":0.95,"lower_bound":-0.0006707854435157312,"upper_bound":-0.00005029822591662292},"point_estimate":-0.00040508075229894747,"standard_error":0.00015882470431809095}}