{"mean":{"confidence_interval":{"confidence_level":0.95,"lower_bound":-0.0006823727926420636,"upper_bound":0.0006455988185978477},"point_estimate":0.000014514100074913827,"standard_error":0.0003386231721479949},"median":{"confidence_interval":{"confidence_level":0.95,"lower_bound":-0.00022167080438983966,"upper_bound":0.0007356522577182112},"point_estimate":0.0002573586030976127,"standard_error":0.00025191375476725725}}