{"mean":{"confidence_interval":{"confidence_level":0.95,"lower_bound":-0.00022902584518597887,"upper_bound":0.00201254198175379},"point_estimate":0.0007073163178519248,"standard_error":0.0005900830559591294},"median":{"confidence_interval":{"confidence_level":0.95,"lower_bound":-0.0003056278234371268,"upper_bound":0.00039421117096227754},"point_estimate":-0.00002892982168301028,"standard_error":0.00018763144829880816}}