{"mean":{"confidence_interval":{"confidence_level":0.95,"lower_bound":-0.4717633746105233,"upper_bound":-0.4558138142201952},"point_estimate":-0.4636317009384404,"standard_error":0.004067037906339567},"median":{"confidence_interval":{"confidence_level":0.95,"lower_bound":-0.4610789791768025,"upper_bound":-0.44429121680720884},"point_estimate":-0.45000040431044075,"standard_error":0.004670581382828731}}