{"mean":{"confidence_interval":{"confidence_level":0.95,"lower_bound":-0.0005001569841848185,"upper_bound":0.00037002252211995585},"point_estimate":-0.00008827838702873958,"standard_error":0.00021831505285679757},"median":{"confidence_interval":{"confidence_level":0.95,"lower_bound":-0.00031074249760632,"upper_bound":0.00004556703204632867},"point_estimate":-0.00012537784983079892,"standard_error":0.00009273074166878878}}