{"mean":{"confidence_interval":{"confidence_level":0.95,"lower_bound":0.00007727155046172733,"upper_bound":0.01648133337979884},"point_estimate":0.004695701905771399,"standard_error":0.004380497941093916},"median":{"confidence_interval":{"confidence_level":0.95,"lower_bound":-0.0000343612145576877,"upper_bound":0.00037204866889206656},"point_estimate":0.00016720443301410093,"standard_error":0.00010310659291558472}}