{"mean":{"confidence_interval":{"confidence_level":0.95,"lower_bound":-0.4529728950390777,"upper_bound":-0.4517912622206018},"point_estimate":-0.4523701655361536,"standard_error":0.00030319130094304546},"median":{"confidence_interval":{"confidence_level":0.95,"lower_bound":-0.45370757282313845,"upper_bound":-0.4523343798594198},"point_estimate":-0.4530981096954716,"standard_error":0.00033189420264927226}}