{"mean":{"confidence_interval":{"confidence_level":0.95,"lower_bound":-0.07299593078338817,"upper_bound":-0.05452598972468026},"point_estimate":-0.06399038070925223,"standard_error":0.004649385383747658},"median":{"confidence_interval":{"confidence_level":0.95,"lower_bound":-0.07748665227645335,"upper_bound":-0.050130714313113},"point_estimate":-0.0638822245776921,"standard_error":0.006954597444806137}}