{"mean":{"confidence_interval":{"confidence_level":0.95,"lower_bound":-0.22983838979309867,"upper_bound":-0.21640775137115476},"point_estimate":-0.22283282891420508,"standard_error":0.0034337847509619667},"median":{"confidence_interval":{"confidence_level":0.95,"lower_bound":-0.21428453456518404,"upper_bound":-0.20621998634890448},"point_estimate":-0.21044328556673397,"standard_error":0.0021930925124970754}}