{"mean":{"confidence_interval":{"confidence_level":0.95,"lower_bound":-0.3423869462063357,"upper_bound":-0.3415515855100014},"point_estimate":-0.3420180873647751,"standard_error":0.000215371027945355},"median":{"confidence_interval":{"confidence_level":0.95,"lower_bound":-0.34239709945215,"upper_bound":-0.34198311081000515},"point_estimate":-0.34219913445529626,"standard_error":0.00010947259967619526}}