{"mean":{"confidence_interval":{"confidence_level":0.95,"lower_bound":69642.96432639174,"upper_bound":70944.09160286223},"point_estimate":70330.492282753,"standard_error":332.0984983567906},"median":{"confidence_interval":{"confidence_level":0.95,"lower_bound":69952.07619047619,"upper_bound":70329.62466666667},"point_estimate":70121.81437908497,"standard_error":88.35913238454806},"median_abs_dev":{"confidence_interval":{"confidence_level":0.95,"lower_bound":640.1434381202491,"upper_bound":1926.7938849585607},"point_estimate":935.0260330621222,"standard_error":313.8629485329567},"slope":{"confidence_interval":{"confidence_level":0.95,"lower_bound":70559.88825188566,"upper_bound":71432.27747518086},"point_estimate":70966.78450736417,"standard_error":222.43410363639074},"std_dev":{"confidence_interval":{"confidence_level":0.95,"lower_bound":2128.5410602337524,"upper_bound":4555.507207266355},"point_estimate":3337.7498805903665,"standard_error":640.9674499540063}}