{"mean":{"confidence_interval":{"confidence_level":0.95,"lower_bound":73686.72869021422,"upper_bound":75339.46769324153},"point_estimate":74574.48307648586,"standard_error":422.1767882496651},"median":{"confidence_interval":{"confidence_level":0.95,"lower_bound":74460.86854917234,"upper_bound":74943.07168458782},"point_estimate":74658.91690753691,"standard_error":108.94542695376259},"median_abs_dev":{"confidence_interval":{"confidence_level":0.95,"lower_bound":892.2969424291138,"upper_bound":2604.8251630957675},"point_estimate":1644.6033214481586,"standard_error":456.5055983094575},"slope":{"confidence_interval":{"confidence_level":0.95,"lower_bound":75503.10060792444,"upper_bound":76426.91346219779},"point_estimate":75951.78374759865,"standard_error":235.80474123754516},"std_dev":{"confidence_interval":{"confidence_level":0.95,"lower_bound":2550.467895997576,"upper_bound":5922.830077900485},"point_estimate":4243.965942302807,"standard_error":893.7558547069034}}