{"mean":{"confidence_interval":{"confidence_level":0.95,"lower_bound":85753.35368700433,"upper_bound":87560.31181710007},"point_estimate":86798.14251242527,"standard_error":468.7275704303521},"median":{"confidence_interval":{"confidence_level":0.95,"lower_bound":87883.58986928104,"upper_bound":88175.56840796019},"point_estimate":88066.35850787684,"standard_error":89.14021963602418},"median_abs_dev":{"confidence_interval":{"confidence_level":0.95,"lower_bound":387.29757694761184,"upper_bound":855.2977430825141},"point_estimate":554.9786953184429,"standard_error":139.18604614947452},"slope":{"confidence_interval":{"confidence_level":0.95,"lower_bound":88217.26971595366,"upper_bound":88368.81386423757},"point_estimate":88297.38960445298,"standard_error":38.66972007920875},"std_dev":{"confidence_interval":{"confidence_level":0.95,"lower_bound":1601.5572840110544,"upper_bound":7402.540656178409},"point_estimate":4714.694928884071,"standard_error":1615.5385726487116}}