{"mean":{"confidence_interval":{"confidence_level":0.95,"lower_bound":67926.34309930375,"upper_bound":69438.72381811865},"point_estimate":68715.17776130048,"standard_error":384.63419260478116},"median":{"confidence_interval":{"confidence_level":0.95,"lower_bound":67749.5153573763,"upper_bound":68619.4306122449},"point_estimate":67965.45403508772,"standard_error":226.9063619505799},"median_abs_dev":{"confidence_interval":{"confidence_level":0.95,"lower_bound":982.6658978279055,"upper_bound":2124.6896148506403},"point_estimate":1339.3330632603727,"standard_error":307.5046293770239},"slope":{"confidence_interval":{"confidence_level":0.95,"lower_bound":68796.30859169013,"upper_bound":70020.4150204479},"point_estimate":69367.14024924881,"standard_error":311.10010445375764},"std_dev":{"confidence_interval":{"confidence_level":0.95,"lower_bound":2695.3480101750024,"upper_bound":5192.658708296298},"point_estimate":3895.508940942848,"standard_error":664.5665570107832}}