{"mean":{"confidence_interval":{"confidence_level":0.95,"lower_bound":69299.97617182079,"upper_bound":70722.63645065721},"point_estimate":70054.74955312723,"standard_error":362.39167718244164},"median":{"confidence_interval":{"confidence_level":0.95,"lower_bound":69682.98,"upper_bound":69973.92753058954},"point_estimate":69803.04704830053,"standard_error":71.58032059043502},"median_abs_dev":{"confidence_interval":{"confidence_level":0.95,"lower_bound":523.4836328542054,"upper_bound":1283.8137524359952},"point_estimate":695.9898027149392,"standard_error":184.77580656104294},"slope":{"confidence_interval":{"confidence_level":0.95,"lower_bound":70466.7010109988,"upper_bound":71527.14037640564},"point_estimate":70953.16160307374,"standard_error":271.19453105928085},"std_dev":{"confidence_interval":{"confidence_level":0.95,"lower_bound":2305.2599381154596,"upper_bound":4995.161653990416},"point_estimate":3628.0094566749176,"standard_error":714.6623696712255}}