{"mean":{"confidence_interval":{"confidence_level":0.95,"lower_bound":72485.71492436361,"upper_bound":74008.74394348369},"point_estimate":73332.66006985478,"standard_error":391.1482637168584},"median":{"confidence_interval":{"confidence_level":0.95,"lower_bound":73427.387536722,"upper_bound":73590.76190476191},"point_estimate":73487.87267396782,"standard_error":48.30943912914492},"median_abs_dev":{"confidence_interval":{"confidence_level":0.95,"lower_bound":354.54997452309436,"upper_bound":1027.4410939909926},"point_estimate":608.5412404234803,"standard_error":159.17759560340073},"slope":{"confidence_interval":{"confidence_level":0.95,"lower_bound":74046.00232105587,"upper_bound":74768.28003797517},"point_estimate":74392.79543815575,"standard_error":184.90428700205177},"std_dev":{"confidence_interval":{"confidence_level":0.95,"lower_bound":1927.839531941416,"upper_bound":5916.826985343121},"point_estimate":3948.291130118746,"standard_error":1116.2828308586782}}