{"mean":{"confidence_interval":{"confidence_level":0.95,"lower_bound":67848.7894630188,"upper_bound":69334.09179752647},"point_estimate":68632.1825581175,"standard_error":379.07414325591645},"median":{"confidence_interval":{"confidence_level":0.95,"lower_bound":67892.54333333333,"upper_bound":68169.03522012579},"point_estimate":68017.62973887814,"standard_error":69.49539630003927},"median_abs_dev":{"confidence_interval":{"confidence_level":0.95,"lower_bound":480.2615949232714,"upper_bound":2222.364410545151},"point_estimate":892.1774723809216,"standard_error":500.2786404660375},"slope":{"confidence_interval":{"confidence_level":0.95,"lower_bound":69015.42676670429,"upper_bound":70345.6926339814},"point_estimate":69646.56208600562,"standard_error":341.7393816171518},"std_dev":{"confidence_interval":{"confidence_level":0.95,"lower_bound":2562.493777837557,"upper_bound":5178.801490913342},"point_estimate":3812.980449287905,"standard_error":708.9554371312674}}