{"mean":{"confidence_interval":{"confidence_level":0.95,"lower_bound":69466.91393721623,"upper_bound":70631.95712267261},"point_estimate":70085.97192236093,"standard_error":296.9285645755552},"median":{"confidence_interval":{"confidence_level":0.95,"lower_bound":69372.77695473252,"upper_bound":69695.00482683982},"point_estimate":69577.20194444444,"standard_error":80.7329404628192},"median_abs_dev":{"confidence_interval":{"confidence_level":0.95,"lower_bound":502.0482080467284,"upper_bound":1208.173172025823},"point_estimate":745.6709324315158,"standard_error":169.43898837442288},"slope":{"confidence_interval":{"confidence_level":0.95,"lower_bound":69740.36364405011,"upper_bound":70506.61956898},"point_estimate":70093.77766848923,"standard_error":195.9791021388605},"std_dev":{"confidence_interval":{"confidence_level":0.95,"lower_bound":1875.0855662381862,"upper_bound":4230.8476106179005},"point_estimate":2980.412723154835,"standard_error":664.8198193790606}}