{"mean":{"confidence_interval":{"confidence_level":0.95,"lower_bound":67804.50740360991,"upper_bound":69323.16528275252},"point_estimate":68573.31304065336,"standard_error":387.00526168895414},"median":{"confidence_interval":{"confidence_level":0.95,"lower_bound":68202.22777777778,"upper_bound":68383.745},"point_estimate":68334.56050852439,"standard_error":43.390184961621195},"median_abs_dev":{"confidence_interval":{"confidence_level":0.95,"lower_bound":298.21205202091863,"upper_bound":709.7278072832664},"point_estimate":398.601606559784,"standard_error":116.52338752362672},"slope":{"confidence_interval":{"confidence_level":0.95,"lower_bound":68851.74030217332,"upper_bound":69942.86175830371},"point_estimate":69351.02407861681,"standard_error":279.0714005610996},"std_dev":{"confidence_interval":{"confidence_level":0.95,"lower_bound":2560.0918090722134,"upper_bound":5138.195160977028},"point_estimate":3906.6731869124806,"standard_error":664.6799811348826}}