{"mean":{"confidence_interval":{"confidence_level":0.95,"lower_bound":147460.30023549034,"upper_bound":153229.89929469433},"point_estimate":150611.02588352672,"standard_error":1480.4876567314511},"median":{"confidence_interval":{"confidence_level":0.95,"lower_bound":153063.2142857143,"upper_bound":155213.08710801395},"point_estimate":154148.4677635099,"standard_error":533.6233536431447},"median_abs_dev":{"confidence_interval":{"confidence_level":0.95,"lower_bound":3123.9397280037956,"upper_bound":7645.098860351488},"point_estimate":4469.59649398214,"standard_error":1161.0508221280186},"slope":{"confidence_interval":{"confidence_level":0.95,"lower_bound":154201.1677299853,"upper_bound":157078.7176811026},"point_estimate":155641.6788937913,"standard_error":731.9620762772263},"std_dev":{"confidence_interval":{"confidence_level":0.95,"lower_bound":7777.023709222308,"upper_bound":21789.812526690243},"point_estimate":14881.887567444564,"standard_error":3761.2799225215836}}