{"mean":{"confidence_interval":{"confidence_level":0.95,"lower_bound":85953.00399735029,"upper_bound":87786.1479189125},"point_estimate":87012.19479574275,"standard_error":474.3290869257044},"median":{"confidence_interval":{"confidence_level":0.95,"lower_bound":87904.98625927644,"upper_bound":88285.55387205388},"point_estimate":88094.12234555985,"standard_error":87.50248094971731},"median_abs_dev":{"confidence_interval":{"confidence_level":0.95,"lower_bound":508.8087820958716,"upper_bound":966.4276627639244},"point_estimate":703.6036297288122,"standard_error":120.93104974799554},"slope":{"confidence_interval":{"confidence_level":0.95,"lower_bound":88425.99400564561,"upper_bound":88713.0552985439},"point_estimate":88560.56168144426,"standard_error":72.80023518635974},"std_dev":{"confidence_interval":{"confidence_level":0.95,"lower_bound":1706.7331317749479,"upper_bound":7420.690306586261},"point_estimate":4743.049603080793,"standard_error":1579.6374944656586}}