{"mean":{"confidence_interval":{"confidence_level":0.95,"lower_bound":86023.33776661873,"upper_bound":87828.68807605465},"point_estimate":87070.0461789705,"standard_error":467.2001064449543},"median":{"confidence_interval":{"confidence_level":0.95,"lower_bound":88111.75694733195,"upper_bound":88376.79805840118},"point_estimate":88286.9184387737,"standard_error":66.90775666180014},"median_abs_dev":{"confidence_interval":{"confidence_level":0.95,"lower_bound":375.5713886010038,"upper_bound":776.8717255829006},"point_estimate":544.9199955601822,"standard_error":101.9424678406315},"slope":{"confidence_interval":{"confidence_level":0.95,"lower_bound":88439.81183670482,"upper_bound":88615.8834047952},"point_estimate":88529.34808630116,"standard_error":44.81464243828306},"std_dev":{"confidence_interval":{"confidence_level":0.95,"lower_bound":1610.6003561571263,"upper_bound":7410.101320462749},"point_estimate":4712.966665283491,"standard_error":1623.3940464662494}}