{"mean":{"confidence_interval":{"confidence_level":0.95,"lower_bound":95352.49488200175,"upper_bound":97449.41570400892},"point_estimate":96561.30346208038,"standard_error":542.7961166245663},"median":{"confidence_interval":{"confidence_level":0.95,"lower_bound":97742.17575930935,"upper_bound":97955.41558441559},"point_estimate":97836.81674856675,"standard_error":49.62947995722183},"median_abs_dev":{"confidence_interval":{"confidence_level":0.95,"lower_bound":504.1032041340778,"upper_bound":1203.3562675936055},"point_estimate":823.5548481412156,"standard_error":184.83295294026678},"slope":{"confidence_interval":{"confidence_level":0.95,"lower_bound":98061.89904519283,"upper_bound":98306.50297352098},"point_estimate":98183.38583903166,"standard_error":62.51304129714293},"std_dev":{"confidence_interval":{"confidence_level":0.95,"lower_bound":1887.2678706705506,"upper_bound":8578.888529226702},"point_estimate":5470.823244577407,"standard_error":1866.8190507451366}}