{"mean":{"confidence_interval":{"confidence_level":0.95,"lower_bound":73738.09491347388,"upper_bound":75673.1802685157},"point_estimate":74720.61875561617,"standard_error":489.7356434627422},"median":{"confidence_interval":{"confidence_level":0.95,"lower_bound":74186.37806637806,"upper_bound":74613.9746951921},"point_estimate":74373.2383415435,"standard_error":102.0880319661056},"median_abs_dev":{"confidence_interval":{"confidence_level":0.95,"lower_bound":734.2558619359473,"upper_bound":2295.334399951644},"point_estimate":1164.8533535585932,"standard_error":386.3470941458699},"slope":{"confidence_interval":{"confidence_level":0.95,"lower_bound":75203.71464638248,"upper_bound":76899.04562028057},"point_estimate":75955.08179378918,"standard_error":433.8492626688201},"std_dev":{"confidence_interval":{"confidence_level":0.95,"lower_bound":2464.6966721745916,"upper_bound":6998.140895697677},"point_estimate":4909.4100463489685,"standard_error":1167.2804678176685}}