{"mean":{"confidence_interval":{"confidence_level":0.95,"lower_bound":71018.80992626808,"upper_bound":72966.08160464128},"point_estimate":72026.81398709117,"standard_error":495.455194431891},"median":{"confidence_interval":{"confidence_level":0.95,"lower_bound":70931.46244477172,"upper_bound":71504.79058441559},"point_estimate":71217.15024243513,"standard_error":145.70813725618606},"median_abs_dev":{"confidence_interval":{"confidence_level":0.95,"lower_bound":726.3923845065536,"upper_bound":3281.545621662384},"point_estimate":1243.0856575641542,"standard_error":670.2546559842243},"slope":{"confidence_interval":{"confidence_level":0.95,"lower_bound":72229.3896947837,"upper_bound":73644.58176635098},"point_estimate":72914.98703962508,"standard_error":362.6224174764124},"std_dev":{"confidence_interval":{"confidence_level":0.95,"lower_bound":3151.096248805478,"upper_bound":6833.120646943235},"point_estimate":5012.015057892204,"standard_error":964.6933193221854}}