{"mean":{"confidence_interval":{"confidence_level":0.95,"lower_bound":68610.58793925573,"upper_bound":70198.51932764673},"point_estimate":69423.7379050788,"standard_error":404.77424894746275},"median":{"confidence_interval":{"confidence_level":0.95,"lower_bound":68581.34065934065,"upper_bound":68969.611003861},"point_estimate":68758.74108803766,"standard_error":94.58761366244748},"median_abs_dev":{"confidence_interval":{"confidence_level":0.95,"lower_bound":709.0426819303183,"upper_bound":2825.7302222184458},"point_estimate":1427.1647532990064,"standard_error":509.8805480369015},"slope":{"confidence_interval":{"confidence_level":0.95,"lower_bound":69891.468837276,"upper_bound":71216.68246404828},"point_estimate":70544.35797652473,"standard_error":338.25172714089905},"std_dev":{"confidence_interval":{"confidence_level":0.95,"lower_bound":2782.286764208394,"upper_bound":5408.709930667956},"point_estimate":4066.329821706818,"standard_error":689.4151622808598}}