{"mean":{"confidence_interval":{"confidence_level":0.95,"lower_bound":169610.43810830315,"upper_bound":176959.29684564366},"point_estimate":173641.84000567684,"standard_error":1882.3124121960614},"median":{"confidence_interval":{"confidence_level":0.95,"lower_bound":176057.84285714285,"upper_bound":179739.46296296295},"point_estimate":178178.18089293747,"standard_error":1174.887822935006},"median_abs_dev":{"confidence_interval":{"confidence_level":0.95,"lower_bound":5105.135797964224,"upper_bound":9377.869468898803},"point_estimate":6519.007422553493,"standard_error":1066.4786322832704},"slope":{"confidence_interval":{"confidence_level":0.95,"lower_bound":179766.25737756788,"upper_bound":182316.84006365135},"point_estimate":181058.80124969213,"standard_error":651.1634454864951},"std_dev":{"confidence_interval":{"confidence_level":0.95,"lower_bound":9834.871594547589,"upper_bound":27419.48674007597},"point_estimate":18962.877261379817,"standard_error":4676.897561112178}}