{"mean":{"confidence_interval":{"confidence_level":0.95,"lower_bound":69026.95731531047,"upper_bound":70317.46878952619},"point_estimate":69693.98352465185,"standard_error":328.32259736536145},"median":{"confidence_interval":{"confidence_level":0.95,"lower_bound":69115.83849427168,"upper_bound":69335.79411764706},"point_estimate":69213.83268722883,"standard_error":54.12685723781061},"median_abs_dev":{"confidence_interval":{"confidence_level":0.95,"lower_bound":409.62903385119887,"upper_bound":1200.2271472851837},"point_estimate":646.7985576452319,"standard_error":236.63992185631395},"slope":{"confidence_interval":{"confidence_level":0.95,"lower_bound":69741.11100120761,"upper_bound":70560.97991207936},"point_estimate":70122.75052756022,"standard_error":210.05216254867736},"std_dev":{"confidence_interval":{"confidence_level":0.95,"lower_bound":2226.4723561823434,"upper_bound":4332.496284166106},"point_estimate":3299.476203496052,"standard_error":543.7967127044346}}