{"mean":{"confidence_interval":{"confidence_level":0.95,"lower_bound":69170.86456216255,"upper_bound":70650.7670981716},"point_estimate":69983.52706611692,"standard_error":378.92844307459444},"median":{"confidence_interval":{"confidence_level":0.95,"lower_bound":69730.40293040292,"upper_bound":70121.5667903525},"point_estimate":69902.55370129869,"standard_error":95.59457085583767},"median_abs_dev":{"confidence_interval":{"confidence_level":0.95,"lower_bound":584.4957200285296,"upper_bound":1360.0519078358718},"point_estimate":733.432897327317,"standard_error":217.66563784320027},"slope":{"confidence_interval":{"confidence_level":0.95,"lower_bound":70423.62255933258,"upper_bound":71153.87476218674},"point_estimate":70766.04441913488,"standard_error":186.86943694217234},"std_dev":{"confidence_interval":{"confidence_level":0.95,"lower_bound":2126.7651774754445,"upper_bound":5602.7385977976965},"point_estimate":3809.9570472621403,"standard_error":1008.9947240304932}}