{"mean":{"confidence_interval":{"confidence_level":0.95,"lower_bound":72798.55676387358,"upper_bound":74494.07823506815},"point_estimate":73713.92644437398,"standard_error":432.47061089805834},"median":{"confidence_interval":{"confidence_level":0.95,"lower_bound":73391.98640661938,"upper_bound":73716.30661901191},"point_estimate":73538.90707070706,"standard_error":89.21247165931516},"median_abs_dev":{"confidence_interval":{"confidence_level":0.95,"lower_bound":491.72874782179724,"upper_bound":1553.6685799168743},"point_estimate":826.8841759807872,"standard_error":250.86110903788358},"slope":{"confidence_interval":{"confidence_level":0.95,"lower_bound":74082.71849612588,"upper_bound":75058.27417118177},"point_estimate":74541.99688382697,"standard_error":249.6285056276723},"std_dev":{"confidence_interval":{"confidence_level":0.95,"lower_bound":2386.779054609964,"upper_bound":6324.604487159128},"point_estimate":4350.5895022730865,"standard_error":1066.0567972959961}}