{"mean":{"confidence_interval":{"confidence_level":0.95,"lower_bound":135255.86667923027,"upper_bound":140998.9761759688},"point_estimate":138261.84512400383,"standard_error":1466.084163326615},"median":{"confidence_interval":{"confidence_level":0.95,"lower_bound":137298.23116438356,"upper_bound":139339.52794117646},"point_estimate":138299.9788011696,"standard_error":496.76473494750377},"median_abs_dev":{"confidence_interval":{"confidence_level":0.95,"lower_bound":3658.5905222227016,"upper_bound":5703.717758161843},"point_estimate":4531.195714211223,"standard_error":532.665404582724},"slope":{"confidence_interval":{"confidence_level":0.95,"lower_bound":140594.9340204909,"upper_bound":145547.2564764852},"point_estimate":142832.48148330132,"standard_error":1271.703706892396},"std_dev":{"confidence_interval":{"confidence_level":0.95,"lower_bound":8823.72686572028,"upper_bound":20368.67021441549},"point_estimate":14700.003625529826,"standard_error":3015.7834282109447}}