{"mean":{"confidence_interval":{"confidence_level":0.95,"lower_bound":69353.23729069444,"upper_bound":70590.43371496702},"point_estimate":69999.14490642858,"standard_error":314.5201226488899},"median":{"confidence_interval":{"confidence_level":0.95,"lower_bound":69111.71121993127,"upper_bound":69481.71434932144},"point_estimate":69202.30312880044,"standard_error":90.53243522528857},"median_abs_dev":{"confidence_interval":{"confidence_level":0.95,"lower_bound":569.1671767489242,"upper_bound":1116.088768849987},"point_estimate":834.1332623123827,"standard_error":142.5695690917958},"slope":{"confidence_interval":{"confidence_level":0.95,"lower_bound":69867.59914895406,"upper_bound":71137.3788081043},"point_estimate":70471.52371843751,"standard_error":325.65115485416754},"std_dev":{"confidence_interval":{"confidence_level":0.95,"lower_bound":2161.3145610649417,"upper_bound":4297.296487749623},"point_estimate":3164.3864188644616,"standard_error":580.64318305747}}