{"mean":{"confidence_interval":{"confidence_level":0.95,"lower_bound":68383.78030320028,"upper_bound":69594.19226511635},"point_estimate":69005.01343747153,"standard_error":307.70974562807237},"median":{"confidence_interval":{"confidence_level":0.95,"lower_bound":68257.0380952381,"upper_bound":68558.87683615819},"point_estimate":68392.0464645309,"standard_error":72.95707740887214},"median_abs_dev":{"confidence_interval":{"confidence_level":0.95,"lower_bound":551.3081254097501,"upper_bound":1332.332403349953},"point_estimate":878.5016772685674,"standard_error":190.89669835562626},"slope":{"confidence_interval":{"confidence_level":0.95,"lower_bound":69266.31508745067,"upper_bound":70561.26305430515},"point_estimate":69884.45216570613,"standard_error":331.6544433335086},"std_dev":{"confidence_interval":{"confidence_level":0.95,"lower_bound":2140.0784545022807,"upper_bound":4126.955702007429},"point_estimate":3093.5128348506755,"standard_error":526.8209853310682}}