{"mean":{"confidence_interval":{"confidence_level":0.95,"lower_bound":74051.46769954012,"upper_bound":75813.90153951326},"point_estimate":74996.85234801486,"standard_error":449.3032433121234},"median":{"confidence_interval":{"confidence_level":0.95,"lower_bound":74655.23883136094,"upper_bound":75023.18623481781},"point_estimate":74807.76612244899,"standard_error":95.9836847024454},"median_abs_dev":{"confidence_interval":{"confidence_level":0.95,"lower_bound":707.2193277484566,"upper_bound":2355.7861889456663},"point_estimate":1022.875204572649,"standard_error":480.9491558694704},"slope":{"confidence_interval":{"confidence_level":0.95,"lower_bound":76034.7182671301,"upper_bound":77230.59685168165},"point_estimate":76611.24403019177,"standard_error":305.86605104955953},"std_dev":{"confidence_interval":{"confidence_level":0.95,"lower_bound":2787.692950895098,"upper_bound":6283.66105721108},"point_estimate":4504.911367045249,"standard_error":934.7515337873311}}