{"mean":{"confidence_interval":{"confidence_level":0.95,"lower_bound":73255.21722745837,"upper_bound":75414.81306633439},"point_estimate":74314.84790271595,"standard_error":546.4468440627833},"median":{"confidence_interval":{"confidence_level":0.95,"lower_bound":73820.40199335548,"upper_bound":74121.87319711538},"point_estimate":74058.18240044557,"standard_error":69.38890632808216},"median_abs_dev":{"confidence_interval":{"confidence_level":0.95,"lower_bound":626.9989922971088,"upper_bound":2306.7487362378024},"point_estimate":1197.015066679775,"standard_error":433.7070839318455},"slope":{"confidence_interval":{"confidence_level":0.95,"lower_bound":74818.98835789316,"upper_bound":76108.85407933651},"point_estimate":75395.78522958052,"standard_error":329.15795627323655},"std_dev":{"confidence_interval":{"confidence_level":0.95,"lower_bound":2580.9037171219984,"upper_bound":7986.179799828848},"point_estimate":5484.240442426106,"standard_error":1401.8555273834231}}