{"mean":{"confidence_interval":{"confidence_level":0.95,"lower_bound":71233.20183885236,"upper_bound":72575.4068268035},"point_estimate":71955.78947602035,"standard_error":341.97970818686423},"median":{"confidence_interval":{"confidence_level":0.95,"lower_bound":71428.53361344538,"upper_bound":71651.0874291577},"point_estimate":71541.24853266889,"standard_error":46.29853495850369},"median_abs_dev":{"confidence_interval":{"confidence_level":0.95,"lower_bound":372.19779173524546,"upper_bound":781.190530506092},"point_estimate":533.2856245982235,"standard_error":101.96208545210051},"slope":{"confidence_interval":{"confidence_level":0.95,"lower_bound":72001.25807443555,"upper_bound":73021.52737562858},"point_estimate":72484.27185036628,"standard_error":261.4659693671725},"std_dev":{"confidence_interval":{"confidence_level":0.95,"lower_bound":2066.1393751444903,"upper_bound":4893.1011541862645},"point_estimate":3436.7463761780778,"standard_error":769.6717538633542}}