{"mean":{"confidence_interval":{"confidence_level":0.95,"lower_bound":72670.59629817054,"upper_bound":74258.72120573778},"point_estimate":73541.3975427232,"standard_error":407.4837503308706},"median":{"confidence_interval":{"confidence_level":0.95,"lower_bound":73433.44296559202,"upper_bound":74272.26373626373},"point_estimate":73651.40902663747,"standard_error":227.7487316822015},"median_abs_dev":{"confidence_interval":{"confidence_level":0.95,"lower_bound":906.3443576118705,"upper_bound":1569.7631598166809},"point_estimate":1088.9872157858601,"standard_error":168.806925979621},"slope":{"confidence_interval":{"confidence_level":0.95,"lower_bound":74339.31096545454,"upper_bound":75151.38258791387},"point_estimate":74696.52765563976,"standard_error":208.6004357988612},"std_dev":{"confidence_interval":{"confidence_level":0.95,"lower_bound":2018.067958114748,"upper_bound":6096.768310259887},"point_estimate":4088.4469624432995,"standard_error":1105.4683627671209}}