{"mean":{"confidence_interval":{"confidence_level":0.95,"lower_bound":73746.10873030857,"upper_bound":76114.36998465864},"point_estimate":74897.3781439975,"standard_error":599.4092997462658},"median":{"confidence_interval":{"confidence_level":0.95,"lower_bound":74221.23197871311,"upper_bound":74523.19485495347},"point_estimate":74416.66666509301,"standard_error":76.0002840463086},"median_abs_dev":{"confidence_interval":{"confidence_level":0.95,"lower_bound":546.7902282795425,"upper_bound":2546.009142030054},"point_estimate":1011.4775804882269,"standard_error":474.5171412457156},"slope":{"confidence_interval":{"confidence_level":0.95,"lower_bound":75077.66589838387,"upper_bound":75949.83566316323},"point_estimate":75494.49781291562,"standard_error":223.26467327389207},"std_dev":{"confidence_interval":{"confidence_level":0.95,"lower_bound":2918.2903945112644,"upper_bound":8612.817956633116},"point_estimate":6030.148633679321,"standard_error":1449.671605137196}}