{"mean":{"confidence_interval":{"confidence_level":0.95,"lower_bound":43755864.815,"upper_bound":44144726.54},"point_estimate":43946513.495,"standard_error":99165.07029931998},"median":{"confidence_interval":{"confidence_level":0.95,"lower_bound":43529292.5,"upper_bound":44049760.0},"point_estimate":43838159.0,"standard_error":154376.75783981528},"median_abs_dev":{"confidence_interval":{"confidence_level":0.95,"lower_bound":829810.0933179259,"upper_bound":1346489.1417950392},"point_estimate":1135059.2660486698,"standard_error":133041.4372362424},"slope":null,"std_dev":{"confidence_interval":{"confidence_level":0.95,"lower_bound":860278.1390452582,"upper_bound":1120639.896771498},"point_estimate":997238.8425261885,"standard_error":66267.14145158482}}