{"mean":{"confidence_interval":{"confidence_level":0.95,"lower_bound":45057836.709125,"upper_bound":45319749.71475},"point_estimate":45184865.99,"standard_error":66992.22758374874},"median":{"confidence_interval":{"confidence_level":0.95,"lower_bound":44838702.0,"upper_bound":45190096.5},"point_estimate":44978561.25,"standard_error":99819.73244869006},"median_abs_dev":{"confidence_interval":{"confidence_level":0.95,"lower_bound":415302.1981269121,"upper_bound":765778.4537047148},"point_estimate":637643.268379569,"standard_error":86898.39113891927},"slope":null,"std_dev":{"confidence_interval":{"confidence_level":0.95,"lower_bound":550143.1442597313,"upper_bound":784801.1765257954},"point_estimate":673660.2733008624,"standard_error":59640.04840456396}}