{"mean":{"confidence_interval":{"confidence_level":0.95,"lower_bound":46978092.205,"upper_bound":48315934.885},"point_estimate":47636391.56,"standard_error":343498.10933177575},"median":{"confidence_interval":{"confidence_level":0.95,"lower_bound":45784041.25,"upper_bound":47317537.75},"point_estimate":46502718.0,"standard_error":387017.2280875021},"median_abs_dev":{"confidence_interval":{"confidence_level":0.95,"lower_bound":1953302.8556719422,"upper_bound":4053274.5268224897},"point_estimate":2691758.103811741,"standard_error":529679.269997324},"slope":null,"std_dev":{"confidence_interval":{"confidence_level":0.95,"lower_bound":2988886.904193267,"upper_bound":3811961.9120520074},"point_estimate":3441291.9879364395,"standard_error":209925.08090373702}}