{"mean":{"confidence_interval":{"confidence_level":0.95,"lower_bound":107061013.6615,"upper_bound":108188397.791},"point_estimate":107626800.1,"standard_error":289165.2845116481},"median":{"confidence_interval":{"confidence_level":0.95,"lower_bound":106910136.0,"upper_bound":109006586.0},"point_estimate":108255096.0,"standard_error":527313.5407605353},"median_abs_dev":{"confidence_interval":{"confidence_level":0.95,"lower_bound":2263330.448117852,"upper_bound":3844143.3667378062},"point_estimate":3109697.847291827,"standard_error":383403.70918594743},"slope":null,"std_dev":{"confidence_interval":{"confidence_level":0.95,"lower_bound":2534534.322456936,"upper_bound":3263121.3594401814},"point_estimate":2910098.0705206916,"standard_error":185402.70254806103}}