{"mean":{"confidence_interval":{"confidence_level":0.95,"lower_bound":97262967.03725,"upper_bound":97679925.29275},"point_estimate":97478740.35,"standard_error":106443.42536878613},"median":{"confidence_interval":{"confidence_level":0.95,"lower_bound":97367044.0,"upper_bound":97718788.0},"point_estimate":97560078.5,"standard_error":100342.69426265942},"median_abs_dev":{"confidence_interval":{"confidence_level":0.95,"lower_bound":528422.4448811266,"upper_bound":988545.7714498043},"point_estimate":807507.7125638723,"standard_error":124067.02395116945},"slope":null,"std_dev":{"confidence_interval":{"confidence_level":0.95,"lower_bound":856344.3279642152,"upper_bound":1258276.1025752705},"point_estimate":1072274.5396884645,"standard_error":103197.77075588415}}