{"mean":{"confidence_interval":{"confidence_level":0.95,"lower_bound":200195327.8805,"upper_bound":200452081.51749998},"point_estimate":200306716.1,"standard_error":66028.78795446543},"median":{"confidence_interval":{"confidence_level":0.95,"lower_bound":200196840.5,"upper_bound":200323305.5},"point_estimate":200236006.0,"standard_error":30285.50941763724},"median_abs_dev":{"confidence_interval":{"confidence_level":0.95,"lower_bound":291264.1407640279,"upper_bound":485329.95387867093},"point_estimate":395483.5429787636,"standard_error":53460.57656597292},"slope":null,"std_dev":{"confidence_interval":{"confidence_level":0.95,"lower_bound":336447.22783169436,"upper_bound":1017272.4630317541},"point_estimate":665138.0285411335,"standard_error":211636.07493256606}}