{"mean":{"confidence_interval":{"confidence_level":0.95,"lower_bound":49178306.91875,"upper_bound":50011350.44},"point_estimate":49564897.24,"standard_error":212785.6685600867},"median":{"confidence_interval":{"confidence_level":0.95,"lower_bound":49030718.0,"upper_bound":49425159.0},"point_estimate":49249755.0,"standard_error":102374.08641140815},"median_abs_dev":{"confidence_interval":{"confidence_level":0.95,"lower_bound":850569.828799367,"upper_bound":1414987.4844789505},"point_estimate":1167342.1391755342,"standard_error":142344.29158919147},"slope":null,"std_dev":{"confidence_interval":{"confidence_level":0.95,"lower_bound":1331898.894866637,"upper_bound":2888445.1469150363},"point_estimate":2136772.7273856276,"standard_error":403158.91948046046}}