{"mean":{"confidence_interval":{"confidence_level":0.95,"lower_bound":48369553.003625,"upper_bound":49269937.14725},"point_estimate":48790604.975,"standard_error":230447.27530744797},"median":{"confidence_interval":{"confidence_level":0.95,"lower_bound":47954004.0,"upper_bound":48896838.5},"point_estimate":48381501.75,"standard_error":227165.2510320083},"median_abs_dev":{"confidence_interval":{"confidence_level":0.95,"lower_bound":1233097.6719081402,"upper_bound":2076196.6794401407},"point_estimate":1553737.344315648,"standard_error":219082.93172693238},"slope":null,"std_dev":{"confidence_interval":{"confidence_level":0.95,"lower_bound":1530199.269923564,"upper_bound":3101941.887145622},"point_estimate":2312727.8203967973,"standard_error":414839.7516137864}}