{"mean":{"confidence_interval":{"confidence_level":0.95,"lower_bound":232145889.1825,"upper_bound":238764498.05025},"point_estimate":235317116.49,"standard_error":1695463.1691623544},"median":{"confidence_interval":{"confidence_level":0.95,"lower_bound":230287941.0,"upper_bound":235020070.5},"point_estimate":231841314.5,"standard_error":1203676.911105788},"median_abs_dev":{"confidence_interval":{"confidence_level":0.95,"lower_bound":7998553.46929729,"upper_bound":12149317.450806499},"point_estimate":10037351.564401388,"standard_error":1048803.3893106813},"slope":null,"std_dev":{"confidence_interval":{"confidence_level":0.95,"lower_bound":12288140.156911155,"upper_bound":21699611.26570686},"point_estimate":16984093.276339415,"standard_error":2441778.046255708}}