{"mean":{"confidence_interval":{"confidence_level":0.95,"lower_bound":46611484.522,"upper_bound":46938115.729625},"point_estimate":46760364.795,"standard_error":83796.58008034306},"median":{"confidence_interval":{"confidence_level":0.95,"lower_bound":46427630.75,"upper_bound":46632185.0},"point_estimate":46542567.5,"standard_error":52779.22109373186},"median_abs_dev":{"confidence_interval":{"confidence_level":0.95,"lower_bound":334643.58899138955,"upper_bound":604114.6776898203},"point_estimate":466508.2360178232,"standard_error":66103.57914996674},"slope":null,"std_dev":{"confidence_interval":{"confidence_level":0.95,"lower_bound":478705.0634565331,"upper_bound":1197005.6479872416},"point_estimate":844000.5608342184,"standard_error":191891.33154311447}}