{"mean":{"confidence_interval":{"confidence_level":0.95,"lower_bound":119772013.26775,"upper_bound":121851049.032},"point_estimate":120799888.35,"standard_error":529434.0057034234},"median":{"confidence_interval":{"confidence_level":0.95,"lower_bound":118650751.0,"upper_bound":121165551.0},"point_estimate":119707124.5,"standard_error":603241.2029004979},"median_abs_dev":{"confidence_interval":{"confidence_level":0.95,"lower_bound":3748792.951695622,"upper_bound":6291554.391277574},"point_estimate":4895425.763788819,"standard_error":636967.7886551335},"slope":null,"std_dev":{"confidence_interval":{"confidence_level":0.95,"lower_bound":4559434.829660883,"upper_bound":6006165.20242151},"point_estimate":5336582.699552401,"standard_error":368354.0643641008}}