{"mean":{"confidence_interval":{"confidence_level":0.95,"lower_bound":246950992.07999998,"upper_bound":250608789.96175},"point_estimate":248749358.96,"standard_error":939467.8834493161},"median":{"confidence_interval":{"confidence_level":0.95,"lower_bound":245315063.0,"upper_bound":250254127.0},"point_estimate":247080725.0,"standard_error":1140435.8893675206},"median_abs_dev":{"confidence_interval":{"confidence_level":0.95,"lower_bound":6082462.019714713,"upper_bound":10010705.53637445},"point_estimate":8208067.8258776665,"standard_error":1008328.395587085},"slope":null,"std_dev":{"confidence_interval":{"confidence_level":0.95,"lower_bound":7639593.646667473,"upper_bound":11011884.415919866},"point_estimate":9422736.811764644,"standard_error":866421.4095008217}}