{"mean":{"confidence_interval":{"confidence_level":0.95,"lower_bound":110566589.64150001,"upper_bound":111247548.18575001},"point_estimate":110909699.38,"standard_error":173340.87372079425},"median":{"confidence_interval":{"confidence_level":0.95,"lower_bound":110438583.5,"upper_bound":111263882.0},"point_estimate":110939877.5,"standard_error":222414.35324430614},"median_abs_dev":{"confidence_interval":{"confidence_level":0.95,"lower_bound":1291606.2559694052,"upper_bound":1969214.804291948},"point_estimate":1619066.6295558214,"standard_error":170733.06133214378},"slope":null,"std_dev":{"confidence_interval":{"confidence_level":0.95,"lower_bound":1479470.5213793817,"upper_bound":1995764.183234829},"point_estimate":1750236.5124844334,"standard_error":132322.15326020302}}