{"mean":{"confidence_interval":{"confidence_level":0.95,"lower_bound":185296438.66674998,"upper_bound":185884602.837},"point_estimate":185591448.56,"standard_error":150004.30701863038},"median":{"confidence_interval":{"confidence_level":0.95,"lower_bound":185163139.5,"upper_bound":185877984.0},"point_estimate":185424271.5,"standard_error":209815.49157299253},"median_abs_dev":{"confidence_interval":{"confidence_level":0.95,"lower_bound":1065035.3279918432,"upper_bound":1675656.48832865},"point_estimate":1351482.5385063887,"standard_error":154252.15063747604},"slope":null,"std_dev":{"confidence_interval":{"confidence_level":0.95,"lower_bound":1277054.2408608086,"upper_bound":1696820.065027502},"point_estimate":1500196.9761973068,"standard_error":106719.78283780416}}