{"mean":{"confidence_interval":{"confidence_level":0.95,"lower_bound":153633977.61125,"upper_bound":154204015.01775},"point_estimate":153914331.23,"standard_error":145554.42613244694},"median":{"confidence_interval":{"confidence_level":0.95,"lower_bound":153453532.0,"upper_bound":154093646.0},"point_estimate":153692587.0,"standard_error":170036.18101667776},"median_abs_dev":{"confidence_interval":{"confidence_level":0.95,"lower_bound":974365.8702490481,"upper_bound":1697596.9293641269},"point_estimate":1260623.6230194569,"standard_error":189728.11883410794},"slope":null,"std_dev":{"confidence_interval":{"confidence_level":0.95,"lower_bound":1207610.7099335734,"upper_bound":1708660.5285914422},"point_estimate":1464137.6819981951,"standard_error":128319.33303352955}}