{"mean":{"confidence_interval":{"confidence_level":0.95,"lower_bound":109311848.19025001,"upper_bound":110097415.845},"point_estimate":109695705.83,"standard_error":200867.84471765754},"median":{"confidence_interval":{"confidence_level":0.95,"lower_bound":108873870.0,"upper_bound":109660983.0},"point_estimate":109239465.5,"standard_error":218174.28205091017},"median_abs_dev":{"confidence_interval":{"confidence_level":0.95,"lower_bound":1175569.2717544737,"upper_bound":2175306.263780594},"point_estimate":1693364.9033367634,"standard_error":253067.32485622322},"slope":null,"std_dev":{"confidence_interval":{"confidence_level":0.95,"lower_bound":1690629.4451946984,"upper_bound":2289214.5076198773},"point_estimate":2007321.1325129853,"standard_error":152887.94476796125}}