{"mean":{"confidence_interval":{"confidence_level":0.95,"lower_bound":213948254.45975,"upper_bound":216494402.96025002},"point_estimate":215210423.57,"standard_error":650677.3934857784},"median":{"confidence_interval":{"confidence_level":0.95,"lower_bound":213567258.0,"upper_bound":216379043.0},"point_estimate":215013227.5,"standard_error":652289.6158406987},"median_abs_dev":{"confidence_interval":{"confidence_level":0.95,"lower_bound":4606116.394025087,"upper_bound":7245428.024145436},"point_estimate":6092438.434937596,"standard_error":665931.3578181326},"slope":null,"std_dev":{"confidence_interval":{"confidence_level":0.95,"lower_bound":5544971.650467349,"upper_bound":7392987.167029485},"point_estimate":6517257.249362536,"standard_error":470681.5607186461}}