{"mean":{"confidence_interval":{"confidence_level":0.95,"lower_bound":100141006.118,"upper_bound":101464457.2925},"point_estimate":100788997.79,"standard_error":338226.0271144136},"median":{"confidence_interval":{"confidence_level":0.95,"lower_bound":99767606.0,"upper_bound":101146010.0},"point_estimate":100390099.0,"standard_error":354036.6258892958},"median_abs_dev":{"confidence_interval":{"confidence_level":0.95,"lower_bound":2064272.8691518307,"upper_bound":3947896.86191082},"point_estimate":2825079.4238448143,"standard_error":481339.72087415284},"slope":null,"std_dev":{"confidence_interval":{"confidence_level":0.95,"lower_bound":2693548.589205812,"upper_bound":4117627.151856168},"point_estimate":3406542.4015472936,"standard_error":365368.13579191605}}