{"mean":{"confidence_interval":{"confidence_level":0.95,"lower_bound":154705583.0355,"upper_bound":156717727.3885},"point_estimate":155463570.54,"standard_error":548682.1928096757},"median":{"confidence_interval":{"confidence_level":0.95,"lower_bound":154596749.0,"upper_bound":155263139.0},"point_estimate":155011070.0,"standard_error":203112.25318196433},"median_abs_dev":{"confidence_interval":{"confidence_level":0.95,"lower_bound":1071606.9523751736,"upper_bound":1639004.634001851},"point_estimate":1418328.5235196352,"standard_error":144975.90193385893},"slope":null,"std_dev":{"confidence_interval":{"confidence_level":0.95,"lower_bound":1163233.6090063332,"upper_bound":9203366.027891237},"point_estimate":5495053.204907693,"standard_error":2686819.11041994}}