{"mean":{"confidence_interval":{"confidence_level":0.95,"lower_bound":44630653.446125,"upper_bound":44876372.745},"point_estimate":44727844.78,"standard_error":65125.572461263306},"median":{"confidence_interval":{"confidence_level":0.95,"lower_bound":44563514.0,"upper_bound":44695888.0},"point_estimate":44636439.25,"standard_error":31805.37305719569},"median_abs_dev":{"confidence_interval":{"confidence_level":0.95,"lower_bound":166335.85624694824,"upper_bound":273295.4367980361},"point_estimate":216324.3089094758,"standard_error":26269.640355515257},"slope":null,"std_dev":{"confidence_interval":{"confidence_level":0.95,"lower_bound":210602.47425019363,"upper_bound":1074935.9229341445},"point_estimate":655542.9775155449,"standard_error":289143.35805464}}