{"mean":{"confidence_interval":{"confidence_level":0.95,"lower_bound":45047793.285,"upper_bound":45475736.490499996},"point_estimate":45221402.385,"standard_error":112464.32845123397},"median":{"confidence_interval":{"confidence_level":0.95,"lower_bound":44993040.0,"upper_bound":45142187.0},"point_estimate":45073552.5,"standard_error":39899.33183041167},"median_abs_dev":{"confidence_interval":{"confidence_level":0.95,"lower_bound":258685.52600741386,"upper_bound":434052.7789877725},"point_estimate":338320.7890436053,"standard_error":43141.636910262176},"slope":null,"std_dev":{"confidence_interval":{"confidence_level":0.95,"lower_bound":384535.44003872265,"upper_bound":1816261.905321114},"point_estimate":1123352.7486593262,"standard_error":458265.84011576703}}