{"mean":{"confidence_interval":{"confidence_level":0.95,"lower_bound":71537972.7385,"upper_bound":72145159.38375},"point_estimate":71819983.16,"standard_error":155390.07956966976},"median":{"confidence_interval":{"confidence_level":0.95,"lower_bound":71347007.0,"upper_bound":71866507.0},"point_estimate":71503307.0,"standard_error":131548.54229689605},"median_abs_dev":{"confidence_interval":{"confidence_level":0.95,"lower_bound":809499.5856285095,"upper_bound":1326201.4476127157},"point_estimate":1036269.9233025312,"standard_error":138121.4562886444},"slope":null,"std_dev":{"confidence_interval":{"confidence_level":0.95,"lower_bound":950086.490201921,"upper_bound":2130110.571014915},"point_estimate":1566091.1063996549,"standard_error":311221.7171939057}}