{"mean":{"confidence_interval":{"confidence_level":0.95,"lower_bound":43796804.65,"upper_bound":44143365.073625},"point_estimate":43965241.92,"standard_error":88344.15781003218},"median":{"confidence_interval":{"confidence_level":0.95,"lower_bound":43486552.5,"upper_bound":43803393.25},"point_estimate":43636993.0,"standard_error":83856.40049930963},"median_abs_dev":{"confidence_interval":{"confidence_level":0.95,"lower_bound":421480.1922172308,"upper_bound":883280.4320186377},"point_estimate":614472.4546909332,"standard_error":121881.1791026625},"slope":null,"std_dev":{"confidence_interval":{"confidence_level":0.95,"lower_bound":737346.4287340016,"upper_bound":1041487.4192596984},"point_estimate":888716.2587728924,"standard_error":77847.90148900964}}