{"mean":{"confidence_interval":{"confidence_level":0.95,"lower_bound":46914330.341875,"upper_bound":47513483.65375},"point_estimate":47173368.805,"standard_error":154296.20944646504},"median":{"confidence_interval":{"confidence_level":0.95,"lower_bound":46729343.5,"upper_bound":46914028.5},"point_estimate":46815552.25,"standard_error":51317.41601919744},"median_abs_dev":{"confidence_interval":{"confidence_level":0.95,"lower_bound":323121.17411345243,"upper_bound":587064.7409275174},"point_estimate":439674.65909421444,"standard_error":70496.43593380899},"slope":null,"std_dev":{"confidence_interval":{"confidence_level":0.95,"lower_bound":702265.2958339615,"upper_bound":2332492.357211093},"point_estimate":1544449.0773344904,"standard_error":453024.3497588164}}