{"mean":{"confidence_interval":{"confidence_level":0.95,"lower_bound":114754525.34125,"upper_bound":115367236.26650001},"point_estimate":115066487.76,"standard_error":156218.91658517421},"median":{"confidence_interval":{"confidence_level":0.95,"lower_bound":115134519.0,"upper_bound":115744126.0},"point_estimate":115542024.0,"standard_error":161619.82976463283},"median_abs_dev":{"confidence_interval":{"confidence_level":0.95,"lower_bound":836271.6346532106,"upper_bound":1551636.5001529455},"point_estimate":1121230.3147941828,"standard_error":180515.3906748706},"slope":null,"std_dev":{"confidence_interval":{"confidence_level":0.95,"lower_bound":1326357.2297853339,"upper_bound":1785238.1579333297},"point_estimate":1575997.7194270478,"standard_error":117505.79496958753}}