{"mean":{"confidence_interval":{"confidence_level":0.95,"lower_bound":90692238.924,"upper_bound":91668248.0585},"point_estimate":91181804.36,"standard_error":249461.69246171464},"median":{"confidence_interval":{"confidence_level":0.95,"lower_bound":90540822.47500001,"upper_bound":92123783.0},"point_estimate":91159311.0,"standard_error":395591.1654792059},"median_abs_dev":{"confidence_interval":{"confidence_level":0.95,"lower_bound":2156345.2927172184,"upper_bound":3435371.2245974666},"point_estimate":2817952.5657713413,"standard_error":322991.7372128541},"slope":null,"std_dev":{"confidence_interval":{"confidence_level":0.95,"lower_bound":2211752.7675427212,"upper_bound":2733342.6830676747},"point_estimate":2492227.05184927,"standard_error":133220.68340737195}}