{"mean":{"confidence_interval":{"confidence_level":0.95,"lower_bound":484413.74340042914,"upper_bound":484753.8838854308},"point_estimate":484552.11513478565,"standard_error":89.56566616634181},"median":{"confidence_interval":{"confidence_level":0.95,"lower_bound":484409.8760604454,"upper_bound":484525.7426470588},"point_estimate":484447.5,"standard_error":34.39482502824854},"median_abs_dev":{"confidence_interval":{"confidence_level":0.95,"lower_bound":234.47079805420918,"upper_bound":370.64157572742977},"point_estimate":296.5886739991668,"standard_error":34.619952961904914},"slope":{"confidence_interval":{"confidence_level":0.95,"lower_bound":484363.5759055021,"upper_bound":484542.9091628694},"point_estimate":484459.3221457071,"standard_error":45.71885329567737},"std_dev":{"confidence_interval":{"confidence_level":0.95,"lower_bound":320.63804124157207,"upper_bound":1461.576622286512},"point_estimate":900.5810803685666,"standard_error":372.0571464693849}}