{"mean":{"confidence_interval":{"confidence_level":0.95,"lower_bound":65064.037256224015,"upper_bound":65428.27260468531},"point_estimate":65242.60183444188,"standard_error":92.99079407069127},"median":{"confidence_interval":{"confidence_level":0.95,"lower_bound":64668.792983725136,"upper_bound":65036.10930232558},"point_estimate":64770.34680451128,"standard_error":93.7396642219514},"median_abs_dev":{"confidence_interval":{"confidence_level":0.95,"lower_bound":305.6769448916359,"upper_bound":848.2677138680843},"point_estimate":472.46522424364076,"standard_error":128.4418182377107},"slope":{"confidence_interval":{"confidence_level":0.95,"lower_bound":64639.71155875499,"upper_bound":64780.64357697378},"point_estimate":64702.108039012855,"standard_error":36.1599249167427},"std_dev":{"confidence_interval":{"confidence_level":0.95,"lower_bound":817.7762904391499,"upper_bound":1031.4983738179305},"point_estimate":937.0612937335976,"standard_error":54.62051042068059}}