{"mean":{"confidence_interval":{"confidence_level":0.95,"lower_bound":103188.1510430269,"upper_bound":103492.57529269635},"point_estimate":103336.45094748867,"standard_error":77.62806442072565},"median":{"confidence_interval":{"confidence_level":0.95,"lower_bound":103146.09990530302,"upper_bound":103374.88492063493},"point_estimate":103285.20075757576,"standard_error":58.9872301005467},"median_abs_dev":{"confidence_interval":{"confidence_level":0.95,"lower_bound":506.7774106127273,"upper_bound":790.0037956060382},"point_estimate":645.1456638604093,"standard_error":69.74451783398257},"slope":{"confidence_interval":{"confidence_level":0.95,"lower_bound":103210.20518001982,"upper_bound":103390.27225585941},"point_estimate":103304.52367297177,"standard_error":45.82135500509958},"std_dev":{"confidence_interval":{"confidence_level":0.95,"lower_bound":613.7080514870499,"upper_bound":935.0968928328216},"point_estimate":779.9672917188733,"standard_error":82.35658810403082}}