{"mean":{"confidence_interval":{"confidence_level":0.95,"lower_bound":67519.42193496012,"upper_bound":67932.99957434618},"point_estimate":67718.04993405653,"standard_error":105.72006928976246},"median":{"confidence_interval":{"confidence_level":0.95,"lower_bound":67219.50471185212,"upper_bound":67309.92439862543},"point_estimate":67248.82519964507,"standard_error":27.753539392760665},"median_abs_dev":{"confidence_interval":{"confidence_level":0.95,"lower_bound":224.8621458409319,"upper_bound":539.4643537429272},"point_estimate":316.42066189335355,"standard_error":83.403445275002},"slope":{"confidence_interval":{"confidence_level":0.95,"lower_bound":67216.63419061388,"upper_bound":67311.99960012682},"point_estimate":67262.3158327176,"standard_error":24.228505599146562},"std_dev":{"confidence_interval":{"confidence_level":0.95,"lower_bound":853.7582166170661,"upper_bound":1246.426427418495},"point_estimate":1063.068886619397,"standard_error":100.20000037025122}}