{"mean":{"confidence_interval":{"confidence_level":0.95,"lower_bound":95997.51915963886,"upper_bound":96384.50827794285},"point_estimate":96183.75993474314,"standard_error":98.81506619342125},"median":{"confidence_interval":{"confidence_level":0.95,"lower_bound":95708.9593220339,"upper_bound":95907.075},"point_estimate":95820.18702646601,"standard_error":50.34366744436846},"median_abs_dev":{"confidence_interval":{"confidence_level":0.95,"lower_bound":280.037622755609,"upper_bound":582.646800327599},"point_estimate":403.61005481145367,"standard_error":78.29399486099152},"slope":{"confidence_interval":{"confidence_level":0.95,"lower_bound":95778.38656756519,"upper_bound":95902.38897140675},"point_estimate":95839.59399497561,"standard_error":31.60369123671576},"std_dev":{"confidence_interval":{"confidence_level":0.95,"lower_bound":800.624111000198,"upper_bound":1140.616283920726},"point_estimate":990.341989287168,"standard_error":87.18053443698088}}