{"mean":{"confidence_interval":{"confidence_level":0.95,"lower_bound":68531.53246889173,"upper_bound":69015.21448290409},"point_estimate":68759.84437688882,"standard_error":123.40257314402093},"median":{"confidence_interval":{"confidence_level":0.95,"lower_bound":68179.51289322444,"upper_bound":68441.73958333333},"point_estimate":68274.62524975024,"standard_error":63.18774476691953},"median_abs_dev":{"confidence_interval":{"confidence_level":0.95,"lower_bound":324.39487863127187,"upper_bound":657.3356059412607},"point_estimate":471.97579799110207,"standard_error":87.39992813566893},"slope":{"confidence_interval":{"confidence_level":0.95,"lower_bound":68287.76056612693,"upper_bound":68946.19119937737},"point_estimate":68577.70332742229,"standard_error":169.84748364747594},"std_dev":{"confidence_interval":{"confidence_level":0.95,"lower_bound":902.6131969159782,"upper_bound":1531.5250541470098},"point_estimate":1238.2014048772696,"standard_error":161.0069012321963}}