{"mean":{"confidence_interval":{"confidence_level":0.95,"lower_bound":71568.10794173615,"upper_bound":71986.11229971008},"point_estimate":71771.58381214653,"standard_error":106.86269514803291},"median":{"confidence_interval":{"confidence_level":0.95,"lower_bound":71265.79437229437,"upper_bound":71503.6462445634},"point_estimate":71415.93661573288,"standard_error":68.70386104019998},"median_abs_dev":{"confidence_interval":{"confidence_level":0.95,"lower_bound":364.66046429399734,"upper_bound":866.4349546177014},"point_estimate":542.8044421336341,"standard_error":132.8693349859326},"slope":{"confidence_interval":{"confidence_level":0.95,"lower_bound":71358.88325915339,"upper_bound":71595.58747112715},"point_estimate":71468.69766267671,"standard_error":60.34665302578282},"std_dev":{"confidence_interval":{"confidence_level":0.95,"lower_bound":870.0411985309486,"upper_bound":1247.570332441794},"point_estimate":1075.210492569131,"standard_error":96.05509171790284}}