{"mean":{"confidence_interval":{"confidence_level":0.95,"lower_bound":484402.8225728618,"upper_bound":484981.60524329526},"point_estimate":484695.895671622,"standard_error":148.00395938324803},"median":{"confidence_interval":{"confidence_level":0.95,"lower_bound":484618.7579159703,"upper_bound":485473.64705882355},"point_estimate":485176.5019047619,"standard_error":258.13268899945683},"median_abs_dev":{"confidence_interval":{"confidence_level":0.95,"lower_bound":846.959155989277,"upper_bound":1748.7511788724723},"point_estimate":1164.8906923043835,"standard_error":251.265249744287},"slope":{"confidence_interval":{"confidence_level":0.95,"lower_bound":484013.18533141,"upper_bound":484713.8202856257},"point_estimate":484368.18307078467,"standard_error":178.60834896625548},"std_dev":{"confidence_interval":{"confidence_level":0.95,"lower_bound":1296.9490015075587,"upper_bound":1654.4141273897033},"point_estimate":1490.862150075669,"standard_error":91.20576875228473}}