{"mean":{"confidence_interval":{"confidence_level":0.95,"lower_bound":68244.31281686548,"upper_bound":69007.62100229261},"point_estimate":68577.49877529586,"standard_error":196.3050135510783},"median":{"confidence_interval":{"confidence_level":0.95,"lower_bound":68022.80888605442,"upper_bound":68128.51420454546},"point_estimate":68074.37326388889,"standard_error":26.850323602101096},"median_abs_dev":{"confidence_interval":{"confidence_level":0.95,"lower_bound":227.43648758771693,"upper_bound":685.2812210531985},"point_estimate":358.65251208250095,"standard_error":123.29122840389564},"slope":{"confidence_interval":{"confidence_level":0.95,"lower_bound":68075.97902108924,"upper_bound":68325.1653810187},"point_estimate":68191.35367863651,"standard_error":63.76650643971102},"std_dev":{"confidence_interval":{"confidence_level":0.95,"lower_bound":906.0851670567163,"upper_bound":2980.5527155678715},"point_estimate":1970.2667037832573,"standard_error":582.0251081462897}}