{"mean":{"confidence_interval":{"confidence_level":0.95,"lower_bound":79600.89321646986,"upper_bound":80061.78425636773},"point_estimate":79826.41316030036,"standard_error":117.66295522413105},"median":{"confidence_interval":{"confidence_level":0.95,"lower_bound":79134.890625,"upper_bound":79281.08466498458},"point_estimate":79201.77240935422,"standard_error":66.91176701555389},"median_abs_dev":{"confidence_interval":{"confidence_level":0.95,"lower_bound":295.3004451277428,"upper_bound":1023.9712240586504},"point_estimate":682.5210708000202,"standard_error":190.001230929153},"slope":{"confidence_interval":{"confidence_level":0.95,"lower_bound":79171.56762978432,"upper_bound":79466.97753962051},"point_estimate":79303.92236796216,"standard_error":75.84906868777527},"std_dev":{"confidence_interval":{"confidence_level":0.95,"lower_bound":1037.6893637264698,"upper_bound":1306.8381621722456},"point_estimate":1179.902507781727,"standard_error":68.62023011143211}}