{"mean":{"confidence_interval":{"confidence_level":0.95,"lower_bound":65083.83577341326,"upper_bound":65457.87502913336},"point_estimate":65265.28453517676,"standard_error":95.47739180468206},"median":{"confidence_interval":{"confidence_level":0.95,"lower_bound":64744.938451293754,"upper_bound":64992.307042253524},"point_estimate":64874.893633656,"standard_error":66.40593718958358},"median_abs_dev":{"confidence_interval":{"confidence_level":0.95,"lower_bound":320.73182757721355,"upper_bound":747.0000243511262},"point_estimate":503.6871363298728,"standard_error":118.37366318385082},"slope":{"confidence_interval":{"confidence_level":0.95,"lower_bound":64744.71760409927,"upper_bound":64920.48569799197},"point_estimate":64822.06320792079,"standard_error":45.00416606295397},"std_dev":{"confidence_interval":{"confidence_level":0.95,"lower_bound":796.1465476606581,"upper_bound":1102.227517866345},"point_estimate":958.3990425558267,"standard_error":77.94175972872056}}