{"mean":{"confidence_interval":{"confidence_level":0.95,"lower_bound":68237.0312745039,"upper_bound":68605.7901606884},"point_estimate":68416.69826338135,"standard_error":94.04897262967037},"median":{"confidence_interval":{"confidence_level":0.95,"lower_bound":68009.52247191011,"upper_bound":68199.53635620915},"point_estimate":68097.27453703704,"standard_error":55.62372514154786},"median_abs_dev":{"confidence_interval":{"confidence_level":0.95,"lower_bound":329.60658902989456,"upper_bound":774.3311161922624},"point_estimate":515.0740801504794,"standard_error":112.47629090367732},"slope":{"confidence_interval":{"confidence_level":0.95,"lower_bound":68111.24859686957,"upper_bound":68416.65230450418},"point_estimate":68256.26039554701,"standard_error":77.77695002024616},"std_dev":{"confidence_interval":{"confidence_level":0.95,"lower_bound":784.9594445230023,"upper_bound":1080.291702748976},"point_estimate":946.0864012704671,"standard_error":75.44858281696963}}