{"mean":{"confidence_interval":{"confidence_level":0.95,"lower_bound":104261.98939631475,"upper_bound":104720.13923644675},"point_estimate":104484.47964097599,"standard_error":116.91337785132468},"median":{"confidence_interval":{"confidence_level":0.95,"lower_bound":104186.13888888889,"upper_bound":104435.6930650685},"point_estimate":104299.36431598064,"standard_error":60.56356318054556},"median_abs_dev":{"confidence_interval":{"confidence_level":0.95,"lower_bound":431.8860129360292,"upper_bound":793.0556692537773},"point_estimate":669.84767418904,"standard_error":91.60738877563328},"slope":{"confidence_interval":{"confidence_level":0.95,"lower_bound":104199.90563478028,"upper_bound":104383.04292131809},"point_estimate":104292.96027264667,"standard_error":46.73819831761179},"std_dev":{"confidence_interval":{"confidence_level":0.95,"lower_bound":896.3521923499045,"upper_bound":1419.436604031528},"point_estimate":1173.0564171017525,"standard_error":133.06526315444225}}