{"mean":{"confidence_interval":{"confidence_level":0.95,"lower_bound":65034.259645118414,"upper_bound":65420.192255199094},"point_estimate":65223.135505063416,"standard_error":98.47632655523066},"median":{"confidence_interval":{"confidence_level":0.95,"lower_bound":64606.15127436282,"upper_bound":64937.81769449715},"point_estimate":64689.14054154763,"standard_error":88.85623662987943},"median_abs_dev":{"confidence_interval":{"confidence_level":0.95,"lower_bound":312.71583332141824,"upper_bound":892.2257839911462},"point_estimate":522.0435838220145,"standard_error":148.69130115417317},"slope":{"confidence_interval":{"confidence_level":0.95,"lower_bound":64637.57090951057,"upper_bound":64915.7692429415},"point_estimate":64759.918207773015,"standard_error":71.9576136491087},"std_dev":{"confidence_interval":{"confidence_level":0.95,"lower_bound":858.4840276308659,"upper_bound":1093.5970049455716},"point_estimate":988.5463005303991,"standard_error":59.65396734803171}}