{"mean":{"confidence_interval":{"confidence_level":0.95,"lower_bound":65182.856641294005,"upper_bound":65687.1369344944},"point_estimate":65423.3176105084,"standard_error":129.0478911046465},"median":{"confidence_interval":{"confidence_level":0.95,"lower_bound":64753.70786516854,"upper_bound":65095.90303030303},"point_estimate":64848.155061728394,"standard_error":92.89666592287648},"median_abs_dev":{"confidence_interval":{"confidence_level":0.95,"lower_bound":405.9414677309245,"upper_bound":906.4826383950605},"point_estimate":621.1848568888787,"standard_error":128.33408013750602},"slope":{"confidence_interval":{"confidence_level":0.95,"lower_bound":64707.50281391312,"upper_bound":64930.12583823802},"point_estimate":64804.89381409783,"standard_error":57.13656270929703},"std_dev":{"confidence_interval":{"confidence_level":0.95,"lower_bound":994.0981490363386,"upper_bound":1587.038016681369},"point_estimate":1296.6298722027914,"standard_error":152.13989361129688}}