{"mean":{"confidence_interval":{"confidence_level":0.95,"lower_bound":95422.50606213743,"upper_bound":95938.46876645261},"point_estimate":95673.75157399781,"standard_error":131.68326287001997},"median":{"confidence_interval":{"confidence_level":0.95,"lower_bound":94941.22340425532,"upper_bound":95260.30864197531},"point_estimate":95043.18158627086,"standard_error":82.91562635329004},"median_abs_dev":{"confidence_interval":{"confidence_level":0.95,"lower_bound":454.25054377285323,"upper_bound":1082.1008085286128},"point_estimate":682.4922350994847,"standard_error":172.00743014737267},"slope":{"confidence_interval":{"confidence_level":0.95,"lower_bound":94889.82092736717,"upper_bound":95090.2216096064},"point_estimate":94980.5006420866,"standard_error":51.38064811528673},"std_dev":{"confidence_interval":{"confidence_level":0.95,"lower_bound":1119.0772098641319,"upper_bound":1505.9264704964316},"point_estimate":1324.3461688168252,"standard_error":98.86066446916772}}