{"mean":{"confidence_interval":{"confidence_level":0.95,"lower_bound":67449.52529391948,"upper_bound":67852.12230253499},"point_estimate":67643.87934672405,"standard_error":102.60897768158853},"median":{"confidence_interval":{"confidence_level":0.95,"lower_bound":67110.53773584905,"upper_bound":67270.10795144571},"point_estimate":67223.77164840898,"standard_error":49.20552707856149},"median_abs_dev":{"confidence_interval":{"confidence_level":0.95,"lower_bound":244.21029541389797,"upper_bound":511.65997398074165},"point_estimate":361.36197806844325,"standard_error":73.54133870601567},"slope":{"confidence_interval":{"confidence_level":0.95,"lower_bound":67134.83373230537,"upper_bound":67383.11938185444},"point_estimate":67244.82207575982,"standard_error":63.820145791836495},"std_dev":{"confidence_interval":{"confidence_level":0.95,"lower_bound":838.4332299747475,"upper_bound":1186.1130765741095},"point_estimate":1031.251080206585,"standard_error":88.59021346283942}}