{"mean":{"confidence_interval":{"confidence_level":0.95,"lower_bound":67537.09284436598,"upper_bound":68004.2618981462},"point_estimate":67751.36886452704,"standard_error":119.58437244807394},"median":{"confidence_interval":{"confidence_level":0.95,"lower_bound":67295.31504065041,"upper_bound":67476.81874767743},"point_estimate":67374.43399613367,"standard_error":46.83589150987495},"median_abs_dev":{"confidence_interval":{"confidence_level":0.95,"lower_bound":288.5332684407339,"upper_bound":532.7789738046712},"point_estimate":411.37687566042445,"standard_error":62.25561262527556},"slope":{"confidence_interval":{"confidence_level":0.95,"lower_bound":67313.61658277313,"upper_bound":67508.24465506207},"point_estimate":67401.62810797498,"standard_error":49.99265421219717},"std_dev":{"confidence_interval":{"confidence_level":0.95,"lower_bound":746.3411776171697,"upper_bound":1697.755946186973},"point_estimate":1206.2205136519253,"standard_error":271.98651880489064}}