{"mean":{"confidence_interval":{"confidence_level":0.95,"lower_bound":68332.04905425648,"upper_bound":69096.9564882287},"point_estimate":68686.9688395984,"standard_error":195.56033411104445},"median":{"confidence_interval":{"confidence_level":0.95,"lower_bound":67801.21826788218,"upper_bound":68132.32648401827},"point_estimate":67902.7775297619,"standard_error":87.5629327366322},"median_abs_dev":{"confidence_interval":{"confidence_level":0.95,"lower_bound":444.87824977981796,"upper_bound":995.8513266030556},"point_estimate":629.0752457866352,"standard_error":145.63946570905412},"slope":{"confidence_interval":{"confidence_level":0.95,"lower_bound":67885.30729101953,"upper_bound":68811.21227981815},"point_estimate":68283.12778779371,"standard_error":238.39247144984773},"std_dev":{"confidence_interval":{"confidence_level":0.95,"lower_bound":1252.9663500184352,"upper_bound":2588.167487002807},"point_estimate":1968.0494854583467,"standard_error":341.8373207263151}}