{"mean":{"confidence_interval":{"confidence_level":0.95,"lower_bound":104505.47284567535,"upper_bound":104995.94468471818},"point_estimate":104746.84374675286,"standard_error":124.94009892983509},"median":{"confidence_interval":{"confidence_level":0.95,"lower_bound":104375.42465753424,"upper_bound":104813.08820754717},"point_estimate":104579.75625,"standard_error":112.07961120096301},"median_abs_dev":{"confidence_interval":{"confidence_level":0.95,"lower_bound":615.9976884540994,"upper_bound":1124.7216048879618},"point_estimate":849.7229386852591,"standard_error":130.19170844830728},"slope":{"confidence_interval":{"confidence_level":0.95,"lower_bound":104413.80588840744,"upper_bound":104709.71826932541},"point_estimate":104557.024335747,"standard_error":75.1964367428704},"std_dev":{"confidence_interval":{"confidence_level":0.95,"lower_bound":1016.9798898923432,"upper_bound":1473.0622688423857},"point_estimate":1256.6216916263768,"standard_error":116.33232586927883}}