{"mean":{"confidence_interval":{"confidence_level":0.95,"lower_bound":9820906.896500003,"upper_bound":9837594.608583333},"point_estimate":9829699.818333331,"standard_error":4276.033016079061},"median":{"confidence_interval":{"confidence_level":0.95,"lower_bound":9832133.083333334,"upper_bound":9843109.166666666},"point_estimate":9836626.083333334,"standard_error":2710.8251201841754},"median_abs_dev":{"confidence_interval":{"confidence_level":0.95,"lower_bound":19434.908854961857,"upper_bound":34113.01924437192},"point_estimate":27552.14371085075,"standard_error":3890.4411502797916},"slope":null,"std_dev":{"confidence_interval":{"confidence_level":0.95,"lower_bound":29969.74702050506,"upper_bound":54839.5091439552},"point_estimate":43071.89846614806,"standard_error":6369.032597979817}}