{"mean":{"confidence_interval":{"confidence_level":0.95,"lower_bound":40785323.18375,"upper_bound":41766048.930250004},"point_estimate":41260076.755,"standard_error":250601.45324002748},"median":{"confidence_interval":{"confidence_level":0.95,"lower_bound":39765091.5,"upper_bound":40410283.5},"point_estimate":40117264.5,"standard_error":172185.50299656263},"median_abs_dev":{"confidence_interval":{"confidence_level":0.95,"lower_bound":754100.7550120354,"upper_bound":1700541.799159348},"point_estimate":1285090.2290850878,"standard_error":246446.81708110045},"slope":null,"std_dev":{"confidence_interval":{"confidence_level":0.95,"lower_bound":2117968.664313485,"upper_bound":2823347.3786294777},"point_estimate":2515741.9572327347,"standard_error":180617.78424240527}}