{"mean":{"confidence_interval":{"confidence_level":0.95,"lower_bound":3840627.0561730773,"upper_bound":3861561.7894038446},"point_estimate":3850107.8323076903,"standard_error":5361.491008520087},"median":{"confidence_interval":{"confidence_level":0.95,"lower_bound":3835195.0,"upper_bound":3839797.0},"point_estimate":3837936.230769231,"standard_error":1391.5222504220615},"median_abs_dev":{"confidence_interval":{"confidence_level":0.95,"lower_bound":7004.030367961164,"upper_bound":12894.000901854795},"point_estimate":10170.17963482741,"standard_error":1502.2306813964583},"slope":null,"std_dev":{"confidence_interval":{"confidence_level":0.95,"lower_bound":28397.250896226597,"upper_bound":73506.73617076939},"point_estimate":53983.599049374556,"standard_error":11621.993152082292}}