{"mean":{"confidence_interval":{"confidence_level":0.95,"lower_bound":45832259.365624994,"upper_bound":45889044.485875},"point_estimate":45861492.015,"standard_error":14470.05179182562},"median":{"confidence_interval":{"confidence_level":0.95,"lower_bound":45834451.5,"upper_bound":45910906.0},"point_estimate":45870828.5,"standard_error":18230.973467579683},"median_abs_dev":{"confidence_interval":{"confidence_level":0.95,"lower_bound":99969.86297518015,"upper_bound":155162.9828453064},"point_estimate":132810.19369214773,"standard_error":14299.333135843635},"slope":null,"std_dev":{"confidence_interval":{"confidence_level":0.95,"lower_bound":115968.04723815707,"upper_bound":174000.9135253716},"point_estimate":145517.20345724578,"standard_error":14872.178221835029}}