{"mean":{"confidence_interval":{"confidence_level":0.95,"lower_bound":4671391.1191666685,"upper_bound":4733426.914979166},"point_estimate":4701988.921666665,"standard_error":15797.503375344835},"median":{"confidence_interval":{"confidence_level":0.95,"lower_bound":4723513.25,"upper_bound":4736254.916666667},"point_estimate":4731275.25,"standard_error":2851.285914630957},"median_abs_dev":{"confidence_interval":{"confidence_level":0.95,"lower_bound":16555.20550608658,"upper_bound":37906.37482702732},"point_estimate":24481.61739036441,"standard_error":5543.253855251572},"slope":null,"std_dev":{"confidence_interval":{"confidence_level":0.95,"lower_bound":105975.19248082291,"upper_bound":206271.76120021212},"point_estimate":159069.77925807927,"standard_error":25643.38498451156}}