{"mean":{"confidence_interval":{"confidence_level":0.95,"lower_bound":3815754.806589287,"upper_bound":3887410.197857144},"point_estimate":3846554.1735714283,"standard_error":18552.01394599084},"median":{"confidence_interval":{"confidence_level":0.95,"lower_bound":3801753.9642857146,"upper_bound":3807468.3928571427},"point_estimate":3805375.571428572,"standard_error":1257.0211481418773},"median_abs_dev":{"confidence_interval":{"confidence_level":0.95,"lower_bound":8482.589849404025,"upper_bound":15111.61203171506},"point_estimate":11750.928541380154,"standard_error":1709.379154362561},"slope":null,"std_dev":{"confidence_interval":{"confidence_level":0.95,"lower_bound":51572.53006664586,"upper_bound":281936.8726773452},"point_estimate":185542.45936552048,"standard_error":59982.838496141536}}