{"mean":{"confidence_interval":{"confidence_level":0.95,"lower_bound":35374404.635,"upper_bound":36020023.31887499},"point_estimate":35693124.885,"standard_error":164878.46600334652},"median":{"confidence_interval":{"confidence_level":0.95,"lower_bound":35072282.0,"upper_bound":36029721.5},"point_estimate":35740983.5,"standard_error":207230.05121059387},"median_abs_dev":{"confidence_interval":{"confidence_level":0.95,"lower_bound":1362856.304204464,"upper_bound":2101458.70039165},"point_estimate":1723305.2685052156,"standard_error":191987.82010127572},"slope":null,"std_dev":{"confidence_interval":{"confidence_level":0.95,"lower_bound":1394926.3273204218,"upper_bound":1894658.7714496606},"point_estimate":1653011.915549683,"standard_error":127888.52200817823}}