{"mean":{"confidence_interval":{"confidence_level":0.95,"lower_bound":32971243.04875,"upper_bound":32983231.29975},"point_estimate":32977156.92,"standard_error":3066.8962585969766},"median":{"confidence_interval":{"confidence_level":0.95,"lower_bound":32968030.5,"upper_bound":32982807.0},"point_estimate":32975206.5,"standard_error":3647.7646887637466},"median_abs_dev":{"confidence_interval":{"confidence_level":0.95,"lower_bound":23389.867834746838,"upper_bound":35955.2732616663},"point_estimate":31543.797039985657,"standard_error":3255.440953978755},"slope":null,"std_dev":{"confidence_interval":{"confidence_level":0.95,"lower_bound":25941.300108167205,"upper_bound":35354.122127897914},"point_estimate":30804.360901323525,"standard_error":2402.0983969082595}}