{"mean":{"confidence_interval":{"confidence_level":0.95,"lower_bound":8767187.969333334,"upper_bound":8796047.615833335},"point_estimate":8780674.236666666,"standard_error":7363.191445364855},"median":{"confidence_interval":{"confidence_level":0.95,"lower_bound":8759266.166666666,"upper_bound":8785084.0},"point_estimate":8773500.0,"standard_error":7720.924259598605},"median_abs_dev":{"confidence_interval":{"confidence_level":0.95,"lower_bound":42602.0160436621,"upper_bound":72662.84245997576},"point_estimate":57342.024981976014,"standard_error":7862.301152535426},"slope":null,"std_dev":{"confidence_interval":{"confidence_level":0.95,"lower_bound":51505.72165717767,"upper_bound":101131.57702811853},"point_estimate":74154.44502968894,"standard_error":14121.34902400734}}