{"mean":{"confidence_interval":{"confidence_level":0.95,"lower_bound":32550792.430999998,"upper_bound":32592015.468875},"point_estimate":32571509.995,"standard_error":10532.584374275144},"median":{"confidence_interval":{"confidence_level":0.95,"lower_bound":32530536.25,"upper_bound":32611786.0},"point_estimate":32575386.0,"standard_error":23090.587361784015},"median_abs_dev":{"confidence_interval":{"confidence_level":0.95,"lower_bound":91587.61337399483,"upper_bound":135360.63629686832},"point_estimate":112788.79299759865,"standard_error":11872.537553878328},"slope":null,"std_dev":{"confidence_interval":{"confidence_level":0.95,"lower_bound":91067.40564723357,"upper_bound":120867.48029925642},"point_estimate":106541.13064022954,"standard_error":7651.403179919414}}