{"mean":{"confidence_interval":{"confidence_level":0.95,"lower_bound":4033816.9492307683,"upper_bound":4066931.6783461533},"point_estimate":4050361.7438461543,"standard_error":8476.741177174457},"median":{"confidence_interval":{"confidence_level":0.95,"lower_bound":4016683.423076923,"upper_bound":4072982.230769231},"point_estimate":4037318.692307692,"standard_error":15786.731907444082},"median_abs_dev":{"confidence_interval":{"confidence_level":0.95,"lower_bound":76450.60978119222,"upper_bound":121882.77612076329},"point_estimate":99169.62963938713,"standard_error":11213.191918706922},"slope":null,"std_dev":{"confidence_interval":{"confidence_level":0.95,"lower_bound":76513.24855720844,"upper_bound":92390.69347701085},"point_estimate":85135.230788493,"standard_error":4037.5611820404333}}