{"mean":{"confidence_interval":{"confidence_level":0.95,"lower_bound":9818760.507900001,"upper_bound":10024221.04775},"point_estimate":9918435.742000002,"standard_error":52557.48826934267},"median":{"confidence_interval":{"confidence_level":0.95,"lower_bound":9682369.0,"upper_bound":9927156.5},"point_estimate":9867297.1,"standard_error":60410.17240671843},"median_abs_dev":{"confidence_interval":{"confidence_level":0.95,"lower_bound":343722.4196577067,"upper_bound":553285.7020372147},"point_estimate":447888.70772838563,"standard_error":52924.03671064959},"slope":null,"std_dev":{"confidence_interval":{"confidence_level":0.95,"lower_bound":422359.27129021817,"upper_bound":621856.0682652557},"point_estimate":527800.6895384747,"standard_error":51025.41638839366}}