{"mean":{"confidence_interval":{"confidence_level":0.95,"lower_bound":36017495.282,"upper_bound":36770380.328375},"point_estimate":36382615.195,"standard_error":191901.36273034415},"median":{"confidence_interval":{"confidence_level":0.95,"lower_bound":35736945.25,"upper_bound":36491087.75},"point_estimate":36104960.25,"standard_error":192243.2659177782},"median_abs_dev":{"confidence_interval":{"confidence_level":0.95,"lower_bound":1373670.759062469,"upper_bound":2009504.14352417},"point_estimate":1739162.416523695,"standard_error":157005.3546870097},"slope":null,"std_dev":{"confidence_interval":{"confidence_level":0.95,"lower_bound":1501336.1959733919,"upper_bound":2335259.055823176},"point_estimate":1927435.2572150351,"standard_error":215144.19255315122}}