{"mean":{"confidence_interval":{"confidence_level":0.95,"lower_bound":35589835.052625,"upper_bound":35958149.787375},"point_estimate":35771756.7,"standard_error":94326.20130259424},"median":{"confidence_interval":{"confidence_level":0.95,"lower_bound":35459770.0,"upper_bound":35979800.5},"point_estimate":35777113.5,"standard_error":149195.17760383134},"median_abs_dev":{"confidence_interval":{"confidence_level":0.95,"lower_bound":746083.6141868684,"upper_bound":1217249.6048144994},"point_estimate":992435.7431307435,"standard_error":119790.710775025},"slope":null,"std_dev":{"confidence_interval":{"confidence_level":0.95,"lower_bound":808882.8291408697,"upper_bound":1106821.350444386},"point_estimate":955849.2151623523,"standard_error":76405.25448825782}}