{"mean":{"confidence_interval":{"confidence_level":0.95,"lower_bound":48764384.673125006,"upper_bound":49501757.714},"point_estimate":49125632.77,"standard_error":189207.44701912085},"median":{"confidence_interval":{"confidence_level":0.95,"lower_bound":48374176.0,"upper_bound":49275339.0},"point_estimate":48637712.75,"standard_error":228862.5878875524},"median_abs_dev":{"confidence_interval":{"confidence_level":0.95,"lower_bound":1465391.4357841015,"upper_bound":2337457.4816018343},"point_estimate":2004228.3115178347,"standard_error":211859.94309525396},"slope":null,"std_dev":{"confidence_interval":{"confidence_level":0.95,"lower_bound":1590341.4563361693,"upper_bound":2235354.861296671},"point_estimate":1908028.9949608564,"standard_error":166473.27866118518}}