{"mean":{"confidence_interval":{"confidence_level":0.95,"lower_bound":3860755.192442307,"upper_bound":3885327.8087115376},"point_estimate":3870491.266153847,"standard_error":6500.2782154465485},"median":{"confidence_interval":{"confidence_level":0.95,"lower_bound":3856437.5384615385,"upper_bound":3862379.3846153845},"point_estimate":3859147.9615384615,"standard_error":1601.3178786218245},"median_abs_dev":{"confidence_interval":{"confidence_level":0.95,"lower_bound":10434.652660902182,"upper_bound":16851.003208526985},"point_estimate":13900.173076299574,"standard_error":1620.3490327237423},"slope":null,"std_dev":{"confidence_interval":{"confidence_level":0.95,"lower_bound":16802.302170258492,"upper_bound":107310.60615074365},"point_estimate":65539.08528731219,"standard_error":28142.289271466354}}