{"mean":{"confidence_interval":{"confidence_level":0.95,"lower_bound":4244778.993770833,"upper_bound":4264544.222958333},"point_estimate":4254336.770833331,"standard_error":5047.283111725295},"median":{"confidence_interval":{"confidence_level":0.95,"lower_bound":4237864.625,"upper_bound":4268533.75},"point_estimate":4251070.666666666,"standard_error":6974.034824658961},"median_abs_dev":{"confidence_interval":{"confidence_level":0.95,"lower_bound":40176.79136172075,"upper_bound":60245.116345435585},"point_estimate":51594.10843402009,"standard_error":5079.038793679451},"slope":null,"std_dev":{"confidence_interval":{"confidence_level":0.95,"lower_bound":38822.79340334101,"upper_bound":62650.9582504381},"point_estimate":50812.30822047067,"standard_error":6133.911940022232}}