{"mean":{"confidence_interval":{"confidence_level":0.95,"lower_bound":37245691.0225,"upper_bound":37466009.46725},"point_estimate":37357782.155,"standard_error":56462.12338506651},"median":{"confidence_interval":{"confidence_level":0.95,"lower_bound":37337151.0,"upper_bound":37571365.0},"point_estimate":37431877.75,"standard_error":59698.75645004791},"median_abs_dev":{"confidence_interval":{"confidence_level":0.95,"lower_bound":425969.61613252765,"upper_bound":763139.4257515669},"point_estimate":599731.3338026404,"standard_error":86229.30452456846},"slope":null,"std_dev":{"confidence_interval":{"confidence_level":0.95,"lower_bound":488224.9471973938,"upper_bound":633156.8064881486},"point_estimate":566132.6663733141,"standard_error":36954.47109460994}}