{"mean":{"confidence_interval":{"confidence_level":0.95,"lower_bound":9956491.26695,"upper_bound":10090114.422399996},"point_estimate":10022984.496000005,"standard_error":33974.81488883626},"median":{"confidence_interval":{"confidence_level":0.95,"lower_bound":9919104.7,"upper_bound":10053826.6},"point_estimate":9987495.6,"standard_error":33796.10076488206},"median_abs_dev":{"confidence_interval":{"confidence_level":0.95,"lower_bound":221251.35927200317,"upper_bound":399091.1534947154},"point_estimate":327836.9539797306,"standard_error":44665.54370802002},"slope":null,"std_dev":{"confidence_interval":{"confidence_level":0.95,"lower_bound":288649.8026803934,"upper_bound":388721.8483547691},"point_estimate":340950.42991541437,"standard_error":25500.343454934165}}