{"mean":{"confidence_interval":{"confidence_level":0.95,"lower_bound":53542839.51575,"upper_bound":54693076.8845},"point_estimate":54112689.15,"standard_error":294027.1457506925},"median":{"confidence_interval":{"confidence_level":0.95,"lower_bound":53245733.0,"upper_bound":54744053.0},"point_estimate":53846196.0,"standard_error":377426.7447247148},"median_abs_dev":{"confidence_interval":{"confidence_level":0.95,"lower_bound":2382103.7559092045,"upper_bound":3821425.8950561285},"point_estimate":3002684.5224916935,"standard_error":362638.28185905365},"slope":null,"std_dev":{"confidence_interval":{"confidence_level":0.95,"lower_bound":2551736.7889656383,"upper_bound":3359197.3015238997},"point_estimate":2969828.5596405384,"standard_error":206317.7205856435}}