{"mean":{"confidence_interval":{"confidence_level":0.95,"lower_bound":4214608.288604167,"upper_bound":4232300.2110625},"point_estimate":4223150.321666666,"standard_error":4530.3752248483925},"median":{"confidence_interval":{"confidence_level":0.95,"lower_bound":4196222.75,"upper_bound":4210371.75},"point_estimate":4203907.541666666,"standard_error":4797.661846829919},"median_abs_dev":{"confidence_interval":{"confidence_level":0.95,"lower_bound":16645.58232948161,"upper_bound":36836.18474602607},"point_estimate":25884.651165454776,"standard_error":6433.2849557086865},"slope":null,"std_dev":{"confidence_interval":{"confidence_level":0.95,"lower_bound":36872.54003529837,"upper_bound":54396.220172031964},"point_estimate":45523.70248173612,"standard_error":4527.8345687086785}}