{"mean":{"confidence_interval":{"confidence_level":0.95,"lower_bound":3800626.611160712,"upper_bound":3828252.181160714},"point_estimate":3810325.7992857154,"standard_error":8472.184234680579},"median":{"confidence_interval":{"confidence_level":0.95,"lower_bound":3799604.1071428573,"upper_bound":3802690.5714285714},"point_estimate":3801316.5714285714,"standard_error":645.7713161312461},"median_abs_dev":{"confidence_interval":{"confidence_level":0.95,"lower_bound":4802.035414746583,"upper_bound":8377.64295126691},"point_estimate":6447.085985541344,"standard_error":912.541055620183},"slope":null,"std_dev":{"confidence_interval":{"confidence_level":0.95,"lower_bound":6785.072394801633,"upper_bound":145783.49166004435},"point_estimate":85214.59049005166,"standard_error":49757.722113847536}}