{"mean":{"confidence_interval":{"confidence_level":0.95,"lower_bound":37918477.81475,"upper_bound":38541731.870375},"point_estimate":38228982.42,"standard_error":158900.58628362213},"median":{"confidence_interval":{"confidence_level":0.95,"lower_bound":37841701.5,"upper_bound":38757283.0},"point_estimate":38253754.5,"standard_error":237491.2980472145},"median_abs_dev":{"confidence_interval":{"confidence_level":0.95,"lower_bound":1131713.0379080772,"upper_bound":1850000.1079559326},"point_estimate":1438465.1963621378,"standard_error":186425.65986944182},"slope":null,"std_dev":{"confidence_interval":{"confidence_level":0.95,"lower_bound":1336307.9366502406,"upper_bound":1860700.0043315506},"point_estimate":1602151.738708092,"standard_error":134311.6422382247}}