{"mean":{"confidence_interval":{"confidence_level":0.95,"lower_bound":48197651.670875005,"upper_bound":48454758.591875},"point_estimate":48333886.795,"standard_error":65695.208301127},"median":{"confidence_interval":{"confidence_level":0.95,"lower_bound":48424268.5,"upper_bound":48493412.5},"point_estimate":48449569.0,"standard_error":18571.234208691912},"median_abs_dev":{"confidence_interval":{"confidence_level":0.95,"lower_bound":100585.51261425018,"upper_bound":196256.94761574268},"point_estimate":166800.65133869648,"standard_error":24970.61317726931},"slope":null,"std_dev":{"confidence_interval":{"confidence_level":0.95,"lower_bound":450702.730730711,"upper_bound":824004.3631938754},"point_estimate":660963.4417090588,"standard_error":95489.05770412652}}