{"mean":{"confidence_interval":{"confidence_level":0.95,"lower_bound":32267868.986875,"upper_bound":32327974.70225},"point_estimate":32298412.3,"standard_error":15398.98416139532},"median":{"confidence_interval":{"confidence_level":0.95,"lower_bound":32273485.5,"upper_bound":32356475.0},"point_estimate":32331599.5,"standard_error":24528.18328365192},"median_abs_dev":{"confidence_interval":{"confidence_level":0.95,"lower_bound":115661.33044660091,"upper_bound":183439.87084329128},"point_estimate":142294.01507377625,"standard_error":17218.5757417742},"slope":null,"std_dev":{"confidence_interval":{"confidence_level":0.95,"lower_bound":129706.08400099025,"upper_bound":178972.8626958145},"point_estimate":154850.56709098283,"standard_error":12597.651663964905}}