{"mean":{"confidence_interval":{"confidence_level":0.95,"lower_bound":4171681.3192884605,"upper_bound":4278199.138057694},"point_estimate":4223541.372307693,"standard_error":27233.88035703779},"median":{"confidence_interval":{"confidence_level":0.95,"lower_bound":4014610.153846154,"upper_bound":4295526.538461538},"point_estimate":4034356.153846154,"standard_error":66344.11281149331},"median_abs_dev":{"confidence_interval":{"confidence_level":0.95,"lower_bound":42599.88718216198,"upper_bound":368095.04599192954},"point_estimate":80487.67248644271,"standard_error":81309.47397085313},"slope":null,"std_dev":{"confidence_interval":{"confidence_level":0.95,"lower_bound":236544.84895603792,"upper_bound":318616.8979894345},"point_estimate":275514.12269924744,"standard_error":21414.298868513808}}