{"mean":{"confidence_interval":{"confidence_level":0.95,"lower_bound":8743059.70595833,"upper_bound":8746971.177333333},"point_estimate":8744956.803333336,"standard_error":996.2510908406617},"median":{"confidence_interval":{"confidence_level":0.95,"lower_bound":8741761.0,"upper_bound":8745302.666666666},"point_estimate":8744177.666666668,"standard_error":833.1473474287558},"median_abs_dev":{"confidence_interval":{"confidence_level":0.95,"lower_bound":6671.69988155365,"upper_bound":11440.85334688287},"point_estimate":9575.124830009854,"standard_error":1246.9185151677955},"slope":null,"std_dev":{"confidence_interval":{"confidence_level":0.95,"lower_bound":7823.571232565703,"upper_bound":12421.656018482285},"point_estimate":9980.284260872704,"standard_error":1205.9336871280382}}