{"mean":{"confidence_interval":{"confidence_level":0.95,"lower_bound":9341724.173083331,"upper_bound":9364348.97179167},"point_estimate":9352992.236666668,"standard_error":5789.078191233238},"median":{"confidence_interval":{"confidence_level":0.95,"lower_bound":9344497.333333334,"upper_bound":9361714.666666666},"point_estimate":9353047.583333332,"standard_error":5235.62621115222},"median_abs_dev":{"confidence_interval":{"confidence_level":0.95,"lower_bound":42242.97975003719,"upper_bound":74231.80388212112},"point_estimate":56415.02934843072,"standard_error":8172.564306097894},"slope":null,"std_dev":{"confidence_interval":{"confidence_level":0.95,"lower_bound":49809.139851933855,"upper_bound":65910.21812790599},"point_estimate":58128.03871457016,"standard_error":4081.6239392398}}