{"mean":{"confidence_interval":{"confidence_level":0.95,"lower_bound":3745787.0458214288,"upper_bound":3757340.9890178577},"point_estimate":3751379.27,"standard_error":2953.5862164986293},"median":{"confidence_interval":{"confidence_level":0.95,"lower_bound":3741517.5,"upper_bound":3747302.6428571427},"point_estimate":3745217.2142857146,"standard_error":1433.6189634403145},"median_abs_dev":{"confidence_interval":{"confidence_level":0.95,"lower_bound":9108.564738290454,"upper_bound":15510.643224630987},"point_estimate":12032.093036387943,"standard_error":1582.856146656622},"slope":null,"std_dev":{"confidence_interval":{"confidence_level":0.95,"lower_bound":20827.68474448643,"upper_bound":37679.49152030206},"point_estimate":29902.287104556748,"standard_error":4298.28612197564}}