{"mean":{"confidence_interval":{"confidence_level":0.95,"lower_bound":39477469.07875,"upper_bound":39494005.489250004},"point_estimate":39485413.21,"standard_error":4201.307455090864},"median":{"confidence_interval":{"confidence_level":0.95,"lower_bound":39470085.5,"upper_bound":39488381.25},"point_estimate":39479205.5,"standard_error":4754.41634595548},"median_abs_dev":{"confidence_interval":{"confidence_level":0.95,"lower_bound":27050.036519765854,"upper_bound":46480.62112480402},"point_estimate":35694.335666298866,"standard_error":4976.368031153941},"slope":null,"std_dev":{"confidence_interval":{"confidence_level":0.95,"lower_bound":32735.687837646183,"upper_bound":53422.592547817934},"point_estimate":42203.95832159598,"standard_error":5596.406016485595}}