{"mean":{"confidence_interval":{"confidence_level":0.95,"lower_bound":4087630.1369230766,"upper_bound":4090410.7277307673},"point_estimate":4089012.801538462,"standard_error":709.4527486665129},"median":{"confidence_interval":{"confidence_level":0.95,"lower_bound":4087525.730769231,"upper_bound":4090999.153846154},"point_estimate":4089160.192307692,"standard_error":941.8063664697432},"median_abs_dev":{"confidence_interval":{"confidence_level":0.95,"lower_bound":5236.257991652957,"upper_bound":8677.429553636925},"point_estimate":7279.508847685563,"standard_error":892.1673511634926},"slope":null,"std_dev":{"confidence_interval":{"confidence_level":0.95,"lower_bound":6048.318730407756,"upper_bound":8166.498353386434},"point_estimate":7157.631610532308,"standard_error":541.8881462918006}}