{"mean":{"confidence_interval":{"confidence_level":0.95,"lower_bound":40084921.658874996,"upper_bound":40158471.422625},"point_estimate":40120760.315,"standard_error":18766.186941543623},"median":{"confidence_interval":{"confidence_level":0.95,"lower_bound":40043903.5,"upper_bound":40106353.5},"point_estimate":40076250.0,"standard_error":15529.175775900778},"median_abs_dev":{"confidence_interval":{"confidence_level":0.95,"lower_bound":94438.65312337891,"upper_bound":169718.77873688936},"point_estimate":134655.66000938416,"standard_error":18937.717006655035},"slope":null,"std_dev":{"confidence_interval":{"confidence_level":0.95,"lower_bound":151227.59978870675,"upper_bound":219526.60132835092},"point_estimate":188232.66386360835,"standard_error":17456.958212188212}}