{"mean":{"confidence_interval":{"confidence_level":0.95,"lower_bound":4211062.1809375,"upper_bound":4227116.9848125},"point_estimate":4218832.695833333,"standard_error":4088.5434731013493},"median":{"confidence_interval":{"confidence_level":0.95,"lower_bound":4197671.416666667,"upper_bound":4216198.583333333},"point_estimate":4206277.125,"standard_error":4898.746805021767},"median_abs_dev":{"confidence_interval":{"confidence_level":0.95,"lower_bound":20715.442807228064,"upper_bound":39622.42252156231},"point_estimate":28929.849736392614,"standard_error":4635.07745135741},"slope":null,"std_dev":{"confidence_interval":{"confidence_level":0.95,"lower_bound":33358.97191187097,"upper_bound":48352.6343951697},"point_estimate":41239.10609488574,"standard_error":3850.4694604104034}}