{"mean":{"confidence_interval":{"confidence_level":0.95,"lower_bound":-0.008560567500024322,"upper_bound":-0.005209949021549949},"point_estimate":-0.006712662116121204,"standard_error":0.000855184911357079},"median":{"confidence_interval":{"confidence_level":0.95,"lower_bound":-0.006462300481961836,"upper_bound":-0.005436510172500464},"point_estimate":-0.0060056139082350635,"standard_error":0.0002670925959713152}}