{"mean":{"confidence_interval":{"confidence_level":0.95,"lower_bound":-0.00617833832815213,"upper_bound":-0.001586056011845354},"point_estimate":-0.003905816989693167,"standard_error":0.0011608235648607888},"median":{"confidence_interval":{"confidence_level":0.95,"lower_bound":-0.004598405265431257,"upper_bound":-0.003120454756669222},"point_estimate":-0.003901917504648411,"standard_error":0.0003764908697150074}}