{"mean":{"confidence_interval":{"confidence_level":0.95,"lower_bound":-0.0026833919006492347,"upper_bound":0.0044784297192661665},"point_estimate":0.0005968749732949696,"standard_error":0.0018657785767218428},"median":{"confidence_interval":{"confidence_level":0.95,"lower_bound":-0.0014739627040226688,"upper_bound":-0.0008601621818459249},"point_estimate":-0.0011222311867263857,"standard_error":0.0001515699424883944}}