{"mean":{"confidence_interval":{"confidence_level":0.95,"lower_bound":-0.010870133860612063,"upper_bound":0.005099848139293189},"point_estimate":-0.0036979001619085183,"standard_error":0.004076626839358237},"median":{"confidence_interval":{"confidence_level":0.95,"lower_bound":-0.007096105257575165,"upper_bound":-0.005320325103699961},"point_estimate":-0.006114498358305909,"standard_error":0.0004432949206287089}}