{"mean":{"confidence_interval":{"confidence_level":0.95,"lower_bound":0.0002782351454060361,"upper_bound":0.00688292066275362},"point_estimate":0.00397183264171308,"standard_error":0.0017005383489965393},"median":{"confidence_interval":{"confidence_level":0.95,"lower_bound":0.00560794007599652,"upper_bound":0.00635296763534221},"point_estimate":0.005952356476124132,"standard_error":0.00018707640205147804}}