{"mean":{"confidence_interval":{"confidence_level":0.95,"lower_bound":-0.015474090455284105,"upper_bound":-0.007844089246098796},"point_estimate":-0.011260118168499145,"standard_error":0.0019595598270998613},"median":{"confidence_interval":{"confidence_level":0.95,"lower_bound":-0.009715146774041616,"upper_bound":-0.00704268830724486},"point_estimate":-0.008171774978182,"standard_error":0.0007308819577739532}}