{"mean":{"confidence_interval":{"confidence_level":0.95,"lower_bound":-0.03242930977555912,"upper_bound":-0.009248029132859865},"point_estimate":-0.02032464573160453,"standard_error":0.005938035883224881},"median":{"confidence_interval":{"confidence_level":0.95,"lower_bound":-0.0008096874256847686,"upper_bound":0.0016356431461603815},"point_estimate":0.0008892602317145393,"standard_error":0.0006517897222098766}}