{"mean":{"confidence_interval":{"confidence_level":0.95,"lower_bound":0.002460105636402593,"upper_bound":0.011410373825662307},"point_estimate":0.006749441996832362,"standard_error":0.002293418635862446},"median":{"confidence_interval":{"confidence_level":0.95,"lower_bound":0.0035556308767084044,"upper_bound":0.00658221725801833},"point_estimate":0.004909965710875541,"standard_error":0.0008096360617407223}}