{"mean":{"confidence_interval":{"confidence_level":0.95,"lower_bound":-0.005934866144734982,"upper_bound":-0.000055551823559574836},"point_estimate":-0.00305734145012726,"standard_error":0.0014798378197621496},"median":{"confidence_interval":{"confidence_level":0.95,"lower_bound":-0.004740970781979104,"upper_bound":-0.0034602696479816286},"point_estimate":-0.004191767255401713,"standard_error":0.0003391784214819219}}