{"mean":{"confidence_interval":{"confidence_level":0.95,"lower_bound":-0.0035252410902229608,"upper_bound":-0.00017501718301249778},"point_estimate":-0.002000693434310641,"standard_error":0.0008421095589453986},"median":{"confidence_interval":{"confidence_level":0.95,"lower_bound":-0.00364053071389028,"upper_bound":-0.0019318468105097826},"point_estimate":-0.0027773422954349147,"standard_error":0.0004252854036044888}}