{"mean":{"confidence_interval":{"confidence_level":0.95,"lower_bound":-0.007389512854361044,"upper_bound":-0.00371716803985733},"point_estimate":-0.005533172306714906,"standard_error":0.0009338852944820306},"median":{"confidence_interval":{"confidence_level":0.95,"lower_bound":-0.007189543755514616,"upper_bound":-0.005826728731648023},"point_estimate":-0.0065295702012865275,"standard_error":0.00033899495915922905}}