{"mean":{"confidence_interval":{"confidence_level":0.95,"lower_bound":-0.08150767457179604,"upper_bound":-0.06614244337967914},"point_estimate":-0.07425400558625517,"standard_error":0.003942699675195313},"median":{"confidence_interval":{"confidence_level":0.95,"lower_bound":-0.10509975258964181,"upper_bound":-0.07895838419584233},"point_estimate":-0.0940994969498048,"standard_error":0.007012446528662691}}