{"mean":{"confidence_interval":{"confidence_level":0.95,"lower_bound":-0.007067766011998017,"upper_bound":-0.0007759673043813045},"point_estimate":-0.004053761638092346,"standard_error":0.0015909286986141883},"median":{"confidence_interval":{"confidence_level":0.95,"lower_bound":-0.006118917808093927,"upper_bound":-0.0037351499864491933},"point_estimate":-0.004894099356850368,"standard_error":0.0005718611709415898}}