{"mean":{"confidence_interval":{"confidence_level":0.95,"lower_bound":-0.011440581067185514,"upper_bound":-0.0038966239308353416},"point_estimate":-0.007280120721836814,"standard_error":0.0019251832952294247},"median":{"confidence_interval":{"confidence_level":0.95,"lower_bound":-0.007194811878411089,"upper_bound":-0.005238293725034593},"point_estimate":-0.006178811175103438,"standard_error":0.00048407350617023703}}