{"mean":{"confidence_interval":{"confidence_level":0.95,"lower_bound":0.004830243540443252,"upper_bound":0.00886586235096414},"point_estimate":0.006803551426360466,"standard_error":0.0010275558164798088},"median":{"confidence_interval":{"confidence_level":0.95,"lower_bound":0.005816891690945569,"upper_bound":0.007631413796592934},"point_estimate":0.006718554696294232,"standard_error":0.00044258108444416444}}