{"mean":{"confidence_interval":{"confidence_level":0.95,"lower_bound":-0.01549729317129167,"upper_bound":0.0023118328715843184},"point_estimate":-0.005770882576356051,"standard_error":0.0045594883970870815},"median":{"confidence_interval":{"confidence_level":0.95,"lower_bound":-0.004326308317229466,"upper_bound":0.006657230160774796},"point_estimate":-0.0008297091214737318,"standard_error":0.0028389291844059523}}