{"mean":{"confidence_interval":{"confidence_level":0.95,"lower_bound":-0.006239910670057419,"upper_bound":-0.0023210444719667885},"point_estimate":-0.004359944463691701,"standard_error":0.0010040037680600891},"median":{"confidence_interval":{"confidence_level":0.95,"lower_bound":-0.005439585401061486,"upper_bound":-0.003701329566985545},"point_estimate":-0.004591060945840497,"standard_error":0.00045193782172917523}}