{"mean":{"confidence_interval":{"confidence_level":0.95,"lower_bound":-0.0021852590566214247,"upper_bound":0.0019500461401342592},"point_estimate":-0.00025818878965444547,"standard_error":0.0010731106782538747},"median":{"confidence_interval":{"confidence_level":0.95,"lower_bound":-0.002341935517246152,"upper_bound":0.00015642874271981633},"point_estimate":-0.0013544391019477686,"standard_error":0.0006662336006989148}}