{"mean":{"confidence_interval":{"confidence_level":0.95,"lower_bound":-0.10960977202136431,"upper_bound":-0.10886975178812322},"point_estimate":-0.10925245880887613,"standard_error":0.00018299449247167722},"median":{"confidence_interval":{"confidence_level":0.95,"lower_bound":-0.10957407710343914,"upper_bound":-0.10878237145500258},"point_estimate":-0.10911046182224782,"standard_error":0.0001964089871086874}}