{"mean":{"confidence_interval":{"confidence_level":0.95,"lower_bound":-0.00019020319376360695,"upper_bound":0.0056761407562638585},"point_estimate":0.0024427882397719536,"standard_error":0.0015243928392810755},"median":{"confidence_interval":{"confidence_level":0.95,"lower_bound":-0.0019489262314180689,"upper_bound":0.0001332361486283684},"point_estimate":-0.0008995321049534155,"standard_error":0.0005256700356214649}}