{"mean":{"confidence_interval":{"confidence_level":0.95,"lower_bound":-0.02006146181494461,"upper_bound":-0.010680360080818652},"point_estimate":-0.015498937288145775,"standard_error":0.00245226176895305},"median":{"confidence_interval":{"confidence_level":0.95,"lower_bound":-0.03095841945505684,"upper_bound":-0.022469258523504454},"point_estimate":-0.029485128454848963,"standard_error":0.0021944948835849977}}