{"mean":{"confidence_interval":{"confidence_level":0.95,"lower_bound":-0.14695850139067257,"upper_bound":-0.1430339140473074},"point_estimate":-0.14545820927959285,"standard_error":0.001015941615012985},"median":{"confidence_interval":{"confidence_level":0.95,"lower_bound":-0.14714957776920662,"upper_bound":-0.14584643283462972},"point_estimate":-0.14666230810884695,"standard_error":0.0003726492783025428}}