{"mean":{"confidence_interval":{"confidence_level":0.95,"lower_bound":0.0010644455566288127,"upper_bound":0.008013618516494016},"point_estimate":0.004397473000352647,"standard_error":0.00177482927839031},"median":{"confidence_interval":{"confidence_level":0.95,"lower_bound":0.000936358501450874,"upper_bound":0.003071372045205356},"point_estimate":0.0018645927043927646,"standard_error":0.0005437665942412878}}