{"mean":{"confidence_interval":{"confidence_level":0.95,"lower_bound":0.10976606772059298,"upper_bound":0.1318863409485292},"point_estimate":0.12095837483434368,"standard_error":0.005643012363766637},"median":{"confidence_interval":{"confidence_level":0.95,"lower_bound":0.12019558816856546,"upper_bound":0.14090641730637898},"point_estimate":0.12953075947490844,"standard_error":0.005617339900280999}}