{"mean":{"confidence_interval":{"confidence_level":0.95,"lower_bound":-0.0060324914333407,"upper_bound":0.010680401805759916},"point_estimate":0.00014437838013070525,"standard_error":0.0044645811180733215},"median":{"confidence_interval":{"confidence_level":0.95,"lower_bound":-0.004296398056367701,"upper_bound":-0.0023757344002560982},"point_estimate":-0.00355706170274106,"standard_error":0.0004842022095190261}}