{"mean":{"confidence_interval":{"confidence_level":0.95,"lower_bound":-0.18687406079350966,"upper_bound":-0.14488442885235028},"point_estimate":-0.1637459383124512,"standard_error":0.010800234996367257},"median":{"confidence_interval":{"confidence_level":0.95,"lower_bound":-0.15632099813395106,"upper_bound":-0.13496404049957583},"point_estimate":-0.14527106873687312,"standard_error":0.005159123242354028}}