{"mean":{"confidence_interval":{"confidence_level":0.95,"lower_bound":0.00928478789323156,"upper_bound":0.015328916371531453},"point_estimate":0.012140028194399077,"standard_error":0.0015530525107949912},"median":{"confidence_interval":{"confidence_level":0.95,"lower_bound":0.010619884978759986,"upper_bound":0.013991367571604574},"point_estimate":0.012173677034020614,"standard_error":0.0008776612276436276}}