{"mean":{"confidence_interval":{"confidence_level":0.95,"lower_bound":0.05933100021908114,"upper_bound":0.0782787718433465},"point_estimate":0.06868149836042248,"standard_error":0.004820518989313862},"median":{"confidence_interval":{"confidence_level":0.95,"lower_bound":0.05325752744570322,"upper_bound":0.07790463803300723},"point_estimate":0.06054284678963495,"standard_error":0.006453271478524149}}