{"mean":{"confidence_interval":{"confidence_level":0.95,"lower_bound":-0.006031984888922728,"upper_bound":0.005488406011607333},"point_estimate":0.00005291892104120066,"standard_error":0.00292575011732917},"median":{"confidence_interval":{"confidence_level":0.95,"lower_bound":0.0029804877633869964,"upper_bound":0.008098538273064742},"point_estimate":0.006735503601459358,"standard_error":0.001334594573309371}}