{"mean":{"confidence_interval":{"confidence_level":0.95,"lower_bound":-0.004711012448577977,"upper_bound":0.005277181128619083},"point_estimate":-0.00042666380494993383,"standard_error":0.0026597009516096345},"median":{"confidence_interval":{"confidence_level":0.95,"lower_bound":-0.003541710716029156,"upper_bound":-0.0017574365954147186},"point_estimate":-0.0028043230693651777,"standard_error":0.00047433902613624546}}