{"mean":{"confidence_interval":{"confidence_level":0.95,"lower_bound":-0.043122519660235954,"upper_bound":-0.02540372201918497},"point_estimate":-0.03419025216699578,"standard_error":0.004521540930587564},"median":{"confidence_interval":{"confidence_level":0.95,"lower_bound":-0.0390273775681587,"upper_bound":-0.025001073719779554},"point_estimate":-0.03407202050433189,"standard_error":0.003880029584372817}}