{"mean":{"confidence_interval":{"confidence_level":0.95,"lower_bound":-0.007775124150822346,"upper_bound":-0.0017677306660706293},"point_estimate":-0.004592804376106541,"standard_error":0.0015301599211676512},"median":{"confidence_interval":{"confidence_level":0.95,"lower_bound":-0.004755363381289013,"upper_bound":-0.0027745298791483908},"point_estimate":-0.0037423224295308755,"standard_error":0.0004997304794164746}}