{"mean":{"confidence_interval":{"confidence_level":0.95,"lower_bound":-0.0010276679275357072,"upper_bound":0.006160541924191937},"point_estimate":0.002105379708524424,"standard_error":0.0018255962173156957},"median":{"confidence_interval":{"confidence_level":0.95,"lower_bound":-0.0018931834253060886,"upper_bound":-0.0004804492613998394},"point_estimate":-0.0012726976252950273,"standard_error":0.0003563864477167962}}