{"mean":{"confidence_interval":{"confidence_level":0.95,"lower_bound":0.05892949878883671,"upper_bound":0.06217025693353183},"point_estimate":0.06065353631652526,"standard_error":0.0008296307650130497},"median":{"confidence_interval":{"confidence_level":0.95,"lower_bound":0.06335592333062268,"upper_bound":0.06432856975888157},"point_estimate":0.06400598057317475,"standard_error":0.00025368700743688097}}