{"mean":{"confidence_interval":{"confidence_level":0.95,"lower_bound":0.012657867492167435,"upper_bound":0.022807077529393323},"point_estimate":0.018183581317945396,"standard_error":0.0026915592767551644},"median":{"confidence_interval":{"confidence_level":0.95,"lower_bound":0.0036290094868589584,"upper_bound":0.007948743272066242},"point_estimate":0.004696614853913594,"standard_error":0.0011967892807023105}}