{"mean":{"confidence_interval":{"confidence_level":0.95,"lower_bound":-0.023435313694820326,"upper_bound":-0.019758473136888458},"point_estimate":-0.02158705001054806,"standard_error":0.000949470697980363},"median":{"confidence_interval":{"confidence_level":0.95,"lower_bound":-0.022106717279774934,"upper_bound":-0.018212222367168907},"point_estimate":-0.02010165625837912,"standard_error":0.0010826066016795405}}