{"mean":{"confidence_interval":{"confidence_level":0.95,"lower_bound":-0.0463959823699828,"upper_bound":-0.036523107152707235},"point_estimate":-0.04130628068647313,"standard_error":0.0025317189408407994},"median":{"confidence_interval":{"confidence_level":0.95,"lower_bound":-0.04595105180315717,"upper_bound":-0.034203744734970454},"point_estimate":-0.0390123822729741,"standard_error":0.002983876942294495}}