{"mean":{"confidence_interval":{"confidence_level":0.95,"lower_bound":0.0008551933083968346,"upper_bound":0.006520660105128938},"point_estimate":0.0035332897101361116,"standard_error":0.0014453332484661227},"median":{"confidence_interval":{"confidence_level":0.95,"lower_bound":0.0023278465270943904,"upper_bound":0.006394141811672194},"point_estimate":0.004627105093583106,"standard_error":0.0009894259264350506}}