{"mean":{"confidence_interval":{"confidence_level":0.95,"lower_bound":-0.0750318343113638,"upper_bound":-0.06647353792492725},"point_estimate":-0.07087368658205462,"standard_error":0.002166540514725095},"median":{"confidence_interval":{"confidence_level":0.95,"lower_bound":-0.0751975813780501,"upper_bound":-0.06886959725589181},"point_estimate":-0.07163418277618516,"standard_error":0.0016120064517982835}}