{"mean":{"confidence_interval":{"confidence_level":0.95,"lower_bound":-0.0008435061015184236,"upper_bound":0.0015722727715757722},"point_estimate":0.0004391311857918634,"standard_error":0.0006157539470655014},"median":{"confidence_interval":{"confidence_level":0.95,"lower_bound":0.00008468695677410487,"upper_bound":0.0014172211795977496},"point_estimate":0.0007721364779020856,"standard_error":0.00035305143322488756}}