{"mean":{"confidence_interval":{"confidence_level":0.95,"lower_bound":0.0032646268518575273,"upper_bound":0.009599246702816347},"point_estimate":0.00650199133167173,"standard_error":0.0016044688675982154},"median":{"confidence_interval":{"confidence_level":0.95,"lower_bound":0.006783804030036189,"upper_bound":0.008438070577962087},"point_estimate":0.007728868864357086,"standard_error":0.00042351911961969725}}