{"mean":{"confidence_interval":{"confidence_level":0.95,"lower_bound":0.007063664129221692,"upper_bound":0.016009606048888722},"point_estimate":0.011326767201828902,"standard_error":0.002284374192713578},"median":{"confidence_interval":{"confidence_level":0.95,"lower_bound":0.002936989162405146,"upper_bound":0.004948567230229142},"point_estimate":0.004274121246560458,"standard_error":0.000538618890404642}}