{"mean":{"confidence_interval":{"confidence_level":0.95,"lower_bound":-0.16515150878680823,"upper_bound":-0.1626644503972687},"point_estimate":-0.163985113284136,"standard_error":0.0006225419042126083},"median":{"confidence_interval":{"confidence_level":0.95,"lower_bound":-0.16554441847406287,"upper_bound":-0.16488361023301135},"point_estimate":-0.16521203807913665,"standard_error":0.00016847832921427158}}