{"mean":{"confidence_interval":{"confidence_level":0.95,"lower_bound":0.3503073490594941,"upper_bound":0.37585274875766245},"point_estimate":0.36206232716745546,"standard_error":0.006235423653191403},"median":{"confidence_interval":{"confidence_level":0.95,"lower_bound":0.35023316708683794,"upper_bound":0.3690694619222985},"point_estimate":0.36174768310145455,"standard_error":0.0051359083007442565}}