{"mean":{"confidence_interval":{"confidence_level":0.95,"lower_bound":0.04523571362839902,"upper_bound":0.059503690621065725},"point_estimate":0.05172681003977386,"standard_error":0.003601848833997491},"median":{"confidence_interval":{"confidence_level":0.95,"lower_bound":0.048946759260794837,"upper_bound":0.0550175006001874},"point_estimate":0.0519642838677703,"standard_error":0.0018062172602516674}}