{"mean":{"confidence_interval":{"confidence_level":0.95,"lower_bound":-0.12181005212360341,"upper_bound":-0.10352341422854418},"point_estimate":-0.11253917725286722,"standard_error":0.004592308913303177},"median":{"confidence_interval":{"confidence_level":0.95,"lower_bound":-0.13421138876143113,"upper_bound":-0.10902035838709967},"point_estimate":-0.12383370476459865,"standard_error":0.006328506746958954}}