{"mean":{"confidence_interval":{"confidence_level":0.95,"lower_bound":-0.11850682805775209,"upper_bound":-0.11067441199370325},"point_estimate":-0.11469068309078656,"standard_error":0.002011354694376089},"median":{"confidence_interval":{"confidence_level":0.95,"lower_bound":-0.12427534721363043,"upper_bound":-0.11920349502462113},"point_estimate":-0.12207159831973202,"standard_error":0.0012967439979532523}}