{"mean":{"confidence_interval":{"confidence_level":0.95,"lower_bound":-0.00491949803573879,"upper_bound":0.0016999316375268178},"point_estimate":-0.0014279294151912092,"standard_error":0.0016829522146257414},"median":{"confidence_interval":{"confidence_level":0.95,"lower_bound":-0.0017083665358723632,"upper_bound":0.0003367943158951725},"point_estimate":-0.000792671323668892,"standard_error":0.0005217522797781129}}