{"mean":{"confidence_interval":{"confidence_level":0.95,"lower_bound":-0.21485328028919087,"upper_bound":-0.2012788958179602},"point_estimate":-0.20839700340299216,"standard_error":0.0034125887978836474},"median":{"confidence_interval":{"confidence_level":0.95,"lower_bound":-0.22409201151543004,"upper_bound":-0.2147133519175665},"point_estimate":-0.21887740829129354,"standard_error":0.0023427445251675586}}