{"mean":{"confidence_interval":{"confidence_level":0.95,"lower_bound":0.04558495140474107,"upper_bound":0.04844161242128019},"point_estimate":0.04683574436474891,"standard_error":0.0007308396023823637},"median":{"confidence_interval":{"confidence_level":0.95,"lower_bound":0.044936889579854755,"upper_bound":0.04706188384052834},"point_estimate":0.046050215981612075,"standard_error":0.0005169671529701486}}