{"mean":{"confidence_interval":{"confidence_level":0.95,"lower_bound":0.047661201742386444,"upper_bound":0.055152685000085154},"point_estimate":0.051358228460215205,"standard_error":0.0019091774717471628},"median":{"confidence_interval":{"confidence_level":0.95,"lower_bound":0.049522274217929096,"upper_bound":0.05553880910019493},"point_estimate":0.052204928475187096,"standard_error":0.0015332107271597726}}