{"mean":{"confidence_interval":{"confidence_level":0.95,"lower_bound":-0.002678221522541529,"upper_bound":0.002114150769546652},"point_estimate":-0.00042356733748039055,"standard_error":0.0011983705337304548},"median":{"confidence_interval":{"confidence_level":0.95,"lower_bound":-0.003956376736945155,"upper_bound":-0.0020138568651946187},"point_estimate":-0.0030877369832833512,"standard_error":0.0004904294664148214}}