{"mean":{"confidence_interval":{"confidence_level":0.95,"lower_bound":0.013124626278519846,"upper_bound":0.014717467077366209},"point_estimate":0.013911612000416351,"standard_error":0.0004042158880204802},"median":{"confidence_interval":{"confidence_level":0.95,"lower_bound":0.013624530876996888,"upper_bound":0.01513878726102491},"point_estimate":0.01438748577105664,"standard_error":0.00038997987776136597}}