{"mean":{"confidence_interval":{"confidence_level":0.95,"lower_bound":0.016724791743484874,"upper_bound":0.019082757871096867},"point_estimate":0.017967622016908713,"standard_error":0.0006007386963608793},"median":{"confidence_interval":{"confidence_level":0.95,"lower_bound":0.018146808578959863,"upper_bound":0.01951242981037149},"point_estimate":0.01880912037850302,"standard_error":0.0003567084333140886}}