{"mean":{"confidence_interval":{"confidence_level":0.95,"lower_bound":-0.0036843164316946423,"upper_bound":-0.0008361187751749773},"point_estimate":-0.0022000093311151936,"standard_error":0.0007278661373224126},"median":{"confidence_interval":{"confidence_level":0.95,"lower_bound":-0.0023923885024725055,"upper_bound":-0.0007474825805428736},"point_estimate":-0.0016432981996082896,"standard_error":0.0004184028512726942}}