{"mean":{"confidence_interval":{"confidence_level":0.95,"lower_bound":-0.0004480116525263679,"upper_bound":0.016879984278933266},"point_estimate":0.009889476913077289,"standard_error":0.004577851023899674},"median":{"confidence_interval":{"confidence_level":0.95,"lower_bound":0.009854552074753054,"upper_bound":0.01297844020224126},"point_estimate":0.011426568894573164,"standard_error":0.0007845921117722219}}