{"mean":{"confidence_interval":{"confidence_level":0.95,"lower_bound":0.15587984644784028,"upper_bound":0.1704298147156732},"point_estimate":0.16303947885013192,"standard_error":0.0037202758244371786},"median":{"confidence_interval":{"confidence_level":0.95,"lower_bound":0.14084345405985557,"upper_bound":0.17214240840343598},"point_estimate":0.1517891051306568,"standard_error":0.006519788754442624}}