{"mean":{"confidence_interval":{"confidence_level":0.95,"lower_bound":0.21308213906230256,"upper_bound":0.2176063971143011},"point_estimate":0.21541541159444288,"standard_error":0.001158038307472961},"median":{"confidence_interval":{"confidence_level":0.95,"lower_bound":0.2167477341480195,"upper_bound":0.2190058733923103},"point_estimate":0.21811530745127894,"standard_error":0.0006379497064821206}}