{"mean":{"confidence_interval":{"confidence_level":0.95,"lower_bound":0.25942364506928045,"upper_bound":0.2804360637329952},"point_estimate":0.27040715583248187,"standard_error":0.005387567336540388},"median":{"confidence_interval":{"confidence_level":0.95,"lower_bound":0.2842005449634555,"upper_bound":0.29592426546591377},"point_estimate":0.2907540080605371,"standard_error":0.0029374248839040924}}