{"mean":{"confidence_interval":{"confidence_level":0.95,"lower_bound":-0.006241404368375547,"upper_bound":-0.000748533041150268},"point_estimate":-0.0036101643429807817,"standard_error":0.0013919930347402528},"median":{"confidence_interval":{"confidence_level":0.95,"lower_bound":-0.002547557108833587,"upper_bound":0.002472789174554846},"point_estimate":0.00022109944720449803,"standard_error":0.0013586293409964334}}