{"mean":{"confidence_interval":{"confidence_level":0.95,"lower_bound":-0.013959576082890437,"upper_bound":-0.005821842877855122},"point_estimate":-0.010102987817672271,"standard_error":0.002073908437295519},"median":{"confidence_interval":{"confidence_level":0.95,"lower_bound":-0.014838148107470972,"upper_bound":-0.00980695214690952},"point_estimate":-0.011606553780371343,"standard_error":0.0012109321455095977}}