{"mean":{"confidence_interval":{"confidence_level":0.95,"lower_bound":0.007617904162925821,"upper_bound":0.011954302135984867},"point_estimate":0.009561799229700352,"standard_error":0.001109100052773353},"median":{"confidence_interval":{"confidence_level":0.95,"lower_bound":0.007715084774875924,"upper_bound":0.010083827336903495},"point_estimate":0.009079689031566529,"standard_error":0.0005886453899214907}}