{"mean":{"confidence_interval":{"confidence_level":0.95,"lower_bound":-0.0016096782398790498,"upper_bound":0.02468031907507268},"point_estimate":0.009876586570308987,"standard_error":0.006620106888020352},"median":{"confidence_interval":{"confidence_level":0.95,"lower_bound":0.0015048338885253261,"upper_bound":0.006854630955768437},"point_estimate":0.003681307194443484,"standard_error":0.0014080747145867006}}