{"mean":{"confidence_interval":{"confidence_level":0.95,"lower_bound":0.1036947944717499,"upper_bound":0.13939238088011235},"point_estimate":0.12118408782830437,"standard_error":0.008971649737815274},"median":{"confidence_interval":{"confidence_level":0.95,"lower_bound":0.10167914495496704,"upper_bound":0.12837100101881949},"point_estimate":0.11525090727794596,"standard_error":0.007044931568031084}}