{"mean":{"confidence_interval":{"confidence_level":0.95,"lower_bound":-0.1279866644699352,"upper_bound":-0.10579980328454508},"point_estimate":-0.11647588674263953,"standard_error":0.0056629834711364475},"median":{"confidence_interval":{"confidence_level":0.95,"lower_bound":-0.11585835820552477,"upper_bound":-0.09924631883043677},"point_estimate":-0.10936791284202108,"standard_error":0.0045126338091683454}}