{"mean":{"confidence_interval":{"confidence_level":0.95,"lower_bound":-0.004840724197591136,"upper_bound":0.003917974450504494},"point_estimate":-0.0003801420219217144,"standard_error":0.0022329125427686205},"median":{"confidence_interval":{"confidence_level":0.95,"lower_bound":0.0013503374065799711,"upper_bound":0.004309912899432389},"point_estimate":0.003002658990680196,"standard_error":0.0007734381671118199}}