{"mean":{"confidence_interval":{"confidence_level":0.95,"lower_bound":-0.02915668289950774,"upper_bound":-0.02021990281245357},"point_estimate":-0.024685062382892697,"standard_error":0.0022864116449603875},"median":{"confidence_interval":{"confidence_level":0.95,"lower_bound":-0.02719802548161021,"upper_bound":-0.017754204574782384},"point_estimate":-0.022499451323552355,"standard_error":0.0026189443023097556}}