{"mean":{"confidence_interval":{"confidence_level":0.95,"lower_bound":-0.033918241135281746,"upper_bound":-0.02433454908910296},"point_estimate":-0.029253245843872788,"standard_error":0.0024396632205797904},"median":{"confidence_interval":{"confidence_level":0.95,"lower_bound":-0.03549499403190648,"upper_bound":-0.026953833950739803},"point_estimate":-0.032861693917278334,"standard_error":0.0022191490124851636}}