{"mean":{"confidence_interval":{"confidence_level":0.95,"lower_bound":-0.0014381314595984598,"upper_bound":0.008170903760096812},"point_estimate":0.0029821812456776176,"standard_error":0.002450812870210572},"median":{"confidence_interval":{"confidence_level":0.95,"lower_bound":-0.004530914756722182,"upper_bound":0.00829707614905173},"point_estimate":0.0001429954495417718,"standard_error":0.0029481955621913827}}