{"mean":{"confidence_interval":{"confidence_level":0.95,"lower_bound":0.04389625025252049,"upper_bound":0.05519938101868012},"point_estimate":0.04952363536977722,"standard_error":0.0028850027294472723},"median":{"confidence_interval":{"confidence_level":0.95,"lower_bound":0.038050363695396605,"upper_bound":0.05176205550084023},"point_estimate":0.04457993049375086,"standard_error":0.003845264451322276}}