{"mean":{"confidence_interval":{"confidence_level":0.95,"lower_bound":-0.007937722969201578,"upper_bound":0.0006295380689004086},"point_estimate":-0.0036312362364701034,"standard_error":0.002179907258659062},"median":{"confidence_interval":{"confidence_level":0.95,"lower_bound":-0.003639058416706198,"upper_bound":0.00037289239437634944},"point_estimate":-0.0014332266761855061,"standard_error":0.0011384330600901788}}