{"mean":{"confidence_interval":{"confidence_level":0.95,"lower_bound":0.03301229431545982,"upper_bound":0.04307908448535902},"point_estimate":0.03795166280425999,"standard_error":0.002564143136819427},"median":{"confidence_interval":{"confidence_level":0.95,"lower_bound":0.03471669865042082,"upper_bound":0.04379346852587651},"point_estimate":0.03958244924659171,"standard_error":0.00244832097584153}}