{"mean":{"confidence_interval":{"confidence_level":0.95,"lower_bound":-0.06313947832434579,"upper_bound":-0.055133058084030795},"point_estimate":-0.05911514127413908,"standard_error":0.002054259795749451},"median":{"confidence_interval":{"confidence_level":0.95,"lower_bound":-0.0689728668629086,"upper_bound":-0.05908674373165895},"point_estimate":-0.06341737951027882,"standard_error":0.002446551385295304}}