{"mean":{"confidence_interval":{"confidence_level":0.95,"lower_bound":0.03023421626267,"upper_bound":0.04300565310665932},"point_estimate":0.036809225188428885,"standard_error":0.0032686275113389487},"median":{"confidence_interval":{"confidence_level":0.95,"lower_bound":0.029189145175117837,"upper_bound":0.043388654241349744},"point_estimate":0.035746907144798445,"standard_error":0.003795787943787205}}