{"mean":{"confidence_interval":{"confidence_level":0.95,"lower_bound":-0.08933832154089759,"upper_bound":-0.0700666520482672},"point_estimate":-0.07988633582639237,"standard_error":0.004968511899408936},"median":{"confidence_interval":{"confidence_level":0.95,"lower_bound":-0.0905307283592729,"upper_bound":-0.07294747921301525},"point_estimate":-0.08096984674356777,"standard_error":0.004288121807349149}}