{"mean":{"confidence_interval":{"confidence_level":0.95,"lower_bound":-0.030265794961447507,"upper_bound":-0.0177856061449382},"point_estimate":-0.02363551191779656,"standard_error":0.0032479808289991355},"median":{"confidence_interval":{"confidence_level":0.95,"lower_bound":-0.03880204355171668,"upper_bound":-0.010325338015500951},"point_estimate":-0.01737132343649217,"standard_error":0.007636095177559411}}