{"mean":{"confidence_interval":{"confidence_level":0.95,"lower_bound":-0.00426131868741035,"upper_bound":0.004552263823767392},"point_estimate":0.00028486723125387137,"standard_error":0.00222994101316383},"median":{"confidence_interval":{"confidence_level":0.95,"lower_bound":-0.006073793174594666,"upper_bound":0.004675537652571116},"point_estimate":-0.0019687087022377536,"standard_error":0.0023759115704213027}}