{"mean":{"confidence_interval":{"confidence_level":0.95,"lower_bound":-0.021185777157369082,"upper_bound":-0.00905410101604888},"point_estimate":-0.014783180162598941,"standard_error":0.0030968518960464643},"median":{"confidence_interval":{"confidence_level":0.95,"lower_bound":-0.012190559788668856,"upper_bound":-0.00655303142575514},"point_estimate":-0.008823688566353183,"standard_error":0.0014558487538420305}}