{"mean":{"confidence_interval":{"confidence_level":0.95,"lower_bound":-0.026051961107111096,"upper_bound":-0.014496576005974178},"point_estimate":-0.01999313567503269,"standard_error":0.002931177182067952},"median":{"confidence_interval":{"confidence_level":0.95,"lower_bound":-0.023041949551650176,"upper_bound":-0.01909284004416456},"point_estimate":-0.02107800428387485,"standard_error":0.0010207379540508096}}