{"mean":{"confidence_interval":{"confidence_level":0.95,"lower_bound":-0.0014515219522769915,"upper_bound":0.0068034933667173985},"point_estimate":0.0025489826182059083,"standard_error":0.002084020039427231},"median":{"confidence_interval":{"confidence_level":0.95,"lower_bound":-0.0021496847183583023,"upper_bound":0.0027057186093981667},"point_estimate":0.00018315339442476208,"standard_error":0.0012252915071874562}}