{"mean":{"confidence_interval":{"confidence_level":0.95,"lower_bound":-0.0033419927684420034,"upper_bound":0.005943257439158904},"point_estimate":0.0012424499414469548,"standard_error":0.002371984045549402},"median":{"confidence_interval":{"confidence_level":0.95,"lower_bound":-0.0033463781046616514,"upper_bound":0.0031986566551756024},"point_estimate":-0.0007923523739458149,"standard_error":0.0017183689223734843}}