{"mean":{"confidence_interval":{"confidence_level":0.95,"lower_bound":0.02883097608140961,"upper_bound":0.03981085898656367},"point_estimate":0.03448885184237427,"standard_error":0.0027964117919495363},"median":{"confidence_interval":{"confidence_level":0.95,"lower_bound":0.029269514131909924,"upper_bound":0.03926428061740091},"point_estimate":0.035527275019949345,"standard_error":0.0024327870685609044}}