{"mean":{"confidence_interval":{"confidence_level":0.95,"lower_bound":-0.006205781856336986,"upper_bound":0.001561377923057615},"point_estimate":-0.00228272205993163,"standard_error":0.001975989687115867},"median":{"confidence_interval":{"confidence_level":0.95,"lower_bound":-0.0024337316070198733,"upper_bound":0.0014300721726849819},"point_estimate":-0.000501360977678833,"standard_error":0.0010159436288858996}}