{"mean":{"confidence_interval":{"confidence_level":0.95,"lower_bound":0.04067854297665267,"upper_bound":0.05195367279027885},"point_estimate":0.04648003048786098,"standard_error":0.00287594195717908},"median":{"confidence_interval":{"confidence_level":0.95,"lower_bound":0.035458808805250715,"upper_bound":0.04517857945489645},"point_estimate":0.04085621171519227,"standard_error":0.0025195925155751695}}