{"mean":{"confidence_interval":{"confidence_level":0.95,"lower_bound":0.023924161172616438,"upper_bound":0.033434889295601025},"point_estimate":0.028490766187019734,"standard_error":0.0024417867333769816},"median":{"confidence_interval":{"confidence_level":0.95,"lower_bound":0.024494356295657983,"upper_bound":0.031557651311374356},"point_estimate":0.02760540417028645,"standard_error":0.0018275567557108588}}