{"mean":{"confidence_interval":{"confidence_level":0.95,"lower_bound":-0.004603183090666915,"upper_bound":0.004651062012826916},"point_estimate":-0.00008715431526928885,"standard_error":0.0023640638945910905},"median":{"confidence_interval":{"confidence_level":0.95,"lower_bound":-0.008903978138063165,"upper_bound":0.0009403379455381611},"point_estimate":-0.004122368304420587,"standard_error":0.0023297071163243567}}