{"mean":{"confidence_interval":{"confidence_level":0.95,"lower_bound":0.0773322706033818,"upper_bound":0.08625276625354834},"point_estimate":0.08208908651739044,"standard_error":0.0022885425731975686},"median":{"confidence_interval":{"confidence_level":0.95,"lower_bound":0.07678087331043067,"upper_bound":0.08255581170749204},"point_estimate":0.07887873982091786,"standard_error":0.0014598828926443708}}