{"mean":{"confidence_interval":{"confidence_level":0.95,"lower_bound":-0.006108607291083148,"upper_bound":0.009034056314604222},"point_estimate":0.0021072154831376366,"standard_error":0.003848330593304436},"median":{"confidence_interval":{"confidence_level":0.95,"lower_bound":-0.007989435098086852,"upper_bound":0.0012412481740839976},"point_estimate":-0.002643192248219184,"standard_error":0.002251407023387732}}