{"mean":{"confidence_interval":{"confidence_level":0.95,"lower_bound":-0.052587581299422335,"upper_bound":-0.04313148033563087},"point_estimate":-0.04760173622084185,"standard_error":0.002417189141737356},"median":{"confidence_interval":{"confidence_level":0.95,"lower_bound":-0.046606815419293464,"upper_bound":-0.04372798940777989},"point_estimate":-0.04519692623175631,"standard_error":0.0007429951146964751}}