{"mean":{"confidence_interval":{"confidence_level":0.95,"lower_bound":-0.018411351951850587,"upper_bound":-0.008468197561294438},"point_estimate":-0.013557462481169402,"standard_error":0.002530835590011642},"median":{"confidence_interval":{"confidence_level":0.95,"lower_bound":-0.026146137745660658,"upper_bound":-0.014104667377358937},"point_estimate":-0.0222029512606583,"standard_error":0.0030450129393847667}}