{"mean":{"confidence_interval":{"confidence_level":0.95,"lower_bound":0.1524038895791582,"upper_bound":0.18156239123333284},"point_estimate":0.1670213285623241,"standard_error":0.007466074576011431},"median":{"confidence_interval":{"confidence_level":0.95,"lower_bound":0.15757081000264694,"upper_bound":0.1962909518754703},"point_estimate":0.17447583440945635,"standard_error":0.008566764575591858}}