{"mean":{"confidence_interval":{"confidence_level":0.95,"lower_bound":-0.0020022809147050365,"upper_bound":0.0074486133471021315},"point_estimate":0.0024204321153724617,"standard_error":0.002413895213853186},"median":{"confidence_interval":{"confidence_level":0.95,"lower_bound":-0.0009759750469640061,"upper_bound":0.0052261913320215125},"point_estimate":0.0014069786475785495,"standard_error":0.0015370862910591197}}