{"mean":{"confidence_interval":{"confidence_level":0.95,"lower_bound":-0.0028053199474277536,"upper_bound":0.006368589624313146},"point_estimate":0.0017619427812836097,"standard_error":0.002336263919897041},"median":{"confidence_interval":{"confidence_level":0.95,"lower_bound":-0.0012656378272816182,"upper_bound":0.00509697376578},"point_estimate":0.0016825023982383058,"standard_error":0.0016514388241617255}}