{"mean":{"confidence_interval":{"confidence_level":0.95,"lower_bound":-0.0028699886425497707,"upper_bound":0.008431649137607628},"point_estimate":0.0027020480708612737,"standard_error":0.002857564017213189},"median":{"confidence_interval":{"confidence_level":0.95,"lower_bound":-0.005288745873367922,"upper_bound":0.004394945007266893},"point_estimate":0.0007688898397291144,"standard_error":0.0022714791890828673}}