{"mean":{"confidence_interval":{"confidence_level":0.95,"lower_bound":-0.04401190261781935,"upper_bound":-0.030136696966418183},"point_estimate":-0.03783923507940046,"standard_error":0.0034937383511629816},"median":{"confidence_interval":{"confidence_level":0.95,"lower_bound":-0.04192793462057365,"upper_bound":-0.0366085871070323},"point_estimate":-0.03902043468984073,"standard_error":0.0013852962856809395}}