{"mean":{"confidence_interval":{"confidence_level":0.95,"lower_bound":-0.002911589151356278,"upper_bound":0.004697471316284817},"point_estimate":0.0008933126554286908,"standard_error":0.0019632680803639774},"median":{"confidence_interval":{"confidence_level":0.95,"lower_bound":-0.00489116641478915,"upper_bound":0.0004401106936442467},"point_estimate":-0.0018642906076362653,"standard_error":0.0013353858220087353}}