{"mean":{"confidence_interval":{"confidence_level":0.95,"lower_bound":-0.2786164688966234,"upper_bound":-0.2661734719761077},"point_estimate":-0.2723056604967249,"standard_error":0.003182241673400504},"median":{"confidence_interval":{"confidence_level":0.95,"lower_bound":-0.27624113787065496,"upper_bound":-0.26119723250770777},"point_estimate":-0.2685986688174342,"standard_error":0.003894524205957891}}