{"mean":{"confidence_interval":{"confidence_level":0.95,"lower_bound":-0.08715982681091249,"upper_bound":-0.07921467189660314},"point_estimate":-0.08317485682926229,"standard_error":0.0020053690625113064},"median":{"confidence_interval":{"confidence_level":0.95,"lower_bound":-0.0845614061466946,"upper_bound":-0.08085236574903476},"point_estimate":-0.08280933629794285,"standard_error":0.0009577348287349908}}