{"mean":{"confidence_interval":{"confidence_level":0.95,"lower_bound":-0.013709007817221217,"upper_bound":-0.002892484141207636},"point_estimate":-0.008247910780192602,"standard_error":0.0027550897416824555},"median":{"confidence_interval":{"confidence_level":0.95,"lower_bound":-0.01320620920823623,"upper_bound":-0.0071826551361827045},"point_estimate":-0.01047679853468364,"standard_error":0.0015369594803482016}}