{"mean":{"confidence_interval":{"confidence_level":0.95,"lower_bound":0.12237432831920704,"upper_bound":0.149461497009153},"point_estimate":0.1350922201531386,"standard_error":0.007144957358487728},"median":{"confidence_interval":{"confidence_level":0.95,"lower_bound":0.10795045534980097,"upper_bound":0.11979043479382567},"point_estimate":0.11240057913941737,"standard_error":0.0032450230286382433}}