{"mean":{"confidence_interval":{"confidence_level":0.95,"lower_bound":-0.008280590136070609,"upper_bound":0.0037336870913825568},"point_estimate":-0.002578376891244516,"standard_error":0.0030410450230218887},"median":{"confidence_interval":{"confidence_level":0.95,"lower_bound":-0.00516153585834167,"upper_bound":0.004468616183071372},"point_estimate":-0.0010393792817136038,"standard_error":0.002505053847264176}}