{"mean":{"confidence_interval":{"confidence_level":0.95,"lower_bound":-0.04716226869981002,"upper_bound":-0.03709901793357638},"point_estimate":-0.04213183949667543,"standard_error":0.0025689230581770733},"median":{"confidence_interval":{"confidence_level":0.95,"lower_bound":-0.04583639040089904,"upper_bound":-0.04183672727084198},"point_estimate":-0.043431044476545444,"standard_error":0.000993420374007019}}