{"mean":{"confidence_interval":{"confidence_level":0.95,"lower_bound":-0.08028811747362367,"upper_bound":-0.07232788111986956},"point_estimate":-0.07646536397702774,"standard_error":0.0020171730290572086},"median":{"confidence_interval":{"confidence_level":0.95,"lower_bound":-0.08136227233307547,"upper_bound":-0.07618332749618445},"point_estimate":-0.07849406400272985,"standard_error":0.001234292805738}}