{"mean":{"confidence_interval":{"confidence_level":0.95,"lower_bound":-0.016099014903390985,"upper_bound":-0.0010810095555220697},"point_estimate":-0.008052495890954914,"standard_error":0.0038148791975886162},"median":{"confidence_interval":{"confidence_level":0.95,"lower_bound":-0.009360143965810419,"upper_bound":-0.00041815569145603823},"point_estimate":-0.0072485925124525785,"standard_error":0.0021363970359043823}}