{"mean":{"confidence_interval":{"confidence_level":0.95,"lower_bound":-0.008884494390626912,"upper_bound":-0.0016901595574936312},"point_estimate":-0.005416681616108532,"standard_error":0.0018329773381456568},"median":{"confidence_interval":{"confidence_level":0.95,"lower_bound":-0.004703236271668354,"upper_bound":-0.0019663490783113913},"point_estimate":-0.003325815849744118,"standard_error":0.0006734263491971203}}