{"mean":{"confidence_interval":{"confidence_level":0.95,"lower_bound":-0.0037311990330022456,"upper_bound":0.005806218176807581},"point_estimate":0.001060235978202373,"standard_error":0.0024420676701119325},"median":{"confidence_interval":{"confidence_level":0.95,"lower_bound":-0.0008423556830511325,"upper_bound":0.007954282262886414},"point_estimate":0.003955810729700637,"standard_error":0.002320699656962614}}