{"mean":{"confidence_interval":{"confidence_level":0.95,"lower_bound":-0.03354265554811536,"upper_bound":-0.025468974778694933},"point_estimate":-0.02955543068105626,"standard_error":0.0020582219956026713},"median":{"confidence_interval":{"confidence_level":0.95,"lower_bound":-0.03209423270553242,"upper_bound":-0.026555302845350723},"point_estimate":-0.028645953649342526,"standard_error":0.001584187375581541}}