{"mean":{"confidence_interval":{"confidence_level":0.95,"lower_bound":-0.00040456400433845814,"upper_bound":0.005530605472556343},"point_estimate":0.0024047508560320896,"standard_error":0.001524789785494501},"median":{"confidence_interval":{"confidence_level":0.95,"lower_bound":-0.0007248278723478441,"upper_bound":0.003563017188637676},"point_estimate":0.0011468255338416,"standard_error":0.00117827341278633}}