{"mean":{"confidence_interval":{"confidence_level":0.95,"lower_bound":0.004208029811451997,"upper_bound":0.013617873097109769},"point_estimate":0.00894175874684855,"standard_error":0.002382845714314779},"median":{"confidence_interval":{"confidence_level":0.95,"lower_bound":0.004904135333175574,"upper_bound":0.011298574735041811},"point_estimate":0.006927130115932378,"standard_error":0.0016620661998338687}}