{"mean":{"confidence_interval":{"confidence_level":0.95,"lower_bound":-0.009653802390186266,"upper_bound":0.0030059716840366317},"point_estimate":-0.002797340759903899,"standard_error":0.0032306027915724976},"median":{"confidence_interval":{"confidence_level":0.95,"lower_bound":-0.00188896931569302,"upper_bound":0.0006939762681681394},"point_estimate":-0.00038462159874763646,"standard_error":0.0006954465579522656}}