{"mean":{"confidence_interval":{"confidence_level":0.95,"lower_bound":0.08988897574181322,"upper_bound":0.11989808632017256},"point_estimate":0.10273185529080875,"standard_error":0.00769599218762827},"median":{"confidence_interval":{"confidence_level":0.95,"lower_bound":0.08374116890546257,"upper_bound":0.10157168879948442},"point_estimate":0.09384760077983345,"standard_error":0.005083428767015804}}