{"mean":{"confidence_interval":{"confidence_level":0.95,"lower_bound":0.001097277684560423,"upper_bound":0.009394875604631198},"point_estimate":0.005404612813678433,"standard_error":0.002125353902466524},"median":{"confidence_interval":{"confidence_level":0.95,"lower_bound":-0.000342184351311281,"upper_bound":0.005671143731630801},"point_estimate":0.003177654197773272,"standard_error":0.0018804726121236061}}