{"mean":{"confidence_interval":{"confidence_level":0.95,"lower_bound":0.053372435903855646,"upper_bound":0.054815265012873385},"point_estimate":0.05413212872272055,"standard_error":0.0003517947977799562},"median":{"confidence_interval":{"confidence_level":0.95,"lower_bound":0.0539819492956202,"upper_bound":0.05595816973681855},"point_estimate":0.055309342971737285,"standard_error":0.0005895727802060495}}