{"mean":{"confidence_interval":{"confidence_level":0.95,"lower_bound":67889260.18024999,"upper_bound":68241441.882},"point_estimate":68062869.31,"standard_error":89989.49920337522},"median":{"confidence_interval":{"confidence_level":0.95,"lower_bound":67798208.0,"upper_bound":68219258.5},"point_estimate":68037468.0,"standard_error":105765.62802179296},"median_abs_dev":{"confidence_interval":{"confidence_level":0.95,"lower_bound":649191.1469120533,"upper_bound":1046751.163816452},"point_estimate":907244.4366931915,"standard_error":103822.11477944697},"slope":null,"std_dev":{"confidence_interval":{"confidence_level":0.95,"lower_bound":747214.9021287806,"upper_bound":1057457.7290852591},"point_estimate":904294.9632340313,"standard_error":79715.19143310079}}