{"mean":{"confidence_interval":{"confidence_level":0.95,"lower_bound":67408215.03575,"upper_bound":67800589.89425},"point_estimate":67595444.6,"standard_error":100157.3651500513},"median":{"confidence_interval":{"confidence_level":0.95,"lower_bound":67299205.0,"upper_bound":67656799.5},"point_estimate":67515225.0,"standard_error":91676.83891087843},"median_abs_dev":{"confidence_interval":{"confidence_level":0.95,"lower_bound":501511.68009638786,"upper_bound":901714.3387913704},"point_estimate":673181.9310486317,"standard_error":105391.76835947385},"slope":null,"std_dev":{"confidence_interval":{"confidence_level":0.95,"lower_bound":741001.1893006127,"upper_bound":1266006.1366072737},"point_estimate":1004509.0771167673,"standard_error":135142.95367455168}}