{"mean":{"confidence_interval":{"confidence_level":0.95,"lower_bound":66484032.5625,"upper_bound":66745639.036},"point_estimate":66611019.28,"standard_error":66968.97545675807},"median":{"confidence_interval":{"confidence_level":0.95,"lower_bound":66338509.0,"upper_bound":66618607.5},"point_estimate":66473987.0,"standard_error":71641.92588689072},"median_abs_dev":{"confidence_interval":{"confidence_level":0.95,"lower_bound":425621.83524370193,"upper_bound":697579.5962154865},"point_estimate":534373.5085129738,"standard_error":68985.40146202112},"slope":null,"std_dev":{"confidence_interval":{"confidence_level":0.95,"lower_bound":544216.4081849795,"upper_bound":785082.9563431541},"point_estimate":671236.8543884,"standard_error":61686.92844577319}}