{"mean":{"confidence_interval":{"confidence_level":0.95,"lower_bound":63492125.49875,"upper_bound":63791785.05375},"point_estimate":63635723.46,"standard_error":76106.557207811},"median":{"confidence_interval":{"confidence_level":0.95,"lower_bound":63599440.0,"upper_bound":63804676.5},"point_estimate":63728705.5,"standard_error":55535.26698256835},"median_abs_dev":{"confidence_interval":{"confidence_level":0.95,"lower_bound":283919.37755942345,"upper_bound":624632.7123105526},"point_estimate":359368.89021992683,"standard_error":91091.4578509858},"slope":null,"std_dev":{"confidence_interval":{"confidence_level":0.95,"lower_bound":521977.5970929454,"upper_bound":1048327.5854895468},"point_estimate":764847.8103955169,"standard_error":145450.30576220702}}