{"mean":{"confidence_interval":{"confidence_level":0.95,"lower_bound":65981234.744,"upper_bound":66153860.24},"point_estimate":66066285.88,"standard_error":44080.12695844269},"median":{"confidence_interval":{"confidence_level":0.95,"lower_bound":65987221.0,"upper_bound":66215173.0},"point_estimate":66048600.5,"standard_error":46421.9820770657},"median_abs_dev":{"confidence_interval":{"confidence_level":0.95,"lower_bound":354716.4915025234,"upper_bound":576663.1901621819},"point_estimate":496178.02669107914,"standard_error":54265.68548708423},"slope":null,"std_dev":{"confidence_interval":{"confidence_level":0.95,"lower_bound":375453.0841072028,"upper_bound":513791.7122923797},"point_estimate":444735.4197808197,"standard_error":35383.41290457777}}