{"mean":{"confidence_interval":{"confidence_level":0.95,"lower_bound":0.028032929494929124,"upper_bound":0.050649466556852006},"point_estimate":0.03917445707836453,"standard_error":0.0057907295772785085},"median":{"confidence_interval":{"confidence_level":0.95,"lower_bound":0.016948921031158193,"upper_bound":0.03532792980693517},"point_estimate":0.029518569680841322,"standard_error":0.003955015911321246}}