{"mean":{"confidence_interval":{"confidence_level":0.95,"lower_bound":-0.0011853419262113363,"upper_bound":0.011873894327645792},"point_estimate":0.005980912538506189,"standard_error":0.003331200706311857},"median":{"confidence_interval":{"confidence_level":0.95,"lower_bound":0.007094381267584771,"upper_bound":0.013152265978691124},"point_estimate":0.010241456744129573,"standard_error":0.0015435253488919078}}