{"mean":{"confidence_interval":{"confidence_level":0.95,"lower_bound":-0.02253197198848908,"upper_bound":-0.01598860921544757},"point_estimate":-0.01934547145800003,"standard_error":0.00167009224808134},"median":{"confidence_interval":{"confidence_level":0.95,"lower_bound":-0.02088283616465636,"upper_bound":-0.014909454192504668},"point_estimate":-0.017162724605179758,"standard_error":0.0015177784593512482}}