{"mean":{"confidence_interval":{"confidence_level":0.95,"lower_bound":0.00376365031936321,"upper_bound":0.01424151985594727},"point_estimate":0.00900191463709632,"standard_error":0.002667069348879743},"median":{"confidence_interval":{"confidence_level":0.95,"lower_bound":0.004559521685680856,"upper_bound":0.0171119954976187},"point_estimate":0.010301275016501688,"standard_error":0.0031732683564457713}}