{"mean":{"confidence_interval":{"confidence_level":0.95,"lower_bound":0.017751666925506605,"upper_bound":0.02994322386199006},"point_estimate":0.023873270347816833,"standard_error":0.0031082903823648816},"median":{"confidence_interval":{"confidence_level":0.95,"lower_bound":0.002723456740138408,"upper_bound":0.023243308666473617},"point_estimate":0.012287166216493173,"standard_error":0.005956663276981077}}