{"mean":{"confidence_interval":{"confidence_level":0.95,"lower_bound":-0.0367411036541726,"upper_bound":-0.028025496973207092},"point_estimate":-0.032352747726079545,"standard_error":0.00222002284648802},"median":{"confidence_interval":{"confidence_level":0.95,"lower_bound":-0.03615552651586884,"upper_bound":-0.025817048148075734},"point_estimate":-0.03187080690491173,"standard_error":0.002580451232520105}}