{"mean":{"confidence_interval":{"confidence_level":0.95,"lower_bound":-0.01899390182680096,"upper_bound":-0.011113023065579623},"point_estimate":-0.015096854955363281,"standard_error":0.0020115637644015703},"median":{"confidence_interval":{"confidence_level":0.95,"lower_bound":-0.018278254846741726,"upper_bound":-0.008679633976812007},"point_estimate":-0.014265262950277524,"standard_error":0.002468009454383819}}