{"mean":{"confidence_interval":{"confidence_level":0.95,"lower_bound":-0.07542566411125996,"upper_bound":-0.058137215984480344},"point_estimate":-0.06620641009048234,"standard_error":0.004429959189912542},"median":{"confidence_interval":{"confidence_level":0.95,"lower_bound":-0.07236670330641645,"upper_bound":-0.0512690402046323},"point_estimate":-0.06521600800310678,"standard_error":0.005412395477152846}}