{"mean":{"confidence_interval":{"confidence_level":0.95,"lower_bound":-0.015475737240603074,"upper_bound":-0.0031156563121655417},"point_estimate":-0.00930788833289975,"standard_error":0.0032248324769338504},"median":{"confidence_interval":{"confidence_level":0.95,"lower_bound":-0.007084243785090982,"upper_bound":0.0001754975602424568},"point_estimate":-0.0027735235019958893,"standard_error":0.00203317867392649}}