{"mean":{"confidence_interval":{"confidence_level":0.95,"lower_bound":-0.0158646873432404,"upper_bound":-0.006361927263490275},"point_estimate":-0.011213124595068846,"standard_error":0.0024207086685533734},"median":{"confidence_interval":{"confidence_level":0.95,"lower_bound":-0.020948774733525743,"upper_bound":-0.0110792461451934},"point_estimate":-0.0154438507640563,"standard_error":0.0027393807770629895}}