{"mean":{"confidence_interval":{"confidence_level":0.95,"lower_bound":6565736.4324375,"upper_bound":6583236.01878125},"point_estimate":6572968.39125,"standard_error":4570.272721481264},"median":{"confidence_interval":{"confidence_level":0.95,"lower_bound":6559674.0,"upper_bound":6565220.625},"point_estimate":6562787.1875,"standard_error":1580.7129637975527},"median_abs_dev":{"confidence_interval":{"confidence_level":0.95,"lower_bound":6806.609529471026,"upper_bound":12711.636115573345},"point_estimate":8926.0858040303,"standard_error":1615.9099620998484},"slope":null,"std_dev":{"confidence_interval":{"confidence_level":0.95,"lower_bound":14219.132675795132,"upper_bound":73093.81086899365},"point_estimate":45834.61604831323,"standard_error":17074.64315842666}}