{"mean":{"confidence_interval":{"confidence_level":0.95,"lower_bound":6646862.7529375,"upper_bound":6735953.35940625},"point_estimate":6687798.95,"standard_error":22795.366623248035},"median":{"confidence_interval":{"confidence_level":0.95,"lower_bound":6565516.875,"upper_bound":6583830.5625},"point_estimate":6570503.75,"standard_error":7496.303139257215},"median_abs_dev":{"confidence_interval":{"confidence_level":0.95,"lower_bound":12274.537844583392,"upper_bound":43706.398586556315},"point_estimate":21933.584010601044,"standard_error":11456.840683117376},"slope":null,"std_dev":{"confidence_interval":{"confidence_level":0.95,"lower_bound":141650.70467750987,"upper_bound":316468.23293036426},"point_estimate":229073.6677622077,"standard_error":46277.35903684427}}