{"mean":{"confidence_interval":{"confidence_level":0.95,"lower_bound":6571921.1036249995,"upper_bound":6601876.21346875},"point_estimate":6585195.49625,"standard_error":7682.2709284459015},"median":{"confidence_interval":{"confidence_level":0.95,"lower_bound":6562877.75,"upper_bound":6566606.8125},"point_estimate":6564099.375,"standard_error":961.2948009303229},"median_abs_dev":{"confidence_interval":{"confidence_level":0.95,"lower_bound":7387.425018846989,"upper_bound":12557.065802067518},"point_estimate":9616.606741771102,"standard_error":1299.483167413894},"slope":null,"std_dev":{"confidence_interval":{"confidence_level":0.95,"lower_bound":36957.1652339648,"upper_bound":111617.16901202923},"point_estimate":77195.03521221373,"standard_error":19430.045635371654}}