{"mean":{"confidence_interval":{"confidence_level":0.95,"lower_bound":6565380.95803125,"upper_bound":6586272.91628125},"point_estimate":6574694.82,"standard_error":5366.944009002439},"median":{"confidence_interval":{"confidence_level":0.95,"lower_bound":6555987.75,"upper_bound":6559016.5625},"point_estimate":6557374.8125,"standard_error":849.2195829433014},"median_abs_dev":{"confidence_interval":{"confidence_level":0.95,"lower_bound":3770.993033051491,"upper_bound":8123.535905778408},"point_estimate":5232.373294606805,"standard_error":1191.8860189819427},"slope":null,"std_dev":{"confidence_interval":{"confidence_level":0.95,"lower_bound":28458.985433238526,"upper_bound":78122.51799900699},"point_estimate":53947.65724160541,"standard_error":13325.054516222355}}