{"mean":{"confidence_interval":{"confidence_level":0.95,"lower_bound":6577962.51909375,"upper_bound":6641399.01565625},"point_estimate":6605955.71375,"standard_error":16410.321868775383},"median":{"confidence_interval":{"confidence_level":0.95,"lower_bound":6556059.5,"upper_bound":6559028.5625},"point_estimate":6557470.4375,"standard_error":768.5318492364099},"median_abs_dev":{"confidence_interval":{"confidence_level":0.95,"lower_bound":5093.101559579372,"upper_bound":9614.012191817164},"point_estimate":6823.110403865576,"standard_error":1072.4593418167235},"slope":null,"std_dev":{"confidence_interval":{"confidence_level":0.95,"lower_bound":71053.58703493737,"upper_bound":247114.8917424011},"point_estimate":165040.81494973926,"standard_error":46796.926856595164}}