{"mean":{"confidence_interval":{"confidence_level":0.95,"lower_bound":1839279.1406055372,"upper_bound":1846753.3489088921},"point_estimate":1842465.9831146023,"standard_error":1936.6118191305748},"median":{"confidence_interval":{"confidence_level":0.95,"lower_bound":1837438.7454333464,"upper_bound":1838475.4962589461},"point_estimate":1838044.6634920635,"standard_error":248.7786546545421},"median_abs_dev":{"confidence_interval":{"confidence_level":0.95,"lower_bound":2034.1062084992207,"upper_bound":3973.064473323465},"point_estimate":2835.373844995463,"standard_error":516.0308579122907},"slope":{"confidence_interval":{"confidence_level":0.95,"lower_bound":1838846.8610622324,"upper_bound":1841827.9298304815},"point_estimate":1840201.529809369,"standard_error":760.9815650809104},"std_dev":{"confidence_interval":{"confidence_level":0.95,"lower_bound":6995.238713184433,"upper_bound":30183.540897658},"point_estimate":19366.357619430433,"standard_error":6356.399843037789}}