{"mean":{"confidence_interval":{"confidence_level":0.95,"lower_bound":1855489.982721844,"upper_bound":1877136.0689474859},"point_estimate":1864818.6542965574,"standard_error":5583.063025814151},"median":{"confidence_interval":{"confidence_level":0.95,"lower_bound":1852331.0,"upper_bound":1853674.7087025316},"point_estimate":1852866.3677814938,"standard_error":392.93350493671466},"median_abs_dev":{"confidence_interval":{"confidence_level":0.95,"lower_bound":1855.3947885772227,"upper_bound":3477.67065948341},"point_estimate":2804.711723249917,"standard_error":422.11979038306134},"slope":{"confidence_interval":{"confidence_level":0.95,"lower_bound":1854045.3118300526,"upper_bound":1867536.176968523},"point_estimate":1859727.434275159,"standard_error":3469.4163696039336},"std_dev":{"confidence_interval":{"confidence_level":0.95,"lower_bound":15754.651733920029,"upper_bound":83356.60962131202},"point_estimate":55903.121981046315,"standard_error":17181.056750505526}}