{"mean":{"confidence_interval":{"confidence_level":0.95,"lower_bound":1873273.11557538,"upper_bound":1875712.5948554445},"point_estimate":1874334.4321791807,"standard_error":627.5295972748827},"median":{"confidence_interval":{"confidence_level":0.95,"lower_bound":1872490.3823529412,"upper_bound":1874509.8752577319},"point_estimate":1873384.9345238097,"standard_error":514.2308669325232},"median_abs_dev":{"confidence_interval":{"confidence_level":0.95,"lower_bound":2660.165129821703,"upper_bound":4006.030261487572},"point_estimate":3366.7762369256184,"standard_error":339.1192177217527},"slope":{"confidence_interval":{"confidence_level":0.95,"lower_bound":1872764.4414215835,"upper_bound":1874720.5303712348},"point_estimate":1873637.41035614,"standard_error":500.96918860847643},"std_dev":{"confidence_interval":{"confidence_level":0.95,"lower_bound":3149.8800945757616,"upper_bound":9658.01945116536},"point_estimate":6324.18499012784,"standard_error":2005.4214327010484}}