{"mean":{"confidence_interval":{"confidence_level":0.95,"lower_bound":1815930.3723118068,"upper_bound":1826180.4486793538},"point_estimate":1821153.4818188183,"standard_error":2616.447673248452},"median":{"confidence_interval":{"confidence_level":0.95,"lower_bound":1820472.8205128205,"upper_bound":1835566.2777777778},"point_estimate":1829235.7526737968,"standard_error":3094.8049359225165},"median_abs_dev":{"confidence_interval":{"confidence_level":0.95,"lower_bound":12438.710474130286,"upper_bound":29866.149739976383},"point_estimate":19811.831452469327,"standard_error":3602.391769416473},"slope":{"confidence_interval":{"confidence_level":0.95,"lower_bound":1815665.0640374364,"upper_bound":1826847.7392354314},"point_estimate":1821306.114889907,"standard_error":2859.0238439942755},"std_dev":{"confidence_interval":{"confidence_level":0.95,"lower_bound":22492.649383222077,"upper_bound":29513.50657615063},"point_estimate":26287.21829794291,"standard_error":1791.3947629421314}}