{"mean":{"confidence_interval":{"confidence_level":0.95,"lower_bound":1840602.9290534612,"upper_bound":1847380.8523232248},"point_estimate":1844490.3872685463,"standard_error":1753.0190744434692},"median":{"confidence_interval":{"confidence_level":0.95,"lower_bound":1847146.5675675676,"upper_bound":1848382.7083158777},"point_estimate":1847752.257736944,"standard_error":302.41915544664647},"median_abs_dev":{"confidence_interval":{"confidence_level":0.95,"lower_bound":2173.5576797042645,"upper_bound":3931.237504790519},"point_estimate":2769.9317106988865,"standard_error":454.49671329466236},"slope":{"confidence_interval":{"confidence_level":0.95,"lower_bound":1846958.0667307617,"upper_bound":1848870.1966627399},"point_estimate":1847939.6821072854,"standard_error":486.8315163991681},"std_dev":{"confidence_interval":{"confidence_level":0.95,"lower_bound":5985.707725255884,"upper_bound":27276.500586937105},"point_estimate":17579.75535274309,"standard_error":5686.00681731689}}