{"mean":{"confidence_interval":{"confidence_level":0.95,"lower_bound":309115.1864721182,"upper_bound":310846.83854991995},"point_estimate":309732.23665036896,"standard_error":512.9545298578987},"median":{"confidence_interval":{"confidence_level":0.95,"lower_bound":309025.375,"upper_bound":309171.4125},"point_estimate":309100.5701785714,"standard_error":36.771854424280434},"median_abs_dev":{"confidence_interval":{"confidence_level":0.95,"lower_bound":199.10448836021177,"upper_bound":314.15450079228214},"point_estimate":262.53602346405387,"standard_error":29.19805544583637},"slope":{"confidence_interval":{"confidence_level":0.95,"lower_bound":309209.62873433065,"upper_bound":311860.35719724174},"point_estimate":310166.11635215016,"standard_error":728.8505368717643},"std_dev":{"confidence_interval":{"confidence_level":0.95,"lower_bound":365.6089143734006,"upper_bound":8785.051897319847},"point_estimate":5155.842253695379,"standard_error":2900.433387623826}}