{"mean":{"confidence_interval":{"confidence_level":0.95,"lower_bound":376118.1652496377,"upper_bound":380480.38196518744},"point_estimate":378039.05650336394,"standard_error":1118.9916375831983},"median":{"confidence_interval":{"confidence_level":0.95,"lower_bound":375755.45568385406,"upper_bound":375825.54545454547},"point_estimate":375806.1652040817,"standard_error":17.836857720050208},"median_abs_dev":{"confidence_interval":{"confidence_level":0.95,"lower_bound":108.41954333308105,"upper_bound":201.52181308891397},"point_estimate":162.1838930646303,"standard_error":24.003236261641632},"slope":{"confidence_interval":{"confidence_level":0.95,"lower_bound":376756.4158789769,"upper_bound":382057.1164265809},"point_estimate":379068.7711915669,"standard_error":1358.9038438856423},"std_dev":{"confidence_interval":{"confidence_level":0.95,"lower_bound":4554.50458031566,"upper_bound":16573.5442476947},"point_estimate":11202.334733404297,"standard_error":3110.2198176618576}}