{"mean":{"confidence_interval":{"confidence_level":0.95,"lower_bound":377342.9980925055,"upper_bound":378181.77681141096},"point_estimate":377878.4066444481,"standard_error":246.06539871090297},"median":{"confidence_interval":{"confidence_level":0.95,"lower_bound":378029.6671303657,"upper_bound":378212.57805907173},"point_estimate":378145.88771361415,"standard_error":50.67826447143258},"median_abs_dev":{"confidence_interval":{"confidence_level":0.95,"lower_bound":268.4396093608449,"upper_bound":412.87435372277474},"point_estimate":335.65786199525337,"standard_error":37.33800346903363},"slope":{"confidence_interval":{"confidence_level":0.95,"lower_bound":378034.51526116347,"upper_bound":378268.8229687762},"point_estimate":378143.0166326782,"standard_error":60.0234835522673},"std_dev":{"confidence_interval":{"confidence_level":0.95,"lower_bound":308.3258732271068,"upper_bound":4216.221706935036},"point_estimate":2472.021277413016,"standard_error":1373.144974836893}}