{"mean":{"confidence_interval":{"confidence_level":0.95,"lower_bound":291303.60323779227,"upper_bound":294274.52491320897},"point_estimate":292601.02691294294,"standard_error":763.646943323975},"median":{"confidence_interval":{"confidence_level":0.95,"lower_bound":290059.5875,"upper_bound":291631.86555100186},"point_estimate":290611.22027972026,"standard_error":415.711657855039},"median_abs_dev":{"confidence_interval":{"confidence_level":0.95,"lower_bound":3147.7458713890665,"upper_bound":5084.844568816796},"point_estimate":4231.962757671782,"standard_error":473.79669751106024},"slope":{"confidence_interval":{"confidence_level":0.95,"lower_bound":290732.9889077371,"upper_bound":293466.4452243397},"point_estimate":291911.23679473915,"standard_error":699.8129150971081},"std_dev":{"confidence_interval":{"confidence_level":0.95,"lower_bound":3919.395652585925,"upper_bound":11667.690949918207},"point_estimate":7684.20509776869,"standard_error":2403.4783615541346}}