{"mean":{"confidence_interval":{"confidence_level":0.95,"lower_bound":367465.4421329255,"upper_bound":376868.790154083},"point_estimate":372145.1559145084,"standard_error":2402.9808975102364},"median":{"confidence_interval":{"confidence_level":0.95,"lower_bound":362378.96168582374,"upper_bound":374900.99122807017},"point_estimate":368057.46528479946,"standard_error":3415.7372510302102},"median_abs_dev":{"confidence_interval":{"confidence_level":0.95,"lower_bound":19142.577646673893,"upper_bound":32915.96859617314},"point_estimate":24812.638707383598,"standard_error":3604.095057390183},"slope":{"confidence_interval":{"confidence_level":0.95,"lower_bound":358026.99527095095,"upper_bound":366564.3104904002},"point_estimate":362069.0006521846,"standard_error":2181.9548910304225},"std_dev":{"confidence_interval":{"confidence_level":0.95,"lower_bound":20680.437278570847,"upper_bound":27594.560461474895},"point_estimate":24166.68909222302,"standard_error":1774.8618758198622}}