{"mean":{"confidence_interval":{"confidence_level":0.95,"lower_bound":372076.5523624616,"upper_bound":373368.284552075},"point_estimate":372751.23019467207,"standard_error":325.5861772627916},"median":{"confidence_interval":{"confidence_level":0.95,"lower_bound":372318.0462962963,"upper_bound":372922.16},"point_estimate":372547.23051948054,"standard_error":138.94096419792166},"median_abs_dev":{"confidence_interval":{"confidence_level":0.95,"lower_bound":828.9727718226211,"upper_bound":1204.9664659255188},"point_estimate":1025.9774940741772,"standard_error":95.69006939036814},"slope":{"confidence_interval":{"confidence_level":0.95,"lower_bound":372193.7520302774,"upper_bound":372915.6453515697},"point_estimate":372516.6292113689,"standard_error":186.16489830581185},"std_dev":{"confidence_interval":{"confidence_level":0.95,"lower_bound":1204.8110631835157,"upper_bound":5010.228081322121},"point_estimate":3269.5881386902397,"standard_error":1009.1111861649163}}