{"mean":{"confidence_interval":{"confidence_level":0.95,"lower_bound":273682.7548797757,"upper_bound":276463.942925073},"point_estimate":275057.8440122697,"standard_error":708.3695924553222},"median":{"confidence_interval":{"confidence_level":0.95,"lower_bound":273946.68257575756,"upper_bound":277038.0977011494},"point_estimate":275918.7486125793,"standard_error":808.6664464226894},"median_abs_dev":{"confidence_interval":{"confidence_level":0.95,"lower_bound":3959.3988372066324,"upper_bound":7130.666207115084},"point_estimate":5625.711650930118,"standard_error":812.9097961721866},"slope":{"confidence_interval":{"confidence_level":0.95,"lower_bound":276262.0031968064,"upper_bound":277686.2026807161},"point_estimate":276983.25813137286,"standard_error":361.40494434619427},"std_dev":{"confidence_interval":{"confidence_level":0.95,"lower_bound":5774.632391342386,"upper_bound":8383.159159063318},"point_estimate":7115.2432901551,"standard_error":667.5253031515985}}