{"mean":{"confidence_interval":{"confidence_level":0.95,"lower_bound":374742.5440107156,"upper_bound":375680.01260752324},"point_estimate":375358.5258200179,"standard_error":298.39964678727296},"median":{"confidence_interval":{"confidence_level":0.95,"lower_bound":375619.4175824176,"upper_bound":375642.2640941434},"point_estimate":375629.45990566036,"standard_error":6.041833244131643},"median_abs_dev":{"confidence_interval":{"confidence_level":0.95,"lower_bound":33.0535892682415,"upper_bound":67.00087219974762},"point_estimate":48.00425520835544,"standard_error":8.511673799324667},"slope":{"confidence_interval":{"confidence_level":0.95,"lower_bound":375635.7888247801,"upper_bound":375696.95138595556},"point_estimate":375662.7755923353,"standard_error":15.68249332122057},"std_dev":{"confidence_interval":{"confidence_level":0.95,"lower_bound":111.12306459701138,"upper_bound":5135.2757543477965},"point_estimate":2995.840669118092,"standard_error":1815.5791464219774}}