{"mean":{"confidence_interval":{"confidence_level":0.95,"lower_bound":309061.7371551556,"upper_bound":309728.4632247358},"point_estimate":309301.10060653946,"standard_error":194.53009931236588},"median":{"confidence_interval":{"confidence_level":0.95,"lower_bound":309013.0766747291,"upper_bound":309080.7533697047},"point_estimate":309037.91998626373,"standard_error":19.670256858387937},"median_abs_dev":{"confidence_interval":{"confidence_level":0.95,"lower_bound":127.43747560793669,"upper_bound":233.46115477374772},"point_estimate":173.37187845210235,"standard_error":27.50601107755304},"slope":{"confidence_interval":{"confidence_level":0.95,"lower_bound":309100.66147477925,"upper_bound":310665.2609443313},"point_estimate":309608.57521723065,"standard_error":462.4119255080123},"std_dev":{"confidence_interval":{"confidence_level":0.95,"lower_bound":204.2639036060029,"upper_bound":3323.1153630873987},"point_estimate":1953.5362789219228,"standard_error":1075.99176086076}}