{"mean":{"confidence_interval":{"confidence_level":0.95,"lower_bound":309040.41391482385,"upper_bound":309385.5492929048},"point_estimate":309173.14428898203,"standard_error":92.85645918497237},"median":{"confidence_interval":{"confidence_level":0.95,"lower_bound":308991.28092783503,"upper_bound":309069.4675925926},"point_estimate":309022.7312035449,"standard_error":20.47983075937112},"median_abs_dev":{"confidence_interval":{"confidence_level":0.95,"lower_bound":102.45716202717871,"upper_bound":179.01188784218442},"point_estimate":128.70598423713625,"standard_error":20.086163349039214},"slope":{"confidence_interval":{"confidence_level":0.95,"lower_bound":309072.3364816193,"upper_bound":309858.98553935334},"point_estimate":309349.92426185904,"standard_error":222.1357137164184},"std_dev":{"confidence_interval":{"confidence_level":0.95,"lower_bound":223.94769495730006,"upper_bound":1554.560586610311},"point_estimate":936.4472443685827,"standard_error":435.22231689647367}}