{"mean":{"confidence_interval":{"confidence_level":0.95,"lower_bound":309097.54279172054,"upper_bound":309542.1100187973},"point_estimate":309258.4139532952,"standard_error":128.04107493088728},"median":{"confidence_interval":{"confidence_level":0.95,"lower_bound":309057.340625,"upper_bound":309129.1280487805},"point_estimate":309086.24851190473,"standard_error":18.455677423803472},"median_abs_dev":{"confidence_interval":{"confidence_level":0.95,"lower_bound":129.75434947226128,"upper_bound":214.32777331148455},"point_estimate":161.0229433845827,"standard_error":22.865806267167535},"slope":{"confidence_interval":{"confidence_level":0.95,"lower_bound":309131.4976635871,"upper_bound":309424.42778592947},"point_estimate":309244.4287549874,"standard_error":77.07850444483587},"std_dev":{"confidence_interval":{"confidence_level":0.95,"lower_bound":197.1729053079665,"upper_bound":2178.5373266056167},"point_estimate":1283.1941338517943,"standard_error":694.5911953018373}}