{"mean":{"confidence_interval":{"confidence_level":0.95,"lower_bound":309272.1789112341,"upper_bound":309697.2312785935},"point_estimate":309453.1096779843,"standard_error":110.01401097838722},"median":{"confidence_interval":{"confidence_level":0.95,"lower_bound":309131.9285714286,"upper_bound":309281.9828296703},"point_estimate":309212.8625794011,"standard_error":44.28469865636177},"median_abs_dev":{"confidence_interval":{"confidence_level":0.95,"lower_bound":179.19449486878645,"upper_bound":311.97358601562496},"point_estimate":247.2075229338571,"standard_error":34.9414435344101},"slope":{"confidence_interval":{"confidence_level":0.95,"lower_bound":309249.77414592507,"upper_bound":310244.08397325873},"point_estimate":309628.3726636619,"standard_error":272.68895966188336},"std_dev":{"confidence_interval":{"confidence_level":0.95,"lower_bound":422.84333790659923,"upper_bound":1732.5494332788978},"point_estimate":1111.5393931922524,"standard_error":380.04551793474093}}