{"mean":{"confidence_interval":{"confidence_level":0.95,"lower_bound":309966.18496843573,"upper_bound":312523.37447420676},"point_estimate":311111.30598530103,"standard_error":656.8759543697435},"median":{"confidence_interval":{"confidence_level":0.95,"lower_bound":309076.25,"upper_bound":309181.50595238095},"point_estimate":309122.5677631579,"standard_error":31.260099610190448},"median_abs_dev":{"confidence_interval":{"confidence_level":0.95,"lower_bound":147.47815666486247,"upper_bound":295.7265883768196},"point_estimate":193.95130465784095,"standard_error":38.74974070487653},"slope":{"confidence_interval":{"confidence_level":0.95,"lower_bound":310969.63679445686,"upper_bound":316205.8598224246},"point_estimate":313418.9346822817,"standard_error":1342.636143206516},"std_dev":{"confidence_interval":{"confidence_level":0.95,"lower_bound":3316.1267914644845,"upper_bound":9139.878828764064},"point_estimate":6602.09577137929,"standard_error":1469.188666732355}}