{"mean":{"confidence_interval":{"confidence_level":0.95,"lower_bound":310885.98188643786,"upper_bound":311861.06727800774},"point_estimate":311284.09133936086,"standard_error":254.54909868759157},"median":{"confidence_interval":{"confidence_level":0.95,"lower_bound":310724.44585020246,"upper_bound":310826.27925531915},"point_estimate":310763.6377454513,"standard_error":24.139387972076126},"median_abs_dev":{"confidence_interval":{"confidence_level":0.95,"lower_bound":206.24273151210951,"upper_bound":355.384843397366},"point_estimate":269.47671361098696,"standard_error":36.20559342562402},"slope":{"confidence_interval":{"confidence_level":0.95,"lower_bound":310861.8131971021,"upper_bound":311565.0552509714},"point_estimate":311157.3522609724,"standard_error":181.360892633818},"std_dev":{"confidence_interval":{"confidence_level":0.95,"lower_bound":528.8054273416632,"upper_bound":4087.4594467896086},"point_estimate":2560.0799327989916,"standard_error":977.4823345905543}}