{"mean":{"confidence_interval":{"confidence_level":0.95,"lower_bound":309123.13695047534,"upper_bound":309540.20901430066},"point_estimate":309301.5487187092,"standard_error":107.99339810451501},"median":{"confidence_interval":{"confidence_level":0.95,"lower_bound":309067.6458333334,"upper_bound":309114.0},"point_estimate":309090.3720332278,"standard_error":13.86105102002023},"median_abs_dev":{"confidence_interval":{"confidence_level":0.95,"lower_bound":79.42973823546963,"upper_bound":163.34788489242007},"point_estimate":116.87146090183263,"standard_error":21.353069245545075},"slope":{"confidence_interval":{"confidence_level":0.95,"lower_bound":309042.63920572895,"upper_bound":309162.6837195553},"point_estimate":309100.9430892567,"standard_error":30.362543393031075},"std_dev":{"confidence_interval":{"confidence_level":0.95,"lower_bound":248.74721438699302,"upper_bound":1670.950103622344},"point_estimate":1080.8973960729352,"standard_error":358.31660349217225}}