{"mean":{"confidence_interval":{"confidence_level":0.95,"lower_bound":309139.4355553765,"upper_bound":309389.19261871726},"point_estimate":309250.2804460119,"standard_error":64.15538085389537},"median":{"confidence_interval":{"confidence_level":0.95,"lower_bound":309081.60256410256,"upper_bound":309170.8526785714},"point_estimate":309129.5837673611,"standard_error":19.445588787872527},"median_abs_dev":{"confidence_interval":{"confidence_level":0.95,"lower_bound":164.95536143483463,"upper_bound":266.6427541122615},"point_estimate":216.92873996135916,"standard_error":26.20568587235465},"slope":{"confidence_interval":{"confidence_level":0.95,"lower_bound":309147.0707926689,"upper_bound":309380.0991705552},"point_estimate":309250.68704965274,"standard_error":60.09878315155991},"std_dev":{"confidence_interval":{"confidence_level":0.95,"lower_bound":279.86185560979834,"upper_bound":920.4984464844093},"point_estimate":644.3716821948617,"standard_error":161.35551026467851}}