{"mean":{"confidence_interval":{"confidence_level":0.95,"lower_bound":669872.0123900676,"upper_bound":670676.8775941442},"point_estimate":670219.7220603904,"standard_error":207.67977151291447},"median":{"confidence_interval":{"confidence_level":0.95,"lower_bound":669630.7098765433,"upper_bound":669794.9758064516},"point_estimate":669704.336454432,"standard_error":47.37490272713268},"median_abs_dev":{"confidence_interval":{"confidence_level":0.95,"lower_bound":228.84158246829568,"upper_bound":419.92331230480124},"point_estimate":309.5018781697169,"standard_error":49.929975326096844},"slope":{"confidence_interval":{"confidence_level":0.95,"lower_bound":669805.162744231,"upper_bound":671696.1690049006},"point_estimate":670591.4911836855,"standard_error":495.34934452918924},"std_dev":{"confidence_interval":{"confidence_level":0.95,"lower_bound":768.963009975059,"upper_bound":3205.2555668749965},"point_estimate":2090.703742651901,"standard_error":655.7162820348314}}