{"mean":{"confidence_interval":{"confidence_level":0.95,"lower_bound":279284.60103693546,"upper_bound":285087.71457020333},"point_estimate":282112.1537660028,"standard_error":1482.9427600177078},"median":{"confidence_interval":{"confidence_level":0.95,"lower_bound":276535.7,"upper_bound":282616.2901234568},"point_estimate":279535.85284552845,"standard_error":1360.083097475683},"median_abs_dev":{"confidence_interval":{"confidence_level":0.95,"lower_bound":8471.649305250365,"upper_bound":14892.927776698294},"point_estimate":10999.591378431158,"standard_error":1737.2454374380543},"slope":{"confidence_interval":{"confidence_level":0.95,"lower_bound":286434.92774015595,"upper_bound":295312.7582240385},"point_estimate":291006.52647110977,"standard_error":2274.340159466854},"std_dev":{"confidence_interval":{"confidence_level":0.95,"lower_bound":12362.26602538574,"upper_bound":17021.58423827664},"point_estimate":14914.439865489494,"standard_error":1191.7428436509456}}