{"mean":{"confidence_interval":{"confidence_level":0.95,"lower_bound":309156.77787605906,"upper_bound":309389.9755162487},"point_estimate":309258.7134543566,"standard_error":60.071157010765155},"median":{"confidence_interval":{"confidence_level":0.95,"lower_bound":309059.0511123627,"upper_bound":309196.23913043475},"point_estimate":309098.6258755388,"standard_error":30.136886677392358},"median_abs_dev":{"confidence_interval":{"confidence_level":0.95,"lower_bound":149.65754292199287,"upper_bound":253.60342331718542},"point_estimate":203.48339961794335,"standard_error":26.03879056971154},"slope":{"confidence_interval":{"confidence_level":0.95,"lower_bound":309139.9863430112,"upper_bound":309293.45325969404},"point_estimate":309209.160129304,"standard_error":39.377216863892755},"std_dev":{"confidence_interval":{"confidence_level":0.95,"lower_bound":273.5242035170527,"upper_bound":888.2189732956629},"point_estimate":603.6664659051715,"standard_error":163.18020127969348}}