{"mean":{"confidence_interval":{"confidence_level":0.95,"lower_bound":309173.5723232638,"upper_bound":309381.16878088244},"point_estimate":309263.90430511633,"standard_error":53.430311626706455},"median":{"confidence_interval":{"confidence_level":0.95,"lower_bound":309128.5597826087,"upper_bound":309221.4248357065},"point_estimate":309176.8768158784,"standard_error":27.04953197866619},"median_abs_dev":{"confidence_interval":{"confidence_level":0.95,"lower_bound":128.73008886045096,"upper_bound":207.50570317935737},"point_estimate":174.14456372634737,"standard_error":20.59080191837053},"slope":{"confidence_interval":{"confidence_level":0.95,"lower_bound":309183.4562846892,"upper_bound":309514.34773635585},"point_estimate":309306.768862125,"standard_error":90.51756680943912},"std_dev":{"confidence_interval":{"confidence_level":0.95,"lower_bound":191.1033858459561,"upper_bound":803.3305939510425},"point_estimate":538.9239708007606,"standard_error":159.7054442967724}}