{"mean":{"confidence_interval":{"confidence_level":0.95,"lower_bound":375134.1482964579,"upper_bound":376036.1011035427},"point_estimate":375716.2059873169,"standard_error":263.6120517232672},"median":{"confidence_interval":{"confidence_level":0.95,"lower_bound":375969.2151002506,"upper_bound":376017.07818930043},"point_estimate":375991.73040935677,"standard_error":11.965661676322398},"median_abs_dev":{"confidence_interval":{"confidence_level":0.95,"lower_bound":68.97939220627035,"upper_bound":132.7900400667436},"point_estimate":92.80957781495812,"standard_error":16.467401302875356},"slope":{"confidence_interval":{"confidence_level":0.95,"lower_bound":375967.7597546043,"upper_bound":376044.3376135693},"point_estimate":376002.68102162454,"standard_error":19.531254088818383},"std_dev":{"confidence_interval":{"confidence_level":0.95,"lower_bound":156.03270231389754,"upper_bound":4519.969555612971},"point_estimate":2653.8528555960083,"standard_error":1474.9556290140395}}