{"mean":{"confidence_interval":{"confidence_level":0.95,"lower_bound":309080.36889594235,"upper_bound":310258.8201666891},"point_estimate":309551.68764269666,"standard_error":313.7913383560577},"median":{"confidence_interval":{"confidence_level":0.95,"lower_bound":309010.54891304346,"upper_bound":309081.8109215346},"point_estimate":309046.9663159168,"standard_error":16.318569651860283},"median_abs_dev":{"confidence_interval":{"confidence_level":0.95,"lower_bound":105.08480573054104,"upper_bound":185.09767438506861},"point_estimate":131.89538901288043,"standard_error":20.47497901712115},"slope":{"confidence_interval":{"confidence_level":0.95,"lower_bound":309090.91871001717,"upper_bound":312173.7797178895},"point_estimate":310313.8246623319,"standard_error":827.9958711010532},"std_dev":{"confidence_interval":{"confidence_level":0.95,"lower_bound":252.91941250963447,"upper_bound":5090.13974647399},"point_estimate":3150.42428361916,"standard_error":1319.4592459020769}}