{"mean":{"confidence_interval":{"confidence_level":0.95,"lower_bound":0.0009330329653329805,"upper_bound":0.0012851580308193109},"point_estimate":0.0010914106837915938,"standard_error":0.00008966481942775098},"median":{"confidence_interval":{"confidence_level":0.95,"lower_bound":0.0008696956980347393,"upper_bound":0.0011648105192250124},"point_estimate":0.0009932914383461444,"standard_error":0.00007252307202721917}}