{"mean":{"confidence_interval":{"confidence_level":0.95,"lower_bound":-0.0009971668940579547,"upper_bound":0.0005238009815124608},"point_estimate":-0.0003383870572326586,"standard_error":0.0003881153100242833},"median":{"confidence_interval":{"confidence_level":0.95,"lower_bound":-0.0004133528259816499,"upper_bound":-0.00026150313397010905},"point_estimate":-0.00032421918698821717,"standard_error":0.00003738858353642469}}