{"mean":{"confidence_interval":{"confidence_level":0.95,"lower_bound":0.2910963247235142,"upper_bound":0.3185740001498985},"point_estimate":0.30452881459073056,"standard_error":0.007194792056218768},"median":{"confidence_interval":{"confidence_level":0.95,"lower_bound":0.2906106371224546,"upper_bound":0.3156852213944734},"point_estimate":0.3060178348406568,"standard_error":0.0071517368796404635}}