{"mean":{"confidence_interval":{"confidence_level":0.95,"lower_bound":-0.005537479302200976,"upper_bound":0.006977582804475967},"point_estimate":0.0006624532755390433,"standard_error":0.0031780123778632954},"median":{"confidence_interval":{"confidence_level":0.95,"lower_bound":-0.000845393781485182,"upper_bound":-0.000010337513287939082},"point_estimate":-0.0005819171252883226,"standard_error":0.00022223275270814933}}