{"mean":{"confidence_interval":{"confidence_level":0.95,"lower_bound":-0.01208966389044113,"upper_bound":0.006310966420209674},"point_estimate":-0.0021325968966042774,"standard_error":0.004709801559675094},"median":{"confidence_interval":{"confidence_level":0.95,"lower_bound":-0.0008921118965325991,"upper_bound":0.0012003463946439474},"point_estimate":0.0002834218450780135,"standard_error":0.0005198449209315987}}