{"mean":{"confidence_interval":{"confidence_level":0.95,"lower_bound":-0.01089869423555028,"upper_bound":0.0033639071380171712},"point_estimate":-0.003775460639648065,"standard_error":0.003630434012001455},"median":{"confidence_interval":{"confidence_level":0.95,"lower_bound":-0.0003000883574312274,"upper_bound":0.0006211289213453597},"point_estimate":0.00018879752538691896,"standard_error":0.00022589911646765822}}