{"mean":{"confidence_interval":{"confidence_level":0.95,"lower_bound":-0.144703612257174,"upper_bound":-0.1217729687026889},"point_estimate":-0.1336271707959399,"standard_error":0.004905712728645573},"median":{"confidence_interval":{"confidence_level":0.95,"lower_bound":-0.15182393027550772,"upper_bound":-0.12308318798384588},"point_estimate":-0.140157843159594,"standard_error":0.007946728949187678}}