{"mean":{"confidence_interval":{"confidence_level":0.95,"lower_bound":0.10545134000906345,"upper_bound":0.12206629799334186},"point_estimate":0.11410025115009992,"standard_error":0.004205553816457636},"median":{"confidence_interval":{"confidence_level":0.95,"lower_bound":0.09782621047372686,"upper_bound":0.10879410349907759},"point_estimate":0.10282869612847123,"standard_error":0.00278260629487759}}