{"mean":{"confidence_interval":{"confidence_level":0.95,"lower_bound":-0.022263193772791935,"upper_bound":0.008376645649532055},"point_estimate":-0.005696217835789552,"standard_error":0.007865316947514528},"median":{"confidence_interval":{"confidence_level":0.95,"lower_bound":0.00008118253412286534,"upper_bound":0.0010518398200163315},"point_estimate":0.0006540601179327865,"standard_error":0.0002456197994853503}}