{"mean":{"confidence_interval":{"confidence_level":0.95,"lower_bound":-0.013037283330384494,"upper_bound":0.05235901619359648},"point_estimate":0.010981666843607796,"standard_error":0.018791897178203346},"median":{"confidence_interval":{"confidence_level":0.95,"lower_bound":-0.0005588217916941973,"upper_bound":0.00011673458665573122},"point_estimate":-0.00025860004382183277,"standard_error":0.0001887137894062351}}