{"mean":{"confidence_interval":{"confidence_level":0.95,"lower_bound":-0.07376299646359198,"upper_bound":-0.04916282685132867},"point_estimate":-0.06146908738472734,"standard_error":0.006266866720915273},"median":{"confidence_interval":{"confidence_level":0.95,"lower_bound":-0.07904235668000104,"upper_bound":-0.042343586158642754},"point_estimate":-0.0625607104570508,"standard_error":0.010636436451239566}}