{"mean":{"confidence_interval":{"confidence_level":0.95,"lower_bound":0.0015599786051126443,"upper_bound":0.08146578342361237},"point_estimate":0.02976255633566871,"standard_error":0.023781978513803086},"median":{"confidence_interval":{"confidence_level":0.95,"lower_bound":-0.003453245241291203,"upper_bound":-0.0025430775759257562},"point_estimate":-0.002981537882629892,"standard_error":0.0002424087737785477}}