{"mean":{"confidence_interval":{"confidence_level":0.95,"lower_bound":-0.04814903682942159,"upper_bound":0.10226939294263238},"point_estimate":0.017847157929372415,"standard_error":0.03869187980050599},"median":{"confidence_interval":{"confidence_level":0.95,"lower_bound":0.0007461022648902471,"upper_bound":0.002559583938074095},"point_estimate":0.0017185433871360623,"standard_error":0.0004975291912113647}}