{"mean":{"confidence_interval":{"confidence_level":0.95,"lower_bound":-0.021955359177626962,"upper_bound":-0.011086644415552535},"point_estimate":-0.016362918897295353,"standard_error":0.002776458156889789},"median":{"confidence_interval":{"confidence_level":0.95,"lower_bound":-0.0013731706819855027,"upper_bound":-0.00021917800017090538},"point_estimate":-0.0007416815427029322,"standard_error":0.00031423722582034}}