{"mean":{"confidence_interval":{"confidence_level":0.95,"lower_bound":0.19414017362707625,"upper_bound":0.1963762875763299},"point_estimate":0.1952914858465391,"standard_error":0.0005698705417004781},"median":{"confidence_interval":{"confidence_level":0.95,"lower_bound":0.19705773758297318,"upper_bound":0.19825794404065886},"point_estimate":0.19768844671836017,"standard_error":0.00033883091005560735}}