{"mean":{"confidence_interval":{"confidence_level":0.95,"lower_bound":-0.19402655584379735,"upper_bound":-0.18355301817590086},"point_estimate":-0.18873953069197635,"standard_error":0.0026585576293756946},"median":{"confidence_interval":{"confidence_level":0.95,"lower_bound":-0.20478961073530608,"upper_bound":-0.19060220375905193},"point_estimate":-0.19797967893752821,"standard_error":0.0035678132999222715}}