{"mean":{"confidence_interval":{"confidence_level":0.95,"lower_bound":-0.009641317739264688,"upper_bound":0.0034019702077636724},"point_estimate":-0.003491431820440427,"standard_error":0.003326236799828447},"median":{"confidence_interval":{"confidence_level":0.95,"lower_bound":-0.001075245962693705,"upper_bound":0.00024178323105494224},"point_estimate":-0.000245651054873508,"standard_error":0.0003465972940210139}}