{"mean":{"confidence_interval":{"confidence_level":0.95,"lower_bound":-0.011788625386259875,"upper_bound":-0.0008467998602273024},"point_estimate":-0.00601468135308314,"standard_error":0.002782861259912054},"median":{"confidence_interval":{"confidence_level":0.95,"lower_bound":-0.0011979155992767332,"upper_bound":0.00006353187171037611},"point_estimate":-0.0003805823496463301,"standard_error":0.0003159957154006428}}