{"mean":{"confidence_interval":{"confidence_level":0.95,"lower_bound":-0.0031253105233303843,"upper_bound":0.00016908724594869544},"point_estimate":-0.0010319279173375273,"standard_error":0.0009522243889772635},"median":{"confidence_interval":{"confidence_level":0.95,"lower_bound":9.930004980063245e-6,"upper_bound":0.00021915037621589306},"point_estimate":0.00011186627546333483,"standard_error":0.000052759786130519284}}