{"mean":{"confidence_interval":{"confidence_level":0.95,"lower_bound":-0.17272095217334013,"upper_bound":-0.17243380068559605},"point_estimate":-0.17258410089176568,"standard_error":0.00007338998659058916},"median":{"confidence_interval":{"confidence_level":0.95,"lower_bound":-0.1727532233404747,"upper_bound":-0.17253601593456436},"point_estimate":-0.17268171489510253,"standard_error":0.00005098249012345256}}