{"mean":{"confidence_interval":{"confidence_level":0.95,"lower_bound":-0.0038112978901017054,"upper_bound":0.0076093726088458016},"point_estimate":0.0015396692913813848,"standard_error":0.0029774650808263208},"median":{"confidence_interval":{"confidence_level":0.95,"lower_bound":-0.004863633165025805,"upper_bound":-0.003361597997945293},"point_estimate":-0.004029175611604319,"standard_error":0.0003502193277816801}}