{"mean":{"confidence_interval":{"confidence_level":0.95,"lower_bound":-0.013170533758730774,"upper_bound":-0.004088871239343512},"point_estimate":-0.008303685255798054,"standard_error":0.002330010731679605},"median":{"confidence_interval":{"confidence_level":0.95,"lower_bound":-0.0003732892772206424,"upper_bound":0.0005759846950874647},"point_estimate":0.00016707675501526076,"standard_error":0.000250958108295487}}