{"mean":{"confidence_interval":{"confidence_level":0.95,"lower_bound":0.29367704271454126,"upper_bound":0.31524203243191506},"point_estimate":0.3021445781187644,"standard_error":0.005427668053361988},"median":{"confidence_interval":{"confidence_level":0.95,"lower_bound":0.27729480355987185,"upper_bound":0.3121310709778655},"point_estimate":0.293159864855173,"standard_error":0.008614787318956124}}