{"mean":{"confidence_interval":{"confidence_level":0.95,"lower_bound":-0.012408226192827845,"upper_bound":0.003664390044907595},"point_estimate":-0.0041927841935234245,"standard_error":0.004066190765205337},"median":{"confidence_interval":{"confidence_level":0.95,"lower_bound":-0.0007275738605957427,"upper_bound":0.0001614520153234711},"point_estimate":-0.00032189207291644095,"standard_error":0.00022440579284234286}}