{"mean":{"confidence_interval":{"confidence_level":0.95,"lower_bound":-0.19104760296582304,"upper_bound":-0.18351100358383352},"point_estimate":-0.18829936908533862,"standard_error":0.0019318538010151746},"median":{"confidence_interval":{"confidence_level":0.95,"lower_bound":-0.19464033013305648,"upper_bound":-0.19445508365048492},"point_estimate":-0.19454319770489203,"standard_error":0.000046787216444298714}}