{"mean":{"confidence_interval":{"confidence_level":0.95,"lower_bound":-0.001725845903101251,"upper_bound":0.010197701921197832},"point_estimate":0.004199641433308754,"standard_error":0.0030518158384148673},"median":{"confidence_interval":{"confidence_level":0.95,"lower_bound":0.0005241055689515495,"upper_bound":0.0013525499637379035},"point_estimate":0.0009404185771828555,"standard_error":0.0002247335793740962}}