{"mean":{"confidence_interval":{"confidence_level":0.95,"lower_bound":-0.04690407631746733,"upper_bound":-0.003186960743423352},"point_estimate":-0.019199918624681733,"standard_error":0.012806403278754973},"median":{"confidence_interval":{"confidence_level":0.95,"lower_bound":-0.0015102576454275596,"upper_bound":-0.0003830576490650994},"point_estimate":-0.0007991340881666753,"standard_error":0.000261884948636972}}