{"mean":{"confidence_interval":{"confidence_level":0.95,"lower_bound":0.0989965550365324,"upper_bound":0.10867613086238959},"point_estimate":0.10388100510917875,"standard_error":0.0024575656884256525},"median":{"confidence_interval":{"confidence_level":0.95,"lower_bound":0.099453708292633,"upper_bound":0.11125991424425097},"point_estimate":0.10605597471368022,"standard_error":0.003504721838977883}}