{"mean":{"confidence_interval":{"confidence_level":0.95,"lower_bound":-0.0027460783158558097,"upper_bound":0.007530079708723035},"point_estimate":0.0025650593722343906,"standard_error":0.002608958152323207},"median":{"confidence_interval":{"confidence_level":0.95,"lower_bound":-0.0005305452844224234,"upper_bound":0.00036389819487792074},"point_estimate":-0.00013305174710520618,"standard_error":0.00024556917688564443}}