{"mean":{"confidence_interval":{"confidence_level":0.95,"lower_bound":0.010807172840909374,"upper_bound":0.015421215751164752},"point_estimate":0.013030977786212983,"standard_error":0.0011800666310669912},"median":{"confidence_interval":{"confidence_level":0.95,"lower_bound":0.009336791941079836,"upper_bound":0.015297631672577694},"point_estimate":0.012316947261259203,"standard_error":0.0015794744170295283}}