{"mean":{"confidence_interval":{"confidence_level":0.95,"lower_bound":0.004178199462931726,"upper_bound":0.012939886422795775},"point_estimate":0.008135112476028716,"standard_error":0.0021482915539923217},"median":{"confidence_interval":{"confidence_level":0.95,"lower_bound":0.0008488642376420774,"upper_bound":0.0018302583726379495},"point_estimate":0.0013158368380619123,"standard_error":0.00024071833160781996}}