{"mean":{"confidence_interval":{"confidence_level":0.95,"lower_bound":-0.012709087401108373,"upper_bound":0.002537392017461914},"point_estimate":-0.00551784798581112,"standard_error":0.0038435961027327766},"median":{"confidence_interval":{"confidence_level":0.95,"lower_bound":-0.0022128213904331214,"upper_bound":-0.0008593559658142125},"point_estimate":-0.0012332975500288779,"standard_error":0.0003604803391367951}}