{"mean":{"confidence_interval":{"confidence_level":0.95,"lower_bound":0.09264074071374906,"upper_bound":0.10965059028884429},"point_estimate":0.10061959907755935,"standard_error":0.004686583579113673},"median":{"confidence_interval":{"confidence_level":0.95,"lower_bound":0.08251633225177155,"upper_bound":0.11112696392129995},"point_estimate":0.09620847776072372,"standard_error":0.007162896158097968}}