{"mean":{"confidence_interval":{"confidence_level":0.95,"lower_bound":0.003524765316529067,"upper_bound":0.012847792433626586},"point_estimate":0.008041831064038885,"standard_error":0.0024031275570805346},"median":{"confidence_interval":{"confidence_level":0.95,"lower_bound":-0.000043911468568191836,"upper_bound":0.0004950143560278395},"point_estimate":0.0001610864098939846,"standard_error":0.0001437733586188508}}