{"mean":{"confidence_interval":{"confidence_level":0.95,"lower_bound":-0.00720923794807689,"upper_bound":0.007506030399244812},"point_estimate":0.0007854244743055183,"standard_error":0.0037679782610189876},"median":{"confidence_interval":{"confidence_level":0.95,"lower_bound":-0.00019412392985274085,"upper_bound":0.0006385016764572315},"point_estimate":0.0002329460903236491,"standard_error":0.00022547854793716812}}