{"mean":{"confidence_interval":{"confidence_level":0.95,"lower_bound":77410.02647976187,"upper_bound":78549.08723312267},"point_estimate":78066.24178662743,"standard_error":294.7716992854718},"median":{"confidence_interval":{"confidence_level":0.95,"lower_bound":78685.31230769231,"upper_bound":78808.34251675353},"point_estimate":78754.5972027972,"standard_error":33.59343786684198},"median_abs_dev":{"confidence_interval":{"confidence_level":0.95,"lower_bound":243.33941365101097,"upper_bound":501.66845599635593},"point_estimate":352.83360426263766,"standard_error":66.25612269122165},"slope":{"confidence_interval":{"confidence_level":0.95,"lower_bound":78859.95763698722,"upper_bound":79011.56302078062},"point_estimate":78926.1211608371,"standard_error":39.084714217911014},"std_dev":{"confidence_interval":{"confidence_level":0.95,"lower_bound":1055.707307580024,"upper_bound":4630.249399678147},"point_estimate":2953.6894642001857,"standard_error":992.9009176952724}}