{"mean":{"confidence_interval":{"confidence_level":0.95,"lower_bound":48523.710650918096,"upper_bound":49071.88659334898},"point_estimate":48818.05723600869,"standard_error":139.52463491322277},"median":{"confidence_interval":{"confidence_level":0.95,"lower_bound":48927.91241419578,"upper_bound":49075.26869806094},"point_estimate":48990.679838031814,"standard_error":50.85342014841835},"median_abs_dev":{"confidence_interval":{"confidence_level":0.95,"lower_bound":270.3478455054786,"upper_bound":470.587433305012},"point_estimate":378.3378449676314,"standard_error":50.88433537396189},"slope":{"confidence_interval":{"confidence_level":0.95,"lower_bound":49088.7095548387,"upper_bound":49233.43897483845},"point_estimate":49159.14899255676,"standard_error":37.03185407409094},"std_dev":{"confidence_interval":{"confidence_level":0.95,"lower_bound":656.538422084635,"upper_bound":2085.3136413267057},"point_estimate":1407.7138977145407,"standard_error":375.37972032825127}}