{"mean":{"confidence_interval":{"confidence_level":0.95,"lower_bound":51055.18966835956,"upper_bound":51631.922519415966},"point_estimate":51368.90427137332,"standard_error":146.85012602149612},"median":{"confidence_interval":{"confidence_level":0.95,"lower_bound":51545.74736842105,"upper_bound":51678.70065789473},"point_estimate":51613.847980665945,"standard_error":34.22438799799135},"median_abs_dev":{"confidence_interval":{"confidence_level":0.95,"lower_bound":185.86145791730166,"upper_bound":377.0617592255715},"point_estimate":275.7374837354154,"standard_error":50.105707446966726},"slope":{"confidence_interval":{"confidence_level":0.95,"lower_bound":51682.29420378391,"upper_bound":51800.75063739353},"point_estimate":51738.71924463145,"standard_error":30.193399435412076},"std_dev":{"confidence_interval":{"confidence_level":0.95,"lower_bound":630.8633813960504,"upper_bound":2223.4641822572767},"point_estimate":1477.4835535650266,"standard_error":420.18975778736853}}