{"mean":{"confidence_interval":{"confidence_level":0.95,"lower_bound":49266.11824639825,"upper_bound":50076.40579336282},"point_estimate":49644.76394196554,"standard_error":205.62342492194674},"median":{"confidence_interval":{"confidence_level":0.95,"lower_bound":49481.85,"upper_bound":49563.475},"point_estimate":49540.14486607143,"standard_error":22.267175844445262},"median_abs_dev":{"confidence_interval":{"confidence_level":0.95,"lower_bound":195.66995473970664,"upper_bound":385.33792603388514},"point_estimate":289.2313078682332,"standard_error":49.46696750491015},"slope":{"confidence_interval":{"confidence_level":0.95,"lower_bound":49625.82757665146,"upper_bound":49918.655300351704},"point_estimate":49756.83313299838,"standard_error":75.33728967938471},"std_dev":{"confidence_interval":{"confidence_level":0.95,"lower_bound":1018.9255604129312,"upper_bound":3003.2601742716715},"point_estimate":2077.6183766595987,"standard_error":516.9038354218108}}