{"mean":{"confidence_interval":{"confidence_level":0.95,"lower_bound":90135.37905035321,"upper_bound":91850.35029634081},"point_estimate":91125.39647014427,"standard_error":444.646895767399},"median":{"confidence_interval":{"confidence_level":0.95,"lower_bound":92121.85623678647,"upper_bound":92277.8393939394},"point_estimate":92216.98635318704,"standard_error":38.549854900540666},"median_abs_dev":{"confidence_interval":{"confidence_level":0.95,"lower_bound":254.22542468109856,"upper_bound":652.422907006979},"point_estimate":421.7526713986356,"standard_error":96.29102309291403},"slope":{"confidence_interval":{"confidence_level":0.95,"lower_bound":92339.27241673395,"upper_bound":92969.25588388907},"point_estimate":92593.31192337144,"standard_error":167.34622437760834},"std_dev":{"confidence_interval":{"confidence_level":0.95,"lower_bound":1655.6508520971774,"upper_bound":6989.6456749057525},"point_estimate":4468.9329141881335,"standard_error":1517.8086639887529}}