{"mean":{"confidence_interval":{"confidence_level":0.95,"lower_bound":51712.97397139624,"upper_bound":52328.09717786403},"point_estimate":52031.85511891406,"standard_error":155.98449110200562},"median":{"confidence_interval":{"confidence_level":0.95,"lower_bound":51743.35386338186,"upper_bound":52270.13742690058},"point_estimate":51972.683737413405,"standard_error":129.68697378934132},"median_abs_dev":{"confidence_interval":{"confidence_level":0.95,"lower_bound":622.5502355915978,"upper_bound":983.4700361257758},"point_estimate":763.1115469759525,"standard_error":92.30943240051542},"slope":{"confidence_interval":{"confidence_level":0.95,"lower_bound":52169.29447668128,"upper_bound":52561.67113199462},"point_estimate":52356.6287474042,"standard_error":100.40023778491738},"std_dev":{"confidence_interval":{"confidence_level":0.95,"lower_bound":972.483427068775,"upper_bound":2146.8213694347364},"point_estimate":1569.5877506226454,"standard_error":306.1860431212259}}