{"mean":{"confidence_interval":{"confidence_level":0.95,"lower_bound":48708.088377379165,"upper_bound":49097.85644619469},"point_estimate":48921.46767246667,"standard_error":99.64300029398353},"median":{"confidence_interval":{"confidence_level":0.95,"lower_bound":48998.880517724334,"upper_bound":49110.52857142857},"point_estimate":49067.06608052389,"standard_error":25.559059749594674},"median_abs_dev":{"confidence_interval":{"confidence_level":0.95,"lower_bound":172.04499738945168,"upper_bound":308.8492150833301},"point_estimate":239.79069757436548,"standard_error":35.38516971227178},"slope":{"confidence_interval":{"confidence_level":0.95,"lower_bound":49130.59457592835,"upper_bound":49289.35593732908},"point_estimate":49201.53030702217,"standard_error":40.793535864498224},"std_dev":{"confidence_interval":{"confidence_level":0.95,"lower_bound":468.56311799001463,"upper_bound":1464.4585686497908},"point_estimate":1003.3306379683801,"standard_error":259.94524360923407}}