{"mean":{"confidence_interval":{"confidence_level":0.95,"lower_bound":48833.68765897339,"upper_bound":49782.15510496291},"point_estimate":49249.50334259303,"standard_error":242.70699210473504},"median":{"confidence_interval":{"confidence_level":0.95,"lower_bound":49035.38784826285,"upper_bound":49120.374060150374},"point_estimate":49083.283172302734,"standard_error":22.14749277370883},"median_abs_dev":{"confidence_interval":{"confidence_level":0.95,"lower_bound":173.28709191364956,"upper_bound":303.0719697809787},"point_estimate":225.83078139767943,"standard_error":32.59339072245374},"slope":{"confidence_interval":{"confidence_level":0.95,"lower_bound":49266.680196231755,"upper_bound":51073.244152435786},"point_estimate":49984.82967960762,"standard_error":480.6727329492063},"std_dev":{"confidence_interval":{"confidence_level":0.95,"lower_bound":931.0084771778392,"upper_bound":3805.472976889495},"point_estimate":2438.6757424070897,"standard_error":792.9007583936025}}