{"mean":{"confidence_interval":{"confidence_level":0.95,"lower_bound":48362.26181337603,"upper_bound":49003.21954494544},"point_estimate":48687.58997182779,"standard_error":162.63169224434688},"median":{"confidence_interval":{"confidence_level":0.95,"lower_bound":48589.19100226015,"upper_bound":48689.59523809524},"point_estimate":48650.82236227824,"standard_error":29.769910853093112},"median_abs_dev":{"confidence_interval":{"confidence_level":0.95,"lower_bound":216.2977795744158,"upper_bound":379.5635088750846},"point_estimate":283.8714787542845,"standard_error":41.79616527515984},"slope":{"confidence_interval":{"confidence_level":0.95,"lower_bound":48908.48944425718,"upper_bound":49720.59060234355},"point_estimate":49287.32283335796,"standard_error":207.97643144151218},"std_dev":{"confidence_interval":{"confidence_level":0.95,"lower_bound":1033.36215779924,"upper_bound":2186.973921551505},"point_estimate":1633.8437632639493,"standard_error":296.78442129033726}}