{"mean":{"confidence_interval":{"confidence_level":0.95,"lower_bound":48268.64123080488,"upper_bound":48723.559339536965},"point_estimate":48518.27023910761,"standard_error":116.32738996488594},"median":{"confidence_interval":{"confidence_level":0.95,"lower_bound":48610.61259416684,"upper_bound":48682.908424908426},"point_estimate":48652.46919944789,"standard_error":16.419888838800944},"median_abs_dev":{"confidence_interval":{"confidence_level":0.95,"lower_bound":108.92934743412586,"upper_bound":244.11988466102002},"point_estimate":155.18450547905599,"standard_error":34.18599566933472},"slope":{"confidence_interval":{"confidence_level":0.95,"lower_bound":48707.00265962794,"upper_bound":48914.64368263415},"point_estimate":48796.27274884418,"standard_error":53.88568170846474},"std_dev":{"confidence_interval":{"confidence_level":0.95,"lower_bound":553.6630923523293,"upper_bound":1755.0209805970983},"point_estimate":1167.5907930013782,"standard_error":326.493421624713}}