{"mean":{"confidence_interval":{"confidence_level":0.95,"lower_bound":85280.60231102885,"upper_bound":86743.06205975509},"point_estimate":86112.51611803872,"standard_error":377.0191973828875},"median":{"confidence_interval":{"confidence_level":0.95,"lower_bound":86674.29336647969,"upper_bound":86959.01028225807},"point_estimate":86845.73017318938,"standard_error":72.87346269968909},"median_abs_dev":{"confidence_interval":{"confidence_level":0.95,"lower_bound":434.2283967455618,"upper_bound":736.835377709276},"point_estimate":584.0281076133856,"standard_error":75.7720173017115},"slope":{"confidence_interval":{"confidence_level":0.95,"lower_bound":87095.07264765052,"upper_bound":87527.6888393546},"point_estimate":87297.14127210483,"standard_error":111.16553859761382},"std_dev":{"confidence_interval":{"confidence_level":0.95,"lower_bound":1516.3878885118784,"upper_bound":5847.697207070409},"point_estimate":3792.2330893257213,"standard_error":1194.661414768393}}