{"mean":{"confidence_interval":{"confidence_level":0.95,"lower_bound":95302.07804347396,"upper_bound":97525.77794230451},"point_estimate":96464.8465779834,"standard_error":568.1484187902946},"median":{"confidence_interval":{"confidence_level":0.95,"lower_bound":95667.48051948052,"upper_bound":96741.56468531469},"point_estimate":96199.48526473527,"standard_error":323.5878875722306},"median_abs_dev":{"confidence_interval":{"confidence_level":0.95,"lower_bound":1577.6497216946696,"upper_bound":2836.435143308296},"point_estimate":2165.609354470539,"standard_error":384.9103981403555},"slope":{"confidence_interval":{"confidence_level":0.95,"lower_bound":95939.96945003737,"upper_bound":97287.18122021457},"point_estimate":96545.93360452463,"standard_error":343.65077824186255},"std_dev":{"confidence_interval":{"confidence_level":0.95,"lower_bound":3723.1410763719396,"upper_bound":7799.75905144557},"point_estimate":5726.964243632202,"standard_error":1078.2439540953621}}