{"mean":{"confidence_interval":{"confidence_level":0.95,"lower_bound":50779.23148041493,"upper_bound":51360.931797871934},"point_estimate":51088.355902861804,"standard_error":147.6681620581144},"median":{"confidence_interval":{"confidence_level":0.95,"lower_bound":50814.19142628205,"upper_bound":51523.069285714286},"point_estimate":51354.69369343891,"standard_error":170.18310690517535},"median_abs_dev":{"confidence_interval":{"confidence_level":0.95,"lower_bound":742.5933459095556,"upper_bound":1122.4384246881175},"point_estimate":936.2416211783899,"standard_error":93.15233158291086},"slope":{"confidence_interval":{"confidence_level":0.95,"lower_bound":51660.79847318358,"upper_bound":51970.42795302086},"point_estimate":51811.72585754396,"standard_error":78.78324151400064},"std_dev":{"confidence_interval":{"confidence_level":0.95,"lower_bound":875.8382424202144,"upper_bound":2101.3806316865866},"point_estimate":1488.2913852251786,"standard_error":324.3237253852378}}