{"mean":{"confidence_interval":{"confidence_level":0.95,"lower_bound":50874.42950118052,"upper_bound":51400.24437177446},"point_estimate":51166.7687765418,"standard_error":135.2209389579173},"median":{"confidence_interval":{"confidence_level":0.95,"lower_bound":51340.94540229885,"upper_bound":51467.54345394737},"point_estimate":51430.689312118295,"standard_error":29.581482720289067},"median_abs_dev":{"confidence_interval":{"confidence_level":0.95,"lower_bound":210.07142201008935,"upper_bound":381.82194948841226},"point_estimate":277.5577175723677,"standard_error":42.91174640589222},"slope":{"confidence_interval":{"confidence_level":0.95,"lower_bound":51495.87688073183,"upper_bound":51609.80518822258},"point_estimate":51550.409751884144,"standard_error":29.067994634368414},"std_dev":{"confidence_interval":{"confidence_level":0.95,"lower_bound":552.9503171486091,"upper_bound":2077.2947693407214},"point_estimate":1358.0163799852708,"standard_error":411.852022510916}}