{"mean":{"confidence_interval":{"confidence_level":0.95,"lower_bound":50930.876117635955,"upper_bound":51496.107970350546},"point_estimate":51248.01668021173,"standard_error":145.50176336801204},"median":{"confidence_interval":{"confidence_level":0.95,"lower_bound":51403.31655172414,"upper_bound":51527.00049482681},"point_estimate":51471.36952201933,"standard_error":34.89216495124368},"median_abs_dev":{"confidence_interval":{"confidence_level":0.95,"lower_bound":267.71747539060624,"upper_bound":460.4979056126747},"point_estimate":348.4380676532678,"standard_error":49.51500122267245},"slope":{"confidence_interval":{"confidence_level":0.95,"lower_bound":51628.06134194926,"upper_bound":51943.7274843693},"point_estimate":51770.54380142021,"standard_error":81.3394585132026},"std_dev":{"confidence_interval":{"confidence_level":0.95,"lower_bound":647.0358912686166,"upper_bound":2225.3695981535157},"point_estimate":1462.7754410385567,"standard_error":437.0708139229296}}