{"mean":{"confidence_interval":{"confidence_level":0.95,"lower_bound":50921.192708943076,"upper_bound":51451.880530057155},"point_estimate":51218.060526119174,"standard_error":135.9326638030196},"median":{"confidence_interval":{"confidence_level":0.95,"lower_bound":51360.20952380952,"upper_bound":51464.496804138325},"point_estimate":51417.36086660618,"standard_error":27.22525526842444},"median_abs_dev":{"confidence_interval":{"confidence_level":0.95,"lower_bound":193.7701458474201,"upper_bound":332.29837696622013},"point_estimate":261.2710571559341,"standard_error":35.631424846842506},"slope":{"confidence_interval":{"confidence_level":0.95,"lower_bound":51509.434949321,"upper_bound":51786.728673241945},"point_estimate":51633.58600857101,"standard_error":71.18267264350042},"std_dev":{"confidence_interval":{"confidence_level":0.95,"lower_bound":620.2355110749688,"upper_bound":2078.9602271996187},"point_estimate":1368.2516020280095,"standard_error":409.2575971040777}}