{"mean":{"confidence_interval":{"confidence_level":0.95,"lower_bound":48381.35902389693,"upper_bound":48920.297989734296},"point_estimate":48665.39096037814,"standard_error":137.53373674887428},"median":{"confidence_interval":{"confidence_level":0.95,"lower_bound":48692.72751322751,"upper_bound":48779.95317460317},"point_estimate":48732.99477131278,"standard_error":18.9395861441548},"median_abs_dev":{"confidence_interval":{"confidence_level":0.95,"lower_bound":148.68088280111493,"upper_bound":312.2613487301499},"point_estimate":243.0214122915697,"standard_error":44.54774230098475},"slope":{"confidence_interval":{"confidence_level":0.95,"lower_bound":48827.24244358363,"upper_bound":49180.29427660654},"point_estimate":48977.28194290218,"standard_error":91.35192430279452},"std_dev":{"confidence_interval":{"confidence_level":0.95,"lower_bound":762.4330821682522,"upper_bound":1987.540018445527},"point_estimate":1385.5679174912539,"standard_error":323.1116132223093}}