{"mean":{"confidence_interval":{"confidence_level":0.95,"lower_bound":-0.007990920747033432,"upper_bound":0.021403037609204256},"point_estimate":0.008067042432171823,"standard_error":0.007527180094581961},"median":{"confidence_interval":{"confidence_level":0.95,"lower_bound":0.010169168244086757,"upper_bound":0.024163356841081285},"point_estimate":0.020571777683983994,"standard_error":0.003438394772665354}}