{"mean":{"confidence_interval":{"confidence_level":0.95,"lower_bound":0.03782807701104928,"upper_bound":0.04066626126643046},"point_estimate":0.03923864889474782,"standard_error":0.0007217478104874753},"median":{"confidence_interval":{"confidence_level":0.95,"lower_bound":0.03805784499994051,"upper_bound":0.04064165754767391},"point_estimate":0.039550215536411804,"standard_error":0.0006371597053078576}}