{"mean":{"confidence_interval":{"confidence_level":0.95,"lower_bound":-0.3289657126767992,"upper_bound":-0.3252957795575649},"point_estimate":-0.32704911233781075,"standard_error":0.0009360952242893558},"median":{"confidence_interval":{"confidence_level":0.95,"lower_bound":-0.32855876596236044,"upper_bound":-0.32525909682086795},"point_estimate":-0.32668853311115753,"standard_error":0.0009551703053719955}}