{"mean":{"confidence_interval":{"confidence_level":0.95,"lower_bound":0.2723736935918315,"upper_bound":0.2991442841853487},"point_estimate":0.28502092187858885,"standard_error":0.00681951076186331},"median":{"confidence_interval":{"confidence_level":0.95,"lower_bound":0.25151736495901966,"upper_bound":0.29045306574237073},"point_estimate":0.2768479297617763,"standard_error":0.010747740993341304}}