{"mean":{"confidence_interval":{"confidence_level":0.95,"lower_bound":6522482.99325,"upper_bound":6529122.8930625},"point_estimate":6525283.56375,"standard_error":1722.0938542723072},"median":{"confidence_interval":{"confidence_level":0.95,"lower_bound":6521174.3125,"upper_bound":6522841.25},"point_estimate":6522078.5625,"standard_error":416.5786073358527},"median_abs_dev":{"confidence_interval":{"confidence_level":0.95,"lower_bound":2914.0502482652664,"upper_bound":4940.764412283897},"point_estimate":3938.990142568946,"standard_error":540.9615936762732},"slope":null,"std_dev":{"confidence_interval":{"confidence_level":0.95,"lower_bound":4348.057485334307,"upper_bound":26244.10235307981},"point_estimate":17253.982770908442,"standard_error":5922.254493262238}}