{"mean":{"confidence_interval":{"confidence_level":0.95,"lower_bound":6525345.9391875,"upper_bound":6529416.77375},"point_estimate":6527074.02,"standard_error":1053.2510850747974},"median":{"confidence_interval":{"confidence_level":0.95,"lower_bound":6523973.3125,"upper_bound":6525702.75},"point_estimate":6524761.625,"standard_error":486.3395133857218},"median_abs_dev":{"confidence_interval":{"confidence_level":0.95,"lower_bound":2547.662729769945,"upper_bound":3913.9712680131197},"point_estimate":3262.18325458467,"standard_error":352.5542190949308},"slope":null,"std_dev":{"confidence_interval":{"confidence_level":0.95,"lower_bound":4066.934591084426,"upper_bound":16480.405768888344},"point_estimate":10576.92237642795,"standard_error":3553.138474346602}}