{"mean":{"confidence_interval":{"confidence_level":0.95,"lower_bound":6526896.27625,"upper_bound":6529739.98359375},"point_estimate":6528271.11625,"standard_error":725.1508133310103},"median":{"confidence_interval":{"confidence_level":0.95,"lower_bound":6524894.4375,"upper_bound":6527981.125},"point_estimate":6526197.0,"standard_error":751.6416717428172},"median_abs_dev":{"confidence_interval":{"confidence_level":0.95,"lower_bound":4502.5634575635195,"upper_bound":8014.564807713032},"point_estimate":6216.1710396409035,"standard_error":838.5942859705511},"slope":null,"std_dev":{"confidence_interval":{"confidence_level":0.95,"lower_bound":5970.618511209933,"upper_bound":8389.693097948491},"point_estimate":7274.8406959382955,"standard_error":619.2749202345464}}