{"mean":{"confidence_interval":{"confidence_level":0.95,"lower_bound":6524477.2195625,"upper_bound":6534380.263406251},"point_estimate":6528814.125,"standard_error":2552.992748532292},"median":{"confidence_interval":{"confidence_level":0.95,"lower_bound":6522216.3125,"upper_bound":6523702.25},"point_estimate":6522731.75,"standard_error":352.7905257170433},"median_abs_dev":{"confidence_interval":{"confidence_level":0.95,"lower_bound":2036.9070388376713,"upper_bound":3291.0012915730476},"point_estimate":2548.4966922551394,"standard_error":330.5798072923271},"slope":null,"std_dev":{"confidence_interval":{"confidence_level":0.95,"lower_bound":11611.75006040435,"upper_bound":36449.13038279833},"point_estimate":25668.404523478555,"standard_error":6576.280133885807}}