{"mean":{"confidence_interval":{"confidence_level":0.95,"lower_bound":-0.2234250215597679,"upper_bound":-0.21087166394375279},"point_estimate":-0.21730801736965388,"standard_error":0.003197674228312725},"median":{"confidence_interval":{"confidence_level":0.95,"lower_bound":-0.22992299506393266,"upper_bound":-0.2143515054491647},"point_estimate":-0.22188560814893832,"standard_error":0.0037377451636828804}}