{"mean":{"confidence_interval":{"confidence_level":0.95,"lower_bound":0.006070342203152029,"upper_bound":0.010408485347567263},"point_estimate":0.008047907817222866,"standard_error":0.0011359205936870005},"median":{"confidence_interval":{"confidence_level":0.95,"lower_bound":0.0048536857474653,"upper_bound":0.0074661175345680335},"point_estimate":0.006200656562622475,"standard_error":0.0006742061762906956}}