{"mean":{"confidence_interval":{"confidence_level":0.95,"lower_bound":-0.0012783525023672719,"upper_bound":0.0032907927213686045},"point_estimate":0.0005769524636500822,"standard_error":0.0011445728313065923},"median":{"confidence_interval":{"confidence_level":0.95,"lower_bound":-0.0018704159196236692,"upper_bound":-0.00043752731046045216},"point_estimate":-0.0011824153621523559,"standard_error":0.000361185740997578}}