{"mean":{"confidence_interval":{"confidence_level":0.95,"lower_bound":-0.17656485779837044,"upper_bound":-0.1532980590455103},"point_estimate":-0.16465769230973315,"standard_error":0.00589733824538002},"median":{"confidence_interval":{"confidence_level":0.95,"lower_bound":-0.17078814806666232,"upper_bound":-0.14803893632091503},"point_estimate":-0.15890222435843748,"standard_error":0.005763793608201057}}