{"mean":{"confidence_interval":{"confidence_level":0.95,"lower_bound":-0.002000437618698317,"upper_bound":0.003501597162539903},"point_estimate":0.0007474579878461451,"standard_error":0.0013986639336353512},"median":{"confidence_interval":{"confidence_level":0.95,"lower_bound":-0.0005086094943733688,"upper_bound":0.0020479154750994155},"point_estimate":0.0007252839522990939,"standard_error":0.0005900696187338432}}