{"mean":{"confidence_interval":{"confidence_level":0.95,"lower_bound":-0.001971496467673428,"upper_bound":0.00199912984052521},"point_estimate":0.00033106293231344175,"standard_error":0.0010260981336975867},"median":{"confidence_interval":{"confidence_level":0.95,"lower_bound":0.00017691193822955142,"upper_bound":0.0023633989474314276},"point_estimate":0.0013385399315131163,"standard_error":0.0005176028244580576}}