{"mean":{"confidence_interval":{"confidence_level":0.95,"lower_bound":-0.0015302923380830973,"upper_bound":0.0019408589543072228},"point_estimate":0.00020212265338348523,"standard_error":0.0008867033588639267},"median":{"confidence_interval":{"confidence_level":0.95,"lower_bound":-0.003258460523713369,"upper_bound":0.0018360611953023298},"point_estimate":0.00017453061200178865,"standard_error":0.0012768287907241871}}