{"mean":{"confidence_interval":{"confidence_level":0.95,"lower_bound":-0.0020425373318724484,"upper_bound":0.0013256305116119188},"point_estimate":-0.00036355649975305937,"standard_error":0.0008600671966713285},"median":{"confidence_interval":{"confidence_level":0.95,"lower_bound":-0.0015486936904145106,"upper_bound":0.0008328598554063633},"point_estimate":-0.0007088750036243763,"standard_error":0.00061653887085219}}