{"mean":{"confidence_interval":{"confidence_level":0.95,"lower_bound":-0.00009849728267116442,"upper_bound":0.00634851165143657},"point_estimate":0.0025293878690402227,"standard_error":0.0016618305564789855},"median":{"confidence_interval":{"confidence_level":0.95,"lower_bound":-0.0004074339632106731,"upper_bound":0.0015476657663542337},"point_estimate":0.0002669676320616876,"standard_error":0.0005230896807097695}}