{"mean":{"confidence_interval":{"confidence_level":0.95,"lower_bound":-0.0019215662378295553,"upper_bound":0.0024599278438195427},"point_estimate":0.0003709480687570377,"standard_error":0.0011133034754051984},"median":{"confidence_interval":{"confidence_level":0.95,"lower_bound":-0.0004338864864054104,"upper_bound":0.0022235597137103547},"point_estimate":0.0008432307275827444,"standard_error":0.000665674548087489}}