{"mean":{"confidence_interval":{"confidence_level":0.95,"lower_bound":0.0005085486037984644,"upper_bound":0.004225216312968248},"point_estimate":0.0023115861969333906,"standard_error":0.0009507296796043652},"median":{"confidence_interval":{"confidence_level":0.95,"lower_bound":0.0019483410479488317,"upper_bound":0.0054644073267196},"point_estimate":0.0042979248549888105,"standard_error":0.0008690707938411331}}