{"mean":{"confidence_interval":{"confidence_level":0.95,"lower_bound":-0.0003503010252304443,"upper_bound":0.0021393113564297625},"point_estimate":0.0009982823990435374,"standard_error":0.0006331279078721987},"median":{"confidence_interval":{"confidence_level":0.95,"lower_bound":0.00038247731956642106,"upper_bound":0.0024781242157649874},"point_estimate":0.0014939820569630502,"standard_error":0.0004901351125450343}}