{"mean":{"confidence_interval":{"confidence_level":0.95,"lower_bound":-0.004360633325724528,"upper_bound":-0.00018658450064684486},"point_estimate":-0.0020291355355862573,"standard_error":0.0010666454322661178},"median":{"confidence_interval":{"confidence_level":0.95,"lower_bound":-0.0027512255156385557,"upper_bound":9.0090143931576e-6},"point_estimate":-0.0010956944261408808,"standard_error":0.000688155444652637}}