{"mean":{"confidence_interval":{"confidence_level":0.95,"lower_bound":-0.002123068351965304,"upper_bound":0.002500577365675208},"point_estimate":-0.00009195524354610463,"standard_error":0.0012007848218157735},"median":{"confidence_interval":{"confidence_level":0.95,"lower_bound":-0.0024221506474427835,"upper_bound":-0.00038874252589315983},"point_estimate":-0.0012316242873549044,"standard_error":0.0005397273728323568}}