{"mean":{"confidence_interval":{"confidence_level":0.95,"lower_bound":-0.003969784003543219,"upper_bound":-0.00019410946652043126},"point_estimate":-0.001971204339029864,"standard_error":0.0009619433506180214},"median":{"confidence_interval":{"confidence_level":0.95,"lower_bound":-0.002906774584767291,"upper_bound":-0.00047306458226203935},"point_estimate":-0.0019980816680937874,"standard_error":0.0006292735781788184}}