{"mean":{"confidence_interval":{"confidence_level":0.95,"lower_bound":-0.0011022713993440534,"upper_bound":0.0030347561504531144},"point_estimate":0.0009472652245485769,"standard_error":0.0010450023933287653},"median":{"confidence_interval":{"confidence_level":0.95,"lower_bound":-0.0014123277076048821,"upper_bound":0.001579307395577434},"point_estimate":0.00008367336202175224,"standard_error":0.0007731494129800284}}