{"mean":{"confidence_interval":{"confidence_level":0.95,"lower_bound":-0.015881611993015368,"upper_bound":-0.004522896419922624},"point_estimate":-0.009529018609366946,"standard_error":0.0029217796586063715},"median":{"confidence_interval":{"confidence_level":0.95,"lower_bound":-0.006074706992280571,"upper_bound":-0.0024271418573081904},"point_estimate":-0.0037277389567903496,"standard_error":0.0009193225687289195}}