{"mean":{"confidence_interval":{"confidence_level":0.95,"lower_bound":0.000712447761165197,"upper_bound":0.00641921018690228},"point_estimate":0.0034349809122253827,"standard_error":0.0014559636023424478},"median":{"confidence_interval":{"confidence_level":0.95,"lower_bound":0.0010006749019713101,"upper_bound":0.0043190660637537626},"point_estimate":0.002624237586843936,"standard_error":0.0008731829455054328}}