{"mean":{"confidence_interval":{"confidence_level":0.95,"lower_bound":-0.003723116026216233,"upper_bound":-0.0009480978059837777},"point_estimate":-0.0022197546487606745,"standard_error":0.0007102466562362669},"median":{"confidence_interval":{"confidence_level":0.95,"lower_bound":-0.0021978996785727567,"upper_bound":-0.0006701286031252085},"point_estimate":-0.0015666294529937952,"standard_error":0.0003954644707655868}}