{"mean":{"confidence_interval":{"confidence_level":0.95,"lower_bound":-0.004948621939320488,"upper_bound":-0.0006926295492217604},"point_estimate":-0.002683487790697048,"standard_error":0.001088813554313945},"median":{"confidence_interval":{"confidence_level":0.95,"lower_bound":-0.0021266418917846863,"upper_bound":0.00010327024819245523},"point_estimate":-0.0012032983925499563,"standard_error":0.0005633421587514928}}