{"mean":{"confidence_interval":{"confidence_level":0.95,"lower_bound":-0.0030161122145210212,"upper_bound":0.0007943937360955332},"point_estimate":-0.0009543317127824746,"standard_error":0.0009731248720923742},"median":{"confidence_interval":{"confidence_level":0.95,"lower_bound":-0.001498042838236957,"upper_bound":0.0009789209851473629},"point_estimate":-0.0003467612565694056,"standard_error":0.0005915941624907804}}