{"mean":{"confidence_interval":{"confidence_level":0.95,"lower_bound":-0.2712799773507777,"upper_bound":-0.2689579557747332},"point_estimate":-0.27024942098051685,"standard_error":0.0005997142579608562},"median":{"confidence_interval":{"confidence_level":0.95,"lower_bound":-0.2723527354457953,"upper_bound":-0.2700947828348764},"point_estimate":-0.2714711945047924,"standard_error":0.0005891644163635536}}