{"mean":{"confidence_interval":{"confidence_level":0.95,"lower_bound":-0.12947233928847743,"upper_bound":-0.1276985460352264},"point_estimate":-0.12858075497791355,"standard_error":0.00043961575506035546},"median":{"confidence_interval":{"confidence_level":0.95,"lower_bound":-0.12980731969796644,"upper_bound":-0.1275342584939292},"point_estimate":-0.12866461833242604,"standard_error":0.0005564166817790716}}