{"mean":{"confidence_interval":{"confidence_level":0.95,"lower_bound":0.0034402240232532023,"upper_bound":0.014377898757190118},"point_estimate":0.008342971194906124,"standard_error":0.00305142519482317},"median":{"confidence_interval":{"confidence_level":0.95,"lower_bound":0.0033821992741824847,"upper_bound":0.00651173033438357},"point_estimate":0.00498895017593548,"standard_error":0.000820772543785981}}