{"mean":{"confidence_interval":{"confidence_level":0.95,"lower_bound":-0.004640342119590082,"upper_bound":-0.00029397008084662573},"point_estimate":-0.0024237041914995094,"standard_error":0.001101299170264587},"median":{"confidence_interval":{"confidence_level":0.95,"lower_bound":-0.0028072158782758453,"upper_bound":-0.0006947430027803352},"point_estimate":-0.0019204074379209901,"standard_error":0.000531390036399421}}