{"mean":{"confidence_interval":{"confidence_level":0.95,"lower_bound":0.00015583441449411065,"upper_bound":0.0053145147346007875},"point_estimate":0.0026087786636941335,"standard_error":0.0013449418385965395},"median":{"confidence_interval":{"confidence_level":0.95,"lower_bound":-0.00028065473959693055,"upper_bound":0.0030668822664945417},"point_estimate":0.0009934390828616468,"standard_error":0.0008675300225608645}}