{"mean":{"confidence_interval":{"confidence_level":0.95,"lower_bound":-0.0014079162694055375,"upper_bound":0.00107618498743936},"point_estimate":-0.0002477190240365301,"standard_error":0.0006301616511364639},"median":{"confidence_interval":{"confidence_level":0.95,"lower_bound":-0.0016697065816074774,"upper_bound":0.0004093843030872346},"point_estimate":-0.0005620291299102131,"standard_error":0.0005431848516563606}}