{"mean":{"confidence_interval":{"confidence_level":0.95,"lower_bound":-0.003350081021424622,"upper_bound":-0.0006918780107064704},"point_estimate":-0.001991664946291105,"standard_error":0.0006772064065044274},"median":{"confidence_interval":{"confidence_level":0.95,"lower_bound":-0.002249402966680414,"upper_bound":-0.0007384497373369436},"point_estimate":-0.0015458219466567558,"standard_error":0.0003898571942198321}}