{"mean":{"confidence_interval":{"confidence_level":0.95,"lower_bound":-0.002048900879845028,"upper_bound":0.007217943176193822},"point_estimate":0.001570366567777981,"standard_error":0.0023852096714682084},"median":{"confidence_interval":{"confidence_level":0.95,"lower_bound":-0.0009985138899658928,"upper_bound":0.001006035692176166},"point_estimate":-0.000022048320456713455,"standard_error":0.0005125253441475775}}