{"mean":{"confidence_interval":{"confidence_level":0.95,"lower_bound":-0.11980075302620284,"upper_bound":-0.11874203602399443},"point_estimate":-0.11927741568014294,"standard_error":0.0002690978127472972},"median":{"confidence_interval":{"confidence_level":0.95,"lower_bound":-0.11988311632437783,"upper_bound":-0.11872020782171433},"point_estimate":-0.11942237729235972,"standard_error":0.00031764394091336723}}