{"mean":{"confidence_interval":{"confidence_level":0.95,"lower_bound":-0.0006101639147998047,"upper_bound":0.003953930763433537},"point_estimate":0.0013595978075224835,"standard_error":0.0011597428756124147},"median":{"confidence_interval":{"confidence_level":0.95,"lower_bound":-0.000039611781469828244,"upper_bound":0.002322643054764262},"point_estimate":0.0012692770718238933,"standard_error":0.000606191961642806}}