{"mean":{"confidence_interval":{"confidence_level":0.95,"lower_bound":0.0005353998759471956,"upper_bound":0.003108882357069387},"point_estimate":0.0017352228634865963,"standard_error":0.0006629722567419222},"median":{"confidence_interval":{"confidence_level":0.95,"lower_bound":0.00010055748213710913,"upper_bound":0.0027113000815235377},"point_estimate":0.0012799386579889216,"standard_error":0.0006559586616489365}}