{"mean":{"confidence_interval":{"confidence_level":0.95,"lower_bound":-0.026604734495359602,"upper_bound":-0.018558288407325648},"point_estimate":-0.02248579895918812,"standard_error":0.002084455501006109},"median":{"confidence_interval":{"confidence_level":0.95,"lower_bound":-0.030648540263256918,"upper_bound":-0.016205464145435576},"point_estimate":-0.019688107717571013,"standard_error":0.003413400202959228}}