{"mean":{"confidence_interval":{"confidence_level":0.95,"lower_bound":0.0003011038408399003,"upper_bound":0.0027096270422990454},"point_estimate":0.0014664543321531998,"standard_error":0.0006153815516221715},"median":{"confidence_interval":{"confidence_level":0.95,"lower_bound":-0.00011480068665145551,"upper_bound":0.0020541877155266786},"point_estimate":0.0009675337095949033,"standard_error":0.0006118103013966253}}