{"mean":{"confidence_interval":{"confidence_level":0.95,"lower_bound":-0.001461790700224796,"upper_bound":0.0032449936935568797},"point_estimate":0.0005548739166914007,"standard_error":0.0011976456500788382},"median":{"confidence_interval":{"confidence_level":0.95,"lower_bound":-0.0012441645086148645,"upper_bound":0.0008841078393928559},"point_estimate":-0.00027057508305461386,"standard_error":0.0005908339840815582}}