{"mean":{"confidence_interval":{"confidence_level":0.95,"lower_bound":-0.004146730188518436,"upper_bound":-0.0011550963999659894},"point_estimate":-0.002529788715865511,"standard_error":0.0007648842096682051},"median":{"confidence_interval":{"confidence_level":0.95,"lower_bound":-0.0023031682082000904,"upper_bound":-0.000670057805718143},"point_estimate":-0.0015036274965651852,"standard_error":0.00041833076205357255}}