{"mean":{"confidence_interval":{"confidence_level":0.95,"lower_bound":0.19926214083996308,"upper_bound":0.20126641675547496},"point_estimate":0.20041037104224246,"standard_error":0.0005172071336249077},"median":{"confidence_interval":{"confidence_level":0.95,"lower_bound":0.2003724023201947,"upper_bound":0.2013690174912499},"point_estimate":0.20081446090585198,"standard_error":0.0002711297071239724}}