{"mean":{"confidence_interval":{"confidence_level":0.95,"lower_bound":-0.0011683341084980838,"upper_bound":0.001563994670695999},"point_estimate":0.00017659010698367616,"standard_error":0.0006969253679954304},"median":{"confidence_interval":{"confidence_level":0.95,"lower_bound":-0.001162789658462839,"upper_bound":0.0002659511595219536},"point_estimate":-0.0006072377138727214,"standard_error":0.000356463706702339}}