{"mean":{"confidence_interval":{"confidence_level":0.95,"lower_bound":-0.0002662061663319253,"upper_bound":0.0007379901669077812},"point_estimate":0.0002190970912108181,"standard_error":0.0002549205831237},"median":{"confidence_interval":{"confidence_level":0.95,"lower_bound":-0.00017076715076125293,"upper_bound":0.0006348645988427659},"point_estimate":0.00022806123751473173,"standard_error":0.00020932266639168325}}