{"mean":{"confidence_interval":{"confidence_level":0.95,"lower_bound":-0.001426931171293199,"upper_bound":0.001714463623092577},"point_estimate":0.00021780750854127895,"standard_error":0.0008050049853005076},"median":{"confidence_interval":{"confidence_level":0.95,"lower_bound":0.00015325738996208038,"upper_bound":0.0016701604899802547},"point_estimate":0.0010508536115241274,"standard_error":0.000380532397070996}}