{"mean":{"confidence_interval":{"confidence_level":0.95,"lower_bound":-0.004600747792806109,"upper_bound":-0.000867786844343313},"point_estimate":-0.0026096535658485243,"standard_error":0.000954022784772323},"median":{"confidence_interval":{"confidence_level":0.95,"lower_bound":-0.002747971129560045,"upper_bound":-0.0008387698110472463},"point_estimate":-0.0016844110711127236,"standard_error":0.0005031948737425984}}