{"mean":{"confidence_interval":{"confidence_level":0.95,"lower_bound":-0.009349940678532469,"upper_bound":-0.005626839398407342},"point_estimate":-0.007437622438684399,"standard_error":0.0009485269683921188},"median":{"confidence_interval":{"confidence_level":0.95,"lower_bound":-0.010461954041256716,"upper_bound":-0.0067698499171223725},"point_estimate":-0.009227684389483515,"standard_error":0.0009395760931321833}}