{"mean":{"confidence_interval":{"confidence_level":0.95,"lower_bound":-0.000019865157157380477,"upper_bound":0.006336376216271589},"point_estimate":0.0027940580398497783,"standard_error":0.0016348784866612072},"median":{"confidence_interval":{"confidence_level":0.95,"lower_bound":0.0001188110089975769,"upper_bound":0.0020406201644405098},"point_estimate":0.0011093272071012183,"standard_error":0.0004928607603349369}}