{"mean":{"confidence_interval":{"confidence_level":0.95,"lower_bound":0.0025421413520649865,"upper_bound":0.01522548662002352},"point_estimate":0.007845359097187421,"standard_error":0.003152800704702186},"median":{"confidence_interval":{"confidence_level":0.95,"lower_bound":0.005511242695027452,"upper_bound":0.007796604751562519},"point_estimate":0.006556414955257717,"standard_error":0.0005932382267722593}}