{"mean":{"confidence_interval":{"confidence_level":0.95,"lower_bound":-0.0007545561564148429,"upper_bound":0.003922357776249985},"point_estimate":0.0014819325320951648,"standard_error":0.0011850770766212418},"median":{"confidence_interval":{"confidence_level":0.95,"lower_bound":-0.0004904049708931847,"upper_bound":0.0023807139889157666},"point_estimate":0.0011759358260838848,"standard_error":0.0007945662156656708}}