{"mean":{"confidence_interval":{"confidence_level":0.95,"lower_bound":-0.20031058103662253,"upper_bound":-0.19818264119414836},"point_estimate":-0.19922365121771612,"standard_error":0.0005447766267798571},"median":{"confidence_interval":{"confidence_level":0.95,"lower_bound":-0.20009687728275705,"upper_bound":-0.19840122202844002},"point_estimate":-0.19935457151821934,"standard_error":0.00044740549587911897}}