{"mean":{"confidence_interval":{"confidence_level":0.95,"lower_bound":-0.0062359753558803455,"upper_bound":0.0009311519645717577},"point_estimate":-0.002613853214684214,"standard_error":0.0018185662021789053},"median":{"confidence_interval":{"confidence_level":0.95,"lower_bound":-0.0034076177597230917,"upper_bound":-0.001763646793740832},"point_estimate":-0.002599977851303392,"standard_error":0.00040546201512297117}}