{"mean":{"confidence_interval":{"confidence_level":0.95,"lower_bound":-0.003227791844976182,"upper_bound":0.00007334856873085546},"point_estimate":-0.0016058241398211326,"standard_error":0.0008476216996751437},"median":{"confidence_interval":{"confidence_level":0.95,"lower_bound":-0.006821463097026803,"upper_bound":0.0038273617909299062},"point_estimate":-0.0015888016427976215,"standard_error":0.002855567161347462}}