{"mean":{"confidence_interval":{"confidence_level":0.95,"lower_bound":-0.37438646013040794,"upper_bound":-0.37293568234159674},"point_estimate":-0.37368286811514895,"standard_error":0.00036978007566398024},"median":{"confidence_interval":{"confidence_level":0.95,"lower_bound":-0.3762074242498201,"upper_bound":-0.3716981241150277},"point_estimate":-0.372440261437891,"standard_error":0.0016873448526388156}}