{"mean":{"confidence_interval":{"confidence_level":0.95,"lower_bound":-0.03293681686104341,"upper_bound":-0.02280602725482865},"point_estimate":-0.02819123985885419,"standard_error":0.0025801743772607415},"median":{"confidence_interval":{"confidence_level":0.95,"lower_bound":-0.04568301020191512,"upper_bound":-0.03797888116535053},"point_estimate":-0.043221476527254166,"standard_error":0.0022753625255325705}}