{"mean":{"confidence_interval":{"confidence_level":0.95,"lower_bound":-0.12433135803636063,"upper_bound":-0.04891028608911778},"point_estimate":-0.09898629529447711,"standard_error":0.024466053243652777},"median":{"confidence_interval":{"confidence_level":0.95,"lower_bound":-0.1250242402940629,"upper_bound":-0.12388573514032153},"point_estimate":-0.12449513817027869,"standard_error":0.00030242777547086924}}