{"mean":{"confidence_interval":{"confidence_level":0.95,"lower_bound":-0.32033960732482136,"upper_bound":-0.31724567353046107},"point_estimate":-0.3187878123886585,"standard_error":0.0007861980957905859},"median":{"confidence_interval":{"confidence_level":0.95,"lower_bound":-0.32117582778539244,"upper_bound":-0.3168180297643408},"point_estimate":-0.3187662636567512,"standard_error":0.0011225263828484697}}