{"mean":{"confidence_interval":{"confidence_level":0.95,"lower_bound":0.239297721641344,"upper_bound":0.2441334132540042},"point_estimate":0.2417774098051504,"standard_error":0.0012315744197087602},"median":{"confidence_interval":{"confidence_level":0.95,"lower_bound":0.2411700574933629,"upper_bound":0.24643831650389725},"point_estimate":0.2432295000942506,"standard_error":0.0013744678627998605}}