{"mean":{"confidence_interval":{"confidence_level":0.95,"lower_bound":0.05290152570946734,"upper_bound":0.06856085923318786},"point_estimate":0.06058994485707392,"standard_error":0.004008021463516655},"median":{"confidence_interval":{"confidence_level":0.95,"lower_bound":0.04551526677879503,"upper_bound":0.06735862394386155},"point_estimate":0.054606956237986504,"standard_error":0.00755118529779904}}