{"mean":{"confidence_interval":{"confidence_level":0.95,"lower_bound":-0.012887581333282352,"upper_bound":0.011658552158844671},"point_estimate":0.0003612620904156483,"standard_error":0.006268153870248864},"median":{"confidence_interval":{"confidence_level":0.95,"lower_bound":0.0001791605470633506,"upper_bound":0.021232979487713965},"point_estimate":0.016670917559439946,"standard_error":0.0068439398396539525}}