{"mean":{"confidence_interval":{"confidence_level":0.95,"lower_bound":0.02001690958728868,"upper_bound":0.0377519565734675},"point_estimate":0.028670914443031492,"standard_error":0.00453003590091315},"median":{"confidence_interval":{"confidence_level":0.95,"lower_bound":0.01683357653683082,"upper_bound":0.03815996745117811},"point_estimate":0.03450882131496358,"standard_error":0.0057986139630544584}}