{"mean":{"confidence_interval":{"confidence_level":0.95,"lower_bound":0.006206728182825169,"upper_bound":0.02659427526609775},"point_estimate":0.015974324700746223,"standard_error":0.0052976392010270846},"median":{"confidence_interval":{"confidence_level":0.95,"lower_bound":-0.00012016389364866153,"upper_bound":0.02245504811600917},"point_estimate":0.012585426411326539,"standard_error":0.005575224093030833}}