{"mean":{"confidence_interval":{"confidence_level":0.95,"lower_bound":0.07935790790272754,"upper_bound":0.1722176942572187},"point_estimate":0.13935589199424658,"standard_error":0.03058605560020932},"median":{"confidence_interval":{"confidence_level":0.95,"lower_bound":0.17185453087740954,"upper_bound":0.17264383385228982},"point_estimate":0.17216639040798154,"standard_error":0.00019468987532232293}}