{"mean":{"confidence_interval":{"confidence_level":0.95,"lower_bound":0.0015039211923608634,"upper_bound":0.0050256272495602045},"point_estimate":0.003245251787264758,"standard_error":0.0008962251305818372},"median":{"confidence_interval":{"confidence_level":0.95,"lower_bound":0.0020102464214661886,"upper_bound":0.004268420416473129},"point_estimate":0.0032576188080466473,"standard_error":0.0005990643253175751}}