{"mean":{"confidence_interval":{"confidence_level":0.95,"lower_bound":-0.015995142847321835,"upper_bound":-0.01195426561829005},"point_estimate":-0.013923899143103768,"standard_error":0.001041622698125523},"median":{"confidence_interval":{"confidence_level":0.95,"lower_bound":-0.01356640695071809,"upper_bound":-0.011341303582013164},"point_estimate":-0.012287901019302772,"standard_error":0.0005570738007343731}}