{"mean":{"confidence_interval":{"confidence_level":0.95,"lower_bound":-0.011390625400146931,"upper_bound":0.005464344782688689},"point_estimate":-0.0028215318804115652,"standard_error":0.004303268681501703},"median":{"confidence_interval":{"confidence_level":0.95,"lower_bound":-0.00979738768673688,"upper_bound":0.012839420599305743},"point_estimate":-0.001084155262959463,"standard_error":0.006217374658686075}}