{"mean":{"confidence_interval":{"confidence_level":0.95,"lower_bound":-0.003575377155756104,"upper_bound":-0.0015534070961809815},"point_estimate":-0.002577734682259636,"standard_error":0.0005187965359466183},"median":{"confidence_interval":{"confidence_level":0.95,"lower_bound":-0.0033899587130623117,"upper_bound":-0.0009376961689580021},"point_estimate":-0.0021079904590773912,"standard_error":0.0006419111456800082}}