{"mean":{"confidence_interval":{"confidence_level":0.95,"lower_bound":-0.027851054896754077,"upper_bound":-0.005702263715061235},"point_estimate":-0.0168864313110324,"standard_error":0.005669676178988017},"median":{"confidence_interval":{"confidence_level":0.95,"lower_bound":-0.028102825566756695,"upper_bound":-0.009753880975052465},"point_estimate":-0.021656321523757294,"standard_error":0.004956997109648814}}