{"mean":{"confidence_interval":{"confidence_level":0.95,"lower_bound":0.24252001753892719,"upper_bound":0.2477939877798568},"point_estimate":0.24522890327740132,"standard_error":0.00134633322053198},"median":{"confidence_interval":{"confidence_level":0.95,"lower_bound":0.24576624032757177,"upper_bound":0.25188088993737967},"point_estimate":0.24926065456982416,"standard_error":0.0016495782449047075}}