{"mean":{"confidence_interval":{"confidence_level":0.95,"lower_bound":-0.03291705391208247,"upper_bound":-0.024817223704617652},"point_estimate":-0.029024543766065114,"standard_error":0.0020581210035630192},"median":{"confidence_interval":{"confidence_level":0.95,"lower_bound":-0.034058374676813497,"upper_bound":-0.01987225588626107},"point_estimate":-0.02672057414622897,"standard_error":0.0037697888762318723}}