{"mean":{"confidence_interval":{"confidence_level":0.95,"lower_bound":-0.1664252627985932,"upper_bound":-0.16264955773276824},"point_estimate":-0.16493014761323055,"standard_error":0.001002960364566788},"median":{"confidence_interval":{"confidence_level":0.95,"lower_bound":-0.16631535586224722,"upper_bound":-0.1646276791829393},"point_estimate":-0.16534833132712623,"standard_error":0.0004413664203606725}}