{"mean":{"confidence_interval":{"confidence_level":0.95,"lower_bound":0.07442315721131869,"upper_bound":0.09690925606094898},"point_estimate":0.0853836984063352,"standard_error":0.005724561294857786},"median":{"confidence_interval":{"confidence_level":0.95,"lower_bound":0.0759206828267387,"upper_bound":0.10600635350593102},"point_estimate":0.08624865285984629,"standard_error":0.006841075764776081}}