{"mean":{"confidence_interval":{"confidence_level":0.95,"lower_bound":0.05099430845500599,"upper_bound":0.08296074459228842},"point_estimate":0.06584519137095124,"standard_error":0.008152467081224312},"median":{"confidence_interval":{"confidence_level":0.95,"lower_bound":0.041442777392697444,"upper_bound":0.08464071003346252},"point_estimate":0.06197140595947759,"standard_error":0.011872892317223572}}