{"mean":{"confidence_interval":{"confidence_level":0.95,"lower_bound":0.003647090316813602,"upper_bound":0.007038633085930854},"point_estimate":0.0053006937222896955,"standard_error":0.0008629683558267857},"median":{"confidence_interval":{"confidence_level":0.95,"lower_bound":0.005748153968095027,"upper_bound":0.007857672935911442},"point_estimate":0.006882020918932197,"standard_error":0.0005409543649225895}}