{"mean":{"confidence_interval":{"confidence_level":0.95,"lower_bound":0.0028602010396104717,"upper_bound":0.006291737770665294},"point_estimate":0.004623958714501608,"standard_error":0.0008785837681177751},"median":{"confidence_interval":{"confidence_level":0.95,"lower_bound":0.005847067490185271,"upper_bound":0.007498397772656317},"point_estimate":0.006542587824640345,"standard_error":0.00041763233487306686}}