{"mean":{"confidence_interval":{"confidence_level":0.95,"lower_bound":0.0021591677886507077,"upper_bound":0.0203565264589403},"point_estimate":0.008572771163104287,"standard_error":0.005313476826151529},"median":{"confidence_interval":{"confidence_level":0.95,"lower_bound":0.0017817542155862398,"upper_bound":0.0036904949764604567},"point_estimate":0.0027046839356563712,"standard_error":0.00048426097673773944}}