{"mean":{"confidence_interval":{"confidence_level":0.95,"lower_bound":0.19926835593655096,"upper_bound":0.2017663032836576},"point_estimate":0.20049490615206,"standard_error":0.0006374608093741166},"median":{"confidence_interval":{"confidence_level":0.95,"lower_bound":0.19852431260512304,"upper_bound":0.20112799477485863},"point_estimate":0.19979116918392048,"standard_error":0.0006519284996219533}}