{"mean":{"confidence_interval":{"confidence_level":0.95,"lower_bound":-0.002878525170953097,"upper_bound":-0.000178276992934013},"point_estimate":-0.0015075778909316995,"standard_error":0.0006849296499861126},"median":{"confidence_interval":{"confidence_level":0.95,"lower_bound":-0.001182503975323712,"upper_bound":-0.000010401948476568279},"point_estimate":-0.000567932046615871,"standard_error":0.00030113011972641643}}