{"mean":{"confidence_interval":{"confidence_level":0.95,"lower_bound":-0.09790332224935368,"upper_bound":-0.08118536277763375},"point_estimate":-0.09000466150714681,"standard_error":0.004036590294042665},"median":{"confidence_interval":{"confidence_level":0.95,"lower_bound":-0.10201437591625019,"upper_bound":-0.08466147553829428},"point_estimate":-0.09856283184461945,"standard_error":0.0036582097053930694}}