{"mean":{"confidence_interval":{"confidence_level":0.95,"lower_bound":-0.031108355543044253,"upper_bound":-0.01632657429042772},"point_estimate":-0.023635180710921855,"standard_error":0.0037726853614442417},"median":{"confidence_interval":{"confidence_level":0.95,"lower_bound":-0.03456652455675857,"upper_bound":-0.017104553400056788},"point_estimate":-0.018933227240752082,"standard_error":0.005149805760097545}}