{"mean":{"confidence_interval":{"confidence_level":0.95,"lower_bound":0.24457410705092175,"upper_bound":0.24831823203750183},"point_estimate":0.24646313856218538,"standard_error":0.0009529211616971967},"median":{"confidence_interval":{"confidence_level":0.95,"lower_bound":0.24557128787138516,"upper_bound":0.25045076323148563},"point_estimate":0.24789227755731957,"standard_error":0.001357452139663099}}