{"mean":{"confidence_interval":{"confidence_level":0.95,"lower_bound":-0.004506798018185321,"upper_bound":-0.0023592235497123405},"point_estimate":-0.0035019768783822736,"standard_error":0.0005469586656344092},"median":{"confidence_interval":{"confidence_level":0.95,"lower_bound":-0.004933395662555018,"upper_bound":-0.0014235828616182555},"point_estimate":-0.0036397492164434997,"standard_error":0.0009290840792654018}}