{"mean":{"confidence_interval":{"confidence_level":0.95,"lower_bound":0.18310463221908738,"upper_bound":0.18669777075425945},"point_estimate":0.18492696132318653,"standard_error":0.0009165130910090686},"median":{"confidence_interval":{"confidence_level":0.95,"lower_bound":0.18496487399968564,"upper_bound":0.1881958440635365},"point_estimate":0.18722489459724567,"standard_error":0.0008918810847657382}}