{"mean":{"confidence_interval":{"confidence_level":0.95,"lower_bound":-0.05812600936063298,"upper_bound":-0.05324111201493538},"point_estimate":-0.055835577610429454,"standard_error":0.0012460721967775658},"median":{"confidence_interval":{"confidence_level":0.95,"lower_bound":-0.06287750510684309,"upper_bound":-0.06076117567269346},"point_estimate":-0.06195991840184378,"standard_error":0.0005295095900374385}}