{"mean":{"confidence_interval":{"confidence_level":0.95,"lower_bound":0.23296248819394708,"upper_bound":0.23907739264182282},"point_estimate":0.2361171608246755,"standard_error":0.0015667082658700987},"median":{"confidence_interval":{"confidence_level":0.95,"lower_bound":0.23749376155804572,"upper_bound":0.24266839093138382},"point_estimate":0.23925038087556527,"standard_error":0.0014302881068642298}}