{"mean":{"confidence_interval":{"confidence_level":0.95,"lower_bound":-0.03148703409651906,"upper_bound":-0.016482336805575443},"point_estimate":-0.024193286438397466,"standard_error":0.003801981601052917},"median":{"confidence_interval":{"confidence_level":0.95,"lower_bound":-0.028186190693739843,"upper_bound":-0.013877208646343517},"point_estimate":-0.01790228098651392,"standard_error":0.0036480726453663654}}