{"mean":{"confidence_interval":{"confidence_level":0.95,"lower_bound":0.0019082084229123722,"upper_bound":0.00487305766420491},"point_estimate":0.0033851058229932285,"standard_error":0.0007511805975321991},"median":{"confidence_interval":{"confidence_level":0.95,"lower_bound":0.002908527663909035,"upper_bound":0.00624257074836021},"point_estimate":0.005312116589576643,"standard_error":0.0008813510570050581}}