{"mean":{"confidence_interval":{"confidence_level":0.95,"lower_bound":-0.15376973249015596,"upper_bound":-0.14366247774256716},"point_estimate":-0.14886081467757428,"standard_error":0.0027083941084965145},"median":{"confidence_interval":{"confidence_level":0.95,"lower_bound":-0.15958217372399341,"upper_bound":-0.14747508644337148},"point_estimate":-0.15233350347364072,"standard_error":0.0029723249795961235}}