{"mean":{"confidence_interval":{"confidence_level":0.95,"lower_bound":-0.16587622494320825,"upper_bound":-0.1644195890444074},"point_estimate":-0.16514803207830897,"standard_error":0.0003703296857399327},"median":{"confidence_interval":{"confidence_level":0.95,"lower_bound":-0.1661364647909661,"upper_bound":-0.16417548785590197},"point_estimate":-0.16524526458376,"standard_error":0.000501163715639548}}