{"mean":{"confidence_interval":{"confidence_level":0.95,"lower_bound":-0.01837728479531875,"upper_bound":-0.00972457131223814},"point_estimate":-0.013978742634030317,"standard_error":0.002208302966437974},"median":{"confidence_interval":{"confidence_level":0.95,"lower_bound":-0.017464153858419262,"upper_bound":-0.006938992934765964},"point_estimate":-0.011083029624099017,"standard_error":0.002714464976435938}}