{"mean":{"confidence_interval":{"confidence_level":0.95,"lower_bound":0.0015330784419784528,"upper_bound":0.004568455595757819},"point_estimate":0.003010493944600512,"standard_error":0.0007712742343479212},"median":{"confidence_interval":{"confidence_level":0.95,"lower_bound":0.0009745373777878541,"upper_bound":0.002725034836656759},"point_estimate":0.002052528956846933,"standard_error":0.0004445778867696885}}