{"mean":{"confidence_interval":{"confidence_level":0.95,"lower_bound":-0.028280458381863414,"upper_bound":-0.01849081163960998},"point_estimate":-0.023323681971652577,"standard_error":0.002480852892818532},"median":{"confidence_interval":{"confidence_level":0.95,"lower_bound":-0.026490474258147323,"upper_bound":-0.01737817803442321},"point_estimate":-0.022618849474937197,"standard_error":0.0022716823257015236}}