{"mean":{"confidence_interval":{"confidence_level":0.95,"lower_bound":0.0008615386403090751,"upper_bound":0.007323995135685318},"point_estimate":0.004252778355360087,"standard_error":0.0016538095815912012},"median":{"confidence_interval":{"confidence_level":0.95,"lower_bound":0.0024280333710327007,"upper_bound":0.012039966441621752},"point_estimate":0.00667751104445391,"standard_error":0.0027030741704924567}}