{"mean":{"confidence_interval":{"confidence_level":0.95,"lower_bound":0.058882599205345,"upper_bound":0.0690177342944295},"point_estimate":0.06419241897079409,"standard_error":0.002585044762447595},"median":{"confidence_interval":{"confidence_level":0.95,"lower_bound":0.058961011148996656,"upper_bound":0.06888334250353134},"point_estimate":0.06310878084758476,"standard_error":0.0023670819739772656}}