{"mean":{"confidence_interval":{"confidence_level":0.95,"lower_bound":-0.12169121560369393,"upper_bound":-0.11216642775752944},"point_estimate":-0.11612205839141765,"standard_error":0.002457505835962268},"median":{"confidence_interval":{"confidence_level":0.95,"lower_bound":-0.11670790600050947,"upper_bound":-0.11157561478175004},"point_estimate":-0.11398284405140235,"standard_error":0.0012727598703466114}}