{"mean":{"confidence_interval":{"confidence_level":0.95,"lower_bound":0.03144196156358539,"upper_bound":0.04103608562308965},"point_estimate":0.03652751506619367,"standard_error":0.0025387392316801286},"median":{"confidence_interval":{"confidence_level":0.95,"lower_bound":0.025411138749690268,"upper_bound":0.035805555316724025},"point_estimate":0.029894169248120273,"standard_error":0.0027874423256122817}}