{"mean":{"confidence_interval":{"confidence_level":0.95,"lower_bound":0.012228238760187011,"upper_bound":0.01711181550625618},"point_estimate":0.014694696091094528,"standard_error":0.001239556105027799},"median":{"confidence_interval":{"confidence_level":0.95,"lower_bound":0.0126867527688721,"upper_bound":0.01760124085259207},"point_estimate":0.014784038016079748,"standard_error":0.0012626288133958826}}