{"mean":{"confidence_interval":{"confidence_level":0.95,"lower_bound":0.0534624998327169,"upper_bound":0.05987880727335127},"point_estimate":0.05687016887642482,"standard_error":0.001627504491501889},"median":{"confidence_interval":{"confidence_level":0.95,"lower_bound":0.056163106299945253,"upper_bound":0.06372571358689116},"point_estimate":0.060824730014398476,"standard_error":0.0018725135344636393}}