{"mean":{"confidence_interval":{"confidence_level":0.95,"lower_bound":0.008455848955114309,"upper_bound":0.013104669428624354},"point_estimate":0.010786545406010983,"standard_error":0.001184915255936497},"median":{"confidence_interval":{"confidence_level":0.95,"lower_bound":0.00833720512878755,"upper_bound":0.013400551019040145},"point_estimate":0.010358038463913477,"standard_error":0.0012816828409070633}}