{"mean":{"confidence_interval":{"confidence_level":0.95,"lower_bound":57929009.86325,"upper_bound":58369401.747},"point_estimate":58126128.54,"standard_error":113369.9932455333},"median":{"confidence_interval":{"confidence_level":0.95,"lower_bound":57713831.0,"upper_bound":58020426.0},"point_estimate":57844816.0,"standard_error":70576.75678381285},"median_abs_dev":{"confidence_interval":{"confidence_level":0.95,"lower_bound":415275.12214489287,"upper_bound":680261.3459229469},"point_estimate":549991.9579356909,"standard_error":66815.60326830817},"slope":null,"std_dev":{"confidence_interval":{"confidence_level":0.95,"lower_bound":595071.5095038759,"upper_bound":1649953.341579794},"point_estimate":1135350.6469218694,"standard_error":281792.91920025623}}