{"mean":{"confidence_interval":{"confidence_level":0.95,"lower_bound":54093730.44525,"upper_bound":54677822.71},"point_estimate":54371764.05,"standard_error":149174.55358790274},"median":{"confidence_interval":{"confidence_level":0.95,"lower_bound":53803735.0,"upper_bound":54813982.0},"point_estimate":54171308.5,"standard_error":345390.4182521783},"median_abs_dev":{"confidence_interval":{"confidence_level":0.95,"lower_bound":754240.1194095612,"upper_bound":1280711.370062828},"point_estimate":1195317.3180788755,"standard_error":136855.86328898682},"slope":null,"std_dev":{"confidence_interval":{"confidence_level":0.95,"lower_bound":851976.3155630258,"upper_bound":2118485.419866903},"point_estimate":1500035.790104446,"standard_error":331572.2332220565}}