{"mean":{"confidence_interval":{"confidence_level":0.95,"lower_bound":14966.87543069931,"upper_bound":15053.78102276646},"point_estimate":15006.193888358137,"standard_error":22.27175247802974},"median":{"confidence_interval":{"confidence_level":0.95,"lower_bound":14935.460229808123,"upper_bound":14977.132875143185},"point_estimate":14950.58387888707,"standard_error":11.055683697680804},"median_abs_dev":{"confidence_interval":{"confidence_level":0.95,"lower_bound":53.83207847966813,"upper_bound":91.37000472460818},"point_estimate":70.60031849643897,"standard_error":9.33682554123864},"slope":{"confidence_interval":{"confidence_level":0.95,"lower_bound":14969.215823429475,"upper_bound":15100.262661044666},"point_estimate":15026.579497233306,"standard_error":33.70822758840198},"std_dev":{"confidence_interval":{"confidence_level":0.95,"lower_bound":112.67787039450921,"upper_bound":311.5135411020416},"point_estimate":224.48774918901663,"standard_error":50.4436862297888}}