{"mean":{"confidence_interval":{"confidence_level":0.95,"lower_bound":14868.5819916437,"upper_bound":14918.801303950024},"point_estimate":14890.305994965587,"standard_error":12.923618417364347},"median":{"confidence_interval":{"confidence_level":0.95,"lower_bound":14856.20634920635,"upper_bound":14873.230452674898},"point_estimate":14865.938665615971,"standard_error":4.606961278121568},"median_abs_dev":{"confidence_interval":{"confidence_level":0.95,"lower_bound":27.241202436686578,"upper_bound":56.16882415431945},"point_estimate":38.65257421033215,"standard_error":7.124753039882437},"slope":{"confidence_interval":{"confidence_level":0.95,"lower_bound":14872.052297587728,"upper_bound":14930.723272994905},"point_estimate":14897.520571400424,"standard_error":15.164809010667803},"std_dev":{"confidence_interval":{"confidence_level":0.95,"lower_bound":44.63066322087042,"upper_bound":197.85707066095372},"point_estimate":129.98273318305127,"standard_error":39.07260466686159}}