{"mean":{"confidence_interval":{"confidence_level":0.95,"lower_bound":14023.47303202279,"upper_bound":14102.033309808414},"point_estimate":14060.383059213718,"standard_error":19.983089339964888},"median":{"confidence_interval":{"confidence_level":0.95,"lower_bound":13984.555555555555,"upper_bound":14038.51724137931},"point_estimate":14015.70353502494,"standard_error":15.090846590354234},"median_abs_dev":{"confidence_interval":{"confidence_level":0.95,"lower_bound":98.04309393153407,"upper_bound":187.92395019439564},"point_estimate":127.80991190937974,"standard_error":22.039303946762757},"slope":{"confidence_interval":{"confidence_level":0.95,"lower_bound":14044.19765848616,"upper_bound":14118.257907152336},"point_estimate":14080.102418037113,"standard_error":18.89196374333193},"std_dev":{"confidence_interval":{"confidence_level":0.95,"lower_bound":139.68130914755645,"upper_bound":268.8029996676706},"point_estimate":200.59790659394278,"standard_error":35.27155570706519}}