{"mean":{"confidence_interval":{"confidence_level":0.95,"lower_bound":17193.16425836939,"upper_bound":17449.0631805579},"point_estimate":17307.504618386585,"standard_error":65.72011105777766},"median":{"confidence_interval":{"confidence_level":0.95,"lower_bound":17122.324074074073,"upper_bound":17174.178586278584},"point_estimate":17141.726782752903,"standard_error":13.859508545701672},"median_abs_dev":{"confidence_interval":{"confidence_level":0.95,"lower_bound":85.72845177745957,"upper_bound":155.21696536934826},"point_estimate":112.89374174333786,"standard_error":17.7148894207684},"slope":{"confidence_interval":{"confidence_level":0.95,"lower_bound":17185.618264514,"upper_bound":17421.326509402068},"point_estimate":17288.213298359686,"standard_error":60.47915061200216},"std_dev":{"confidence_interval":{"confidence_level":0.95,"lower_bound":292.8177845305233,"upper_bound":934.8648978690038},"point_estimate":661.9595527189528,"standard_error":160.9749143025799}}