{"mean":{"confidence_interval":{"confidence_level":0.95,"lower_bound":15174.695175267765,"upper_bound":15240.679856164636},"point_estimate":15204.567122400833,"standard_error":16.884378676545175},"median":{"confidence_interval":{"confidence_level":0.95,"lower_bound":15156.027027027027,"upper_bound":15193.490910947712},"point_estimate":15175.879606152806,"standard_error":10.32142511177965},"median_abs_dev":{"confidence_interval":{"confidence_level":0.95,"lower_bound":51.81251315065595,"upper_bound":99.31834300029826},"point_estimate":67.84013709209484,"standard_error":12.281468308394393},"slope":{"confidence_interval":{"confidence_level":0.95,"lower_bound":15173.654146672967,"upper_bound":15206.136912310447},"point_estimate":15189.524182798878,"standard_error":8.278037962650629},"std_dev":{"confidence_interval":{"confidence_level":0.95,"lower_bound":96.29622639785181,"upper_bound":239.27216998378438},"point_estimate":169.07711965300587,"standard_error":37.87070085265735}}