{"mean":{"confidence_interval":{"confidence_level":0.95,"lower_bound":14832.969390505008,"upper_bound":14866.348457555941},"point_estimate":14848.33589061971,"standard_error":8.53465732808107},"median":{"confidence_interval":{"confidence_level":0.95,"lower_bound":14822.789695945947,"upper_bound":14849.523706896553},"point_estimate":14833.854187437686,"standard_error":5.816677065384478},"median_abs_dev":{"confidence_interval":{"confidence_level":0.95,"lower_bound":38.1011743514392,"upper_bound":64.73482448611466},"point_estimate":45.46405516123128,"standard_error":6.851344858482546},"slope":{"confidence_interval":{"confidence_level":0.95,"lower_bound":14835.54180926924,"upper_bound":14873.3259302149},"point_estimate":14852.418846977982,"standard_error":9.694436357423202},"std_dev":{"confidence_interval":{"confidence_level":0.95,"lower_bound":50.00257544880558,"upper_bound":118.06277450437027},"point_estimate":86.13502322645579,"standard_error":17.679488548010326}}