{"mean":{"confidence_interval":{"confidence_level":0.95,"lower_bound":42844.22707053026,"upper_bound":43070.10417371502},"point_estimate":42942.867447306664,"standard_error":58.038390275527085},"median":{"confidence_interval":{"confidence_level":0.95,"lower_bound":42847.219983552626,"upper_bound":42884.243236714974},"point_estimate":42869.53858148893,"standard_error":9.302214460603773},"median_abs_dev":{"confidence_interval":{"confidence_level":0.95,"lower_bound":62.58518603942821,"upper_bound":120.9157668976809},"point_estimate":87.85220437028762,"standard_error":14.963622694802261},"slope":{"confidence_interval":{"confidence_level":0.95,"lower_bound":42897.558968854326,"upper_bound":43326.353531130604},"point_estimate":43084.216512487066,"standard_error":110.48998298383017},"std_dev":{"confidence_interval":{"confidence_level":0.95,"lower_bound":279.9633420921478,"upper_bound":878.3650411140527},"point_estimate":582.4494497520684,"standard_error":169.3669766562258}}