{"mean":{"confidence_interval":{"confidence_level":0.95,"lower_bound":15583.87308090765,"upper_bound":15713.117131004175},"point_estimate":15642.311440714317,"standard_error":33.18349902817008},"median":{"confidence_interval":{"confidence_level":0.95,"lower_bound":15556.229395604396,"upper_bound":15622.236538461539},"point_estimate":15584.215744124038,"standard_error":17.18297211211335},"median_abs_dev":{"confidence_interval":{"confidence_level":0.95,"lower_bound":109.25500018799438,"upper_bound":172.14327487400757},"point_estimate":145.84794935960596,"standard_error":16.248602917825494},"slope":{"confidence_interval":{"confidence_level":0.95,"lower_bound":15581.233825364496,"upper_bound":15650.346127039094},"point_estimate":15613.413297251367,"standard_error":17.630240784022394},"std_dev":{"confidence_interval":{"confidence_level":0.95,"lower_bound":178.9263290665655,"upper_bound":477.7768382161748},"point_estimate":332.1039870644328,"standard_error":79.32646215403969}}