{"mean":{"confidence_interval":{"confidence_level":0.95,"lower_bound":14884.149144413908,"upper_bound":14926.7085044934},"point_estimate":14903.466815789383,"standard_error":10.938096253258418},"median":{"confidence_interval":{"confidence_level":0.95,"lower_bound":14871.91111111111,"upper_bound":14902.615444862155},"point_estimate":14886.921434694097,"standard_error":6.944341626046263},"median_abs_dev":{"confidence_interval":{"confidence_level":0.95,"lower_bound":41.20291075309651,"upper_bound":80.06627265378232},"point_estimate":64.133599138771,"standard_error":9.556453794679294},"slope":{"confidence_interval":{"confidence_level":0.95,"lower_bound":14894.085323619973,"upper_bound":14939.374490478733},"point_estimate":14913.545543569282,"standard_error":11.69502646585539},"std_dev":{"confidence_interval":{"confidence_level":0.95,"lower_bound":61.46784617239036,"upper_bound":159.73939451657452},"point_estimate":110.24198763419172,"standard_error":26.822441752400813}}