{"mean":{"confidence_interval":{"confidence_level":0.95,"lower_bound":42748.24522032768,"upper_bound":42832.720320625296},"point_estimate":42793.52920003878,"standard_error":21.44823100753751},"median":{"confidence_interval":{"confidence_level":0.95,"lower_bound":42796.87635897436,"upper_bound":42821.39365079365},"point_estimate":42814.92222222222,"standard_error":6.108707727908048},"median_abs_dev":{"confidence_interval":{"confidence_level":0.95,"lower_bound":38.44005114577585,"upper_bound":74.42861757057413},"point_estimate":61.056111553876,"standard_error":9.312934146227429},"slope":{"confidence_interval":{"confidence_level":0.95,"lower_bound":42794.14301404745,"upper_bound":42816.09452213634},"point_estimate":42805.5016881927,"standard_error":5.5771812455441765},"std_dev":{"confidence_interval":{"confidence_level":0.95,"lower_bound":85.8241754282837,"upper_bound":320.6866464347712},"point_estimate":215.1979855281437,"standard_error":60.457331326632115}}