{"mean":{"confidence_interval":{"confidence_level":0.95,"lower_bound":17008.685775733724,"upper_bound":17109.973652480883},"point_estimate":17054.003476897535,"standard_error":26.010842715786882},"median":{"confidence_interval":{"confidence_level":0.95,"lower_bound":16964.930263157898,"upper_bound":17017.744047619046},"point_estimate":16989.60817949725,"standard_error":11.685588606026968},"median_abs_dev":{"confidence_interval":{"confidence_level":0.95,"lower_bound":59.09558353891178,"upper_bound":96.62562740689472},"point_estimate":76.73534065574746,"standard_error":9.639714382844039},"slope":{"confidence_interval":{"confidence_level":0.95,"lower_bound":17004.31012409223,"upper_bound":17157.92372081643},"point_estimate":17072.444138466086,"standard_error":39.486663961112086},"std_dev":{"confidence_interval":{"confidence_level":0.95,"lower_bound":124.33149886557031,"upper_bound":376.94522610392715},"point_estimate":262.1616315022766,"standard_error":64.91145337878}}