{"mean":{"confidence_interval":{"confidence_level":0.95,"lower_bound":14895.212004590943,"upper_bound":14936.674117065983},"point_estimate":14914.446793174913,"standard_error":10.612236899360049},"median":{"confidence_interval":{"confidence_level":0.95,"lower_bound":14873.830065359478,"upper_bound":14909.492397660819},"point_estimate":14895.325728954762,"standard_error":8.046803169491625},"median_abs_dev":{"confidence_interval":{"confidence_level":0.95,"lower_bound":42.58795879946814,"upper_bound":81.00126556183359},"point_estimate":61.9048532062712,"standard_error":9.594773768477111},"slope":{"confidence_interval":{"confidence_level":0.95,"lower_bound":14902.839519215122,"upper_bound":14967.854549755637},"point_estimate":14930.232906424972,"standard_error":16.887419022061625},"std_dev":{"confidence_interval":{"confidence_level":0.95,"lower_bound":66.06436594115182,"upper_bound":147.28855495810467},"point_estimate":106.60733715555511,"standard_error":21.455535167116953}}