{"mean":{"confidence_interval":{"confidence_level":0.95,"lower_bound":68652.41063713655,"upper_bound":68722.03283000103},"point_estimate":68685.95400745075,"standard_error":17.72376469920307},"median":{"confidence_interval":{"confidence_level":0.95,"lower_bound":68659.63434343434,"upper_bound":68693.6338028169},"point_estimate":68677.07614379085,"standard_error":8.130134018355815},"median_abs_dev":{"confidence_interval":{"confidence_level":0.95,"lower_bound":60.33074015967602,"upper_bound":93.37029728465471},"point_estimate":82.70852716176633,"standard_error":8.812146937310363},"slope":{"confidence_interval":{"confidence_level":0.95,"lower_bound":68661.09213490905,"upper_bound":68688.76327603101},"point_estimate":68674.86996719374,"standard_error":7.071296460985552},"std_dev":{"confidence_interval":{"confidence_level":0.95,"lower_bound":112.10012524318479,"upper_bound":234.60678020899167},"point_estimate":177.25780305556412,"standard_error":31.391674943216284}}