{"mean":{"confidence_interval":{"confidence_level":0.95,"lower_bound":15062.28937225833,"upper_bound":15172.013926264899},"point_estimate":15107.532125491236,"standard_error":28.582827431714374},"median":{"confidence_interval":{"confidence_level":0.95,"lower_bound":15031.939435999118,"upper_bound":15070.646739130434},"point_estimate":15044.23795681063,"standard_error":10.863278852006658},"median_abs_dev":{"confidence_interval":{"confidence_level":0.95,"lower_bound":57.190730655082206,"upper_bound":94.45676820048399},"point_estimate":73.72116050936928,"standard_error":9.623501875407026},"slope":{"confidence_interval":{"confidence_level":0.95,"lower_bound":15052.893544669709,"upper_bound":15104.884339201695},"point_estimate":15075.692616127284,"standard_error":13.332389373540698},"std_dev":{"confidence_interval":{"confidence_level":0.95,"lower_bound":94.071605180798,"upper_bound":459.168843319928},"point_estimate":287.4806651353738,"standard_error":109.24870564851224}}