{"mean":{"confidence_interval":{"confidence_level":0.95,"lower_bound":14772.73715175781,"upper_bound":14801.39754387925},"point_estimate":14785.845511562713,"standard_error":7.312601298014561},"median":{"confidence_interval":{"confidence_level":0.95,"lower_bound":14762.28826058201,"upper_bound":14781.555555555555},"point_estimate":14771.920394736842,"standard_error":5.721817586560904},"median_abs_dev":{"confidence_interval":{"confidence_level":0.95,"lower_bound":27.396211357627376,"upper_bound":48.32127581508784},"point_estimate":37.729542777019866,"standard_error":5.322829453929146},"slope":{"confidence_interval":{"confidence_level":0.95,"lower_bound":14774.381806678135,"upper_bound":14792.783265518734},"point_estimate":14783.296147644614,"standard_error":4.700584838501396},"std_dev":{"confidence_interval":{"confidence_level":0.95,"lower_bound":42.88607410382103,"upper_bound":100.66513566930134},"point_estimate":73.33332904033946,"standard_error":15.017434195900284}}