{"mean":{"confidence_interval":{"confidence_level":0.95,"lower_bound":17195.57756198531,"upper_bound":17430.82776504638},"point_estimate":17298.80295976221,"standard_error":60.485127121023126},"median":{"confidence_interval":{"confidence_level":0.95,"lower_bound":17151.398007246375,"upper_bound":17188.048387096773},"point_estimate":17170.34386792453,"standard_error":8.965787415865533},"median_abs_dev":{"confidence_interval":{"confidence_level":0.95,"lower_bound":62.70778941481717,"upper_bound":113.65474186443772},"point_estimate":76.75134261329457,"standard_error":12.750062232343325},"slope":{"confidence_interval":{"confidence_level":0.95,"lower_bound":17218.047799405962,"upper_bound":17512.69064275391},"point_estimate":17346.76837446431,"standard_error":75.70358576765777},"std_dev":{"confidence_interval":{"confidence_level":0.95,"lower_bound":245.59296110159224,"upper_bound":885.1074224730371},"point_estimate":606.3534370043074,"standard_error":162.25533512373184}}