{"mean":{"confidence_interval":{"confidence_level":0.95,"lower_bound":14844.274694119546,"upper_bound":14866.886706560334},"point_estimate":14855.474158591449,"standard_error":5.761469280781012},"median":{"confidence_interval":{"confidence_level":0.95,"lower_bound":14843.121951219513,"upper_bound":14868.51396103896},"point_estimate":14861.056013116755,"standard_error":6.714233573621316},"median_abs_dev":{"confidence_interval":{"confidence_level":0.95,"lower_bound":41.6354047635953,"upper_bound":64.01403353897842},"point_estimate":50.92856641960595,"standard_error":5.594808117971058},"slope":{"confidence_interval":{"confidence_level":0.95,"lower_bound":14851.375748283834,"upper_bound":14875.205247275919},"point_estimate":14863.152243403445,"standard_error":6.087729418634319},"std_dev":{"confidence_interval":{"confidence_level":0.95,"lower_bound":47.301007261803434,"upper_bound":69.35257917763265},"point_estimate":58.041639234572145,"standard_error":5.710192337438345}}