{"mean":{"confidence_interval":{"confidence_level":0.95,"lower_bound":15356.319364187297,"upper_bound":15430.620729083363},"point_estimate":15391.363101473496,"standard_error":18.98575398295857},"median":{"confidence_interval":{"confidence_level":0.95,"lower_bound":15339.412992424242,"upper_bound":15384.9015625},"point_estimate":15363.641691861929,"standard_error":13.639711834816126},"median_abs_dev":{"confidence_interval":{"confidence_level":0.95,"lower_bound":63.86119107236602,"upper_bound":115.20166992184525},"point_estimate":89.83532689700193,"standard_error":13.09108160042073},"slope":{"confidence_interval":{"confidence_level":0.95,"lower_bound":15362.24813581421,"upper_bound":15432.176022412443},"point_estimate":15393.745628786759,"standard_error":17.921670833584603},"std_dev":{"confidence_interval":{"confidence_level":0.95,"lower_bound":127.79510695842941,"upper_bound":244.83148794885508},"point_estimate":190.5420425000568,"standard_error":29.9681375326237}}