{"mean":{"confidence_interval":{"confidence_level":0.95,"lower_bound":35693.72337955927,"upper_bound":35725.32577171384},"point_estimate":35708.284529141165,"standard_error":8.089891046468106},"median":{"confidence_interval":{"confidence_level":0.95,"lower_bound":35684.824200913245,"upper_bound":35701.56034482759},"point_estimate":35695.710541310546,"standard_error":4.143905729002634},"median_abs_dev":{"confidence_interval":{"confidence_level":0.95,"lower_bound":27.193985252944003,"upper_bound":55.50215324483157},"point_estimate":38.28477477485473,"standard_error":7.220011665572227},"slope":{"confidence_interval":{"confidence_level":0.95,"lower_bound":35702.20197997762,"upper_bound":35721.293740625595},"point_estimate":35711.40317866115,"standard_error":4.865282716919418},"std_dev":{"confidence_interval":{"confidence_level":0.95,"lower_bound":48.79149423021002,"upper_bound":113.37967965295788},"point_estimate":81.292036522436,"standard_error":17.083005792927263}}