{"mean":{"confidence_interval":{"confidence_level":0.95,"lower_bound":14823.628948129592,"upper_bound":14858.057015158949},"point_estimate":14839.35451714976,"standard_error":8.804411590972624},"median":{"confidence_interval":{"confidence_level":0.95,"lower_bound":14811.256091617934,"upper_bound":14827.246575342466},"point_estimate":14818.892536475869,"standard_error":4.446868302192433},"median_abs_dev":{"confidence_interval":{"confidence_level":0.95,"lower_bound":29.7467786036737,"upper_bound":55.23820906131353},"point_estimate":41.08236828987668,"standard_error":6.470656498561258},"slope":{"confidence_interval":{"confidence_level":0.95,"lower_bound":14826.224371311584,"upper_bound":14889.211237726266},"point_estimate":14852.798128171025,"standard_error":16.46420653072483},"std_dev":{"confidence_interval":{"confidence_level":0.95,"lower_bound":52.990707815734815,"upper_bound":125.37046867486394},"point_estimate":88.5303000425933,"standard_error":19.655747943196033}}