{"mean":{"confidence_interval":{"confidence_level":0.95,"lower_bound":14861.515272024943,"upper_bound":14944.794212346187},"point_estimate":14897.307236048033,"standard_error":21.394418050558645},"median":{"confidence_interval":{"confidence_level":0.95,"lower_bound":14834.062421972534,"upper_bound":14857.895171957673},"point_estimate":14843.15159574468,"standard_error":6.527345335079659},"median_abs_dev":{"confidence_interval":{"confidence_level":0.95,"lower_bound":37.668350764335266,"upper_bound":67.99751808065177},"point_estimate":49.89740576231039,"standard_error":8.073287223924135},"slope":{"confidence_interval":{"confidence_level":0.95,"lower_bound":14839.77596382832,"upper_bound":14868.313223383479},"point_estimate":14851.942504310133,"standard_error":7.3192857376049405},"std_dev":{"confidence_interval":{"confidence_level":0.95,"lower_bound":92.03168126190525,"upper_bound":327.5247663088366},"point_estimate":214.21328113566906,"standard_error":65.83697213984321}}