{"mean":{"confidence_interval":{"confidence_level":0.95,"lower_bound":42524.591091374066,"upper_bound":43294.71174597535},"point_estimate":42870.60556731778,"standard_error":198.5250625368387},"median":{"confidence_interval":{"confidence_level":0.95,"lower_bound":42315.573333333334,"upper_bound":42714.6375},"point_estimate":42544.107933529885,"standard_error":94.04110356875509},"median_abs_dev":{"confidence_interval":{"confidence_level":0.95,"lower_bound":616.7823198552024,"upper_bound":1158.7862561007032},"point_estimate":801.120867768276,"standard_error":133.43391598440365},"slope":{"confidence_interval":{"confidence_level":0.95,"lower_bound":42446.993254716006,"upper_bound":43116.42431747764},"point_estimate":42742.245390276345,"standard_error":170.85359429603486},"std_dev":{"confidence_interval":{"confidence_level":0.95,"lower_bound":937.5985069261392,"upper_bound":2943.0927168924786},"point_estimate":1998.7513405568293,"standard_error":536.7580832184369}}