{"mean":{"confidence_interval":{"confidence_level":0.95,"lower_bound":53862547.146,"upper_bound":54418846.65},"point_estimate":54144038.13,"standard_error":141944.2438240035},"median":{"confidence_interval":{"confidence_level":0.95,"lower_bound":54130950.0,"upper_bound":55226817.0},"point_estimate":54711679.5,"standard_error":321040.1212560243},"median_abs_dev":{"confidence_interval":{"confidence_level":0.95,"lower_bound":517202.7769178152,"upper_bound":2025021.03484869},"point_estimate":1123326.7111569643,"standard_error":393504.3404033848},"slope":null,"std_dev":{"confidence_interval":{"confidence_level":0.95,"lower_bound":1298679.4428753615,"upper_bound":1519112.8329199103},"point_estimate":1429489.3188014193,"standard_error":56035.1146002912}}