{"mean":{"confidence_interval":{"confidence_level":0.95,"lower_bound":55196814.03725,"upper_bound":55430335.8025},"point_estimate":55302762.23,"standard_error":59393.349250452084},"median":{"confidence_interval":{"confidence_level":0.95,"lower_bound":55136392.0,"upper_bound":55316157.0},"point_estimate":55183930.5,"standard_error":44450.23257064475},"median_abs_dev":{"confidence_interval":{"confidence_level":0.95,"lower_bound":213988.39852094662,"upper_bound":371056.967112422},"point_estimate":283439.7564679384,"standard_error":40621.601993155644},"slope":null,"std_dev":{"confidence_interval":{"confidence_level":0.95,"lower_bound":321922.92997349036,"upper_bound":885218.7968993193},"point_estimate":594688.3525428919,"standard_error":158566.75659722742}}