{"mean":{"confidence_interval":{"confidence_level":0.95,"lower_bound":53747320.573,"upper_bound":53972512.79475},"point_estimate":53857667.48,"standard_error":57274.62502660463},"median":{"confidence_interval":{"confidence_level":0.95,"lower_bound":53495271.0,"upper_bound":54019758.0},"point_estimate":53785211.5,"standard_error":138688.48298100583},"median_abs_dev":{"confidence_interval":{"confidence_level":0.95,"lower_bound":422913.12509179115,"upper_bound":801839.7328644991},"point_estimate":644879.0975511074,"standard_error":93453.4422508196},"slope":null,"std_dev":{"confidence_interval":{"confidence_level":0.95,"lower_bound":484817.1745986648,"upper_bound":688839.9537323045},"point_estimate":580622.3597319836,"standard_error":53309.652597950306}}