{"mean":{"confidence_interval":{"confidence_level":0.95,"lower_bound":53528412.1735,"upper_bound":54401718.88325},"point_estimate":53980847.0,"standard_error":223255.80215398624},"median":{"confidence_interval":{"confidence_level":0.95,"lower_bound":54296024.01250001,"upper_bound":55085067.0},"point_estimate":54455146.0,"standard_error":219464.89236750753},"median_abs_dev":{"confidence_interval":{"confidence_level":0.95,"lower_bound":929152.0752042532,"upper_bound":1649416.192317009},"point_estimate":1410739.0942543745,"standard_error":218910.76614865864},"slope":null,"std_dev":{"confidence_interval":{"confidence_level":0.95,"lower_bound":1812961.8463715988,"upper_bound":2605224.4124994},"point_estimate":2252196.263575498,"standard_error":202088.16479988248}}