{"mean":{"confidence_interval":{"confidence_level":0.95,"lower_bound":56538163.9,"upper_bound":56872485.84725},"point_estimate":56710199.99,"standard_error":85105.2478653204},"median":{"confidence_interval":{"confidence_level":0.95,"lower_bound":56498561.0,"upper_bound":56950371.0},"point_estimate":56673118.0,"standard_error":112820.42065463474},"median_abs_dev":{"confidence_interval":{"confidence_level":0.95,"lower_bound":522265.11452794075,"upper_bound":921236.4739447832},"point_estimate":773642.163965106,"standard_error":98390.44131262913},"slope":null,"std_dev":{"confidence_interval":{"confidence_level":0.95,"lower_bound":670580.0410375558,"upper_bound":1034961.8167536284},"point_estimate":853112.9250577061,"standard_error":93496.66279418921}}