{"mean":{"confidence_interval":{"confidence_level":0.95,"lower_bound":53370310.4,"upper_bound":54149747.26625},"point_estimate":53771944.71,"standard_error":198985.04199068923},"median":{"confidence_interval":{"confidence_level":0.95,"lower_bound":53630718.0,"upper_bound":54365963.0},"point_estimate":53803967.5,"standard_error":233789.1574064269},"median_abs_dev":{"confidence_interval":{"confidence_level":0.95,"lower_bound":867756.1276942492,"upper_bound":2552557.515050544},"point_estimate":1928188.7240678072,"standard_error":426748.3183973168},"slope":null,"std_dev":{"confidence_interval":{"confidence_level":0.95,"lower_bound":1674741.672556295,"upper_bound":2222058.4058657703},"point_estimate":1978680.703802202,"standard_error":139380.53249587063}}