{"mean":{"confidence_interval":{"confidence_level":0.95,"lower_bound":55432379.87,"upper_bound":55954968.38},"point_estimate":55684703.42,"standard_error":133461.83894897},"median":{"confidence_interval":{"confidence_level":0.95,"lower_bound":54981046.0,"upper_bound":56207461.5},"point_estimate":55258780.0,"standard_error":330028.47565831646},"median_abs_dev":{"confidence_interval":{"confidence_level":0.95,"lower_bound":923216.486209631,"upper_bound":1704488.109639287},"point_estimate":1399310.472357273,"standard_error":202163.37576215697},"slope":null,"std_dev":{"confidence_interval":{"confidence_level":0.95,"lower_bound":1051792.7091084048,"upper_bound":1632466.7827012467},"point_estimate":1340909.2366527084,"standard_error":151167.29446949385}}