{"mean":{"confidence_interval":{"confidence_level":0.95,"lower_bound":189416176.66675,"upper_bound":191076491.57175},"point_estimate":190222034.68,"standard_error":422572.10066440643},"median":{"confidence_interval":{"confidence_level":0.95,"lower_bound":188353294.5,"upper_bound":190642778.0},"point_estimate":189307808.5,"standard_error":679331.1528499648},"median_abs_dev":{"confidence_interval":{"confidence_level":0.95,"lower_bound":2975418.0263757706,"upper_bound":5056278.224033117},"point_estimate":3662446.6998785734,"standard_error":553778.5418844402},"slope":null,"std_dev":{"confidence_interval":{"confidence_level":0.95,"lower_bound":3513773.278883975,"upper_bound":4898528.537993294},"point_estimate":4246687.557796415,"standard_error":353811.2645356}}