{"mean":{"confidence_interval":{"confidence_level":0.95,"lower_bound":132494777.39725,"upper_bound":132956603.884},"point_estimate":132723197.57,"standard_error":118168.38804501416},"median":{"confidence_interval":{"confidence_level":0.95,"lower_bound":132146356.0,"upper_bound":132866653.0},"point_estimate":132560804.0,"standard_error":207251.05802691926},"median_abs_dev":{"confidence_interval":{"confidence_level":0.95,"lower_bound":927064.2037913204,"upper_bound":1603430.4445309176},"point_estimate":1320174.474862218,"standard_error":186145.85811373225},"slope":null,"std_dev":{"confidence_interval":{"confidence_level":0.95,"lower_bound":1031498.994626252,"upper_bound":1323702.1969606928},"point_estimate":1185873.2237110224,"standard_error":74425.72883396027}}