{"mean":{"confidence_interval":{"confidence_level":0.95,"lower_bound":330274374.38100004,"upper_bound":335189461.987},"point_estimate":332728031.69,"standard_error":1253233.4985326442},"median":{"confidence_interval":{"confidence_level":0.95,"lower_bound":328237260.5,"upper_bound":335892113.0},"point_estimate":331904785.5,"standard_error":2031295.8481144283},"median_abs_dev":{"confidence_interval":{"confidence_level":0.95,"lower_bound":11503721.516168118,"upper_bound":17769229.035133123},"point_estimate":14208447.180649638,"standard_error":1635677.2794252574},"slope":null,"std_dev":{"confidence_interval":{"confidence_level":0.95,"lower_bound":11107578.787011392,"upper_bound":13858260.395729316},"point_estimate":12579309.855926555,"standard_error":701723.9490381253}}