{"mean":{"confidence_interval":{"confidence_level":0.95,"lower_bound":198065154.28425,"upper_bound":198360179.273},"point_estimate":198208608.42,"standard_error":75080.70660336097},"median":{"confidence_interval":{"confidence_level":0.95,"lower_bound":198022479.0,"upper_bound":198321881.5},"point_estimate":198181480.5,"standard_error":73811.64565051104},"median_abs_dev":{"confidence_interval":{"confidence_level":0.95,"lower_bound":441901.5242546797,"upper_bound":724703.7627339363},"point_estimate":559168.5104727745,"standard_error":69189.50075637967},"slope":null,"std_dev":{"confidence_interval":{"confidence_level":0.95,"lower_bound":592400.7959505891,"upper_bound":900320.8675297879},"point_estimate":755013.5184980677,"standard_error":78699.92260123556}}