{"mean":{"confidence_interval":{"confidence_level":0.95,"lower_bound":204219577.32075,"upper_bound":207126962.78775},"point_estimate":205631952.65,"standard_error":740844.5228120934},"median":{"confidence_interval":{"confidence_level":0.95,"lower_bound":203275591.5,"upper_bound":206161530.0},"point_estimate":205494687.0,"standard_error":922130.5887942979},"median_abs_dev":{"confidence_interval":{"confidence_level":0.95,"lower_bound":4651916.761216968,"upper_bound":7830814.332175255},"point_estimate":6061707.843983173,"standard_error":815755.8473447891},"slope":null,"std_dev":{"confidence_interval":{"confidence_level":0.95,"lower_bound":5937506.745919627,"upper_bound":8845100.711030828},"point_estimate":7480716.300427364,"standard_error":743289.611037909}}