{"mean":{"confidence_interval":{"confidence_level":0.95,"lower_bound":187600643.09849998,"upper_bound":187820059.49625},"point_estimate":187708568.38,"standard_error":55998.28919042103},"median":{"confidence_interval":{"confidence_level":0.95,"lower_bound":187521046.0,"upper_bound":187769079.0},"point_estimate":187626801.0,"standard_error":64350.36697320802},"median_abs_dev":{"confidence_interval":{"confidence_level":0.95,"lower_bound":415206.57042860985,"upper_bound":674585.9532237053},"point_estimate":560800.1117438078,"standard_error":65199.0605896991},"slope":null,"std_dev":{"confidence_interval":{"confidence_level":0.95,"lower_bound":473678.6400391548,"upper_bound":643957.982915539},"point_estimate":562953.5807903727,"standard_error":43531.9561621381}}