{"mean":{"confidence_interval":{"confidence_level":0.95,"lower_bound":72454311.37,"upper_bound":73028169.24},"point_estimate":72738969.1,"standard_error":145650.17736081578},"median":{"confidence_interval":{"confidence_level":0.95,"lower_bound":71960420.5,"upper_bound":72861964.5},"point_estimate":72331083.0,"standard_error":249448.03238139974},"median_abs_dev":{"confidence_interval":{"confidence_level":0.95,"lower_bound":1189362.0475696027,"upper_bound":2125041.6768729687},"point_estimate":1879350.3983348608,"standard_error":251603.7686367873},"slope":null,"std_dev":{"confidence_interval":{"confidence_level":0.95,"lower_bound":1322383.8969231097,"upper_bound":1593655.3646548383},"point_estimate":1470143.3423512988,"standard_error":69259.67651808966}}