{"mean":{"confidence_interval":{"confidence_level":0.95,"lower_bound":72023290.779,"upper_bound":72579422.55425},"point_estimate":72298756.0,"standard_error":141996.3351234361},"median":{"confidence_interval":{"confidence_level":0.95,"lower_bound":71859816.0,"upper_bound":72489999.0},"point_estimate":72138022.0,"standard_error":171666.00136519433},"median_abs_dev":{"confidence_interval":{"confidence_level":0.95,"lower_bound":1098665.8844947815,"upper_bound":1967655.5353671312},"point_estimate":1688414.5020246506,"standard_error":213479.50422779671},"slope":null,"std_dev":{"confidence_interval":{"confidence_level":0.95,"lower_bound":1250774.1358491587,"upper_bound":1575429.9724117594},"point_estimate":1425057.9789492884,"standard_error":82851.54903318419}}