{"mean":{"confidence_interval":{"confidence_level":0.95,"lower_bound":74182344.68225,"upper_bound":74751262.33},"point_estimate":74465401.17,"standard_error":144816.89056909684},"median":{"confidence_interval":{"confidence_level":0.95,"lower_bound":73646427.5,"upper_bound":74972836.0},"point_estimate":73901553.0,"standard_error":315885.63355671475},"median_abs_dev":{"confidence_interval":{"confidence_level":0.95,"lower_bound":1120534.2341065407,"upper_bound":2171332.8958511353},"point_estimate":1664772.221544385,"standard_error":290422.0047271928},"slope":null,"std_dev":{"confidence_interval":{"confidence_level":0.95,"lower_bound":1328871.2231991084,"upper_bound":1552658.1187943392},"point_estimate":1452529.666540593,"standard_error":57074.59908105738}}