{"mean":{"confidence_interval":{"confidence_level":0.95,"lower_bound":72331833.407,"upper_bound":72888805.55},"point_estimate":72608072.37,"standard_error":142390.410457904},"median":{"confidence_interval":{"confidence_level":0.95,"lower_bound":71664478.5,"upper_bound":72895001.0},"point_estimate":72417350.5,"standard_error":395126.6731550269},"median_abs_dev":{"confidence_interval":{"confidence_level":0.95,"lower_bound":877039.4274294376,"upper_bound":2214923.8369647404},"point_estimate":1796430.064406991,"standard_error":415394.64240129583},"slope":null,"std_dev":{"confidence_interval":{"confidence_level":0.95,"lower_bound":1279670.5654448662,"upper_bound":1555481.3521974671},"point_estimate":1429407.011946977,"standard_error":70252.08937645152}}