{"mean":{"confidence_interval":{"confidence_level":0.95,"lower_bound":67863786.74,"upper_bound":68264580.41},"point_estimate":68063883.84,"standard_error":101968.32081696174},"median":{"confidence_interval":{"confidence_level":0.95,"lower_bound":67894479.0,"upper_bound":68160939.0},"point_estimate":68050285.0,"standard_error":66974.1161170137},"median_abs_dev":{"confidence_interval":{"confidence_level":0.95,"lower_bound":474261.4925801754,"upper_bound":944406.7872559259},"point_estimate":684894.4708406925,"standard_error":125672.0457554767},"slope":null,"std_dev":{"confidence_interval":{"confidence_level":0.95,"lower_bound":825809.2258032352,"upper_bound":1205813.9153767556},"point_estimate":1022587.7101152657,"standard_error":97079.03330256953}}