{"mean":{"confidence_interval":{"confidence_level":0.95,"lower_bound":169770170.3305,"upper_bound":170854186.9285},"point_estimate":170287301.19,"standard_error":276739.9619128115},"median":{"confidence_interval":{"confidence_level":0.95,"lower_bound":169217136.0,"upper_bound":169844832.0},"point_estimate":169583672.5,"standard_error":161877.46413217357},"median_abs_dev":{"confidence_interval":{"confidence_level":0.95,"lower_bound":1135132.654747367,"upper_bound":1997388.3365392685},"point_estimate":1549580.1339894533,"standard_error":226693.28974488226},"slope":null,"std_dev":{"confidence_interval":{"confidence_level":0.95,"lower_bound":2091412.198994538,"upper_bound":3384131.116440511},"point_estimate":2779977.4701800337,"standard_error":331231.2609908101}}