{"mean":{"confidence_interval":{"confidence_level":0.95,"lower_bound":126576077.04675,"upper_bound":126816659.18924999},"point_estimate":126695380.17,"standard_error":61400.8662696121},"median":{"confidence_interval":{"confidence_level":0.95,"lower_bound":126589037.0,"upper_bound":126817286.0},"point_estimate":126712286.0,"standard_error":53801.98473820087},"median_abs_dev":{"confidence_interval":{"confidence_level":0.95,"lower_bound":347816.47122502327,"upper_bound":629513.8020738955},"point_estimate":459901.7705351114,"standard_error":70580.02887889644},"slope":null,"std_dev":{"confidence_interval":{"confidence_level":0.95,"lower_bound":505197.8358200033,"upper_bound":718522.9650166304},"point_estimate":617047.1573304891,"standard_error":54535.81256447133}}