{"mean":{"confidence_interval":{"confidence_level":0.95,"lower_bound":72480310.12,"upper_bound":73323531.1485},"point_estimate":72796958.75,"standard_error":228613.7070292702},"median":{"confidence_interval":{"confidence_level":0.95,"lower_bound":72390796.0,"upper_bound":72567125.0},"point_estimate":72481290.0,"standard_error":46691.8407695623},"median_abs_dev":{"confidence_interval":{"confidence_level":0.95,"lower_bound":308173.2305288315,"upper_bound":507364.98479247093},"point_estimate":422831.58209323883,"standard_error":48624.03061794249},"slope":null,"std_dev":{"confidence_interval":{"confidence_level":0.95,"lower_bound":461585.0981504882,"upper_bound":3804978.546183367},"point_estimate":2274743.5492515597,"standard_error":1102327.244290587}}