{"mean":{"confidence_interval":{"confidence_level":0.95,"lower_bound":72559528.51025,"upper_bound":73098220.4535},"point_estimate":72796848.93,"standard_error":137848.93828394683},"median":{"confidence_interval":{"confidence_level":0.95,"lower_bound":72512314.0,"upper_bound":72766318.0},"point_estimate":72637378.0,"standard_error":60832.722594546176},"median_abs_dev":{"confidence_interval":{"confidence_level":0.95,"lower_bound":437397.3855346441,"upper_bound":809531.4615279436},"point_estimate":626121.9839841127,"standard_error":96934.97005151582},"slope":null,"std_dev":{"confidence_interval":{"confidence_level":0.95,"lower_bound":739748.0946709404,"upper_bound":2091724.7434211322},"point_estimate":1389149.082363058,"standard_error":413435.91864685406}}