{"mean":{"confidence_interval":{"confidence_level":0.95,"lower_bound":152578067.782,"upper_bound":152716402.395},"point_estimate":152647125.3,"standard_error":35243.46031346999},"median":{"confidence_interval":{"confidence_level":0.95,"lower_bound":152561353.0,"upper_bound":152735862.0},"point_estimate":152641061.0,"standard_error":41117.922488206976},"median_abs_dev":{"confidence_interval":{"confidence_level":0.95,"lower_bound":231499.09029006958,"upper_bound":405401.3955026865},"point_estimate":289072.8950679302,"standard_error":45608.62433803838},"slope":null,"std_dev":{"confidence_interval":{"confidence_level":0.95,"lower_bound":298230.5774749036,"upper_bound":403926.2575795579},"point_estimate":353199.04953512416,"standard_error":27120.29854349114}}