{"mean":{"confidence_interval":{"confidence_level":0.95,"lower_bound":117841159.30424999,"upper_bound":119033275.07699999},"point_estimate":118410972.85,"standard_error":305141.2706902026},"median":{"confidence_interval":{"confidence_level":0.95,"lower_bound":117252422.5,"upper_bound":117984998.0},"point_estimate":117719312.0,"standard_error":180718.35066699804},"median_abs_dev":{"confidence_interval":{"confidence_level":0.95,"lower_bound":1316830.4706215858,"upper_bound":2216947.3079413176},"point_estimate":1804376.8002659082,"standard_error":228214.03642221377},"slope":null,"std_dev":{"confidence_interval":{"confidence_level":0.95,"lower_bound":2302567.5740151023,"upper_bound":3813748.4198716753},"point_estimate":3068734.1487825536,"standard_error":388058.87845924235}}