{"mean":{"confidence_interval":{"confidence_level":0.95,"lower_bound":71778706.32,"upper_bound":72359697.31125},"point_estimate":72068862.5,"standard_error":147496.36347644363},"median":{"confidence_interval":{"confidence_level":0.95,"lower_bound":71393350.0,"upper_bound":72233969.0},"point_estimate":71828615.5,"standard_error":206749.37224317642},"median_abs_dev":{"confidence_interval":{"confidence_level":0.95,"lower_bound":1273516.3123905659,"upper_bound":2045130.2795916796},"point_estimate":1639791.1532878876,"standard_error":202882.3377602136},"slope":null,"std_dev":{"confidence_interval":{"confidence_level":0.95,"lower_bound":1302407.0162241522,"upper_bound":1622296.6638646182},"point_estimate":1477879.2496876882,"standard_error":81711.45246361222}}