{"mean":{"confidence_interval":{"confidence_level":0.95,"lower_bound":195492911.96600002,"upper_bound":195888855.7115},"point_estimate":195674821.88,"standard_error":100808.72403618548},"median":{"confidence_interval":{"confidence_level":0.95,"lower_bound":195338128.0,"upper_bound":195675217.0},"point_estimate":195531616.0,"standard_error":87898.83407471108},"median_abs_dev":{"confidence_interval":{"confidence_level":0.95,"lower_bound":450419.0611034632,"upper_bound":728906.9336593151},"point_estimate":592950.292173028,"standard_error":69493.21433379358},"slope":null,"std_dev":{"confidence_interval":{"confidence_level":0.95,"lower_bound":650357.3524851565,"upper_bound":1407942.6062616294},"point_estimate":1017383.6419212345,"standard_error":204629.34530943108}}