{"mean":{"confidence_interval":{"confidence_level":0.95,"lower_bound":203310892.95225,"upper_bound":204387386.8725},"point_estimate":203849347.74,"standard_error":274794.04537656216},"median":{"confidence_interval":{"confidence_level":0.95,"lower_bound":204796016.0,"upper_bound":205344925.5},"point_estimate":205105312.5,"standard_error":149852.07167386665},"median_abs_dev":{"confidence_interval":{"confidence_level":0.95,"lower_bound":725580.8503458651,"upper_bound":1832304.5359700918},"point_estimate":1067625.4301458597,"standard_error":288135.05290903326},"slope":null,"std_dev":{"confidence_interval":{"confidence_level":0.95,"lower_bound":2341750.3787324023,"upper_bound":3246573.0274600224},"point_estimate":2760359.5183144067,"standard_error":236063.1004493671}}