{"mean":{"confidence_interval":{"confidence_level":0.95,"lower_bound":74443669.3785,"upper_bound":74941694.60599999},"point_estimate":74691271.99,"standard_error":127588.81621032467},"median":{"confidence_interval":{"confidence_level":0.95,"lower_bound":74039339.0,"upper_bound":74998369.0},"point_estimate":74361681.5,"standard_error":246616.8710719668},"median_abs_dev":{"confidence_interval":{"confidence_level":0.95,"lower_bound":1070324.5033979416,"upper_bound":1929806.2406390905},"point_estimate":1378361.3347291946,"standard_error":208203.13198200308},"slope":null,"std_dev":{"confidence_interval":{"confidence_level":0.95,"lower_bound":1151763.9679808267,"upper_bound":1387800.579163966},"point_estimate":1282341.7650290614,"standard_error":59927.69416359224}}