{"mean":{"confidence_interval":{"confidence_level":0.95,"lower_bound":76905464.17050001,"upper_bound":77533627.25},"point_estimate":77213297.15,"standard_error":160216.94397293054},"median":{"confidence_interval":{"confidence_level":0.95,"lower_bound":76810280.0,"upper_bound":77390647.0},"point_estimate":77130498.5,"standard_error":141260.3450863014},"median_abs_dev":{"confidence_interval":{"confidence_level":0.95,"lower_bound":829700.0102698803,"upper_bound":1357916.281092167},"point_estimate":1104807.554885745,"standard_error":138841.74332411055},"slope":null,"std_dev":{"confidence_interval":{"confidence_level":0.95,"lower_bound":1307901.363128444,"upper_bound":1882507.4659599112},"point_estimate":1611226.3994362403,"standard_error":146260.02416739333}}