{"mean":{"confidence_interval":{"confidence_level":0.95,"lower_bound":122930171.80525,"upper_bound":123321128.06750001},"point_estimate":123118418.84,"standard_error":99817.4740656723},"median":{"confidence_interval":{"confidence_level":0.95,"lower_bound":122716426.0,"upper_bound":123194752.0},"point_estimate":122898639.5,"standard_error":126913.59620785127},"median_abs_dev":{"confidence_interval":{"confidence_level":0.95,"lower_bound":646667.8914843507,"upper_bound":1114449.6438145638},"point_estimate":883258.1930190325,"standard_error":122354.71309498773},"slope":null,"std_dev":{"confidence_interval":{"confidence_level":0.95,"lower_bound":777897.4452506899,"upper_bound":1263684.5514464655},"point_estimate":1004163.948538715,"standard_error":130159.58291143047}}