{"mean":{"confidence_interval":{"confidence_level":0.95,"lower_bound":0.164287075555451,"upper_bound":0.18792984001686255},"point_estimate":0.1779305907378661,"standard_error":0.0061622850279193075},"median":{"confidence_interval":{"confidence_level":0.95,"lower_bound":0.18574320527204846,"upper_bound":0.18982832237347624},"point_estimate":0.18774016991596576,"standard_error":0.0010668607097003712}}