{"mean":{"confidence_interval":{"confidence_level":0.95,"lower_bound":0.09338725874208663,"upper_bound":0.11534629758980156},"point_estimate":0.1045206615318226,"standard_error":0.005620025069473902},"median":{"confidence_interval":{"confidence_level":0.95,"lower_bound":0.099579143724146,"upper_bound":0.12555769028397273},"point_estimate":0.10977243228613154,"standard_error":0.006788994524420007}}