{"mean":{"confidence_interval":{"confidence_level":0.95,"lower_bound":-0.06970050502824052,"upper_bound":-0.0468510079487356},"point_estimate":-0.05833289886579607,"standard_error":0.0057812072232075505},"median":{"confidence_interval":{"confidence_level":0.95,"lower_bound":-0.06381554349261842,"upper_bound":-0.04028219039498282},"point_estimate":-0.04859984461472955,"standard_error":0.006410353798002728}}