{"mean":{"confidence_interval":{"confidence_level":0.95,"lower_bound":-0.10027010929076252,"upper_bound":-0.09490212731186391},"point_estimate":-0.09759459848566099,"standard_error":0.0013728638516556744},"median":{"confidence_interval":{"confidence_level":0.95,"lower_bound":-0.10141811443437429,"upper_bound":-0.09379100811818841},"point_estimate":-0.0982107881838985,"standard_error":0.0018705672675521268}}