{"mean":{"confidence_interval":{"confidence_level":0.95,"lower_bound":0.035505604965249946,"upper_bound":0.043695915146914864},"point_estimate":0.039868929998817304,"standard_error":0.0021045285327252854},"median":{"confidence_interval":{"confidence_level":0.95,"lower_bound":0.031816500348488264,"upper_bound":0.04448857090821297},"point_estimate":0.037679547904598376,"standard_error":0.0029250787433707}}