{"mean":{"confidence_interval":{"confidence_level":0.95,"lower_bound":-0.017413123847974016,"upper_bound":0.0045177623792221205},"point_estimate":-0.006528266432048402,"standard_error":0.005432249251963506},"median":{"confidence_interval":{"confidence_level":0.95,"lower_bound":-0.03412926896054456,"upper_bound":-0.01408389690452394},"point_estimate":-0.024790872340119563,"standard_error":0.0059334619120476025}}