{"mean":{"confidence_interval":{"confidence_level":0.95,"lower_bound":0.0058280225506223814,"upper_bound":0.0114380410142294},"point_estimate":0.008668830786829895,"standard_error":0.0014511978517339028},"median":{"confidence_interval":{"confidence_level":0.95,"lower_bound":0.0038640920699575757,"upper_bound":0.008004615171042229},"point_estimate":0.0059448362921314946,"standard_error":0.0010501588581600084}}