{"mean":{"confidence_interval":{"confidence_level":0.95,"lower_bound":0.18204834117411892,"upper_bound":0.18734565492295738},"point_estimate":0.1846902869476521,"standard_error":0.0013563449130983573},"median":{"confidence_interval":{"confidence_level":0.95,"lower_bound":0.18200149692668477,"upper_bound":0.18811371033315516},"point_estimate":0.18478301363337235,"standard_error":0.0015735504305838565}}