{"mean":{"confidence_interval":{"confidence_level":0.95,"lower_bound":0.021704170609722975,"upper_bound":0.046316903325172055},"point_estimate":0.0326668811316273,"standard_error":0.0063294228652904},"median":{"confidence_interval":{"confidence_level":0.95,"lower_bound":0.016410273455315923,"upper_bound":0.020754677640000274},"point_estimate":0.017473082127467565,"standard_error":0.0011030454043875822}}