{"mean":{"confidence_interval":{"confidence_level":0.95,"lower_bound":-0.19954256154499433,"upper_bound":-0.18038376886975196},"point_estimate":-0.18976662930786303,"standard_error":0.00489257380409332},"median":{"confidence_interval":{"confidence_level":0.95,"lower_bound":-0.21144124908356376,"upper_bound":-0.1926833367951768},"point_estimate":-0.1991155526903764,"standard_error":0.0054430519504837785}}