{"mean":{"confidence_interval":{"confidence_level":0.95,"lower_bound":-0.005084349340759486,"upper_bound":0.0014511940960405861},"point_estimate":-0.001985923535069878,"standard_error":0.0016580911389133333},"median":{"confidence_interval":{"confidence_level":0.95,"lower_bound":-0.001841902519863381,"upper_bound":0.0012578239560505633},"point_estimate":-0.0005234412697587842,"standard_error":0.0008016873939738658}}