{"mean":{"confidence_interval":{"confidence_level":0.95,"lower_bound":-0.16017106904445488,"upper_bound":-0.15466060084219002},"point_estimate":-0.1574599836805861,"standard_error":0.0014077075934757063},"median":{"confidence_interval":{"confidence_level":0.95,"lower_bound":-0.16130237646675138,"upper_bound":-0.1541219877058967},"point_estimate":-0.1574250991184316,"standard_error":0.001910481031788358}}