{"mean":{"confidence_interval":{"confidence_level":0.95,"lower_bound":0.1703068983209201,"upper_bound":0.18570696766048173},"point_estimate":0.17813338944910106,"standard_error":0.00393764146928844},"median":{"confidence_interval":{"confidence_level":0.95,"lower_bound":0.16840888350953187,"upper_bound":0.1935370957910305},"point_estimate":0.17835056066052735,"standard_error":0.006488796413005148}}