{"mean":{"confidence_interval":{"confidence_level":0.95,"lower_bound":-0.00039662562637125207,"upper_bound":0.007566493231232585},"point_estimate":0.003760647306995546,"standard_error":0.002034245680158262},"median":{"confidence_interval":{"confidence_level":0.95,"lower_bound":0.004723195463431251,"upper_bound":0.01105773192905013},"point_estimate":0.008852923998902362,"standard_error":0.0016105546876144987}}