{"mean":{"confidence_interval":{"confidence_level":0.95,"lower_bound":0.2062744339681783,"upper_bound":0.21429594749509534},"point_estimate":0.2103611621388468,"standard_error":0.0020433613479667605},"median":{"confidence_interval":{"confidence_level":0.95,"lower_bound":0.20873093461941927,"upper_bound":0.21264815680866},"point_estimate":0.21051329698151044,"standard_error":0.0009866454625570193}}