{"mean":{"confidence_interval":{"confidence_level":0.95,"lower_bound":-0.1647513094534228,"upper_bound":-0.14503396982987485},"point_estimate":-0.154609893165648,"standard_error":0.005056441012451679},"median":{"confidence_interval":{"confidence_level":0.95,"lower_bound":-0.1622070700769274,"upper_bound":-0.1425905152008256},"point_estimate":-0.15299207403588944,"standard_error":0.00500982634453621}}