{"mean":{"confidence_interval":{"confidence_level":0.95,"lower_bound":-0.17153048020636014,"upper_bound":-0.14942318936081633},"point_estimate":-0.1607531913433713,"standard_error":0.005638831076731933},"median":{"confidence_interval":{"confidence_level":0.95,"lower_bound":-0.173728878022407,"upper_bound":-0.1337754093675093},"point_estimate":-0.14670092764165577,"standard_error":0.009874140189388012}}