{"mean":{"confidence_interval":{"confidence_level":0.95,"lower_bound":-0.10677425201059482,"upper_bound":-0.09914748310535003},"point_estimate":-0.10292615236244573,"standard_error":0.0019418014505039227},"median":{"confidence_interval":{"confidence_level":0.95,"lower_bound":-0.1052033149962508,"upper_bound":-0.09578862894006687},"point_estimate":-0.09826571060836808,"standard_error":0.0024260193868062556}}