{"mean":{"confidence_interval":{"confidence_level":0.95,"lower_bound":-0.03559270098802808,"upper_bound":-0.01533252281086171},"point_estimate":-0.025732329856765768,"standard_error":0.005155948221291081},"median":{"confidence_interval":{"confidence_level":0.95,"lower_bound":-0.043191503624137706,"upper_bound":-0.021053206231758104},"point_estimate":-0.03157422780303609,"standard_error":0.00552600808362631}}