{"mean":{"confidence_interval":{"confidence_level":0.95,"lower_bound":0.36643765857610644,"upper_bound":0.4011535286867962},"point_estimate":0.38356337872834234,"standard_error":0.00886615808662638},"median":{"confidence_interval":{"confidence_level":0.95,"lower_bound":0.3911602806867778,"upper_bound":0.4230876687817813},"point_estimate":0.4093789086956223,"standard_error":0.008346055988582998}}