{"mean":{"confidence_interval":{"confidence_level":0.95,"lower_bound":-0.2450401855160353,"upper_bound":-0.22917598236280637},"point_estimate":-0.2374979725432399,"standard_error":0.0038848224009878606},"median":{"confidence_interval":{"confidence_level":0.95,"lower_bound":-0.24874299313466444,"upper_bound":-0.24596965008658866},"point_estimate":-0.2471940743932155,"standard_error":0.0006783482891785906}}