{"mean":{"confidence_interval":{"confidence_level":0.95,"lower_bound":-0.0028896448695713804,"upper_bound":0.0016745167789564738},"point_estimate":-0.0005733678083499338,"standard_error":0.0011654755318878521},"median":{"confidence_interval":{"confidence_level":0.95,"lower_bound":-0.0005756125204237073,"upper_bound":0.0031212689677999617},"point_estimate":0.0010459686013866154,"standard_error":0.000943303377544535}}