{"mean":{"confidence_interval":{"confidence_level":0.95,"lower_bound":-0.25568101069154575,"upper_bound":-0.23950561827008862},"point_estimate":-0.24751417949329912,"standard_error":0.004127759488432},"median":{"confidence_interval":{"confidence_level":0.95,"lower_bound":-0.25121065122517094,"upper_bound":-0.23358412229868997},"point_estimate":-0.2418311003953607,"standard_error":0.00488343948572844}}