{"mean":{"confidence_interval":{"confidence_level":0.95,"lower_bound":0.04726113492877717,"upper_bound":0.0681338129586198},"point_estimate":0.05779173273846161,"standard_error":0.005391020414449239},"median":{"confidence_interval":{"confidence_level":0.95,"lower_bound":0.038712442940966874,"upper_bound":0.057514499811490705},"point_estimate":0.045143989899693704,"standard_error":0.0046122084221640125}}