{"mean":{"confidence_interval":{"confidence_level":0.95,"lower_bound":0.34612367387005194,"upper_bound":0.35784785489188886},"point_estimate":0.3522927413726875,"standard_error":0.002801493815023429},"median":{"confidence_interval":{"confidence_level":0.95,"lower_bound":0.33907778667298316,"upper_bound":0.34570477192994},"point_estimate":0.3425752796299968,"standard_error":0.0016943564507670228}}