{"mean":{"confidence_interval":{"confidence_level":0.95,"lower_bound":-0.3278428374800334,"upper_bound":-0.3239566381460265},"point_estimate":-0.32580981069506765,"standard_error":0.0009863962389643276},"median":{"confidence_interval":{"confidence_level":0.95,"lower_bound":-0.32780376472345996,"upper_bound":-0.3255136955555885},"point_estimate":-0.32661813594241185,"standard_error":0.000593039475275782}}