{"mean":{"confidence_interval":{"confidence_level":0.95,"lower_bound":-0.10602230265375619,"upper_bound":-0.0880024874176273},"point_estimate":-0.09671678187169919,"standard_error":0.004612021856430489},"median":{"confidence_interval":{"confidence_level":0.95,"lower_bound":-0.09788700969267398,"upper_bound":-0.07941614047730183},"point_estimate":-0.08691482358500924,"standard_error":0.004617484351910699}}