{"mean":{"confidence_interval":{"confidence_level":0.95,"lower_bound":-0.03138410573156425,"upper_bound":-0.01679657176625469},"point_estimate":-0.023745257384205853,"standard_error":0.0037255813190278982},"median":{"confidence_interval":{"confidence_level":0.95,"lower_bound":-0.025729870396991705,"upper_bound":-0.01075686836891121},"point_estimate":-0.01657606533541811,"standard_error":0.003950451280634335}}