{"mean":{"confidence_interval":{"confidence_level":0.95,"lower_bound":-0.28312778765638924,"upper_bound":-0.248440548329476},"point_estimate":-0.2657944132832204,"standard_error":0.008858792725707701},"median":{"confidence_interval":{"confidence_level":0.95,"lower_bound":-0.27142276478975774,"upper_bound":-0.2242589574243572},"point_estimate":-0.2427193994426018,"standard_error":0.012434159280767954}}