{"mean":{"confidence_interval":{"confidence_level":0.95,"lower_bound":-0.12625262728118833,"upper_bound":-0.11775311435394309},"point_estimate":-0.12207203260313415,"standard_error":0.0021247714901578806},"median":{"confidence_interval":{"confidence_level":0.95,"lower_bound":-0.12597973448131544,"upper_bound":-0.11186118187257355},"point_estimate":-0.11766913098248222,"standard_error":0.004019215142396442}}