{"mean":{"confidence_interval":{"confidence_level":0.95,"lower_bound":-0.24452120931600296,"upper_bound":-0.24028075915348276},"point_estimate":-0.2422653983834625,"standard_error":0.001081477810060825},"median":{"confidence_interval":{"confidence_level":0.95,"lower_bound":-0.24111796927143458,"upper_bound":-0.2384352797232615},"point_estimate":-0.23973694329483186,"standard_error":0.0006864894305446464}}