{"mean":{"confidence_interval":{"confidence_level":0.95,"lower_bound":0.20380278884889474,"upper_bound":0.21666031802037994},"point_estimate":0.2104692560615513,"standard_error":0.003343953600313342},"median":{"confidence_interval":{"confidence_level":0.95,"lower_bound":0.19633092932044582,"upper_bound":0.20042377028632608},"point_estimate":0.19836551010273107,"standard_error":0.0009165120760836657}}