{"mean":{"confidence_interval":{"confidence_level":0.95,"lower_bound":0.25433777347090597,"upper_bound":0.25608765879546463},"point_estimate":0.25525509551293,"standard_error":0.00044839161541001334},"median":{"confidence_interval":{"confidence_level":0.95,"lower_bound":0.2534178115241711,"upper_bound":0.2566928849076675},"point_estimate":0.25476080680237545,"standard_error":0.0008794199492357746}}