{"mean":{"confidence_interval":{"confidence_level":0.95,"lower_bound":-0.052998857022460766,"upper_bound":-0.04790314960689024},"point_estimate":-0.050660872529660006,"standard_error":0.001285274259759652},"median":{"confidence_interval":{"confidence_level":0.95,"lower_bound":-0.05294469216142661,"upper_bound":-0.048797163243924135},"point_estimate":-0.05092137833903054,"standard_error":0.0010478416112195837}}