{"mean":{"confidence_interval":{"confidence_level":0.95,"lower_bound":0.1312832739912626,"upper_bound":0.13475602856965052},"point_estimate":0.13300050476336667,"standard_error":0.0008817771205446203},"median":{"confidence_interval":{"confidence_level":0.95,"lower_bound":0.12857917168913313,"upper_bound":0.133086340991996},"point_estimate":0.13050090529930047,"standard_error":0.001149267871589096}}