{"mean":{"confidence_interval":{"confidence_level":0.95,"lower_bound":0.20911474405400404,"upper_bound":0.21415121959926375},"point_estimate":0.2114958782141958,"standard_error":0.0012918560842851774},"median":{"confidence_interval":{"confidence_level":0.95,"lower_bound":0.20860237962599237,"upper_bound":0.21310128178587973},"point_estimate":0.21074994093774713,"standard_error":0.0011502168311987165}}