{"mean":{"confidence_interval":{"confidence_level":0.95,"lower_bound":-0.0342157171753779,"upper_bound":-0.024579600815706627},"point_estimate":-0.029377956452227183,"standard_error":0.0024550548739331224},"median":{"confidence_interval":{"confidence_level":0.95,"lower_bound":-0.035154270179629354,"upper_bound":-0.024025576762931156},"point_estimate":-0.029214468208980104,"standard_error":0.0028037890905733133}}