{"mean":{"confidence_interval":{"confidence_level":0.95,"lower_bound":-0.10330933465773881,"upper_bound":-0.08400517009350222},"point_estimate":-0.09352341255774743,"standard_error":0.004933086919510372},"median":{"confidence_interval":{"confidence_level":0.95,"lower_bound":-0.10270861971592138,"upper_bound":-0.07628515822070103},"point_estimate":-0.08698219792197204,"standard_error":0.0065648491724842805}}