{"mean":{"confidence_interval":{"confidence_level":0.95,"lower_bound":0.010229177079018964,"upper_bound":0.017882766646696302},"point_estimate":0.013696200499831335,"standard_error":0.0019149811799719892},"median":{"confidence_interval":{"confidence_level":0.95,"lower_bound":0.008840814677424369,"upper_bound":0.013418760718829637},"point_estimate":0.011350436701364153,"standard_error":0.001130749145170598}}