{"mean":{"confidence_interval":{"confidence_level":0.95,"lower_bound":-0.024742778009939334,"upper_bound":-0.01821351191141411},"point_estimate":-0.02140456766099974,"standard_error":0.0016703217538147268},"median":{"confidence_interval":{"confidence_level":0.95,"lower_bound":-0.022448177370643974,"upper_bound":-0.016259042710165428},"point_estimate":-0.020622896025469406,"standard_error":0.0017459617515537017}}