{"mean":{"confidence_interval":{"confidence_level":0.95,"lower_bound":0.0013731773814307127,"upper_bound":0.0064673631185270235},"point_estimate":0.0039386383209369935,"standard_error":0.0012926787252745943},"median":{"confidence_interval":{"confidence_level":0.95,"lower_bound":0.0007312685831459831,"upper_bound":0.007104573079286691},"point_estimate":0.004120070252145114,"standard_error":0.0016370393371567256}}