{"mean":{"confidence_interval":{"confidence_level":0.95,"lower_bound":0.1438602807874132,"upper_bound":0.15042644150642043},"point_estimate":0.14719114821191437,"standard_error":0.001653653439958517},"median":{"confidence_interval":{"confidence_level":0.95,"lower_bound":0.14438974209544542,"upper_bound":0.15334641188097664},"point_estimate":0.1497377227792409,"standard_error":0.0018497301013217576}}