{"mean":{"confidence_interval":{"confidence_level":0.95,"lower_bound":-0.23279536491143182,"upper_bound":-0.22156859314454538},"point_estimate":-0.2269024050688483,"standard_error":0.0028546590363114394},"median":{"confidence_interval":{"confidence_level":0.95,"lower_bound":-0.22914615064935784,"upper_bound":-0.21769850071857577},"point_estimate":-0.22132505810745884,"standard_error":0.0030541446783806845}}