{"mean":{"confidence_interval":{"confidence_level":0.95,"lower_bound":0.21373636805513962,"upper_bound":0.23765316116362975},"point_estimate":0.22472776649955528,"standard_error":0.005745713912135102},"median":{"confidence_interval":{"confidence_level":0.95,"lower_bound":0.2059628355918941,"upper_bound":0.21979984507335582},"point_estimate":0.21235695937035826,"standard_error":0.003682704409948021}}