{"mean":{"confidence_interval":{"confidence_level":0.95,"lower_bound":0.1623653718651552,"upper_bound":0.18825878919367153},"point_estimate":0.17500011365722945,"standard_error":0.006614180499855694},"median":{"confidence_interval":{"confidence_level":0.95,"lower_bound":0.14037478328578423,"upper_bound":0.16055952320751898},"point_estimate":0.14943917760940817,"standard_error":0.005245455984395882}}