{"mean":{"confidence_interval":{"confidence_level":0.95,"lower_bound":-0.012425552462033812,"upper_bound":-0.0015909126447743685},"point_estimate":-0.0070590274331807645,"standard_error":0.0027912139680756095},"median":{"confidence_interval":{"confidence_level":0.95,"lower_bound":-0.014643775014199813,"upper_bound":-0.004351828164065319},"point_estimate":-0.009344928976133815,"standard_error":0.0024986418087616542}}