{"mean":{"confidence_interval":{"confidence_level":0.95,"lower_bound":-0.17728696634806193,"upper_bound":-0.16563104585572916},"point_estimate":-0.1717548373374198,"standard_error":0.0029415042471161367},"median":{"confidence_interval":{"confidence_level":0.95,"lower_bound":-0.1734487107233651,"upper_bound":-0.15577029941117182},"point_estimate":-0.16292127393834177,"standard_error":0.00411523681963747}}