{"mean":{"confidence_interval":{"confidence_level":0.95,"lower_bound":-0.026083644547378337,"upper_bound":-0.009079107006896868},"point_estimate":-0.01760739516281673,"standard_error":0.004344191439204912},"median":{"confidence_interval":{"confidence_level":0.95,"lower_bound":-0.014045896942901703,"upper_bound":-0.008801999585615327},"point_estimate":-0.011387391902968003,"standard_error":0.001296131836196854}}