{"mean":{"confidence_interval":{"confidence_level":0.95,"lower_bound":0.008939954172835569,"upper_bound":0.01907741042831643},"point_estimate":0.013392712192199951,"standard_error":0.0025143364376554946},"median":{"confidence_interval":{"confidence_level":0.95,"lower_bound":0.006561044898675483,"upper_bound":0.009626656706570369},"point_estimate":0.008379395381813426,"standard_error":0.0007581864507747087}}