{"mean":{"confidence_interval":{"confidence_level":0.95,"lower_bound":-0.11796780111962724,"upper_bound":-0.11500345166430027},"point_estimate":-0.1164619767654933,"standard_error":0.0007590800594732336},"median":{"confidence_interval":{"confidence_level":0.95,"lower_bound":-0.118194198879636,"upper_bound":-0.1160670832611107},"point_estimate":-0.11729283282034242,"standard_error":0.0005477080427837762}}