{"mean":{"confidence_interval":{"confidence_level":0.95,"lower_bound":0.2993653067898624,"upper_bound":0.316127752273218},"point_estimate":0.3080536664051772,"standard_error":0.004266142317467587},"median":{"confidence_interval":{"confidence_level":0.95,"lower_bound":0.3015914046449455,"upper_bound":0.33091936910024833},"point_estimate":0.3150460512001132,"standard_error":0.007789258338917933}}