{"mean":{"confidence_interval":{"confidence_level":0.95,"lower_bound":-0.1810971873968965,"upper_bound":-0.14750002696223838},"point_estimate":-0.16560505909080414,"standard_error":0.00847435600859637},"median":{"confidence_interval":{"confidence_level":0.95,"lower_bound":-0.2161611587298955,"upper_bound":-0.19022488529105086},"point_estimate":-0.2092742296797917,"standard_error":0.007948110088797892}}