{"mean":{"confidence_interval":{"confidence_level":0.95,"lower_bound":0.11022910249574985,"upper_bound":0.11399437449309245},"point_estimate":0.11211082403575778,"standard_error":0.0009560389610063633},"median":{"confidence_interval":{"confidence_level":0.95,"lower_bound":0.10885453115183852,"upper_bound":0.11273321944074244},"point_estimate":0.11071598333026511,"standard_error":0.001000242861720232}}