{"mean":{"confidence_interval":{"confidence_level":0.95,"lower_bound":-0.0020985863483134162,"upper_bound":0.004065641726703536},"point_estimate":0.0009408096148313394,"standard_error":0.0015555459265515282},"median":{"confidence_interval":{"confidence_level":0.95,"lower_bound":0.0005449624463493841,"upper_bound":0.002303229879907498},"point_estimate":0.0014105216107787033,"standard_error":0.00043231698484775833}}