{"mean":{"confidence_interval":{"confidence_level":0.95,"lower_bound":-0.002653165150620961,"upper_bound":0.002043582662639634},"point_estimate":-0.0007112833138502861,"standard_error":0.0011873781651198711},"median":{"confidence_interval":{"confidence_level":0.95,"lower_bound":-0.0027167151112118537,"upper_bound":-0.0004549628120011917},"point_estimate":-0.001856003669042705,"standard_error":0.0005766547226859781}}