{"mean":{"confidence_interval":{"confidence_level":0.95,"lower_bound":-0.00008674665722914174,"upper_bound":0.00382119837159156},"point_estimate":0.0018051021808718204,"standard_error":0.0009901116534053395},"median":{"confidence_interval":{"confidence_level":0.95,"lower_bound":0.0012577739968775764,"upper_bound":0.0026900507607237056},"point_estimate":0.0019931600499107915,"standard_error":0.00033143721109593155}}