{"mean":{"confidence_interval":{"confidence_level":0.95,"lower_bound":0.005359606649160182,"upper_bound":0.008923478460267418},"point_estimate":0.007414821217849088,"standard_error":0.0009224236233705891},"median":{"confidence_interval":{"confidence_level":0.95,"lower_bound":0.007176044389654912,"upper_bound":0.008560386863990077},"point_estimate":0.00794306036418857,"standard_error":0.0003444602089235544}}