{"mean":{"confidence_interval":{"confidence_level":0.95,"lower_bound":-0.004394850148341792,"upper_bound":-0.0016179195716366308},"point_estimate":-0.002994514448769192,"standard_error":0.000707643484291374},"median":{"confidence_interval":{"confidence_level":0.95,"lower_bound":-0.004353672937957076,"upper_bound":-0.0005785288073125727},"point_estimate":-0.0022721517693470306,"standard_error":0.0009814369114226015}}