{"mean":{"confidence_interval":{"confidence_level":0.95,"lower_bound":-0.011280399601369881,"upper_bound":-0.007071250063865509},"point_estimate":-0.00929696804696023,"standard_error":0.0010813039057331255},"median":{"confidence_interval":{"confidence_level":0.95,"lower_bound":-0.010477419004325972,"upper_bound":-0.008057580675141951},"point_estimate":-0.009414794575539287,"standard_error":0.0006117493539547674}}