{"mean":{"confidence_interval":{"confidence_level":0.95,"lower_bound":0.09277882011835903,"upper_bound":0.10711529651447504},"point_estimate":0.09992279517650537,"standard_error":0.0036597292528705266},"median":{"confidence_interval":{"confidence_level":0.95,"lower_bound":0.0932717947839139,"upper_bound":0.11093142937260492},"point_estimate":0.10136270144263326,"standard_error":0.004976876366006106}}