{"mean":{"confidence_interval":{"confidence_level":0.95,"lower_bound":-0.0013943974746710632,"upper_bound":0.0011379595544007191},"point_estimate":-0.000027598218387492324,"standard_error":0.0006467855380905003},"median":{"confidence_interval":{"confidence_level":0.95,"lower_bound":0.00046314203363251316,"upper_bound":0.0020093758153634234},"point_estimate":0.0014076748290876573,"standard_error":0.00040804517591439964}}