{"mean":{"confidence_interval":{"confidence_level":0.95,"lower_bound":-0.004982519742049274,"upper_bound":-0.004439057209656308},"point_estimate":-0.004717188031929109,"standard_error":0.0001382591568506415},"median":{"confidence_interval":{"confidence_level":0.95,"lower_bound":-0.005247638934297472,"upper_bound":-0.004578379512089392},"point_estimate":-0.004908185068312143,"standard_error":0.00016842755131801868}}