{"mean":{"confidence_interval":{"confidence_level":0.95,"lower_bound":0.06413079283534451,"upper_bound":0.06617284010667494},"point_estimate":0.0651622372738967,"standard_error":0.0005298009727241959},"median":{"confidence_interval":{"confidence_level":0.95,"lower_bound":0.06380091530786025,"upper_bound":0.06689066132533195},"point_estimate":0.06504501401413987,"standard_error":0.0007881932867737221}}