{"mean":{"confidence_interval":{"confidence_level":0.95,"lower_bound":0.18388627531201607,"upper_bound":0.21831051828001688},"point_estimate":0.19694328209572975,"standard_error":0.007829875269234395},"median":{"confidence_interval":{"confidence_level":0.95,"lower_bound":0.1693054837394583,"upper_bound":0.20104224293999917},"point_estimate":0.1783487522730165,"standard_error":0.008857609156511324}}