{"mean":{"confidence_interval":{"confidence_level":0.95,"lower_bound":-0.008460078360259434,"upper_bound":0.0047616037121481465},"point_estimate":-0.0011123672688571062,"standard_error":0.003382853326591651},"median":{"confidence_interval":{"confidence_level":0.95,"lower_bound":0.0009423763802978158,"upper_bound":0.003915751703395642},"point_estimate":0.0027898458146824456,"standard_error":0.0007408268567433717}}