{"mean":{"confidence_interval":{"confidence_level":0.95,"lower_bound":-0.12037351794451207,"upper_bound":-0.11839760046403082},"point_estimate":-0.11954563275090602,"standard_error":0.0004924703678063099},"median":{"confidence_interval":{"confidence_level":0.95,"lower_bound":-0.12065635988406254,"upper_bound":-0.11993331265454321},"point_estimate":-0.12034433658055921,"standard_error":0.00018179214219655828}}