{"mean":{"confidence_interval":{"confidence_level":0.95,"lower_bound":-0.05238169796555617,"upper_bound":-0.05025414588095058},"point_estimate":-0.05134917126469862,"standard_error":0.0005397375533209552},"median":{"confidence_interval":{"confidence_level":0.95,"lower_bound":-0.052556160362793425,"upper_bound":-0.05087010119195956},"point_estimate":-0.05170164741480332,"standard_error":0.00042185566596716564}}