{"mean":{"confidence_interval":{"confidence_level":0.95,"lower_bound":-0.07247231834279542,"upper_bound":-0.0703289892851416},"point_estimate":-0.07140747800498026,"standard_error":0.0005466014686973654},"median":{"confidence_interval":{"confidence_level":0.95,"lower_bound":-0.07198706307988612,"upper_bound":-0.07032980204010753},"point_estimate":-0.07130747858469144,"standard_error":0.00044860937681181687}}