{"mean":{"confidence_interval":{"confidence_level":0.95,"lower_bound":0.0026950646523858607,"upper_bound":0.009172223024884218},"point_estimate":0.005922313824578751,"standard_error":0.0016369621092798127},"median":{"confidence_interval":{"confidence_level":0.95,"lower_bound":0.005822086872863785,"upper_bound":0.0073561663458840965},"point_estimate":0.0067722846596569575,"standard_error":0.00041115940307563713}}