{"mean":{"confidence_interval":{"confidence_level":0.95,"lower_bound":0.005488815082650961,"upper_bound":0.009253794302169433},"point_estimate":0.007429047718712001,"standard_error":0.0009617728241189777},"median":{"confidence_interval":{"confidence_level":0.95,"lower_bound":0.007260930164400881,"upper_bound":0.008422995561467417},"point_estimate":0.007813121438844384,"standard_error":0.000289226428336282}}