{"mean":{"confidence_interval":{"confidence_level":0.95,"lower_bound":-0.011902239252168798,"upper_bound":0.007323891569282455},"point_estimate":-0.00032260997559874216,"standard_error":0.00510528724261214},"median":{"confidence_interval":{"confidence_level":0.95,"lower_bound":0.0018283306344648587,"upper_bound":0.003815664934773366},"point_estimate":0.002828323080332762,"standard_error":0.0005189798936675556}}