{"mean":{"confidence_interval":{"confidence_level":0.95,"lower_bound":-0.004804141172607733,"upper_bound":0.0037568667208143867},"point_estimate":-0.00026724604001093777,"standard_error":0.002182955916939147},"median":{"confidence_interval":{"confidence_level":0.95,"lower_bound":-0.008066367606070934,"upper_bound":-0.005501336340047902},"point_estimate":-0.006770770240794199,"standard_error":0.0006886319236124845}}