{"mean":{"confidence_interval":{"confidence_level":0.95,"lower_bound":-0.05183290784367056,"upper_bound":-0.04984030226075321},"point_estimate":-0.05081196301183255,"standard_error":0.0005106649991381311},"median":{"confidence_interval":{"confidence_level":0.95,"lower_bound":-0.0520248617381005,"upper_bound":-0.05022697310408142},"point_estimate":-0.05115090484617146,"standard_error":0.00046459547831357743}}