{"mean":{"confidence_interval":{"confidence_level":0.95,"lower_bound":-0.0193915560641704,"upper_bound":-0.01396143868322429},"point_estimate":-0.01668176131790855,"standard_error":0.0013848900411512618},"median":{"confidence_interval":{"confidence_level":0.95,"lower_bound":-0.017183456481416615,"upper_bound":-0.013650366706399075},"point_estimate":-0.015384540810105762,"standard_error":0.0009476444234473902}}