{"mean":{"confidence_interval":{"confidence_level":0.95,"lower_bound":-0.30470744253686566,"upper_bound":-0.2830654103422927},"point_estimate":-0.29380019816291114,"standard_error":0.005533485104796815},"median":{"confidence_interval":{"confidence_level":0.95,"lower_bound":-0.2995433126612347,"upper_bound":-0.26426340224865974},"point_estimate":-0.28638544443470704,"standard_error":0.007708731733952136}}