{"mean":{"confidence_interval":{"confidence_level":0.95,"lower_bound":0.0055736775166034536,"upper_bound":0.011244302596958675},"point_estimate":0.008406247842233538,"standard_error":0.001444968759548597},"median":{"confidence_interval":{"confidence_level":0.95,"lower_bound":0.005926733621908431,"upper_bound":0.0074671847296987615},"point_estimate":0.00675831730569465,"standard_error":0.00037078381368230113}}