{"mean":{"confidence_interval":{"confidence_level":0.95,"lower_bound":-0.010710838221632879,"upper_bound":-0.005051299812882791},"point_estimate":-0.008276686074361606,"standard_error":0.0015089239836797686},"median":{"confidence_interval":{"confidence_level":0.95,"lower_bound":-0.009892742833445434,"upper_bound":-0.008056356405599208},"point_estimate":-0.009057356081831447,"standard_error":0.0004785477064824115}}