{"mean":{"confidence_interval":{"confidence_level":0.95,"lower_bound":-0.00830104025707858,"upper_bound":-0.00620152018900288},"point_estimate":-0.007227036719229418,"standard_error":0.000534224861403704},"median":{"confidence_interval":{"confidence_level":0.95,"lower_bound":-0.008626134007340469,"upper_bound":-0.00596250045893465},"point_estimate":-0.007698687101174495,"standard_error":0.0006897748760714609}}