{"mean":{"confidence_interval":{"confidence_level":0.95,"lower_bound":-0.09250685764782512,"upper_bound":-0.08878620858384252},"point_estimate":-0.09056659394004296,"standard_error":0.0009509728075764845},"median":{"confidence_interval":{"confidence_level":0.95,"lower_bound":-0.08955778588993801,"upper_bound":-0.08491743033531418},"point_estimate":-0.08691936904133557,"standard_error":0.0011807493258273864}}