{"mean":{"confidence_interval":{"confidence_level":0.95,"lower_bound":-0.055943580339538085,"upper_bound":-0.053781119001315436},"point_estimate":-0.054863469028333944,"standard_error":0.0005506242970056508},"median":{"confidence_interval":{"confidence_level":0.95,"lower_bound":-0.05589062501637332,"upper_bound":-0.054020862288674754},"point_estimate":-0.054835608213341436,"standard_error":0.0005029097654556056}}