{"mean":{"confidence_interval":{"confidence_level":0.95,"lower_bound":0.003968465008256756,"upper_bound":0.009235813683573506},"point_estimate":0.00661996169004242,"standard_error":0.001334135197369587},"median":{"confidence_interval":{"confidence_level":0.95,"lower_bound":0.005557935912255285,"upper_bound":0.007446203956142705},"point_estimate":0.006564666083827886,"standard_error":0.0005079492711490348}}