{"mean":{"confidence_interval":{"confidence_level":0.95,"lower_bound":-0.0705289696734111,"upper_bound":-0.06382807172029564},"point_estimate":-0.06681335641917396,"standard_error":0.0017078543499137642},"median":{"confidence_interval":{"confidence_level":0.95,"lower_bound":-0.06906665608946982,"upper_bound":-0.06374683376268153},"point_estimate":-0.06722520972861057,"standard_error":0.001188351211602794}}