{"mean":{"confidence_interval":{"confidence_level":0.95,"lower_bound":-0.07718717122978279,"upper_bound":-0.05948116219802779},"point_estimate":-0.06814271173471964,"standard_error":0.004548292108648574},"median":{"confidence_interval":{"confidence_level":0.95,"lower_bound":-0.06962919249118862,"upper_bound":-0.047736548966284986},"point_estimate":-0.06038659084501474,"standard_error":0.006010059927827854}}