{"mean":{"confidence_interval":{"confidence_level":0.95,"lower_bound":-0.04893319387043904,"upper_bound":-0.043967405093140455},"point_estimate":-0.0462328591623441,"standard_error":0.0012216628957971967},"median":{"confidence_interval":{"confidence_level":0.95,"lower_bound":-0.04258277080876581,"upper_bound":-0.03977002188104284},"point_estimate":-0.040933988792356435,"standard_error":0.001154270115739307}}