{"mean":{"confidence_interval":{"confidence_level":0.95,"lower_bound":0.10533651699282132,"upper_bound":0.10649777278700015},"point_estimate":0.1058721810938339,"standard_error":0.00029279521073134827},"median":{"confidence_interval":{"confidence_level":0.95,"lower_bound":0.10540914461250006,"upper_bound":0.10634144806197399},"point_estimate":0.10583588959797918,"standard_error":0.00023267510034391127}}