{"mean":{"confidence_interval":{"confidence_level":0.95,"lower_bound":-0.034038252630050725,"upper_bound":-0.029798968381410273},"point_estimate":-0.0320371399495315,"standard_error":0.0010735251559766516},"median":{"confidence_interval":{"confidence_level":0.95,"lower_bound":-0.03401760982977253,"upper_bound":-0.03134398976799779},"point_estimate":-0.0325257317539811,"standard_error":0.0006758389293295774}}