{"mean":{"confidence_interval":{"confidence_level":0.95,"lower_bound":0.0030456333014776877,"upper_bound":0.028488416283887714},"point_estimate":0.015662190005800714,"standard_error":0.00651884521809829},"median":{"confidence_interval":{"confidence_level":0.95,"lower_bound":0.0005718301042500072,"upper_bound":0.002436429464992562},"point_estimate":0.0015774231894967183,"standard_error":0.0004431152471462131}}