{"mean":{"confidence_interval":{"confidence_level":0.95,"lower_bound":-0.021956418247934793,"upper_bound":-0.013025161497075562},"point_estimate":-0.016840072586223886,"standard_error":0.0023109463996433726},"median":{"confidence_interval":{"confidence_level":0.95,"lower_bound":-0.015405277868903666,"upper_bound":-0.012479059932795633},"point_estimate":-0.013762944434829283,"standard_error":0.0007984668353390618}}