{"mean":{"confidence_interval":{"confidence_level":0.95,"lower_bound":-0.0026382078055545485,"upper_bound":0.001540514966512207},"point_estimate":-0.0006698430168901037,"standard_error":0.0010762915666548865},"median":{"confidence_interval":{"confidence_level":0.95,"lower_bound":-0.00214786031528702,"upper_bound":-0.000839549741220913},"point_estimate":-0.0013606896923991085,"standard_error":0.00032074842962521023}}