{"mean":{"confidence_interval":{"confidence_level":0.95,"lower_bound":-0.02526915495083194,"upper_bound":-0.0008814007974909943},"point_estimate":-0.010729040606953011,"standard_error":0.006473327949488196},"median":{"confidence_interval":{"confidence_level":0.95,"lower_bound":-0.0009439710291027081,"upper_bound":0.0009379484995770682},"point_estimate":-0.000030352869630823065,"standard_error":0.00048333616672268243}}