{"mean":{"confidence_interval":{"confidence_level":0.95,"lower_bound":-0.009161526961876365,"upper_bound":0.0017426595140128765},"point_estimate":-0.0027894317554469916,"standard_error":0.002843942481302756},"median":{"confidence_interval":{"confidence_level":0.95,"lower_bound":-0.000860879542590065,"upper_bound":0.000968654366595656},"point_estimate":0.00005165627497838443,"standard_error":0.000450792295832473}}