{"mean":{"confidence_interval":{"confidence_level":0.95,"lower_bound":-0.0022614019394093824,"upper_bound":-0.0014467611392572721},"point_estimate":-0.0018611417452293333,"standard_error":0.00020688515486906112},"median":{"confidence_interval":{"confidence_level":0.95,"lower_bound":-0.0022263292817475966,"upper_bound":-0.0016414248379984907},"point_estimate":-0.002017041360148686,"standard_error":0.00014462677181121785}}