{"mean":{"confidence_interval":{"confidence_level":0.95,"lower_bound":0.3230205773802507,"upper_bound":0.3240387538746927},"point_estimate":0.32353298473278413,"standard_error":0.000259485514643577},"median":{"confidence_interval":{"confidence_level":0.95,"lower_bound":0.32285457650413346,"upper_bound":0.3239258943894654},"point_estimate":0.32332721661273145,"standard_error":0.0002727697967874222}}