{"mean":{"confidence_interval":{"confidence_level":0.95,"lower_bound":0.4433258099652298,"upper_bound":0.4847630744345554},"point_estimate":0.46306781327396584,"standard_error":0.010880940145950346},"median":{"confidence_interval":{"confidence_level":0.95,"lower_bound":0.4264282912736572,"upper_bound":0.446704389339978},"point_estimate":0.43634172559371587,"standard_error":0.005229640695427311}}