{"mean":{"confidence_interval":{"confidence_level":0.95,"lower_bound":0.0010372098362702532,"upper_bound":0.002871536239130365},"point_estimate":0.0019390787816666588,"standard_error":0.0004652863821047088},"median":{"confidence_interval":{"confidence_level":0.95,"lower_bound":0.0008027034000714917,"upper_bound":0.002612510799816281},"point_estimate":0.0017522567515597665,"standard_error":0.00047858456140267207}}