{"mean":{"confidence_interval":{"confidence_level":0.95,"lower_bound":-0.006575226157886254,"upper_bound":-0.002512597099159193},"point_estimate":-0.004401608138681512,"standard_error":0.0010376759294388283},"median":{"confidence_interval":{"confidence_level":0.95,"lower_bound":-0.0059727854515623235,"upper_bound":-0.0031652575132461447},"point_estimate":-0.00464633240954293,"standard_error":0.0007169200545028789}}