{"mean":{"confidence_interval":{"confidence_level":0.95,"lower_bound":-0.0016979932189981255,"upper_bound":0.0033550473992414696},"point_estimate":0.0006570363069131613,"standard_error":0.0012872023221474876},"median":{"confidence_interval":{"confidence_level":0.95,"lower_bound":-0.001979179270193976,"upper_bound":-0.00020350891996151856},"point_estimate":-0.0011392622781672967,"standard_error":0.0004552134990459438}}