{"mean":{"confidence_interval":{"confidence_level":0.95,"lower_bound":0.03532735830460457,"upper_bound":0.040624149473145556},"point_estimate":0.03804694169933209,"standard_error":0.001359038513949361},"median":{"confidence_interval":{"confidence_level":0.95,"lower_bound":0.0375151308006163,"upper_bound":0.04010175748904982},"point_estimate":0.03880429467032398,"standard_error":0.000643163691734394}}