{"mean":{"confidence_interval":{"confidence_level":0.95,"lower_bound":-0.002635779526228035,"upper_bound":0.0038365576266955344},"point_estimate":0.00041784138271516724,"standard_error":0.0016539916464116792},"median":{"confidence_interval":{"confidence_level":0.95,"lower_bound":-0.0013163656830617043,"upper_bound":0.0007317323402171727},"point_estimate":-0.00045770230013875146,"standard_error":0.0005326784436266292}}