{"mean":{"confidence_interval":{"confidence_level":0.95,"lower_bound":-0.0358327536203665,"upper_bound":-0.026039169885847098},"point_estimate":-0.030182078849726013,"standard_error":0.0025396216337026847},"median":{"confidence_interval":{"confidence_level":0.95,"lower_bound":-0.029289546245231834,"upper_bound":-0.026557898021627113},"point_estimate":-0.028008942613527488,"standard_error":0.0006911578842212109}}