{"mean":{"confidence_interval":{"confidence_level":0.95,"lower_bound":-0.0035423995262361895,"upper_bound":0.00036259055056032095},"point_estimate":-0.0014762458494127495,"standard_error":0.0009969752695544452},"median":{"confidence_interval":{"confidence_level":0.95,"lower_bound":-0.0011768290116757063,"upper_bound":0.0009296972187029517},"point_estimate":-0.0002922760909219724,"standard_error":0.0005746428330297567}}