{"mean":{"confidence_interval":{"confidence_level":0.95,"lower_bound":-0.005736721462390487,"upper_bound":0.004532832598688016},"point_estimate":-0.0012626183051671624,"standard_error":0.0026605539875118865},"median":{"confidence_interval":{"confidence_level":0.95,"lower_bound":-0.0014969098180390716,"upper_bound":0.00016155956952190742},"point_estimate":-0.0007570798992937444,"standard_error":0.00044415159402563906}}