{"mean":{"confidence_interval":{"confidence_level":0.95,"lower_bound":-0.0038566079031955966,"upper_bound":-0.000618298465224565},"point_estimate":-0.0021547793678182714,"standard_error":0.0008273791800330611},"median":{"confidence_interval":{"confidence_level":0.95,"lower_bound":-0.0038399335475544083,"upper_bound":0.0003410033380852884},"point_estimate":-0.002573562519102124,"standard_error":0.0011022155604971835}}