{"mean":{"confidence_interval":{"confidence_level":0.95,"lower_bound":-0.07278887845727819,"upper_bound":-0.06431011656081174},"point_estimate":-0.0680498649878496,"standard_error":0.0021761600926730068},"median":{"confidence_interval":{"confidence_level":0.95,"lower_bound":-0.0680111236420311,"upper_bound":-0.06484817512153085},"point_estimate":-0.06631321278603841,"standard_error":0.0008234768343100881}}