{"mean":{"confidence_interval":{"confidence_level":0.95,"lower_bound":-0.053468861670880476,"upper_bound":-0.05078029805049678},"point_estimate":-0.05207961526331817,"standard_error":0.0006845567402293374},"median":{"confidence_interval":{"confidence_level":0.95,"lower_bound":-0.052807410492398045,"upper_bound":-0.050436657063782975},"point_estimate":-0.051671251500645776,"standard_error":0.0005946476726859148}}