{"mean":{"confidence_interval":{"confidence_level":0.95,"lower_bound":0.001314734069126772,"upper_bound":0.012387179087800886},"point_estimate":0.00598199790409204,"standard_error":0.002884697212731373},"median":{"confidence_interval":{"confidence_level":0.95,"lower_bound":0.0006060485828827122,"upper_bound":0.00244675394614724},"point_estimate":0.00145753476969257,"standard_error":0.0005067716119509479}}