{"mean":{"confidence_interval":{"confidence_level":0.95,"lower_bound":0.4523187323463426,"upper_bound":0.483546011046539},"point_estimate":0.4665149006140257,"standard_error":0.008018827727384473},"median":{"confidence_interval":{"confidence_level":0.95,"lower_bound":0.44887424372643414,"upper_bound":0.4671730059747108},"point_estimate":0.45764948586200127,"standard_error":0.0047470474882702896}}