{"mean":{"confidence_interval":{"confidence_level":0.95,"lower_bound":-0.3108472497565473,"upper_bound":-0.29257121489459653},"point_estimate":-0.3012144437269131,"standard_error":0.0046773600038411845},"median":{"confidence_interval":{"confidence_level":0.95,"lower_bound":-0.2963350264225898,"upper_bound":-0.2823177631257862},"point_estimate":-0.2879410090046016,"standard_error":0.0037087095694229417}}