{"mean":{"confidence_interval":{"confidence_level":0.95,"lower_bound":0.009717158332370879,"upper_bound":0.01684840977625407},"point_estimate":0.013143918978309577,"standard_error":0.0017960154156856087},"median":{"confidence_interval":{"confidence_level":0.95,"lower_bound":0.008715300103207202,"upper_bound":0.014735571631527167},"point_estimate":0.012062695367719867,"standard_error":0.0016173598406373352}}