{"mean":{"confidence_interval":{"confidence_level":0.95,"lower_bound":0.002255479885656609,"upper_bound":0.011178297265205282},"point_estimate":0.006444615510893703,"standard_error":0.002215887044174887},"median":{"confidence_interval":{"confidence_level":0.95,"lower_bound":-0.0006316323098227517,"upper_bound":0.0011484168595636834},"point_estimate":0.00032283215137263177,"standard_error":0.00045900063261903066}}