{"mean":{"confidence_interval":{"confidence_level":0.95,"lower_bound":0.0006258202642879353,"upper_bound":0.004614256345817352},"point_estimate":0.0026508518179604312,"standard_error":0.0010040144667347321},"median":{"confidence_interval":{"confidence_level":0.95,"lower_bound":0.001265128719443398,"upper_bound":0.003471573934084004},"point_estimate":0.0025875063422708955,"standard_error":0.0005627301278781637}}