{"mean":{"confidence_interval":{"confidence_level":0.95,"lower_bound":-0.22426455212668106,"upper_bound":-0.22337202027097608},"point_estimate":-0.2238036051674116,"standard_error":0.00022669266109428448},"median":{"confidence_interval":{"confidence_level":0.95,"lower_bound":-0.224447339851926,"upper_bound":-0.22359919917723925},"point_estimate":-0.22390647025115862,"standard_error":0.0002283703574778954}}