{"mean":{"confidence_interval":{"confidence_level":0.95,"lower_bound":-0.014118230063525796,"upper_bound":-0.007329281990366285},"point_estimate":-0.01052177038963209,"standard_error":0.0017340671489864004},"median":{"confidence_interval":{"confidence_level":0.95,"lower_bound":-0.004613186606868824,"upper_bound":-0.003582296305274607},"point_estimate":-0.00398458744502328,"standard_error":0.00026920747004721934}}