{"mean":{"confidence_interval":{"confidence_level":0.95,"lower_bound":-0.0227931840059648,"upper_bound":-0.01783865753415496},"point_estimate":-0.020611953878674316,"standard_error":0.0012987405525788013},"median":{"confidence_interval":{"confidence_level":0.95,"lower_bound":-0.022734804652512097,"upper_bound":-0.019915446068583087},"point_estimate":-0.021051136015946548,"standard_error":0.0007127534857954287}}