{"mean":{"confidence_interval":{"confidence_level":0.95,"lower_bound":-0.002323590050453927,"upper_bound":0.0032689832270057784},"point_estimate":0.00040260802115343886,"standard_error":0.0014404452808088435},"median":{"confidence_interval":{"confidence_level":0.95,"lower_bound":-0.0017039567754590923,"upper_bound":0.0004976606582736132},"point_estimate":-0.0007632600830459468,"standard_error":0.0005535480282631686}}