{"mean":{"confidence_interval":{"confidence_level":0.95,"lower_bound":0.010409382381356322,"upper_bound":0.01602047583080091},"point_estimate":0.013179942287832924,"standard_error":0.0014289867502067669},"median":{"confidence_interval":{"confidence_level":0.95,"lower_bound":0.012414564634708691,"upper_bound":0.015310225259391297},"point_estimate":0.014178360261270173,"standard_error":0.0007302713628906803}}