{"mean":{"confidence_interval":{"confidence_level":0.95,"lower_bound":0.3510521315993221,"upper_bound":0.3792427056725902},"point_estimate":0.3639240808963258,"standard_error":0.007457615415492757},"median":{"confidence_interval":{"confidence_level":0.95,"lower_bound":0.3462995627659631,"upper_bound":0.36257606404682385},"point_estimate":0.35412658624505733,"standard_error":0.004563626705558368}}