{"mean":{"confidence_interval":{"confidence_level":0.95,"lower_bound":0.02775957091035025,"upper_bound":0.031884469781525725},"point_estimate":0.02982283106549688,"standard_error":0.001058684881047755},"median":{"confidence_interval":{"confidence_level":0.95,"lower_bound":0.028251957093098357,"upper_bound":0.03135565963196285},"point_estimate":0.029856630755130897,"standard_error":0.0008418838920740977}}