{"mean":{"confidence_interval":{"confidence_level":0.95,"lower_bound":-0.03388346883829621,"upper_bound":-0.030990483633485603},"point_estimate":-0.03242037021607602,"standard_error":0.0007400731485375603},"median":{"confidence_interval":{"confidence_level":0.95,"lower_bound":-0.03469691235862558,"upper_bound":-0.0315547024957588},"point_estimate":-0.033083714442383894,"standard_error":0.0007827765339240746}}