{"mean":{"confidence_interval":{"confidence_level":0.95,"lower_bound":-0.16752695659247868,"upper_bound":-0.16368515000305278},"point_estimate":-0.16574582944022287,"standard_error":0.0009715320913314221},"median":{"confidence_interval":{"confidence_level":0.95,"lower_bound":-0.16685416979652723,"upper_bound":-0.1657277818734023},"point_estimate":-0.1664026194003,"standard_error":0.0003211157426164742}}