{"mean":{"confidence_interval":{"confidence_level":0.95,"lower_bound":-0.0002755552146432496,"upper_bound":0.015619415862269859},"point_estimate":0.005210639186943533,"standard_error":0.0040065137144147805},"median":{"confidence_interval":{"confidence_level":0.95,"lower_bound":-0.0006291444978027139,"upper_bound":0.000986196628445235},"point_estimate":-0.000035303570830591546,"standard_error":0.0004175534206459901}}