{"mean":{"confidence_interval":{"confidence_level":0.95,"lower_bound":0.1001364263460112,"upper_bound":0.12427956651298358},"point_estimate":0.11095683003333323,"standard_error":0.0064594801629919065},"median":{"confidence_interval":{"confidence_level":0.95,"lower_bound":0.09590383014078507,"upper_bound":0.1115826298645259},"point_estimate":0.10340243845457442,"standard_error":0.0038729573473379026}}