{"mean":{"confidence_interval":{"confidence_level":0.95,"lower_bound":-0.04216937921252655,"upper_bound":-0.040349536018605595},"point_estimate":-0.04138667517592598,"standard_error":0.0004745737783865137},"median":{"confidence_interval":{"confidence_level":0.95,"lower_bound":-0.042131226478159964,"upper_bound":-0.041007533553535036},"point_estimate":-0.04158288350978456,"standard_error":0.00028396473852368464}}