{"mean":{"confidence_interval":{"confidence_level":0.95,"lower_bound":-0.25772194484055866,"upper_bound":-0.24801460009722412},"point_estimate":-0.25333253863167904,"standard_error":0.002515040628635237},"median":{"confidence_interval":{"confidence_level":0.95,"lower_bound":-0.264052253712303,"upper_bound":-0.2477845402018206},"point_estimate":-0.2562112537601908,"standard_error":0.004102009182663872}}