{"mean":{"confidence_interval":{"confidence_level":0.95,"lower_bound":0.21490515292630819,"upper_bound":0.22733136172968327},"point_estimate":0.22120747305529487,"standard_error":0.0032221388669160457},"median":{"confidence_interval":{"confidence_level":0.95,"lower_bound":0.2243258163346602,"upper_bound":0.22798336790908347},"point_estimate":0.22610075311582434,"standard_error":0.0009534933859283014}}