{"mean":{"confidence_interval":{"confidence_level":0.95,"lower_bound":0.3151792111491653,"upper_bound":0.3208560051119655},"point_estimate":0.31815476939567655,"standard_error":0.0014501060568407058},"median":{"confidence_interval":{"confidence_level":0.95,"lower_bound":0.31718548764971155,"upper_bound":0.3235793003496046},"point_estimate":0.321726962262745,"standard_error":0.0015541784437315223}}