{"mean":{"confidence_interval":{"confidence_level":0.95,"lower_bound":0.2713209092432411,"upper_bound":0.28376144838800954},"point_estimate":0.2769894109551734,"standard_error":0.0031503294210888},"median":{"confidence_interval":{"confidence_level":0.95,"lower_bound":0.26574608153408197,"upper_bound":0.2778284998399143},"point_estimate":0.27092123978537774,"standard_error":0.0032302232764043976}}