{"mean":{"confidence_interval":{"confidence_level":0.95,"lower_bound":-0.09593601809851592,"upper_bound":-0.08428728692759653},"point_estimate":-0.09043373559203016,"standard_error":0.0029797382392475593},"median":{"confidence_interval":{"confidence_level":0.95,"lower_bound":-0.10358849643518757,"upper_bound":-0.09469061755135644},"point_estimate":-0.0998268103541925,"standard_error":0.0023384846683828825}}