{"mean":{"confidence_interval":{"confidence_level":0.95,"lower_bound":0.17095149837902215,"upper_bound":0.18620211132730086},"point_estimate":0.17769550601666184,"standard_error":0.003761474118034946},"median":{"confidence_interval":{"confidence_level":0.95,"lower_bound":0.15951453213687783,"upper_bound":0.18432136202389193},"point_estimate":0.1707630376120246,"standard_error":0.006334011237158842}}