{"mean":{"confidence_interval":{"confidence_level":0.95,"lower_bound":-0.2578161576740607,"upper_bound":-0.25093886381431063},"point_estimate":-0.25428927548968017,"standard_error":0.0017610886951330597},"median":{"confidence_interval":{"confidence_level":0.95,"lower_bound":-0.25619449549107975,"upper_bound":-0.24660629649659083},"point_estimate":-0.2516532018048,"standard_error":0.002364341747451719}}