{"mean":{"confidence_interval":{"confidence_level":0.95,"lower_bound":-0.1760475440518139,"upper_bound":-0.170654024873937},"point_estimate":-0.17321101015496765,"standard_error":0.0013657419113715934},"median":{"confidence_interval":{"confidence_level":0.95,"lower_bound":-0.17531069797638787,"upper_bound":-0.17130956294284902},"point_estimate":-0.1736401695733102,"standard_error":0.0010342914223534542}}