{"mean":{"confidence_interval":{"confidence_level":0.95,"lower_bound":0.00919861157718982,"upper_bound":0.014765268703539957},"point_estimate":0.011979558295651893,"standard_error":0.0014191204477540576},"median":{"confidence_interval":{"confidence_level":0.95,"lower_bound":0.008744991097761279,"upper_bound":0.012899101118223566},"point_estimate":0.010688898801865632,"standard_error":0.0010629303984179225}}