{"mean":{"confidence_interval":{"confidence_level":0.95,"lower_bound":0.025739233848143018,"upper_bound":0.032692106159551565},"point_estimate":0.029179836960350425,"standard_error":0.0017959719038818304},"median":{"confidence_interval":{"confidence_level":0.95,"lower_bound":0.02363194090702625,"upper_bound":0.03317743149796315},"point_estimate":0.027587118213585615,"standard_error":0.00250715510903285}}