{"mean":{"confidence_interval":{"confidence_level":0.95,"lower_bound":-0.05110208461066894,"upper_bound":-0.03825814699200547},"point_estimate":-0.04458791237583415,"standard_error":0.0032966428033182928},"median":{"confidence_interval":{"confidence_level":0.95,"lower_bound":-0.06626500707798866,"upper_bound":-0.03734857004271375},"point_estimate":-0.044242319174944034,"standard_error":0.007648757668312358}}