{"mean":{"confidence_interval":{"confidence_level":0.95,"lower_bound":0.2014557022540004,"upper_bound":0.2096550683101583},"point_estimate":0.20561217507328022,"standard_error":0.002098012406234104},"median":{"confidence_interval":{"confidence_level":0.95,"lower_bound":0.20534579162208955,"upper_bound":0.21376770048512642},"point_estimate":0.20897457727515767,"standard_error":0.002197862932864022}}