{"mean":{"confidence_interval":{"confidence_level":0.95,"lower_bound":0.04665857425559468,"upper_bound":0.05019961852191307},"point_estimate":0.0484853633422766,"standard_error":0.0009011311252662525},"median":{"confidence_interval":{"confidence_level":0.95,"lower_bound":0.04822212521070113,"upper_bound":0.05199387007134337},"point_estimate":0.05009466960650544,"standard_error":0.0010278027286907407}}