{"mean":{"confidence_interval":{"confidence_level":0.95,"lower_bound":-0.05866216652784048,"upper_bound":-0.051249705959662724},"point_estimate":-0.05497689997216193,"standard_error":0.0018938886936124071},"median":{"confidence_interval":{"confidence_level":0.95,"lower_bound":-0.05926506031633705,"upper_bound":-0.04728487881671532},"point_estimate":-0.05262391458478788,"standard_error":0.002934904590771459}}