{"mean":{"confidence_interval":{"confidence_level":0.95,"lower_bound":79846.85317203528,"upper_bound":80561.75453462548},"point_estimate":80174.61473585428,"standard_error":182.25093161113494},"median":{"confidence_interval":{"confidence_level":0.95,"lower_bound":79258.1925,"upper_bound":79618.61153846154},"point_estimate":79389.07194805195,"standard_error":100.93505463167587},"median_abs_dev":{"confidence_interval":{"confidence_level":0.95,"lower_bound":458.1133315325216,"upper_bound":1264.1044706969712},"point_estimate":778.212434478995,"standard_error":201.8020300658553},"slope":{"confidence_interval":{"confidence_level":0.95,"lower_bound":79346.29140518775,"upper_bound":79890.15326738752},"point_estimate":79584.8186475543,"standard_error":139.59902000998707},"std_dev":{"confidence_interval":{"confidence_level":0.95,"lower_bound":1181.2014030356297,"upper_bound":2557.608345786949},"point_estimate":1830.0420903502143,"standard_error":393.48472305875396}}