{"mean":{"confidence_interval":{"confidence_level":0.95,"lower_bound":68547.62770538502,"upper_bound":69053.68971344171},"point_estimate":68785.20354014174,"standard_error":129.6649974426152},"median":{"confidence_interval":{"confidence_level":0.95,"lower_bound":68196.19852941176,"upper_bound":68392.99393939394},"point_estimate":68311.32364493323,"standard_error":44.54320874927112},"median_abs_dev":{"confidence_interval":{"confidence_level":0.95,"lower_bound":265.326194247853,"upper_bound":833.5330260950722},"point_estimate":458.10523952084264,"standard_error":146.6731959240464},"slope":{"confidence_interval":{"confidence_level":0.95,"lower_bound":68326.3673678393,"upper_bound":68663.30951422153},"point_estimate":68483.54044677602,"standard_error":86.13019601725128},"std_dev":{"confidence_interval":{"confidence_level":0.95,"lower_bound":871.5870648451848,"upper_bound":1698.5638853790385},"point_estimate":1300.5862345478497,"standard_error":213.85820836208288}}