{"mean":{"confidence_interval":{"confidence_level":0.95,"lower_bound":105096.9632830788,"upper_bound":105494.06261473133},"point_estimate":105290.80871239869,"standard_error":101.1251040561453},"median":{"confidence_interval":{"confidence_level":0.95,"lower_bound":104801.45494791667,"upper_bound":105161.67583333333},"point_estimate":104941.51239495797,"standard_error":93.73606078685064},"median_abs_dev":{"confidence_interval":{"confidence_level":0.95,"lower_bound":480.3379854879386,"upper_bound":1086.412745153415},"point_estimate":802.1040405095705,"standard_error":159.86772826112207},"slope":{"confidence_interval":{"confidence_level":0.95,"lower_bound":104745.15107250596,"upper_bound":105010.16065933446},"point_estimate":104872.74826141569,"standard_error":67.6031006517019},"std_dev":{"confidence_interval":{"confidence_level":0.95,"lower_bound":847.2765376537056,"upper_bound":1160.4014454552478},"point_estimate":1014.3664754884089,"standard_error":80.14378380789749}}