{"mean":{"confidence_interval":{"confidence_level":0.95,"lower_bound":68528.6992613642,"upper_bound":69233.50493329958},"point_estimate":68859.95280504414,"standard_error":180.80395948337477},"median":{"confidence_interval":{"confidence_level":0.95,"lower_bound":68040.68312757202,"upper_bound":68194.08630952382},"point_estimate":68115.23449012674,"standard_error":45.7177812139377},"median_abs_dev":{"confidence_interval":{"confidence_level":0.95,"lower_bound":323.0043022706043,"upper_bound":900.2433329063812},"point_estimate":512.8606609060107,"standard_error":172.53266148968112},"slope":{"confidence_interval":{"confidence_level":0.95,"lower_bound":68221.88303895513,"upper_bound":69242.36909160083},"point_estimate":68675.16536377519,"standard_error":262.86177999608515},"std_dev":{"confidence_interval":{"confidence_level":0.95,"lower_bound":1226.630279620247,"upper_bound":2330.95075274595},"point_estimate":1817.783231761636,"standard_error":283.11540426122275}}