{"mean":{"confidence_interval":{"confidence_level":0.95,"lower_bound":65272.361938502705,"upper_bound":65972.68396153516},"point_estimate":65588.37430733774,"standard_error":179.2310173505314},"median":{"confidence_interval":{"confidence_level":0.95,"lower_bound":64724.42471910112,"upper_bound":65079.403838383834},"point_estimate":64845.4964057971,"standard_error":92.9848003561007},"median_abs_dev":{"confidence_interval":{"confidence_level":0.95,"lower_bound":355.10630741844136,"upper_bound":882.8671649471837},"point_estimate":557.085479507898,"standard_error":134.59715460890428},"slope":{"confidence_interval":{"confidence_level":0.95,"lower_bound":64718.12851994186,"upper_bound":65788.2797352788},"point_estimate":65099.61902113196,"standard_error":294.80610448042256},"std_dev":{"confidence_interval":{"confidence_level":0.95,"lower_bound":1087.2142499114966,"upper_bound":2598.615582916072},"point_estimate":1801.519295391694,"standard_error":457.116484606583}}