{"mean":{"confidence_interval":{"confidence_level":0.95,"lower_bound":65292.73565974779,"upper_bound":65840.15804140737},"point_estimate":65551.56714267554,"standard_error":139.83596058330792},"median":{"confidence_interval":{"confidence_level":0.95,"lower_bound":64801.84597701149,"upper_bound":65300.2590412111},"point_estimate":65003.340519480524,"standard_error":134.8041189652022},"median_abs_dev":{"confidence_interval":{"confidence_level":0.95,"lower_bound":493.235896161348,"upper_bound":1148.7233132942524},"point_estimate":736.2351352796462,"standard_error":166.8682008735517},"slope":{"confidence_interval":{"confidence_level":0.95,"lower_bound":64745.43847698069,"upper_bound":64970.97039946409},"point_estimate":64843.18587911926,"standard_error":57.82362128925945},"std_dev":{"confidence_interval":{"confidence_level":0.95,"lower_bound":1001.1638781360336,"upper_bound":1847.0206607106231},"point_estimate":1415.1840712571486,"standard_error":223.85597304824216}}