{"mean":{"confidence_interval":{"confidence_level":0.95,"lower_bound":406007.7885750055,"upper_bound":406359.68389916344},"point_estimate":406150.3030855467,"standard_error":92.10657479118879},"median":{"confidence_interval":{"confidence_level":0.95,"lower_bound":406009.7793269231,"upper_bound":406093.5},"point_estimate":406048.6751106894,"standard_error":21.61786257395059},"median_abs_dev":{"confidence_interval":{"confidence_level":0.95,"lower_bound":126.73888984975216,"upper_bound":242.92981905688148},"point_estimate":165.30525565200784,"standard_error":29.455886195368418},"slope":{"confidence_interval":{"confidence_level":0.95,"lower_bound":406039.9346380885,"upper_bound":406105.13158753584},"point_estimate":406071.5367326733,"standard_error":16.61859230201993},"std_dev":{"confidence_interval":{"confidence_level":0.95,"lower_bound":296.823685017966,"upper_bound":1513.047637810011},"point_estimate":927.4160542088931,"standard_error":385.86087979619623}}