{"mean":{"confidence_interval":{"confidence_level":0.95,"lower_bound":65133.04125025526,"upper_bound":65533.64031426762},"point_estimate":65327.5132179656,"standard_error":102.66826883436752},"median":{"confidence_interval":{"confidence_level":0.95,"lower_bound":64656.768769761424,"upper_bound":65089.607894736844},"point_estimate":64831.04727272727,"standard_error":128.85004910627444},"median_abs_dev":{"confidence_interval":{"confidence_level":0.95,"lower_bound":366.2334313205323,"upper_bound":951.0405849045598},"point_estimate":595.280138137883,"standard_error":164.7981912468419},"slope":{"confidence_interval":{"confidence_level":0.95,"lower_bound":64670.51109483487,"upper_bound":64837.5795252062},"point_estimate":64744.987528890204,"standard_error":42.72926883871044},"std_dev":{"confidence_interval":{"confidence_level":0.95,"lower_bound":880.5693769647173,"upper_bound":1151.243405540334},"point_estimate":1027.0545648726288,"standard_error":69.26817812838337}}