{"mean":{"confidence_interval":{"confidence_level":0.95,"lower_bound":64979.21932318228,"upper_bound":65334.15681306288},"point_estimate":65152.579875188276,"standard_error":90.60790544292729},"median":{"confidence_interval":{"confidence_level":0.95,"lower_bound":64649.78461538462,"upper_bound":64882.16923809524},"point_estimate":64755.35753626752,"standard_error":52.90226350027249},"median_abs_dev":{"confidence_interval":{"confidence_level":0.95,"lower_bound":315.6635214895206,"upper_bound":684.9453144308326},"point_estimate":477.1221259246105,"standard_error":90.14253050813848},"slope":{"confidence_interval":{"confidence_level":0.95,"lower_bound":64633.41260689125,"upper_bound":64866.33160601421},"point_estimate":64732.82081513226,"standard_error":60.507815321953174},"std_dev":{"confidence_interval":{"confidence_level":0.95,"lower_bound":762.8846184607571,"upper_bound":1033.9967477897676},"point_estimate":911.1094582594214,"standard_error":69.25728809673465}}