{"mean":{"confidence_interval":{"confidence_level":0.95,"lower_bound":105929.67316166799,"upper_bound":106346.77094075787},"point_estimate":106134.72782955565,"standard_error":106.29802876636498},"median":{"confidence_interval":{"confidence_level":0.95,"lower_bound":105614.313867054,"upper_bound":106094.021484375},"point_estimate":105818.44402748415,"standard_error":120.95919154848652},"median_abs_dev":{"confidence_interval":{"confidence_level":0.95,"lower_bound":639.606585496731,"upper_bound":1251.9795784502528},"point_estimate":966.4693337696299,"standard_error":156.11197494296027},"slope":{"confidence_interval":{"confidence_level":0.95,"lower_bound":105704.94007497773,"upper_bound":106077.99423661984},"point_estimate":105885.8973769765,"standard_error":95.20998170122951},"std_dev":{"confidence_interval":{"confidence_level":0.95,"lower_bound":908.0143064470894,"upper_bound":1210.8235419182522},"point_estimate":1067.2171434504735,"standard_error":77.32198576404302}}