{"mean":{"confidence_interval":{"confidence_level":0.95,"lower_bound":466091.01344715286,"upper_bound":466224.1073108414},"point_estimate":466156.7141882854,"standard_error":33.98932884167738},"median":{"confidence_interval":{"confidence_level":0.95,"lower_bound":466065.80833333335,"upper_bound":466198.4810606061},"point_estimate":466137.42683946487,"standard_error":31.45138717610285},"median_abs_dev":{"confidence_interval":{"confidence_level":0.95,"lower_bound":197.89821466844944,"upper_bound":323.7272781159531},"point_estimate":258.08835003288686,"standard_error":33.204542511260975},"slope":{"confidence_interval":{"confidence_level":0.95,"lower_bound":466092.31822960236,"upper_bound":466203.39616806264},"point_estimate":466147.1894414068,"standard_error":28.36390398596826},"std_dev":{"confidence_interval":{"confidence_level":0.95,"lower_bound":266.9686381254802,"upper_bound":406.84903735900104},"point_estimate":340.0694001051546,"standard_error":35.71957423322675}}