{"mean":{"confidence_interval":{"confidence_level":0.95,"lower_bound":67251.35471525571,"upper_bound":67712.74567725677},"point_estimate":67473.49723102676,"standard_error":118.001114198776},"median":{"confidence_interval":{"confidence_level":0.95,"lower_bound":66863.53140096618,"upper_bound":67028.621630221},"point_estimate":66923.40949119374,"standard_error":42.126629656750524},"median_abs_dev":{"confidence_interval":{"confidence_level":0.95,"lower_bound":205.82454016230224,"upper_bound":787.6312360167503},"point_estimate":471.32842519124364,"standard_error":152.55423970119426},"slope":{"confidence_interval":{"confidence_level":0.95,"lower_bound":66907.15804284666,"upper_bound":67154.7102681119},"point_estimate":67011.42647554308,"standard_error":63.99179916369835},"std_dev":{"confidence_interval":{"confidence_level":0.95,"lower_bound":975.7283382289414,"upper_bound":1373.6951007054631},"point_estimate":1187.46491855501,"standard_error":101.54610388195395}}