{"mean":{"confidence_interval":{"confidence_level":0.95,"lower_bound":67971.79467398427,"upper_bound":68948.51615641064},"point_estimate":68443.46427185528,"standard_error":249.39883070135312},"median":{"confidence_interval":{"confidence_level":0.95,"lower_bound":67012.20138888889,"upper_bound":67217.19892473119},"point_estimate":67096.07918069584,"standard_error":52.412257589916706},"median_abs_dev":{"confidence_interval":{"confidence_level":0.95,"lower_bound":204.31561324594853,"upper_bound":630.6056115809346},"point_estimate":373.3898825040026,"standard_error":110.04413662284155},"slope":{"confidence_interval":{"confidence_level":0.95,"lower_bound":67171.38238179954,"upper_bound":68224.69660652165},"point_estimate":67625.29125609576,"standard_error":271.8423893253587},"std_dev":{"confidence_interval":{"confidence_level":0.95,"lower_bound":2048.2760544631137,"upper_bound":2916.363249786197},"point_estimate":2504.6391065370913,"standard_error":221.17884974387886}}