{"mean":{"confidence_interval":{"confidence_level":0.95,"lower_bound":68386.61816663636,"upper_bound":68829.29748071496},"point_estimate":68602.52905205473,"standard_error":113.0099546198628},"median":{"confidence_interval":{"confidence_level":0.95,"lower_bound":68055.03046942291,"upper_bound":68310.45102248073},"point_estimate":68128.102368758,"standard_error":64.59082341292293},"median_abs_dev":{"confidence_interval":{"confidence_level":0.95,"lower_bound":415.4382301830775,"upper_bound":991.5937870650637},"point_estimate":662.087097894731,"standard_error":153.1663097973345},"slope":{"confidence_interval":{"confidence_level":0.95,"lower_bound":68027.30881073207,"upper_bound":68394.90881003725},"point_estimate":68193.63700064036,"standard_error":94.2922668346709},"std_dev":{"confidence_interval":{"confidence_level":0.95,"lower_bound":950.7028615990153,"upper_bound":1298.7575361310314},"point_estimate":1138.8880193104303,"standard_error":89.19423367475908}}