{"mean":{"confidence_interval":{"confidence_level":0.95,"lower_bound":80913.17908217473,"upper_bound":81476.29671953857},"point_estimate":81189.88261132962,"standard_error":144.0983004365311},"median":{"confidence_interval":{"confidence_level":0.95,"lower_bound":80268.6181315644,"upper_bound":80938.84686147186},"point_estimate":80403.91195715962,"standard_error":170.24999586037927},"median_abs_dev":{"confidence_interval":{"confidence_level":0.95,"lower_bound":530.55126161002,"upper_bound":1628.4157282846102},"point_estimate":852.1414336697858,"standard_error":256.5211684949295},"slope":{"confidence_interval":{"confidence_level":0.95,"lower_bound":80299.70675900861,"upper_bound":80562.9581562185},"point_estimate":80420.75628195655,"standard_error":67.28099991922667},"std_dev":{"confidence_interval":{"confidence_level":0.95,"lower_bound":1273.031880168443,"upper_bound":1581.6233347965954},"point_estimate":1445.3320293484185,"standard_error":78.58624302468787}}