{"mean":{"confidence_interval":{"confidence_level":0.95,"lower_bound":76944.24786869947,"upper_bound":77831.68325888511},"point_estimate":77363.419473844,"standard_error":225.74006527214448},"median":{"confidence_interval":{"confidence_level":0.95,"lower_bound":76024.71304347826,"upper_bound":76296.18368347338},"point_estimate":76109.31065713313,"standard_error":99.96669574127547},"median_abs_dev":{"confidence_interval":{"confidence_level":0.95,"lower_bound":315.85116659031377,"upper_bound":941.6493714019418},"point_estimate":570.2011888381344,"standard_error":182.42302938691697},"slope":{"confidence_interval":{"confidence_level":0.95,"lower_bound":76121.04241203994,"upper_bound":76451.69737524787},"point_estimate":76265.07061859022,"standard_error":85.21341346114059},"std_dev":{"confidence_interval":{"confidence_level":0.95,"lower_bound":1683.9969392629164,"upper_bound":2941.0358677466347},"point_estimate":2270.480828255372,"standard_error":342.949500767958}}