{"mean":{"confidence_interval":{"confidence_level":0.95,"lower_bound":68339.19340750473,"upper_bound":68779.97821070536},"point_estimate":68548.13787134521,"standard_error":112.73666386418775},"median":{"confidence_interval":{"confidence_level":0.95,"lower_bound":67953.42386831276,"upper_bound":68258.15938359589},"point_estimate":68105.66662404092,"standard_error":80.25112240760235},"median_abs_dev":{"confidence_interval":{"confidence_level":0.95,"lower_bound":319.0956267693712,"upper_bound":868.5812283344527},"point_estimate":548.6821083145005,"standard_error":147.9074048931955},"slope":{"confidence_interval":{"confidence_level":0.95,"lower_bound":68056.6906860035,"upper_bound":68451.65501806191},"point_estimate":68233.3326816413,"standard_error":101.52346223748573},"std_dev":{"confidence_interval":{"confidence_level":0.95,"lower_bound":837.3125036786295,"upper_bound":1463.0483815403147},"point_estimate":1134.6177461577543,"standard_error":167.06793802720324}}