{"mean":{"confidence_interval":{"confidence_level":0.95,"lower_bound":67637.46681968287,"upper_bound":68267.09581543227},"point_estimate":67918.12699467744,"standard_error":161.2779736974093},"median":{"confidence_interval":{"confidence_level":0.95,"lower_bound":67259.85285547786,"upper_bound":67492.27536231885},"point_estimate":67369.99050925925,"standard_error":64.0321515427358},"median_abs_dev":{"confidence_interval":{"confidence_level":0.95,"lower_bound":252.71694474598397,"upper_bound":583.010711102201},"point_estimate":359.194073558979,"standard_error":83.72348847078342},"slope":{"confidence_interval":{"confidence_level":0.95,"lower_bound":67294.86770698537,"upper_bound":68653.11415668622},"point_estimate":67855.30349096104,"standard_error":363.10143377015055},"std_dev":{"confidence_interval":{"confidence_level":0.95,"lower_bound":760.986228716063,"upper_bound":2339.2609233100534},"point_estimate":1623.073668987907,"standard_error":409.006722318454}}