{"mean":{"confidence_interval":{"confidence_level":0.95,"lower_bound":110136.64317045704,"upper_bound":112811.76400367335},"point_estimate":111450.93417110133,"standard_error":681.4390292764945},"median":{"confidence_interval":{"confidence_level":0.95,"lower_bound":110263.07870370371,"upper_bound":112141.08966165414},"point_estimate":111326.25598086124,"standard_error":443.4198865183969},"median_abs_dev":{"confidence_interval":{"confidence_level":0.95,"lower_bound":3006.495248991317,"upper_bound":5883.589120854081},"point_estimate":4692.033110291915,"standard_error":699.335843429686},"slope":{"confidence_interval":{"confidence_level":0.95,"lower_bound":110827.31675499468,"upper_bound":113016.35252267038},"point_estimate":111906.33397074036,"standard_error":555.8288345660994},"std_dev":{"confidence_interval":{"confidence_level":0.95,"lower_bound":5242.852874027756,"upper_bound":8321.676674584429},"point_estimate":6843.161812086915,"standard_error":785.8886720198288}}