{"mean":{"confidence_interval":{"confidence_level":0.95,"lower_bound":6596410.84709375,"upper_bound":6642951.3144375},"point_estimate":6618476.135,"standard_error":11902.670672448927},"median":{"confidence_interval":{"confidence_level":0.95,"lower_bound":6556482.75,"upper_bound":6560595.875},"point_estimate":6557842.6875,"standard_error":1272.5516360180072},"median_abs_dev":{"confidence_interval":{"confidence_level":0.95,"lower_bound":6410.669623687863,"upper_bound":15451.283959122333},"point_estimate":10047.580021619797,"standard_error":2379.0671914775958},"slope":null,"std_dev":{"confidence_interval":{"confidence_level":0.95,"lower_bound":87023.28999326934,"upper_bound":148785.873534595},"point_estimate":119537.83778535941,"standard_error":15860.296111232052}}