{"mean":{"confidence_interval":{"confidence_level":0.95,"lower_bound":6558270.462187501,"upper_bound":6568484.777656251},"point_estimate":6562559.2825,"standard_error":2654.9405505276395},"median":{"confidence_interval":{"confidence_level":0.95,"lower_bound":6555528.0,"upper_bound":6557845.75},"point_estimate":6556712.375,"standard_error":571.6424060039342},"median_abs_dev":{"confidence_interval":{"confidence_level":0.95,"lower_bound":3280.7713517546686,"upper_bound":6562.744999425482},"point_estimate":4556.771019101143,"standard_error":787.1026096622112},"slope":null,"std_dev":{"confidence_interval":{"confidence_level":0.95,"lower_bound":6711.040653463109,"upper_bound":42172.93047838761},"point_estimate":26668.241889303845,"standard_error":9415.828181166758}}