{"mean":{"confidence_interval":{"confidence_level":0.95,"lower_bound":6608535.636,"upper_bound":6669345.8725000005},"point_estimate":6637389.69625,"standard_error":15520.685503139712},"median":{"confidence_interval":{"confidence_level":0.95,"lower_bound":6558107.875,"upper_bound":6566456.0},"point_estimate":6559791.5,"standard_error":2393.165327628627},"median_abs_dev":{"confidence_interval":{"confidence_level":0.95,"lower_bound":6787.34267950058,"upper_bound":19790.949061140418},"point_estimate":10243.46854314208,"standard_error":3680.699204579704},"slope":null,"std_dev":{"confidence_interval":{"confidence_level":0.95,"lower_bound":111201.17442132976,"upper_bound":193958.54104473683},"point_estimate":155991.83629492993,"standard_error":21219.796824285822}}