{"mean":{"confidence_interval":{"confidence_level":0.95,"lower_bound":6563151.048625,"upper_bound":6566990.07125},"point_estimate":6565022.805,"standard_error":977.5426525991281},"median":{"confidence_interval":{"confidence_level":0.95,"lower_bound":6560675.5,"upper_bound":6564616.0},"point_estimate":6562685.125,"standard_error":1093.846125869991},"median_abs_dev":{"confidence_interval":{"confidence_level":0.95,"lower_bound":6076.158004626632,"upper_bound":10910.082556307316},"point_estimate":8444.518800079823,"standard_error":1168.066079086792},"slope":null,"std_dev":{"confidence_interval":{"confidence_level":0.95,"lower_bound":8183.673800618588,"upper_bound":11382.765962227551},"point_estimate":9833.089869888585,"standard_error":821.2394601156271}}