{"mean":{"confidence_interval":{"confidence_level":0.95,"lower_bound":6588514.1983125005,"upper_bound":6634228.59471875},"point_estimate":6609455.3775,"standard_error":11699.572104034029},"median":{"confidence_interval":{"confidence_level":0.95,"lower_bound":6562784.125,"upper_bound":6568443.5},"point_estimate":6565461.9375,"standard_error":1475.5311404408938},"median_abs_dev":{"confidence_interval":{"confidence_level":0.95,"lower_bound":8315.347277373075,"upper_bound":16967.522736266255},"point_estimate":12402.875404804945,"standard_error":2210.931293082306},"slope":null,"std_dev":{"confidence_interval":{"confidence_level":0.95,"lower_bound":68567.6546680033,"upper_bound":159107.6416025526},"point_estimate":117485.06836606584,"standard_error":23195.517630584218}}