{"mean":{"confidence_interval":{"confidence_level":0.95,"lower_bound":6597078.0131875,"upper_bound":6644118.9375},"point_estimate":6619232.88125,"standard_error":12066.298197491464},"median":{"confidence_interval":{"confidence_level":0.95,"lower_bound":6558352.25,"upper_bound":6565486.3125},"point_estimate":6562416.875,"standard_error":2133.0804917780556},"median_abs_dev":{"confidence_interval":{"confidence_level":0.95,"lower_bound":7342.745478702711,"upper_bound":18858.208352699876},"point_estimate":11984.782212227583,"standard_error":3242.010014998414},"slope":null,"std_dev":{"confidence_interval":{"confidence_level":0.95,"lower_bound":82919.77558222029,"upper_bound":158698.4664121398},"point_estimate":121405.49640889885,"standard_error":19692.867317563076}}