{"mean":{"confidence_interval":{"confidence_level":0.95,"lower_bound":6629090.899062499,"upper_bound":6941953.8029375},"point_estimate":6743808.85875,"standard_error":89025.80496386715},"median":{"confidence_interval":{"confidence_level":0.95,"lower_bound":6559335.5625,"upper_bound":6572502.0},"point_estimate":6563156.4375,"standard_error":3176.8805293332625},"median_abs_dev":{"confidence_interval":{"confidence_level":0.95,"lower_bound":9758.195039257407,"upper_bound":28476.297694444656},"point_estimate":15654.865784570575,"standard_error":4581.306647286362},"slope":null,"std_dev":{"confidence_interval":{"confidence_level":0.95,"lower_bound":149956.14760295357,"upper_bound":1517327.9421469271},"point_estimate":897050.3772367993,"standard_error":473963.4325146964}}