{"mean":{"confidence_interval":{"confidence_level":0.95,"lower_bound":6566909.3061875,"upper_bound":6596884.66071875},"point_estimate":6580707.15,"standard_error":7666.545329457362},"median":{"confidence_interval":{"confidence_level":0.95,"lower_bound":6553297.875,"upper_bound":6556009.3125},"point_estimate":6554184.4375,"standard_error":660.8940663897873},"median_abs_dev":{"confidence_interval":{"confidence_level":0.95,"lower_bound":3919.3456929177046,"upper_bound":7423.934043198824},"point_estimate":5614.884087815881,"standard_error":904.5190653356738},"slope":null,"std_dev":{"confidence_interval":{"confidence_level":0.95,"lower_bound":47523.80483781273,"upper_bound":103452.63768679657},"point_estimate":77101.0700025055,"standard_error":14462.707414657028}}