{"mean":{"confidence_interval":{"confidence_level":0.95,"lower_bound":6557597.87871875,"upper_bound":6567849.2851875},"point_estimate":6562069.64,"standard_error":2645.7668734117105},"median":{"confidence_interval":{"confidence_level":0.95,"lower_bound":6555054.8125,"upper_bound":6557153.0},"point_estimate":6555774.375,"standard_error":599.3556826790764},"median_abs_dev":{"confidence_interval":{"confidence_level":0.95,"lower_bound":3515.522525086999,"upper_bound":5850.5248211324215},"point_estimate":4532.215457037091,"standard_error":565.7081765871991},"slope":null,"std_dev":{"confidence_interval":{"confidence_level":0.95,"lower_bound":8863.779099483314,"upper_bound":39715.45526728644},"point_estimate":26591.118854244225,"standard_error":7754.9807931273335}}