{"mean":{"confidence_interval":{"confidence_level":0.95,"lower_bound":6125884.46171875,"upper_bound":6239518.18859375},"point_estimate":6179216.835,"standard_error":29052.816264143254},"median":{"confidence_interval":{"confidence_level":0.95,"lower_bound":6049102.875,"upper_bound":6062674.375},"point_estimate":6053049.375,"standard_error":3919.577169804943},"median_abs_dev":{"confidence_interval":{"confidence_level":0.95,"lower_bound":13960.536635275937,"upper_bound":31526.376490294933},"point_estimate":18687.802018225193,"standard_error":4772.372968580484},"slope":null,"std_dev":{"confidence_interval":{"confidence_level":0.95,"lower_bound":207252.27733303513,"upper_bound":363427.00285982917},"point_estimate":290697.0153553704,"standard_error":39979.809691808434}}