{"mean":{"confidence_interval":{"confidence_level":0.95,"lower_bound":0.007443073293167657,"upper_bound":0.017443979572918482},"point_estimate":0.012248204409444963,"standard_error":0.002541194603607644},"median":{"confidence_interval":{"confidence_level":0.95,"lower_bound":0.0008108918876292837,"upper_bound":0.002046097779890399},"point_estimate":0.0012158010134399877,"standard_error":0.0002873739797420577}}