{"mean":{"confidence_interval":{"confidence_level":0.95,"lower_bound":-0.0021031259233475095,"upper_bound":0.046426006470774266},"point_estimate":0.010842818769619234,"standard_error":0.012857565326753142},"median":{"confidence_interval":{"confidence_level":0.95,"lower_bound":-0.0023107908786133002,"upper_bound":-0.001275094065564586},"point_estimate":-0.0016129429195445022,"standard_error":0.0002744608728692652}}