{"mean":{"confidence_interval":{"confidence_level":0.95,"lower_bound":-0.002530928668348655,"upper_bound":-0.00002941519879920153},"point_estimate":-0.0012233641796660644,"standard_error":0.0006390836824640345},"median":{"confidence_interval":{"confidence_level":0.95,"lower_bound":-0.00047105989228724,"upper_bound":-3.451082257965865e-6},"point_estimate":-0.00022984654735724863,"standard_error":0.00011546325728647765}}