{"mean":{"confidence_interval":{"confidence_level":0.95,"lower_bound":0.006708707273529369,"upper_bound":0.04943300549685301},"point_estimate":0.022927392269482594,"standard_error":0.012603385148547403},"median":{"confidence_interval":{"confidence_level":0.95,"lower_bound":0.0027324541846573958,"upper_bound":0.004889839773635239},"point_estimate":0.0035728907447318825,"standard_error":0.0006532111699978744}}