{"mean":{"confidence_interval":{"confidence_level":0.95,"lower_bound":-0.0011934447935931908,"upper_bound":0.00945752867533297},"point_estimate":0.003745016614244312,"standard_error":0.0027224822787053314},"median":{"confidence_interval":{"confidence_level":0.95,"lower_bound":-0.0011088254461231184,"upper_bound":0.0019629579531463826},"point_estimate":-0.00006139498905977092,"standard_error":0.000946094854937588}}