{"mean":{"confidence_interval":{"confidence_level":0.95,"lower_bound":-0.012340765816156276,"upper_bound":-0.001202691896546308},"point_estimate":-0.006788378060412659,"standard_error":0.0028320696120701814},"median":{"confidence_interval":{"confidence_level":0.95,"lower_bound":-0.0024161790811392247,"upper_bound":0.0007800656752368074},"point_estimate":-0.00041018589635877234,"standard_error":0.0007931126735951578}}