{"mean":{"confidence_interval":{"confidence_level":0.95,"lower_bound":-0.00831318929149407,"upper_bound":0.001386750082679967},"point_estimate":-0.003631424510906034,"standard_error":0.0024797433235681835},"median":{"confidence_interval":{"confidence_level":0.95,"lower_bound":-0.003584341940437252,"upper_bound":-0.0019220166763925662},"point_estimate":-0.002767212401879049,"standard_error":0.00043669234285062926}}