{"mean":{"confidence_interval":{"confidence_level":0.95,"lower_bound":-0.014985628131211844,"upper_bound":-0.001999558998282448},"point_estimate":-0.00874751593545664,"standard_error":0.0032867660070577238},"median":{"confidence_interval":{"confidence_level":0.95,"lower_bound":-0.004234630625652325,"upper_bound":-0.0013321786615292188},"point_estimate":-0.002596128564432365,"standard_error":0.0008818543177583036}}