{"mean":{"confidence_interval":{"confidence_level":0.95,"lower_bound":-0.0010581421626314348,"upper_bound":0.012873736594680949},"point_estimate":0.005748326552763139,"standard_error":0.0035580336521719995},"median":{"confidence_interval":{"confidence_level":0.95,"lower_bound":-0.0008876726327801121,"upper_bound":0.00005742800943875359},"point_estimate":-0.0004717658842195993,"standard_error":0.00022854064042494057}}