{"mean":{"confidence_interval":{"confidence_level":0.95,"lower_bound":-0.0045697615444057664,"upper_bound":0.012094127799576545},"point_estimate":0.0036611416105416517,"standard_error":0.004219644173293534},"median":{"confidence_interval":{"confidence_level":0.95,"lower_bound":-0.0010910806853789588,"upper_bound":-0.00008907477538222519},"point_estimate":-0.0005768181230760838,"standard_error":0.00023902207125191713}}