{"mean":{"confidence_interval":{"confidence_level":0.95,"lower_bound":-0.00806725924094231,"upper_bound":0.008503231837740618},"point_estimate":-0.00045666448159753514,"standard_error":0.0041116384025496056},"median":{"confidence_interval":{"confidence_level":0.95,"lower_bound":-0.0012010188637330277,"upper_bound":-8.4991546676072e-6},"point_estimate":-0.0006015999950013118,"standard_error":0.00032913514895459436}}