{"mean":{"confidence_interval":{"confidence_level":0.95,"lower_bound":-0.01582633135357531,"upper_bound":-0.004276957608775264},"point_estimate":-0.009874798201968238,"standard_error":0.002947953830985937},"median":{"confidence_interval":{"confidence_level":0.95,"lower_bound":-0.0033759056386949426,"upper_bound":-0.001743320438038079},"point_estimate":-0.002233757699724226,"standard_error":0.0003494408463040276}}