{"mean":{"confidence_interval":{"confidence_level":0.95,"lower_bound":0.005631811958256902,"upper_bound":0.017769106950381038},"point_estimate":0.011781109011122837,"standard_error":0.003169999561052608},"median":{"confidence_interval":{"confidence_level":0.95,"lower_bound":-0.00007387462377705933,"upper_bound":0.0009691406430099025},"point_estimate":0.00020952484524983106,"standard_error":0.00033723355744560345}}