{"mean":{"confidence_interval":{"confidence_level":0.95,"lower_bound":-0.00941713103714577,"upper_bound":-0.0002657617840732042},"point_estimate":-0.004748984746900553,"standard_error":0.0023290081902916917},"median":{"confidence_interval":{"confidence_level":0.95,"lower_bound":-0.001011997798863514,"upper_bound":-0.00014826045419180645},"point_estimate":-0.0005303827936916639,"standard_error":0.00021977618872252578}}