{"mean":{"confidence_interval":{"confidence_level":0.95,"lower_bound":-0.0023548566446036255,"upper_bound":-0.0005110659358170241},"point_estimate":-0.00129761462351774,"standard_error":0.00047387662075300653},"median":{"confidence_interval":{"confidence_level":0.95,"lower_bound":-0.0008337669487455956,"upper_bound":-0.00045201974664755017},"point_estimate":-0.0006638207468049329,"standard_error":0.00010057720017821409}}