{"mean":{"confidence_interval":{"confidence_level":0.95,"lower_bound":-0.019084424011221315,"upper_bound":-0.0067987935815954715},"point_estimate":-0.012636039471213834,"standard_error":0.003146774420749645},"median":{"confidence_interval":{"confidence_level":0.95,"lower_bound":-0.001443325241980431,"upper_bound":0.0002199419822224158},"point_estimate":-0.0003241100292187271,"standard_error":0.0005199324346029264}}