{"mean":{"confidence_interval":{"confidence_level":0.95,"lower_bound":-0.01179810024719383,"upper_bound":-0.005688598359826225},"point_estimate":-0.008393860575247492,"standard_error":0.0015705968745422902},"median":{"confidence_interval":{"confidence_level":0.95,"lower_bound":-0.006705565517715728,"upper_bound":-0.005437971769331917},"point_estimate":-0.006107475502121651,"standard_error":0.00034283909232816134}}