{"mean":{"confidence_interval":{"confidence_level":0.95,"lower_bound":155858184.51775,"upper_bound":157791484.7825},"point_estimate":156801732.8,"standard_error":495441.3924522981},"median":{"confidence_interval":{"confidence_level":0.95,"lower_bound":154626982.0,"upper_bound":156900781.0},"point_estimate":155476932.0,"standard_error":620186.2863109488},"median_abs_dev":{"confidence_interval":{"confidence_level":0.95,"lower_bound":3042139.435926229,"upper_bound":5185986.447930336},"point_estimate":4082931.326213479,"standard_error":567419.1020672234},"slope":null,"std_dev":{"confidence_interval":{"confidence_level":0.95,"lower_bound":4139888.868066968,"upper_bound":5680448.692387305},"point_estimate":4961530.530738717,"standard_error":392441.1853736911}}