{"mean":{"confidence_interval":{"confidence_level":0.95,"lower_bound":76270941.71575,"upper_bound":76928360.90025},"point_estimate":76558975.55,"standard_error":168869.58017343303},"median":{"confidence_interval":{"confidence_level":0.95,"lower_bound":76304000.0,"upper_bound":76597389.0},"point_estimate":76473768.0,"standard_error":62718.382617859934},"median_abs_dev":{"confidence_interval":{"confidence_level":0.95,"lower_bound":405738.6869966984,"upper_bound":728526.6467660666},"point_estimate":534215.611615777,"standard_error":80419.07535552939},"slope":null,"std_dev":{"confidence_interval":{"confidence_level":0.95,"lower_bound":808255.0149706197,"upper_bound":2616591.253077199},"point_estimate":1697246.7635084316,"standard_error":544218.3673078674}}