{"mean":{"confidence_interval":{"confidence_level":0.95,"lower_bound":151696453.257,"upper_bound":152363117.6035},"point_estimate":152014404.48,"standard_error":170870.3100135771},"median":{"confidence_interval":{"confidence_level":0.95,"lower_bound":151381843.0,"upper_bound":151722248.0},"point_estimate":151566795.5,"standard_error":89976.725829938},"median_abs_dev":{"confidence_interval":{"confidence_level":0.95,"lower_bound":580075.0418841095,"upper_bound":958666.9341802597},"point_estimate":770669.5510178804,"standard_error":97780.52500512864},"slope":null,"std_dev":{"confidence_interval":{"confidence_level":0.95,"lower_bound":1281213.9327269539,"upper_bound":2094214.980272622},"point_estimate":1717404.7427930702,"standard_error":207741.12193774545}}