{"mean":{"confidence_interval":{"confidence_level":0.95,"lower_bound":74110233.9325,"upper_bound":74425008.95},"point_estimate":74270408.71,"standard_error":80278.62309161559},"median":{"confidence_interval":{"confidence_level":0.95,"lower_bound":74127894.0,"upper_bound":74563412.0},"point_estimate":74381759.5,"standard_error":100349.2326698212},"median_abs_dev":{"confidence_interval":{"confidence_level":0.95,"lower_bound":545893.3103084564,"upper_bound":838708.2877099514},"point_estimate":661081.6913634539,"standard_error":72326.79465506546},"slope":null,"std_dev":{"confidence_interval":{"confidence_level":0.95,"lower_bound":666489.2756482442,"upper_bound":921684.6764981799},"point_estimate":802693.3665636203,"standard_error":65068.17545933161}}