{"mean":{"confidence_interval":{"confidence_level":0.95,"lower_bound":65227324.65,"upper_bound":66077222.46},"point_estimate":65550851.78,"standard_error":227963.77471753285},"median":{"confidence_interval":{"confidence_level":0.95,"lower_bound":65190523.5,"upper_bound":65433339.0},"point_estimate":65300297.0,"standard_error":55576.00753048982},"median_abs_dev":{"confidence_interval":{"confidence_level":0.95,"lower_bound":302709.10832583904,"upper_bound":511624.4945168495},"point_estimate":402213.0642592907,"standard_error":54986.36699804053},"slope":null,"std_dev":{"confidence_interval":{"confidence_level":0.95,"lower_bound":539074.356222471,"upper_bound":3781494.3240672774},"point_estimate":2274506.4051078246,"standard_error":1062362.4799782983}}