{"mean":{"confidence_interval":{"confidence_level":0.95,"lower_bound":195922414.74625,"upper_bound":196217664.60925},"point_estimate":196064015.85,"standard_error":75171.74605044545},"median":{"confidence_interval":{"confidence_level":0.95,"lower_bound":195784509.0,"upper_bound":196124511.5},"point_estimate":195964510.0,"standard_error":84571.56052166774},"median_abs_dev":{"confidence_interval":{"confidence_level":0.95,"lower_bound":513094.49239075184,"upper_bound":789824.7426778078},"point_estimate":658805.9004038572,"standard_error":69107.27019530511},"slope":null,"std_dev":{"confidence_interval":{"confidence_level":0.95,"lower_bound":580975.0397375486,"upper_bound":925691.1572542615},"point_estimate":752311.114640119,"standard_error":89075.27717080673}}