{"mean":{"confidence_interval":{"confidence_level":0.95,"lower_bound":75305029.791,"upper_bound":75697487.21},"point_estimate":75506864.37,"standard_error":99839.45992343129},"median":{"confidence_interval":{"confidence_level":0.95,"lower_bound":75509138.0,"upper_bound":75726523.0},"point_estimate":75621888.0,"standard_error":58069.270330641455},"median_abs_dev":{"confidence_interval":{"confidence_level":0.95,"lower_bound":456767.5541907549,"upper_bound":785875.096347928},"point_estimate":619150.798907876,"standard_error":80610.23970263121},"slope":null,"std_dev":{"confidence_interval":{"confidence_level":0.95,"lower_bound":765209.308044185,"upper_bound":1211059.4546264543},"point_estimate":1005871.5114986703,"standard_error":114156.8970660298}}