{"mean":{"confidence_interval":{"confidence_level":0.95,"lower_bound":149161399.37324998,"upper_bound":149648759.1595},"point_estimate":149398229.92,"standard_error":123927.62700147815},"median":{"confidence_interval":{"confidence_level":0.95,"lower_bound":148965516.0,"upper_bound":149521021.0},"point_estimate":149280243.5,"standard_error":129882.02118059383},"median_abs_dev":{"confidence_interval":{"confidence_level":0.95,"lower_bound":877665.08461833,"upper_bound":1494307.9730082296},"point_estimate":1203931.2239259481,"standard_error":153685.0499912292},"slope":null,"std_dev":{"confidence_interval":{"confidence_level":0.95,"lower_bound":1007263.4140459893,"upper_bound":1482658.9353603234},"point_estimate":1245572.528963885,"standard_error":122069.80659511249}}