{"mean":{"confidence_interval":{"confidence_level":0.95,"lower_bound":184279918.68899998,"upper_bound":186529720.3375},"point_estimate":185332052.27,"standard_error":574739.2690612552},"median":{"confidence_interval":{"confidence_level":0.95,"lower_bound":183891624.0,"upper_bound":185760542.0},"point_estimate":184616786.0,"standard_error":555496.626330079},"median_abs_dev":{"confidence_interval":{"confidence_level":0.95,"lower_bound":2896410.2737784386,"upper_bound":5421023.7630575895},"point_estimate":4320944.960787892,"standard_error":653661.8684014966},"slope":null,"std_dev":{"confidence_interval":{"confidence_level":0.95,"lower_bound":3850304.0199871697,"upper_bound":7788909.992325884},"point_estimate":5751538.796681915,"standard_error":1049503.068431084}}