{"mean":{"confidence_interval":{"confidence_level":0.95,"lower_bound":72525189.0215,"upper_bound":73076716.35},"point_estimate":72797272.4,"standard_error":140326.7041370368},"median":{"confidence_interval":{"confidence_level":0.95,"lower_bound":72398704.0,"upper_bound":72975360.0},"point_estimate":72651157.0,"standard_error":154578.72746491022},"median_abs_dev":{"confidence_interval":{"confidence_level":0.95,"lower_bound":1214636.3370358944,"upper_bound":1941983.5755228996},"point_estimate":1661002.7111113071,"standard_error":186783.4328245225},"slope":null,"std_dev":{"confidence_interval":{"confidence_level":0.95,"lower_bound":1217950.4342818968,"upper_bound":1577179.8721078178},"point_estimate":1405960.7347738338,"standard_error":92178.97647022713}}