{"mean":{"confidence_interval":{"confidence_level":0.95,"lower_bound":289368954.764,"upper_bound":291044779.05275},"point_estimate":290098587.65,"standard_error":431126.6051119114},"median":{"confidence_interval":{"confidence_level":0.95,"lower_bound":288672602.0,"upper_bound":289095271.5},"point_estimate":288837919.0,"standard_error":114052.52801272583},"median_abs_dev":{"confidence_interval":{"confidence_level":0.95,"lower_bound":449318.97192299366,"upper_bound":1023599.5497974745},"point_estimate":723450.9657561779,"standard_error":153578.02465497784},"slope":null,"std_dev":{"confidence_interval":{"confidence_level":0.95,"lower_bound":1961897.7401273784,"upper_bound":6547735.596794597},"point_estimate":4343554.180097195,"standard_error":1265242.3830024898}}