{"mean":{"confidence_interval":{"confidence_level":0.95,"lower_bound":244379054.81225,"upper_bound":247406470.03675},"point_estimate":245875252.75,"standard_error":774902.1215885101},"median":{"confidence_interval":{"confidence_level":0.95,"lower_bound":243208401.0,"upper_bound":247145683.5},"point_estimate":244976752.5,"standard_error":1081889.115102503},"median_abs_dev":{"confidence_interval":{"confidence_level":0.95,"lower_bound":5926986.949574947,"upper_bound":9149950.987055898},"point_estimate":7301215.536877513,"standard_error":844225.7111145441},"slope":null,"std_dev":{"confidence_interval":{"confidence_level":0.95,"lower_bound":6704712.88572807,"upper_bound":8670033.881802993},"point_estimate":7760001.071352208,"standard_error":500734.01864186174}}