{"mean":{"confidence_interval":{"confidence_level":0.95,"lower_bound":67794190.5665,"upper_bound":68113419.32},"point_estimate":67947725.71,"standard_error":81187.12056021974},"median":{"confidence_interval":{"confidence_level":0.95,"lower_bound":67815402.0,"upper_bound":68055273.0},"point_estimate":67954182.5,"standard_error":54853.903680851785},"median_abs_dev":{"confidence_interval":{"confidence_level":0.95,"lower_bound":353935.1613163948,"upper_bound":631149.0357148638},"point_estimate":464156.832459569,"standard_error":72772.08782484962},"slope":null,"std_dev":{"confidence_interval":{"confidence_level":0.95,"lower_bound":559837.396322402,"upper_bound":1105806.980913039},"point_estimate":814344.2826472525,"standard_error":147828.9270818225}}