{"mean":{"confidence_interval":{"confidence_level":0.95,"lower_bound":71581309.04,"upper_bound":72101724.42},"point_estimate":71839336.83,"standard_error":132317.11981700212},"median":{"confidence_interval":{"confidence_level":0.95,"lower_bound":71181429.0,"upper_bound":72295629.0},"point_estimate":71675618.0,"standard_error":322608.4774753734},"median_abs_dev":{"confidence_interval":{"confidence_level":0.95,"lower_bound":1308183.2062751055,"upper_bound":2113403.2670795918},"point_estimate":1750548.7843215466,"standard_error":208691.38607305335},"slope":null,"std_dev":{"confidence_interval":{"confidence_level":0.95,"lower_bound":1210672.7655659292,"upper_bound":1434278.4204757602},"point_estimate":1333180.164893021,"standard_error":57040.447561161454}}