{"mean":{"confidence_interval":{"confidence_level":0.95,"lower_bound":222064904.80825,"upper_bound":224384796.032},"point_estimate":223212785.81,"standard_error":591304.3946790692},"median":{"confidence_interval":{"confidence_level":0.95,"lower_bound":222284720.0,"upper_bound":224208347.5},"point_estimate":223633631.0,"standard_error":522237.3994176197},"median_abs_dev":{"confidence_interval":{"confidence_level":0.95,"lower_bound":4735178.945633769,"upper_bound":6889709.535983205},"point_estimate":6131895.609337091,"standard_error":550216.1068523703},"slope":null,"std_dev":{"confidence_interval":{"confidence_level":0.95,"lower_bound":4932525.632146114,"upper_bound":6934941.198082683},"point_estimate":5951576.98677237,"standard_error":511901.37327150383}}