{"mean":{"confidence_interval":{"confidence_level":0.95,"lower_bound":73752435.94,"upper_bound":74802864.79},"point_estimate":74227650.15,"standard_error":269081.08192880946},"median":{"confidence_interval":{"confidence_level":0.95,"lower_bound":73239132.0,"upper_bound":74446641.0},"point_estimate":73775649.0,"standard_error":313945.3074435665},"median_abs_dev":{"confidence_interval":{"confidence_level":0.95,"lower_bound":1389467.6208595186,"upper_bound":2324397.9997336864},"point_estimate":1914338.2751137018,"standard_error":244443.67481792296},"slope":null,"std_dev":{"confidence_interval":{"confidence_level":0.95,"lower_bound":1493110.89057292,"upper_bound":3953976.419685185},"point_estimate":2698240.540206545,"standard_error":685856.193741624}}