{"mean":{"confidence_interval":{"confidence_level":0.95,"lower_bound":74652849.42150001,"upper_bound":75008688.2},"point_estimate":74837105.5,"standard_error":91385.43043156943},"median":{"confidence_interval":{"confidence_level":0.95,"lower_bound":74804237.0,"upper_bound":75094211.0},"point_estimate":74945997.5,"standard_error":73100.94819652117},"median_abs_dev":{"confidence_interval":{"confidence_level":0.95,"lower_bound":375482.5280338526,"upper_bound":676843.211683631},"point_estimate":515379.9202501774,"standard_error":74976.13130581472},"slope":null,"std_dev":{"confidence_interval":{"confidence_level":0.95,"lower_bound":693584.0411513335,"upper_bound":1111765.3335763665},"point_estimate":921691.5319646391,"standard_error":106425.70935913431}}