{"mean":{"confidence_interval":{"confidence_level":0.95,"lower_bound":74581799.52,"upper_bound":75091606.79875},"point_estimate":74834239.54,"standard_error":129839.21289083565},"median":{"confidence_interval":{"confidence_level":0.95,"lower_bound":74247105.5,"upper_bound":75233128.0},"point_estimate":74727926.5,"standard_error":246645.59006237908},"median_abs_dev":{"confidence_interval":{"confidence_level":0.95,"lower_bound":1237509.1481298208,"upper_bound":2018952.2157139305},"point_estimate":1647142.6252573729,"standard_error":200218.94411848392},"slope":null,"std_dev":{"confidence_interval":{"confidence_level":0.95,"lower_bound":1166189.1059961026,"upper_bound":1409601.6898949677},"point_estimate":1297453.8687535615,"standard_error":61947.87425393762}}