{"mean":{"confidence_interval":{"confidence_level":0.95,"lower_bound":293436857.32975,"upper_bound":293667829.05275},"point_estimate":293551743.95,"standard_error":58984.393224409076},"median":{"confidence_interval":{"confidence_level":0.95,"lower_bound":293371732.0,"upper_bound":293579271.0},"point_estimate":293465269.5,"standard_error":51234.36970697826},"median_abs_dev":{"confidence_interval":{"confidence_level":0.95,"lower_bound":331585.7080131769,"upper_bound":770809.6567153931},"point_estimate":464576.40825212,"standard_error":116249.34582119876},"slope":null,"std_dev":{"confidence_interval":{"confidence_level":0.95,"lower_bound":504279.897076438,"upper_bound":670960.2027844778},"point_estimate":592371.7958528638,"standard_error":42457.28319204932}}