{"mean":{"confidence_interval":{"confidence_level":0.95,"lower_bound":74793079.96,"upper_bound":75428256.3},"point_estimate":75106877.02,"standard_error":161793.84790004173},"median":{"confidence_interval":{"confidence_level":0.95,"lower_bound":74503782.5,"upper_bound":75524070.5},"point_estimate":75139215.5,"standard_error":279968.73766771966},"median_abs_dev":{"confidence_interval":{"confidence_level":0.95,"lower_bound":1349266.792845726,"upper_bound":2063536.3876149051},"point_estimate":1659195.421743393,"standard_error":185734.08580919006},"slope":null,"std_dev":{"confidence_interval":{"confidence_level":0.95,"lower_bound":1358081.3468088557,"upper_bound":1916879.9269208745},"point_estimate":1627758.5522725303,"standard_error":145276.30308956912}}