{"mean":{"confidence_interval":{"confidence_level":0.95,"lower_bound":76160734.02375,"upper_bound":76851148.7375},"point_estimate":76504870.28,"standard_error":176444.7184418853},"median":{"confidence_interval":{"confidence_level":0.95,"lower_bound":75740425.0,"upper_bound":76862751.0},"point_estimate":76374616.0,"standard_error":264590.70223193895},"median_abs_dev":{"confidence_interval":{"confidence_level":0.95,"lower_bound":1441576.4324069023,"upper_bound":2334181.6769599915},"point_estimate":1660453.4078210592,"standard_error":231146.3005999722},"slope":null,"std_dev":{"confidence_interval":{"confidence_level":0.95,"lower_bound":1562859.1289039939,"upper_bound":1970323.4891875936},"point_estimate":1780321.336427776,"standard_error":104156.54302234243}}