{"mean":{"confidence_interval":{"confidence_level":0.95,"lower_bound":74079735.2365,"upper_bound":74649920.2465},"point_estimate":74359740.13,"standard_error":145040.27549139244},"median":{"confidence_interval":{"confidence_level":0.95,"lower_bound":73620284.0,"upper_bound":74681727.0},"point_estimate":74040353.5,"standard_error":286665.9333661317},"median_abs_dev":{"confidence_interval":{"confidence_level":0.95,"lower_bound":1158106.2826395035,"upper_bound":1909584.3182981014},"point_estimate":1493261.3500893116,"standard_error":188759.67335956864},"slope":null,"std_dev":{"confidence_interval":{"confidence_level":0.95,"lower_bound":1248895.0994676654,"upper_bound":1650015.4194561166},"point_estimate":1452776.5807175534,"standard_error":102822.0629062088}}