{"mean":{"confidence_interval":{"confidence_level":0.95,"lower_bound":0.07270159851462499,"upper_bound":0.07700570728520696},"point_estimate":0.07495831710436085,"standard_error":0.0010983962743511915},"median":{"confidence_interval":{"confidence_level":0.95,"lower_bound":0.07689052399482894,"upper_bound":0.07975544526958189},"point_estimate":0.07856124195804415,"standard_error":0.0007354460670069973}}