{"mean":{"confidence_interval":{"confidence_level":0.95,"lower_bound":-0.26672907108680055,"upper_bound":-0.25616106135671546},"point_estimate":-0.261294822540152,"standard_error":0.0026874648241854327},"median":{"confidence_interval":{"confidence_level":0.95,"lower_bound":-0.2624810478865498,"upper_bound":-0.2510042002983408},"point_estimate":-0.2581895589343983,"standard_error":0.003124041844498827}}