{"mean":{"confidence_interval":{"confidence_level":0.95,"lower_bound":-0.0032318823151114644,"upper_bound":-0.0007142061130824026},"point_estimate":-0.0019029983072093026,"standard_error":0.0006557496954503688},"median":{"confidence_interval":{"confidence_level":0.95,"lower_bound":-0.00027768815927863564,"upper_bound":0.00011018334886747638},"point_estimate":-0.00011243767301605256,"standard_error":0.00010186632958890958}}