{"mean":{"confidence_interval":{"confidence_level":0.95,"lower_bound":-0.09523231412422259,"upper_bound":-0.08134158735663612},"point_estimate":-0.08810542486275996,"standard_error":0.0035354802043616796},"median":{"confidence_interval":{"confidence_level":0.95,"lower_bound":-0.0895007805285356,"upper_bound":-0.07571832428473468},"point_estimate":-0.08369972331351383,"standard_error":0.0036459857458669173}}