{"mean":{"confidence_interval":{"confidence_level":0.95,"lower_bound":-0.000728236162784343,"upper_bound":0.000321403911949358},"point_estimate":-0.00023897622529966966,"standard_error":0.00026299022006894717},"median":{"confidence_interval":{"confidence_level":0.95,"lower_bound":-0.0004474057810426313,"upper_bound":-0.00007017819278244751},"point_estimate":-0.00023619743220626432,"standard_error":0.00009853532830163066}}