{"mean":{"confidence_interval":{"confidence_level":0.95,"lower_bound":0.022725392652342937,"upper_bound":0.02758177820301226},"point_estimate":0.025393544607052565,"standard_error":0.0012403314405156011},"median":{"confidence_interval":{"confidence_level":0.95,"lower_bound":0.02700498665748552,"upper_bound":0.029398658139085043},"point_estimate":0.02814843823384794,"standard_error":0.0006559960698799229}}