{"mean":{"confidence_interval":{"confidence_level":0.95,"lower_bound":-0.18580309011728702,"upper_bound":-0.1834291041488635},"point_estimate":-0.18467291766851757,"standard_error":0.0006060998192735015},"median":{"confidence_interval":{"confidence_level":0.95,"lower_bound":-0.18651041732818163,"upper_bound":-0.18439912707343276},"point_estimate":-0.18560051876519368,"standard_error":0.0005423202017521234}}