{"mean":{"confidence_interval":{"confidence_level":0.95,"lower_bound":-0.0006279826196393667,"upper_bound":-0.00043299102008320656},"point_estimate":-0.0005316180689688421,"standard_error":0.00004928112534957957},"median":{"confidence_interval":{"confidence_level":0.95,"lower_bound":-0.0006203040939751769,"upper_bound":-0.0004861203860108132},"point_estimate":-0.0005665578421170103,"standard_error":0.00003412843284114525}}