{"mean":{"confidence_interval":{"confidence_level":0.95,"lower_bound":-0.2822248053180451,"upper_bound":-0.2618598963150568},"point_estimate":-0.27084731674273166,"standard_error":0.005248200351390687},"median":{"confidence_interval":{"confidence_level":0.95,"lower_bound":-0.2608786257118627,"upper_bound":-0.255668118512857},"point_estimate":-0.2573532814282353,"standard_error":0.0014225368930566122}}