{"mean":{"confidence_interval":{"confidence_level":0.95,"lower_bound":-0.04539480868369317,"upper_bound":-0.026899974321863702},"point_estimate":-0.03750229437213115,"standard_error":0.004659249485806402},"median":{"confidence_interval":{"confidence_level":0.95,"lower_bound":-0.061918089995539605,"upper_bound":-0.03843190321729906},"point_estimate":-0.05002178698870485,"standard_error":0.006094270881557646}}