{"mean":{"confidence_interval":{"confidence_level":0.95,"lower_bound":0.22554410071099115,"upper_bound":0.22939741875696315},"point_estimate":0.22760619340558286,"standard_error":0.000980074525474591},"median":{"confidence_interval":{"confidence_level":0.95,"lower_bound":0.2262255027513808,"upper_bound":0.23041629715759226},"point_estimate":0.22854084883085712,"standard_error":0.0010501493562414073}}