{"mean":{"confidence_interval":{"confidence_level":0.95,"lower_bound":0.2096805341674569,"upper_bound":0.22921094973188694},"point_estimate":0.21896156373024223,"standard_error":0.004751196560235879},"median":{"confidence_interval":{"confidence_level":0.95,"lower_bound":0.20718044955939896,"upper_bound":0.23078531320580872},"point_estimate":0.21731323931582458,"standard_error":0.006941725820683948}}