{"mean":{"confidence_interval":{"confidence_level":0.95,"lower_bound":-0.00022533182622034282,"upper_bound":0.0019813073982395844},"point_estimate":0.0007960338458445904,"standard_error":0.0005693454066236476},"median":{"confidence_interval":{"confidence_level":0.95,"lower_bound":0.000058550523360989556,"upper_bound":0.0004773709160559303},"point_estimate":0.0002454168128569467,"standard_error":0.00010735556154935756}}