{"mean":{"confidence_interval":{"confidence_level":0.95,"lower_bound":0.0004957521345254071,"upper_bound":0.002833888874675716},"point_estimate":0.0015849201763311616,"standard_error":0.0006009576554245722},"median":{"confidence_interval":{"confidence_level":0.95,"lower_bound":-0.00015439932558392044,"upper_bound":0.00026094625142282735},"point_estimate":0.00010394696566873307,"standard_error":0.00010319459280773088}}