{"mean":{"confidence_interval":{"confidence_level":0.95,"lower_bound":0.000011651429263759447,"upper_bound":0.0009621995075627553},"point_estimate":0.0005262471082649878,"standard_error":0.00024281098149066575},"median":{"confidence_interval":{"confidence_level":0.95,"lower_bound":0.00022137653172038532,"upper_bound":0.0005596053576415461},"point_estimate":0.0004312484812549755,"standard_error":0.0000894011186269673}}