{"mean":{"confidence_interval":{"confidence_level":0.95,"lower_bound":-0.007674127174616716,"upper_bound":-0.0004301397289751905},"point_estimate":-0.0035028075310981066,"standard_error":0.001884787789885598},"median":{"confidence_interval":{"confidence_level":0.95,"lower_bound":-0.0008197018360793784,"upper_bound":-0.0004484452109154713},"point_estimate":-0.0006372999560320114,"standard_error":0.00008904040808685069}}