{"mean":{"confidence_interval":{"confidence_level":0.95,"lower_bound":-0.00003578040368975298,"upper_bound":0.00015260641257450736},"point_estimate":0.000051761446658860066,"standard_error":0.00004802259119919373},"median":{"confidence_interval":{"confidence_level":0.95,"lower_bound":8.747377446383098e-6,"upper_bound":0.00008541403920614421},"point_estimate":0.00004140067944002901,"standard_error":0.00001911860228018191}}