{"mean":{"confidence_interval":{"confidence_level":0.95,"lower_bound":-0.001122010718317387,"upper_bound":0.0003813659460758673},"point_estimate":-0.000362534252381419,"standard_error":0.00038315222111699634},"median":{"confidence_interval":{"confidence_level":0.95,"lower_bound":-0.00028208721910257217,"upper_bound":0.00007684517831886536},"point_estimate":-0.00010399934521709842,"standard_error":0.00009177337678027655}}