{"mean":{"confidence_interval":{"confidence_level":0.95,"lower_bound":-0.007647283350053856,"upper_bound":0.007263962442230405},"point_estimate":-0.0006792252589454817,"standard_error":0.0037392041042447538},"median":{"confidence_interval":{"confidence_level":0.95,"lower_bound":-0.00009501589080107564,"upper_bound":0.00028484297154784954},"point_estimate":0.000038701858953604784,"standard_error":0.00009776579754980178}}