{"mean":{"confidence_interval":{"confidence_level":0.95,"lower_bound":-0.0007690854647209199,"upper_bound":0.000654145226340491},"point_estimate":-0.00004652276175609593,"standard_error":0.00036156915386986255},"median":{"confidence_interval":{"confidence_level":0.95,"lower_bound":-0.0003129489556477072,"upper_bound":-0.000027102624877662247},"point_estimate":-0.0001400189292729559,"standard_error":0.00007246878359868951}}