{"mean":{"confidence_interval":{"confidence_level":0.95,"lower_bound":0.0008632402566252532,"upper_bound":0.004074469082649772},"point_estimate":0.0023369532188848297,"standard_error":0.0008215529544438654},"median":{"confidence_interval":{"confidence_level":0.95,"lower_bound":0.000014479895168223538,"upper_bound":0.0003415013715999393},"point_estimate":0.00013261772591466325,"standard_error":0.00008368529299465661}}