{"mean":{"confidence_interval":{"confidence_level":0.95,"lower_bound":0.0005653677609813057,"upper_bound":0.0022256543242011426},"point_estimate":0.0014656813051181494,"standard_error":0.0004281442351494977},"median":{"confidence_interval":{"confidence_level":0.95,"lower_bound":0.00031001403487973533,"upper_bound":0.0013210756900619014},"point_estimate":0.0007750985244712183,"standard_error":0.00029490992322852964}}