{"mean":{"confidence_interval":{"confidence_level":0.95,"lower_bound":0.000167060598944746,"upper_bound":0.0012364255620419373},"point_estimate":0.0006585505151677218,"standard_error":0.00027013133196480905},"median":{"confidence_interval":{"confidence_level":0.95,"lower_bound":0.00006464722779379042,"upper_bound":0.0004941762931942595},"point_estimate":0.00029989234670746434,"standard_error":0.00011205353998958299}}