{"mean":{"confidence_interval":{"confidence_level":0.95,"lower_bound":-0.02615690351262365,"upper_bound":-0.008894717502990215},"point_estimate":-0.01735218000626504,"standard_error":0.0042267932017276385},"median":{"confidence_interval":{"confidence_level":0.95,"lower_bound":-0.035120090440470486,"upper_bound":-0.019761017409906507},"point_estimate":-0.028459138217454383,"standard_error":0.0035813315485505068}}