{"mean":{"confidence_interval":{"confidence_level":0.95,"lower_bound":-0.0006769880216175306,"upper_bound":0.0002709303572897613},"point_estimate":-0.00019002348275898306,"standard_error":0.00024265863749578257},"median":{"confidence_interval":{"confidence_level":0.95,"lower_bound":-0.000048514964541390704,"upper_bound":0.0002720484686351554},"point_estimate":0.00013402116097638306,"standard_error":0.00008445162082350784}}