{"mean":{"confidence_interval":{"confidence_level":0.95,"lower_bound":0.00043931291642659886,"upper_bound":0.004078486476630161},"point_estimate":0.002171601160711356,"standard_error":0.0009336534580253918},"median":{"confidence_interval":{"confidence_level":0.95,"lower_bound":-0.00011622446565628941,"upper_bound":0.0002910419102129968},"point_estimate":0.00007263182276284752,"standard_error":0.00010386391239479628}}