{"mean":{"confidence_interval":{"confidence_level":0.95,"lower_bound":-0.00008695722644283799,"upper_bound":0.0009535388626554785},"point_estimate":0.0004123225032752753,"standard_error":0.0002620455958769409},"median":{"confidence_interval":{"confidence_level":0.95,"lower_bound":0.0001693125890357861,"upper_bound":0.000541514951800659},"point_estimate":0.00037285875659165413,"standard_error":0.000108152153951286}}