{"mean":{"confidence_interval":{"confidence_level":0.95,"lower_bound":-0.019599771190988626,"upper_bound":-0.013668531083834947},"point_estimate":-0.016568853244585124,"standard_error":0.0014729948164272375},"median":{"confidence_interval":{"confidence_level":0.95,"lower_bound":-0.022550835301993977,"upper_bound":-0.013940743840610503},"point_estimate":-0.017562531906316514,"standard_error":0.002224558596528231}}