{"mean":{"confidence_interval":{"confidence_level":0.95,"lower_bound":-0.0032154431397106525,"upper_bound":-0.00017307384800537291},"point_estimate":-0.0015492189319085137,"standard_error":0.000780797293328625},"median":{"confidence_interval":{"confidence_level":0.95,"lower_bound":-0.0005483356975201384,"upper_bound":-0.0001782469797122488},"point_estimate":-0.00035520833231039717,"standard_error":0.00009451025071564798}}