{"mean":{"confidence_interval":{"confidence_level":0.95,"lower_bound":0.1254515800642162,"upper_bound":0.15040777671133632},"point_estimate":0.13772594343254485,"standard_error":0.006386718988691995},"median":{"confidence_interval":{"confidence_level":0.95,"lower_bound":0.12593115714048064,"upper_bound":0.16366390883292747},"point_estimate":0.14346363707625764,"standard_error":0.009951595322428185}}