{"mean":{"confidence_interval":{"confidence_level":0.95,"lower_bound":1862466.0290816526,"upper_bound":1873037.4968830778},"point_estimate":1866909.142682894,"standard_error":2730.931116405502},"median":{"confidence_interval":{"confidence_level":0.95,"lower_bound":1860047.0736566484,"upper_bound":1861426.527935606},"point_estimate":1860594.517363572,"standard_error":326.1202318875185},"median_abs_dev":{"confidence_interval":{"confidence_level":0.95,"lower_bound":2093.765363766719,"upper_bound":4258.547328811775},"point_estimate":2976.9695044359764,"standard_error":537.3142614689127},"slope":{"confidence_interval":{"confidence_level":0.95,"lower_bound":1861394.0198447574,"upper_bound":1864954.8059722271},"point_estimate":1863023.1324752476,"standard_error":911.2905106907049},"std_dev":{"confidence_interval":{"confidence_level":0.95,"lower_bound":7053.351147348016,"upper_bound":42826.63679125835},"point_estimate":27455.619696492275,"standard_error":9554.689103405155}}