{"mean":{"confidence_interval":{"confidence_level":0.95,"lower_bound":1859226.3654244365,"upper_bound":1864079.7764255048},"point_estimate":1861453.3361435514,"standard_error":1244.8395563881388},"median":{"confidence_interval":{"confidence_level":0.95,"lower_bound":1857189.5569620254,"upper_bound":1859821.9449522228},"point_estimate":1858157.0491651206,"standard_error":609.653274797387},"median_abs_dev":{"confidence_interval":{"confidence_level":0.95,"lower_bound":3431.9612490705067,"upper_bound":5882.7268079770265},"point_estimate":4642.185211186525,"standard_error":621.2296109883254},"slope":{"confidence_interval":{"confidence_level":0.95,"lower_bound":1859152.1004883538,"upper_bound":1862895.8645925438},"point_estimate":1860860.7874006208,"standard_error":954.1238420229186},"std_dev":{"confidence_interval":{"confidence_level":0.95,"lower_bound":6962.303337384248,"upper_bound":16984.259221765264},"point_estimate":12485.15345396252,"standard_error":2548.049705617621}}