{"mean":{"confidence_interval":{"confidence_level":0.95,"lower_bound":1859690.3737370246,"upper_bound":1864342.0880045865},"point_estimate":1861508.0383102577,"standard_error":1244.4998817964654},"median":{"confidence_interval":{"confidence_level":0.95,"lower_bound":1859283.8042952209,"upper_bound":1860648.747647059},"point_estimate":1859865.0470588235,"standard_error":374.69167126822606},"median_abs_dev":{"confidence_interval":{"confidence_level":0.95,"lower_bound":2251.991379109901,"upper_bound":4331.815763655694},"point_estimate":3168.298976804001,"standard_error":553.0195931171891},"slope":{"confidence_interval":{"confidence_level":0.95,"lower_bound":1860439.0492152493,"upper_bound":1861769.6927502991},"point_estimate":1861091.8379252253,"standard_error":339.9788818843252},"std_dev":{"confidence_interval":{"confidence_level":0.95,"lower_bound":3275.4542015406773,"upper_bound":20688.29755640624},"point_estimate":12515.147757538187,"standard_error":5657.627321818861}}