{"mean":{"confidence_interval":{"confidence_level":0.95,"lower_bound":1849090.3151472593,"upper_bound":1859003.5265014048},"point_estimate":1853384.8421446949,"standard_error":2556.2291480407034},"median":{"confidence_interval":{"confidence_level":0.95,"lower_bound":1845056.8836093117,"upper_bound":1848369.8493150685},"point_estimate":1847078.427536232,"standard_error":846.5189606679327},"median_abs_dev":{"confidence_interval":{"confidence_level":0.95,"lower_bound":5009.283296699728,"upper_bound":9043.711365969111},"point_estimate":7168.382306058597,"standard_error":1024.871500137144},"slope":{"confidence_interval":{"confidence_level":0.95,"lower_bound":1847567.0871492918,"upper_bound":1860810.3994062475},"point_estimate":1853069.397416876,"standard_error":3449.8420054126746},"std_dev":{"confidence_interval":{"confidence_level":0.95,"lower_bound":11345.559910759988,"upper_bound":39168.16693148065},"point_estimate":25718.061855161894,"standard_error":7804.396646235986}}