{"mean":{"confidence_interval":{"confidence_level":0.95,"lower_bound":0.027859689150777935,"upper_bound":0.050378069399933174},"point_estimate":0.03876267171327297,"standard_error":0.005708373277822417},"median":{"confidence_interval":{"confidence_level":0.95,"lower_bound":0.023048223139160884,"upper_bound":0.05627742316052507},"point_estimate":0.0399752005570575,"standard_error":0.00920732470232122}}