{"mean":{"confidence_interval":{"confidence_level":0.95,"lower_bound":-0.006821307860926937,"upper_bound":-0.004711736328514284},"point_estimate":-0.0056995011421786534,"standard_error":0.0005394744610684277},"median":{"confidence_interval":{"confidence_level":0.95,"lower_bound":-0.005143475248794532,"upper_bound":-0.004151770496248478},"point_estimate":-0.004563439451994222,"standard_error":0.00025102011231703834}}