{"mean":{"confidence_interval":{"confidence_level":0.95,"lower_bound":0.04085384520084744,"upper_bound":0.04974823865618363},"point_estimate":0.0452449514373785,"standard_error":0.0022729566931383198},"median":{"confidence_interval":{"confidence_level":0.95,"lower_bound":0.0335633999745899,"upper_bound":0.03885447670065295},"point_estimate":0.03463046918454227,"standard_error":0.0016060931182214579}}