{"mean":{"confidence_interval":{"confidence_level":0.95,"lower_bound":-0.009463298235858056,"upper_bound":-0.0027527941126236897},"point_estimate":-0.0062445712007588305,"standard_error":0.0017031031347721616},"median":{"confidence_interval":{"confidence_level":0.95,"lower_bound":-0.006098532772106036,"upper_bound":-0.004162284685830557},"point_estimate":-0.005124068292292394,"standard_error":0.0005392628529585531}}