{"mean":{"confidence_interval":{"confidence_level":0.95,"lower_bound":-0.0026362248113361683,"upper_bound":0.0006570890033448849},"point_estimate":-0.0009814938386549787,"standard_error":0.0008403017735034989},"median":{"confidence_interval":{"confidence_level":0.95,"lower_bound":-0.00403780034320711,"upper_bound":-0.0007119643478664672},"point_estimate":-0.0020460510427617873,"standard_error":0.0008006829627893351}}