{"mean":{"confidence_interval":{"confidence_level":0.95,"lower_bound":-0.049724025273012444,"upper_bound":-0.03183854947832411},"point_estimate":-0.041017132271591206,"standard_error":0.004573114278110933},"median":{"confidence_interval":{"confidence_level":0.95,"lower_bound":-0.05469013990042193,"upper_bound":-0.028430327529467503},"point_estimate":-0.042138822251684194,"standard_error":0.007517338605352056}}