{"mean":{"confidence_interval":{"confidence_level":0.95,"lower_bound":-0.00009264223338446154,"upper_bound":0.006277291495692765},"point_estimate":0.002871140980161835,"standard_error":0.0016290838785078957},"median":{"confidence_interval":{"confidence_level":0.95,"lower_bound":-0.00289964030450629,"upper_bound":0.013193943363335903},"point_estimate":-0.0011952311868493881,"standard_error":0.0042881046718896395}}