{"mean":{"confidence_interval":{"confidence_level":0.95,"lower_bound":-0.00932039939227162,"upper_bound":-0.005014276519789453},"point_estimate":-0.007180658056159306,"standard_error":0.0010934087317276},"median":{"confidence_interval":{"confidence_level":0.95,"lower_bound":-0.011544614567710276,"upper_bound":-0.0013183796750880772},"point_estimate":-0.001769956793137184,"standard_error":0.003257628596417487}}