{"mean":{"confidence_interval":{"confidence_level":0.95,"lower_bound":-0.003223761495527457,"upper_bound":0.007805739123740673},"point_estimate":0.001420488268042197,"standard_error":0.002810032442698733},"median":{"confidence_interval":{"confidence_level":0.95,"lower_bound":0.00022738376724396048,"upper_bound":0.0010965640771607443},"point_estimate":0.0006505976193715846,"standard_error":0.00023523459877254052}}