{"mean":{"confidence_interval":{"confidence_level":0.95,"lower_bound":-0.0016614397827330954,"upper_bound":-0.0004351673898376793},"point_estimate":-0.000995749993305317,"standard_error":0.00031453885574421876},"median":{"confidence_interval":{"confidence_level":0.95,"lower_bound":-0.0006416804932116715,"upper_bound":-4.615020913312229e-6},"point_estimate":-0.0003102404331211117,"standard_error":0.00015935489709964035}}