{"mean":{"confidence_interval":{"confidence_level":0.95,"lower_bound":0.00008863185810698007,"upper_bound":0.0016669992262577482},"point_estimate":0.0008231343289131221,"standard_error":0.0004016618120753239},"median":{"confidence_interval":{"confidence_level":0.95,"lower_bound":0.0002797688765121542,"upper_bound":0.0008276537592461048},"point_estimate":0.0005407175344314119,"standard_error":0.0001387959899544027}}