{"mean":{"confidence_interval":{"confidence_level":0.95,"lower_bound":-0.0022247748999507655,"upper_bound":0.00006439407613030293},"point_estimate":-0.0009945116497126483,"standard_error":0.0005848732632365956},"median":{"confidence_interval":{"confidence_level":0.95,"lower_bound":-0.0006032561132407466,"upper_bound":0.00017476144442529756},"point_estimate":-0.0002472015345194034,"standard_error":0.00019904769627794052}}