{"mean":{"confidence_interval":{"confidence_level":0.95,"lower_bound":-0.0013845778800958934,"upper_bound":0.0009065914665438144},"point_estimate":-0.00024843583112299505,"standard_error":0.0005830304592235647},"median":{"confidence_interval":{"confidence_level":0.95,"lower_bound":-0.0002954666127791272,"upper_bound":0.0003769308989176601},"point_estimate":0.0001314810444301706,"standard_error":0.00017225761691449536}}