{"mean":{"confidence_interval":{"confidence_level":0.95,"lower_bound":0.16309264877879243,"upper_bound":0.16330980180178323},"point_estimate":0.16319513728612844,"standard_error":0.000054289845220514273},"median":{"confidence_interval":{"confidence_level":0.95,"lower_bound":0.16313271711243074,"upper_bound":0.16328665145610052},"point_estimate":0.1632185181715795,"standard_error":0.000039453726856073976}}