{"mean":{"confidence_interval":{"confidence_level":0.95,"lower_bound":-0.0014164013403077406,"upper_bound":0.0004333581334516278},"point_estimate":-0.0004330056103529767,"standard_error":0.0004706336705358688},"median":{"confidence_interval":{"confidence_level":0.95,"lower_bound":-0.0003095044944730896,"upper_bound":0.0003886704911818857},"point_estimate":0.000046942737875088625,"standard_error":0.00017679181425056572}}