{"mean":{"confidence_interval":{"confidence_level":0.95,"lower_bound":-0.0014891986439041964,"upper_bound":-0.0001962892902418386},"point_estimate":-0.0008174058801919681,"standard_error":0.00033036757900099085},"median":{"confidence_interval":{"confidence_level":0.95,"lower_bound":-0.0007774704799362597,"upper_bound":-0.0002161919801370038},"point_estimate":-0.0005703369115123147,"standard_error":0.00014452313133678625}}