{"mean":{"confidence_interval":{"confidence_level":0.95,"lower_bound":-0.0017136873534315477,"upper_bound":-0.0004946491151735849},"point_estimate":-0.001058093041269803,"standard_error":0.000312569509597668},"median":{"confidence_interval":{"confidence_level":0.95,"lower_bound":-0.0008467792019955473,"upper_bound":-0.00011248387352891243},"point_estimate":-0.00043168863225862,"standard_error":0.000180301906456895}}