{"mean":{"confidence_interval":{"confidence_level":0.95,"lower_bound":1.2640587115271502,"upper_bound":1.2672593062521378},"point_estimate":1.2657957385206595,"standard_error":0.0008250069498772248},"median":{"confidence_interval":{"confidence_level":0.95,"lower_bound":1.2669186263386463,"upper_bound":1.2687318926716444},"point_estimate":1.267984676238176,"standard_error":0.00046940763763248964}}