{"mean":{"confidence_interval":{"confidence_level":0.95,"lower_bound":-0.00013785943567412294,"upper_bound":0.0013759613834485537},"point_estimate":0.0005972503447306821,"standard_error":0.00038610347306790484},"median":{"confidence_interval":{"confidence_level":0.95,"lower_bound":-0.000027572682118170988,"upper_bound":0.0006126944098470144},"point_estimate":0.0002701523868620104,"standard_error":0.00016024421564507824}}