{"mean":{"confidence_interval":{"confidence_level":0.95,"lower_bound":-0.0014178935070012525,"upper_bound":0.0007100921421636485},"point_estimate":-0.0003016193103272391,"standard_error":0.000544575230202895},"median":{"confidence_interval":{"confidence_level":0.95,"lower_bound":-0.00023195152828401616,"upper_bound":0.00038435351458887546},"point_estimate":0.0001701584155622271,"standard_error":0.00016519983639440457}}