{"mean":{"confidence_interval":{"confidence_level":0.95,"lower_bound":-0.06942656782066796,"upper_bound":-0.06252250619153621},"point_estimate":-0.06615569257422016,"standard_error":0.0017185055186727197},"median":{"confidence_interval":{"confidence_level":0.95,"lower_bound":-0.07094002423941725,"upper_bound":-0.05894678454195146},"point_estimate":-0.06511419362236559,"standard_error":0.0029723989465482246}}