{"mean":{"confidence_interval":{"confidence_level":0.95,"lower_bound":0.0022386717411300885,"upper_bound":0.01208187743566548},"point_estimate":0.005140090612255621,"standard_error":0.002600315747188746},"median":{"confidence_interval":{"confidence_level":0.95,"lower_bound":0.0025032206031341264,"upper_bound":0.003296724617775304},"point_estimate":0.002979166793318999,"standard_error":0.00019656707508061892}}