{"mean":{"confidence_interval":{"confidence_level":0.95,"lower_bound":-0.0011720961030563526,"upper_bound":-0.000031505344799212664},"point_estimate":-0.0005728780328506655,"standard_error":0.00029180449316292033},"median":{"confidence_interval":{"confidence_level":0.95,"lower_bound":-0.0008094748775807625,"upper_bound":-0.00033623484758615874},"point_estimate":-0.0005930322609928318,"standard_error":0.00011892917984978365}}