{"mean":{"confidence_interval":{"confidence_level":0.95,"lower_bound":-0.0024554420492706665,"upper_bound":0.0009228686508432443},"point_estimate":-0.0007608383989412548,"standard_error":0.0008634298745981853},"median":{"confidence_interval":{"confidence_level":0.95,"lower_bound":-0.002569868508124684,"upper_bound":0.0008094621737981811},"point_estimate":-0.0008431407438788119,"standard_error":0.0008471954680173407}}