{"mean":{"confidence_interval":{"confidence_level":0.95,"lower_bound":-0.0005428094422946228,"upper_bound":0.002365637573542717},"point_estimate":0.0006827477024073936,"standard_error":0.0007445504582019673},"median":{"confidence_interval":{"confidence_level":0.95,"lower_bound":-0.00017106552887009567,"upper_bound":0.0004957227895720783},"point_estimate":0.00014530967490844482,"standard_error":0.00017087444855004807}}