{"mean":{"confidence_interval":{"confidence_level":0.95,"lower_bound":-0.042871358068527474,"upper_bound":-0.027209221739708103},"point_estimate":-0.03491040084518349,"standard_error":0.004003276476675201},"median":{"confidence_interval":{"confidence_level":0.95,"lower_bound":-0.040096798122097654,"upper_bound":-0.02053264607969585},"point_estimate":-0.0297692788495052,"standard_error":0.005244950598317201}}