{"mean":{"confidence_interval":{"confidence_level":0.95,"lower_bound":-0.0023645880453615625,"upper_bound":-0.00034036988632964735},"point_estimate":-0.0012313706468747299,"standard_error":0.0005195287842164273},"median":{"confidence_interval":{"confidence_level":0.95,"lower_bound":-0.0010687532239161968,"upper_bound":-0.00032957656534116087},"point_estimate":-0.0006933468575009982,"standard_error":0.00019398030192148018}}