{"mean":{"confidence_interval":{"confidence_level":0.95,"lower_bound":-0.001793937066938714,"upper_bound":0.0003679819464354748},"point_estimate":-0.0006547392429229193,"standard_error":0.0005476779863430189},"median":{"confidence_interval":{"confidence_level":0.95,"lower_bound":-0.0007867694639185875,"upper_bound":-0.00017123853693895352},"point_estimate":-0.0003823672842661052,"standard_error":0.0001663252681272152}}