{"mean":{"confidence_interval":{"confidence_level":0.95,"lower_bound":-0.0026538199668179434,"upper_bound":-0.0011472291058398421},"point_estimate":-0.002005326839333521,"standard_error":0.00037553520280167056},"median":{"confidence_interval":{"confidence_level":0.95,"lower_bound":-0.002890978045374526,"upper_bound":-0.0018573001602359973},"point_estimate":-0.0024303722972429664,"standard_error":0.0002730344062439877}}