{"mean":{"confidence_interval":{"confidence_level":0.95,"lower_bound":0.12811620377926025,"upper_bound":0.14654761365164581},"point_estimate":0.13728832155219695,"standard_error":0.004895808143031013},"median":{"confidence_interval":{"confidence_level":0.95,"lower_bound":0.12564947853185982,"upper_bound":0.15090286366251648},"point_estimate":0.13351218518515773,"standard_error":0.006492226197577003}}