{"mean":{"confidence_interval":{"confidence_level":0.95,"lower_bound":-0.0008345180184826855,"upper_bound":0.0002464590052225821},"point_estimate":-0.00026132469713924245,"standard_error":0.0002769739880909142},"median":{"confidence_interval":{"confidence_level":0.95,"lower_bound":-0.0002461862966481876,"upper_bound":0.0003167938794848002},"point_estimate":0.00003476154882475768,"standard_error":0.00014066789792919156}}