{"mean":{"confidence_interval":{"confidence_level":0.95,"lower_bound":0.19530982219061738,"upper_bound":0.20002719450174924},"point_estimate":0.19826697877527488,"standard_error":0.001338314232165961},"median":{"confidence_interval":{"confidence_level":0.95,"lower_bound":0.19960892938202357,"upper_bound":0.2007758817361458},"point_estimate":0.2005044630346915,"standard_error":0.00036913985954991957}}