{"mean":{"confidence_interval":{"confidence_level":0.95,"lower_bound":-0.00010137445703885797,"upper_bound":0.0003757472956452512},"point_estimate":0.00017995887036947877,"standard_error":0.000125066230654079},"median":{"confidence_interval":{"confidence_level":0.95,"lower_bound":0.00019447273019390643,"upper_bound":0.0003276954164519452},"point_estimate":0.00026640673259437087,"standard_error":0.00003223211103988043}}