{"mean":{"confidence_interval":{"confidence_level":0.95,"lower_bound":0.3065380203027273,"upper_bound":0.3072984887201812},"point_estimate":0.30692044041730115,"standard_error":0.0001947784974739302},"median":{"confidence_interval":{"confidence_level":0.95,"lower_bound":0.30620508748210096,"upper_bound":0.3071669674853408},"point_estimate":0.30671544841404286,"standard_error":0.00025988304754592106}}