{"mean":{"confidence_interval":{"confidence_level":0.95,"lower_bound":-0.0038647624646965108,"upper_bound":-0.00012388056329835144},"point_estimate":-0.0024068220563777665,"standard_error":0.0010303608536187715},"median":{"confidence_interval":{"confidence_level":0.95,"lower_bound":-0.003957034713421459,"upper_bound":-0.003122844446246109},"point_estimate":-0.0035934546976348347,"standard_error":0.00022541122030404659}}