{"mean":{"confidence_interval":{"confidence_level":0.95,"lower_bound":0.00018027957806929804,"upper_bound":0.0012913215693668434},"point_estimate":0.000672142175357715,"standard_error":0.0002817523532819103},"median":{"confidence_interval":{"confidence_level":0.95,"lower_bound":-0.000015218431164032431,"upper_bound":0.00039351562098621784},"point_estimate":0.00016235673222131375,"standard_error":0.00010276986457545327}}