{"mean":{"confidence_interval":{"confidence_level":0.95,"lower_bound":-0.00020378320150499487,"upper_bound":0.0005214442701599875},"point_estimate":0.00013229510323253812,"standard_error":0.00018567945994548663},"median":{"confidence_interval":{"confidence_level":0.95,"lower_bound":-0.0002855623881918845,"upper_bound":0.0002343984881005845},"point_estimate":0.000019095414224068463,"standard_error":0.00013196908242201638}}