{"mean":{"confidence_interval":{"confidence_level":0.95,"lower_bound":-0.022021882951410904,"upper_bound":-0.015443822772576324},"point_estimate":-0.018364788376405983,"standard_error":0.0016958847276312154},"median":{"confidence_interval":{"confidence_level":0.95,"lower_bound":-0.018129605048127474,"upper_bound":-0.012280624303062093},"point_estimate":-0.015021990586666756,"standard_error":0.0014924963410953074}}