{"mean":{"confidence_interval":{"confidence_level":0.95,"lower_bound":-0.00032712868289843186,"upper_bound":0.00691607749165623},"point_estimate":0.0027908956322515444,"standard_error":0.0017656724449788552},"median":{"confidence_interval":{"confidence_level":0.95,"lower_bound":-0.0011419486225677038,"upper_bound":-0.0006004212021076816},"point_estimate":-0.0008917216854766874,"standard_error":0.00013718419721831307}}