{"mean":{"confidence_interval":{"confidence_level":0.95,"lower_bound":-0.15275311356766197,"upper_bound":-0.12966065208308775},"point_estimate":-0.1411784733676391,"standard_error":0.005903349259182709},"median":{"confidence_interval":{"confidence_level":0.95,"lower_bound":-0.1411245774267954,"upper_bound":-0.11380889154911822},"point_estimate":-0.127517785566028,"standard_error":0.007281382622385818}}