{"mean":{"confidence_interval":{"confidence_level":0.95,"lower_bound":-0.0012034825351793566,"upper_bound":0.003333533100576158},"point_estimate":0.00045186286092158134,"standard_error":0.001344347479992983},"median":{"confidence_interval":{"confidence_level":0.95,"lower_bound":-0.0009039705436064693,"upper_bound":-0.00029875176592730757},"point_estimate":-0.000644510048729674,"standard_error":0.0001568890972223002}}