{"mean":{"confidence_interval":{"confidence_level":0.95,"lower_bound":-0.00008442415344427629,"upper_bound":0.00101798135708242},"point_estimate":0.00043828242336996226,"standard_error":0.0002804931449518632},"median":{"confidence_interval":{"confidence_level":0.95,"lower_bound":-0.0002858556541321944,"upper_bound":0.0004454427357559071},"point_estimate":0.00013039723009522497,"standard_error":0.00017782843916564378}}