{"mean":{"confidence_interval":{"confidence_level":0.95,"lower_bound":-0.00014890385718951127,"upper_bound":0.0008247790621702879},"point_estimate":0.0003500309183832595,"standard_error":0.000246691401139923},"median":{"confidence_interval":{"confidence_level":0.95,"lower_bound":-0.0003359076272971742,"upper_bound":0.000497776241318082},"point_estimate":-0.000019273679793818665,"standard_error":0.0002206861890376671}}