{"mean":{"confidence_interval":{"confidence_level":0.95,"lower_bound":-0.0013969248865286054,"upper_bound":0.0018769616297709456},"point_estimate":0.0007461704576667838,"standard_error":0.0010287167554242193},"median":{"confidence_interval":{"confidence_level":0.95,"lower_bound":0.0017725501171412805,"upper_bound":0.0019374465184276435},"point_estimate":0.0018777105809173467,"standard_error":0.00004289595616195863}}