{"mean":{"confidence_interval":{"confidence_level":0.95,"lower_bound":0.20288053178555532,"upper_bound":0.22507615613311233},"point_estimate":0.21261874849979323,"standard_error":0.0055598963188562},"median":{"confidence_interval":{"confidence_level":0.95,"lower_bound":0.20067713550281252,"upper_bound":0.22005129530250067},"point_estimate":0.21239373751302626,"standard_error":0.004646944305128981}}