{"mean":{"confidence_interval":{"confidence_level":0.95,"lower_bound":-0.0006709812391817477,"upper_bound":-0.00012246653278486007},"point_estimate":-0.0003981739440042098,"standard_error":0.00014051809750413913},"median":{"confidence_interval":{"confidence_level":0.95,"lower_bound":-0.0006430214737710438,"upper_bound":0.00003345760104500606},"point_estimate":-0.00034645314143888495,"standard_error":0.00017021897042663776}}