{"mean":{"confidence_interval":{"confidence_level":0.95,"lower_bound":0.30571959291716266,"upper_bound":0.306481955440017},"point_estimate":0.3061008815266526,"standard_error":0.00019441591117222635},"median":{"confidence_interval":{"confidence_level":0.95,"lower_bound":0.30529695193904227,"upper_bound":0.3062132467084411},"point_estimate":0.30576993854905576,"standard_error":0.0002367180814476849}}