{"mean":{"confidence_interval":{"confidence_level":0.95,"lower_bound":1531878.961629819,"upper_bound":1535561.7609929668},"point_estimate":1533637.801270537,"standard_error":940.5225371970774},"median":{"confidence_interval":{"confidence_level":0.95,"lower_bound":1530009.0384615385,"upper_bound":1533358.3902439023},"point_estimate":1531569.2639296188,"standard_error":726.9854881728486},"median_abs_dev":{"confidence_interval":{"confidence_level":0.95,"lower_bound":4867.774374915718,"upper_bound":7933.129672734955},"point_estimate":6592.5455162922735,"standard_error":788.3706899589732},"slope":{"confidence_interval":{"confidence_level":0.95,"lower_bound":1534356.358560857,"upper_bound":1539575.106628025},"point_estimate":1536937.867288311,"standard_error":1335.4553588057158},"std_dev":{"confidence_interval":{"confidence_level":0.95,"lower_bound":7120.702374027502,"upper_bound":11443.441204020839},"point_estimate":9436.51638301286,"standard_error":1104.3958213025437}}