{"mean":{"confidence_interval":{"confidence_level":0.95,"lower_bound":1539697.8464658246,"upper_bound":1547916.44094639},"point_estimate":1543165.3449338663,"standard_error":2138.8535567948147},"median":{"confidence_interval":{"confidence_level":0.95,"lower_bound":1538174.7620466964,"upper_bound":1540146.0443619653},"point_estimate":1538850.2965686275,"standard_error":476.40093975087785},"median_abs_dev":{"confidence_interval":{"confidence_level":0.95,"lower_bound":3481.3659153866774,"upper_bound":6120.47627133968},"point_estimate":4667.530519733949,"standard_error":684.654374599603},"slope":{"confidence_interval":{"confidence_level":0.95,"lower_bound":1539230.98662022,"upper_bound":1542535.130798179},"point_estimate":1540769.3494251515,"standard_error":846.9204333921106},"std_dev":{"confidence_interval":{"confidence_level":0.95,"lower_bound":6023.1964914762975,"upper_bound":33677.2047536011},"point_estimate":21492.337132207464,"standard_error":7411.062310611173}}