{"mean":{"confidence_interval":{"confidence_level":0.95,"lower_bound":1492948.3984864939,"upper_bound":1507737.6317736919},"point_estimate":1498702.5367010676,"standard_error":3961.8496919904323},"median":{"confidence_interval":{"confidence_level":0.95,"lower_bound":1490472.7222222222,"upper_bound":1492224.45330552},"point_estimate":1491230.158119658,"standard_error":421.8814842445174},"median_abs_dev":{"confidence_interval":{"confidence_level":0.95,"lower_bound":2948.4921861156568,"upper_bound":5387.647141789725},"point_estimate":4101.7326908392,"standard_error":626.2899270773755},"slope":{"confidence_interval":{"confidence_level":0.95,"lower_bound":1491691.4171797466,"upper_bound":1493772.953822436},"point_estimate":1492708.9432688046,"standard_error":529.6194753017352},"std_dev":{"confidence_interval":{"confidence_level":0.95,"lower_bound":9494.107155928685,"upper_bound":66156.10851016584},"point_estimate":40026.56592818297,"standard_error":18326.77430115193}}