{"mean":{"confidence_interval":{"confidence_level":0.95,"lower_bound":1535244.0112882694,"upper_bound":1538498.5352762837},"point_estimate":1536767.7875539237,"standard_error":835.654627100072},"median":{"confidence_interval":{"confidence_level":0.95,"lower_bound":1533706.1951219512,"upper_bound":1535985.4},"point_estimate":1534855.600230415,"standard_error":555.9742011321725},"median_abs_dev":{"confidence_interval":{"confidence_level":0.95,"lower_bound":3134.666419348645,"upper_bound":5444.745672313591},"point_estimate":4110.123048737906,"standard_error":594.1835522612536},"slope":{"confidence_interval":{"confidence_level":0.95,"lower_bound":1534435.8849930842,"upper_bound":1537968.4662612744},"point_estimate":1535996.435578543,"standard_error":907.0495681655627},"std_dev":{"confidence_interval":{"confidence_level":0.95,"lower_bound":5559.313088262048,"upper_bound":11009.086466876259},"point_estimate":8385.295442524784,"standard_error":1409.8680913609383}}