{"mean":{"confidence_interval":{"confidence_level":0.95,"lower_bound":1536824.0274715696,"upper_bound":1542014.204086513},"point_estimate":1538985.4670418222,"standard_error":1354.350186993669},"median":{"confidence_interval":{"confidence_level":0.95,"lower_bound":1536231.9070135097,"upper_bound":1537883.025},"point_estimate":1537188.7051985085,"standard_error":427.8908515219827},"median_abs_dev":{"confidence_interval":{"confidence_level":0.95,"lower_bound":2555.692042999437,"upper_bound":4546.503727563936},"point_estimate":3607.2543123579026,"standard_error":535.8559752901243},"slope":{"confidence_interval":{"confidence_level":0.95,"lower_bound":1536510.9231937816,"upper_bound":1538235.528663337},"point_estimate":1537366.0592788532,"standard_error":440.0965744804405},"std_dev":{"confidence_interval":{"confidence_level":0.95,"lower_bound":3399.721044193808,"upper_bound":21592.43899716672},"point_estimate":13639.945038555908,"standard_error":4993.33982804179}}