{"mean":{"confidence_interval":{"confidence_level":0.95,"lower_bound":1526015.5855906077,"upper_bound":1531905.7473966093},"point_estimate":1528629.427277679,"standard_error":1513.165578906375},"median":{"confidence_interval":{"confidence_level":0.95,"lower_bound":1524549.1759259258,"upper_bound":1528032.3738629473},"point_estimate":1525620.3843085107,"standard_error":915.605587150402},"median_abs_dev":{"confidence_interval":{"confidence_level":0.95,"lower_bound":5894.62448358209,"upper_bound":10074.938611271044},"point_estimate":8585.634010549165,"standard_error":1078.6013533866658},"slope":{"confidence_interval":{"confidence_level":0.95,"lower_bound":1522132.0348073773,"upper_bound":1526619.370902095},"point_estimate":1524192.6308260676,"standard_error":1143.7046020499881},"std_dev":{"confidence_interval":{"confidence_level":0.95,"lower_bound":7558.8743846111065,"upper_bound":22699.573127642318},"point_estimate":15189.221347954592,"standard_error":4238.582413579791}}