{"mean":{"confidence_interval":{"confidence_level":0.95,"lower_bound":1541337.1959847957,"upper_bound":1546274.007411653},"point_estimate":1543618.7450008178,"standard_error":1271.2302397873536},"median":{"confidence_interval":{"confidence_level":0.95,"lower_bound":1539402.858695652,"upper_bound":1541586.4176706828},"point_estimate":1540253.4335664336,"standard_error":537.9242816942511},"median_abs_dev":{"confidence_interval":{"confidence_level":0.95,"lower_bound":3597.3162165748176,"upper_bound":6966.3053278658845},"point_estimate":4908.421768413624,"standard_error":852.4359801210967},"slope":{"confidence_interval":{"confidence_level":0.95,"lower_bound":1540228.3441194599,"upper_bound":1543452.8059488703},"point_estimate":1541715.869605438,"standard_error":825.8819274295628},"std_dev":{"confidence_interval":{"confidence_level":0.95,"lower_bound":7167.520839738533,"upper_bound":17379.155762819362},"point_estimate":12867.607649554682,"standard_error":2552.97811681314}}