{"mean":{"confidence_interval":{"confidence_level":0.95,"lower_bound":2349576.132727274,"upper_bound":2356538.3672727277},"point_estimate":2352606.6759090913,"standard_error":1799.3123803054084},"median":{"confidence_interval":{"confidence_level":0.95,"lower_bound":2347971.25,"upper_bound":2351426.6136363638},"point_estimate":2350272.8863636362,"standard_error":939.8940815278338},"median_abs_dev":{"confidence_interval":{"confidence_level":0.95,"lower_bound":4971.191407198569,"upper_bound":8629.843796789646},"point_estimate":6680.629176849638,"standard_error":944.7961947512692},"slope":null,"std_dev":{"confidence_interval":{"confidence_level":0.95,"lower_bound":8210.009223428562,"upper_bound":27665.620233218364},"point_estimate":18118.34809163374,"standard_error":5705.893182971652}}