{"mean":{"confidence_interval":{"confidence_level":0.95,"lower_bound":1540106.0926104703,"upper_bound":1546929.3163552291},"point_estimate":1543080.121233615,"standard_error":1754.509749714722},"median":{"confidence_interval":{"confidence_level":0.95,"lower_bound":1538282.6666666667,"upper_bound":1541009.085483871},"point_estimate":1540017.0503875967,"standard_error":798.3102669421716},"median_abs_dev":{"confidence_interval":{"confidence_level":0.95,"lower_bound":4839.513682374081,"upper_bound":7704.433079994304},"point_estimate":5993.317731097341,"standard_error":743.0861773304362},"slope":{"confidence_interval":{"confidence_level":0.95,"lower_bound":1542018.0249564655,"upper_bound":1547075.3721332867},"point_estimate":1544261.9162642234,"standard_error":1303.62149178565},"std_dev":{"confidence_interval":{"confidence_level":0.95,"lower_bound":7686.763438710381,"upper_bound":26800.629298707623},"point_estimate":17643.46041712503,"standard_error":5329.789538588007}}