{"mean":{"confidence_interval":{"confidence_level":0.95,"lower_bound":1525442.1641403688,"upper_bound":1529607.093379534},"point_estimate":1527354.5053477646,"standard_error":1062.9017645560643},"median":{"confidence_interval":{"confidence_level":0.95,"lower_bound":1524801.6288659794,"upper_bound":1528147.859375},"point_estimate":1526441.110190555,"standard_error":919.9905240722888},"median_abs_dev":{"confidence_interval":{"confidence_level":0.95,"lower_bound":4653.570563050887,"upper_bound":8891.93111691761},"point_estimate":7278.827994758216,"standard_error":1093.5647228523248},"slope":{"confidence_interval":{"confidence_level":0.95,"lower_bound":1525749.8335045688,"upper_bound":1528001.8406218344},"point_estimate":1526937.4253554011,"standard_error":572.9097830199343},"std_dev":{"confidence_interval":{"confidence_level":0.95,"lower_bound":6259.845909334841,"upper_bound":14751.797457474351},"point_estimate":10659.644931063873,"standard_error":2199.7217529810614}}