{"mean":{"confidence_interval":{"confidence_level":0.95,"lower_bound":13777213.765687501,"upper_bound":13995724.099125},"point_estimate":13884157.2375,"standard_error":55846.187237138765},"median":{"confidence_interval":{"confidence_level":0.95,"lower_bound":13764765.75,"upper_bound":13982368.0},"point_estimate":13857466.875,"standard_error":56034.19786121893},"median_abs_dev":{"confidence_interval":{"confidence_level":0.95,"lower_bound":332087.3827792704,"upper_bound":604000.4804268475},"point_estimate":446063.3677057922,"standard_error":70547.11370567862},"slope":null,"std_dev":{"confidence_interval":{"confidence_level":0.95,"lower_bound":450384.50571890007,"upper_bound":661888.2158180742},"point_estimate":560297.1434466168,"standard_error":54079.84882342688}}