{"mean":{"confidence_interval":{"confidence_level":0.95,"lower_bound":7579340.753999997,"upper_bound":7616569.554464287},"point_estimate":7596880.025714289,"standard_error":9498.267757062256},"median":{"confidence_interval":{"confidence_level":0.95,"lower_bound":7597563.428571428,"upper_bound":7612650.571428572},"point_estimate":7606413.5,"standard_error":4009.7479951539904},"median_abs_dev":{"confidence_interval":{"confidence_level":0.95,"lower_bound":27555.102733299333,"upper_bound":62873.040683780004},"point_estimate":40359.23058348052,"standard_error":9058.755512888123},"slope":null,"std_dev":{"confidence_interval":{"confidence_level":0.95,"lower_bound":62861.68464377521,"upper_bound":125918.34708388784},"point_estimate":95258.53492429244,"standard_error":16340.821349022706}}