{"mean":{"confidence_interval":{"confidence_level":0.95,"lower_bound":6190618.039437501,"upper_bound":6245097.035},"point_estimate":6214618.47375,"standard_error":13999.580173267366},"median":{"confidence_interval":{"confidence_level":0.95,"lower_bound":6173471.375,"upper_bound":6196375.75},"point_estimate":6186086.4375,"standard_error":6165.311155511986},"median_abs_dev":{"confidence_interval":{"confidence_level":0.95,"lower_bound":27958.756792070348,"upper_bound":45741.54503792524},"point_estimate":34246.576792001724,"standard_error":4350.232253880613},"slope":null,"std_dev":{"confidence_interval":{"confidence_level":0.95,"lower_bound":57341.8106821196,"upper_bound":204155.38298943825},"point_estimate":140254.33926606225,"standard_error":37373.41470454488}}