{"mean":{"confidence_interval":{"confidence_level":0.95,"lower_bound":11614173.775849998,"upper_bound":11712279.000399996},"point_estimate":11658914.868000003,"standard_error":25240.291144577357},"median":{"confidence_interval":{"confidence_level":0.95,"lower_bound":11567496.8,"upper_bound":11594817.2},"point_estimate":11581297.0,"standard_error":6454.903966340769},"median_abs_dev":{"confidence_interval":{"confidence_level":0.95,"lower_bound":38456.41941726208,"upper_bound":72410.92401444912},"point_estimate":54468.49913299084,"standard_error":8149.982234687245},"slope":null,"std_dev":{"confidence_interval":{"confidence_level":0.95,"lower_bound":139574.94945611863,"upper_bound":348682.29990800435},"point_estimate":254652.58892751558,"standard_error":53427.04052438111}}