{"mean":{"confidence_interval":{"confidence_level":0.95,"lower_bound":5902972.394166663,"upper_bound":5920124.852138888},"point_estimate":5910322.615555555,"standard_error":4412.3389774593625},"median":{"confidence_interval":{"confidence_level":0.95,"lower_bound":5907191.111111111,"upper_bound":5915555.0},"point_estimate":5911712.555555556,"standard_error":2317.3964214671337},"median_abs_dev":{"confidence_interval":{"confidence_level":0.95,"lower_bound":12443.50482158359,"upper_bound":20998.475260536183},"point_estimate":15997.088982661719,"standard_error":2214.154627404879},"slope":null,"std_dev":{"confidence_interval":{"confidence_level":0.95,"lower_bound":20196.09931000533,"upper_bound":69885.4393742959},"point_estimate":44453.52503061417,"standard_error":15574.294454142908}}