{"mean":{"confidence_interval":{"confidence_level":0.95,"lower_bound":6158824.38209375,"upper_bound":6216727.63809375},"point_estimate":6182899.92,"standard_error":15074.59996092871},"median":{"confidence_interval":{"confidence_level":0.95,"lower_bound":6142545.375,"upper_bound":6152525.125},"point_estimate":6149204.625,"standard_error":2377.3033524145444},"median_abs_dev":{"confidence_interval":{"confidence_level":0.95,"lower_bound":17872.55735769868,"upper_bound":31629.118351908382},"point_estimate":24239.490282163024,"standard_error":3418.8967843820496},"slope":null,"std_dev":{"confidence_interval":{"confidence_level":0.95,"lower_bound":45357.257494491525,"upper_bound":241461.01789012618},"point_estimate":151536.1911763272,"standard_error":56614.72843658078}}