{"mean":{"confidence_interval":{"confidence_level":0.95,"lower_bound":8310510.229375,"upper_bound":8331637.377375002},"point_estimate":8320196.816666663,"standard_error":5402.081290536798},"median":{"confidence_interval":{"confidence_level":0.95,"lower_bound":8301564.666666666,"upper_bound":8311255.083333334},"point_estimate":8305298.0,"standard_error":2645.860111219423},"median_abs_dev":{"confidence_interval":{"confidence_level":0.95,"lower_bound":21617.54311621281,"upper_bound":38397.41811580999},"point_estimate":28295.296947657833,"standard_error":4389.532044458274},"slope":null,"std_dev":{"confidence_interval":{"confidence_level":0.95,"lower_bound":31943.664551125097,"upper_bound":75385.93585785768},"point_estimate":54445.8407531652,"standard_error":11464.942579932302}}