{"mean":{"confidence_interval":{"confidence_level":0.95,"lower_bound":13036564.913625,"upper_bound":13328582.267625},"point_estimate":13178379.6275,"standard_error":74584.90383541086},"median":{"confidence_interval":{"confidence_level":0.95,"lower_bound":12827073.75,"upper_bound":13159884.25},"point_estimate":12939035.25,"standard_error":87379.03402915303},"median_abs_dev":{"confidence_interval":{"confidence_level":0.95,"lower_bound":429656.7310720682,"upper_bound":801995.2205367386},"point_estimate":604510.1241678,"standard_error":96706.80180176444},"slope":null,"std_dev":{"confidence_interval":{"confidence_level":0.95,"lower_bound":604082.652483227,"upper_bound":893486.5719372586},"point_estimate":751384.4925664858,"standard_error":74221.85887713468}}