{"mean":{"confidence_interval":{"confidence_level":0.95,"lower_bound":10689401.2328,"upper_bound":10794283.91975},"point_estimate":10735298.029999997,"standard_error":26820.382005821368},"median":{"confidence_interval":{"confidence_level":0.95,"lower_bound":10717745.2,"upper_bound":10756766.0},"point_estimate":10739585.7,"standard_error":9363.2684735834},"median_abs_dev":{"confidence_interval":{"confidence_level":0.95,"lower_bound":69505.3245860341,"upper_bound":128602.7973568445},"point_estimate":94324.49292540688,"standard_error":15350.142052918292},"slope":null,"std_dev":{"confidence_interval":{"confidence_level":0.95,"lower_bound":120466.68715464833,"upper_bound":424503.1992682509},"point_estimate":271051.3050143192,"standard_error":92109.46076070408}}