{"mean":{"confidence_interval":{"confidence_level":0.95,"lower_bound":5869792.72238889,"upper_bound":5922728.900611111},"point_estimate":5895799.701111112,"standard_error":13459.21472765246},"median":{"confidence_interval":{"confidence_level":0.95,"lower_bound":5830778.722222222,"upper_bound":5904821.111111111},"point_estimate":5871645.944444444,"standard_error":19305.002309987383},"median_abs_dev":{"confidence_interval":{"confidence_level":0.95,"lower_bound":110882.00469811703,"upper_bound":195763.07709117746},"point_estimate":156883.12828143477,"standard_error":21432.8801432347},"slope":null,"std_dev":{"confidence_interval":{"confidence_level":0.95,"lower_bound":120372.98767925618,"upper_bound":146659.10867847077},"point_estimate":134789.06615196075,"standard_error":6715.926357600877}}