{"mean":{"confidence_interval":{"confidence_level":0.95,"lower_bound":13566991.927312499,"upper_bound":13729665.540562501},"point_estimate":13644183.2575,"standard_error":41533.2780394622},"median":{"confidence_interval":{"confidence_level":0.95,"lower_bound":13504754.625,"upper_bound":13596772.875},"point_estimate":13549644.75,"standard_error":21882.603150982737},"median_abs_dev":{"confidence_interval":{"confidence_level":0.95,"lower_bound":164007.98896327615,"upper_bound":291737.8221893676},"point_estimate":229302.98907905817,"standard_error":32526.595836976365},"slope":null,"std_dev":{"confidence_interval":{"confidence_level":0.95,"lower_bound":305166.43339129706,"upper_bound":518116.03093587037},"point_estimate":416517.3625673878,"standard_error":54877.078110670205}}