{"mean":{"confidence_interval":{"confidence_level":0.95,"lower_bound":9632285.014791667,"upper_bound":9642183.088166663},"point_estimate":9637168.7,"standard_error":2537.1993065591187},"median":{"confidence_interval":{"confidence_level":0.95,"lower_bound":9628265.25,"upper_bound":9641931.666666666},"point_estimate":9635340.416666668,"standard_error":3548.151984477902},"median_abs_dev":{"confidence_interval":{"confidence_level":0.95,"lower_bound":20028.813694417477,"upper_bound":31555.311899778506},"point_estimate":26550.64742862948,"standard_error":3054.103890768085},"slope":null,"std_dev":{"confidence_interval":{"confidence_level":0.95,"lower_bound":21930.882417430723,"upper_bound":28542.55697552686},"point_estimate":25425.754053467685,"standard_error":1679.4076827630224}}