{"mean":{"confidence_interval":{"confidence_level":0.95,"lower_bound":6543212.0959375,"upper_bound":6557333.72375},"point_estimate":6550303.69125,"standard_error":3600.4671543647737},"median":{"confidence_interval":{"confidence_level":0.95,"lower_bound":6546121.25,"upper_bound":6559285.75},"point_estimate":6554929.4375,"standard_error":2762.6390387217075},"median_abs_dev":{"confidence_interval":{"confidence_level":0.95,"lower_bound":19925.30968375504,"upper_bound":39284.358840063214},"point_estimate":27282.619390636683,"standard_error":4735.93977752796},"slope":null,"std_dev":{"confidence_interval":{"confidence_level":0.95,"lower_bound":29471.680136556774,"upper_bound":43019.30211324636},"point_estimate":36386.5098627968,"standard_error":3464.629878264423}}