{"mean":{"confidence_interval":{"confidence_level":0.95,"lower_bound":9392685.65825,"upper_bound":9417320.294291668},"point_estimate":9405290.141666666,"standard_error":6271.340556704006},"median":{"confidence_interval":{"confidence_level":0.95,"lower_bound":9409335.333333334,"upper_bound":9437188.833333334},"point_estimate":9425588.666666668,"standard_error":6960.13384055346},"median_abs_dev":{"confidence_interval":{"confidence_level":0.95,"lower_bound":34905.46893030313,"upper_bound":70404.10140007781},"point_estimate":52240.02782255457,"standard_error":8891.423089680375},"slope":null,"std_dev":{"confidence_interval":{"confidence_level":0.95,"lower_bound":51830.03651711632,"upper_bound":74103.66448409166},"point_estimate":63251.47301546803,"standard_error":5706.62613628538}}