{"mean":{"confidence_interval":{"confidence_level":0.95,"lower_bound":5612559.259055555,"upper_bound":5671946.014250002},"point_estimate":5640875.1866666665,"standard_error":15130.97613810448},"median":{"confidence_interval":{"confidence_level":0.95,"lower_bound":5580414.777777778,"upper_bound":5618353.555555556},"point_estimate":5598368.944444444,"standard_error":9994.91182458649},"median_abs_dev":{"confidence_interval":{"confidence_level":0.95,"lower_bound":66392.55652129835,"upper_bound":108060.12274821523},"point_estimate":87739.3604089818,"standard_error":10451.284221673224},"slope":null,"std_dev":{"confidence_interval":{"confidence_level":0.95,"lower_bound":111132.16070129412,"upper_bound":193328.5825224469},"point_estimate":152912.1571697318,"standard_error":21101.432720566445}}