{"mean":{"confidence_interval":{"confidence_level":0.95,"lower_bound":6227936.56625,"upper_bound":6265273.1075},"point_estimate":6244326.89375,"standard_error":9655.75577105953},"median":{"confidence_interval":{"confidence_level":0.95,"lower_bound":6212477.625,"upper_bound":6235008.25},"point_estimate":6223608.3125,"standard_error":6164.488230568819},"median_abs_dev":{"confidence_interval":{"confidence_level":0.95,"lower_bound":26355.253107100725,"upper_bound":42510.311057791114},"point_estimate":34847.67841883004,"standard_error":4203.392568323612},"slope":null,"std_dev":{"confidence_interval":{"confidence_level":0.95,"lower_bound":38278.852435753164,"upper_bound":144274.55800379917},"point_estimate":96832.79353794933,"standard_error":28152.453196545102}}