{"mean":{"confidence_interval":{"confidence_level":0.95,"lower_bound":6205952.4677777765,"upper_bound":6218222.683333334},"point_estimate":6211899.777777778,"standard_error":3146.620423977666},"median":{"confidence_interval":{"confidence_level":0.95,"lower_bound":6205374.0,"upper_bound":6215803.5},"point_estimate":6211212.777777778,"standard_error":2558.252409778767},"median_abs_dev":{"confidence_interval":{"confidence_level":0.95,"lower_bound":15145.747131109698,"upper_bound":30351.951394478325},"point_estimate":20405.02343773911,"standard_error":3874.989880481108},"slope":null,"std_dev":{"confidence_interval":{"confidence_level":0.95,"lower_bound":23252.568783799237,"upper_bound":40455.18049853252},"point_estimate":31598.906175230288,"standard_error":4523.161927230766}}