{"mean":{"confidence_interval":{"confidence_level":0.95,"lower_bound":6528929.8526875,"upper_bound":6572554.441375},"point_estimate":6550779.015,"standard_error":11063.93555061149},"median":{"confidence_interval":{"confidence_level":0.95,"lower_bound":6531100.25,"upper_bound":6608389.5625},"point_estimate":6589434.375,"standard_error":19464.837515404586},"median_abs_dev":{"confidence_interval":{"confidence_level":0.95,"lower_bound":81115.45378491282,"upper_bound":152546.47187925875},"point_estimate":115794.20846924186,"standard_error":18652.913234911466},"slope":null,"std_dev":{"confidence_interval":{"confidence_level":0.95,"lower_bound":100090.13556027802,"upper_bound":120665.02536466099},"point_estimate":111370.96398603803,"standard_error":5274.845844356071}}