{"mean":{"confidence_interval":{"confidence_level":0.95,"lower_bound":6412892.601249999,"upper_bound":6427822.62125},"point_estimate":6419513.63375,"standard_error":3798.5406010124557},"median":{"confidence_interval":{"confidence_level":0.95,"lower_bound":6408817.5,"upper_bound":6421937.0},"point_estimate":6415626.9375,"standard_error":3476.930890744401},"median_abs_dev":{"confidence_interval":{"confidence_level":0.95,"lower_bound":17830.951895937324,"upper_bound":28901.6185618937},"point_estimate":22379.8466026783,"standard_error":3109.7151228973203},"slope":null,"std_dev":{"confidence_interval":{"confidence_level":0.95,"lower_bound":21410.419486584455,"upper_bound":56897.21851063791},"point_estimate":38308.530175989705,"standard_error":10712.525709959586}}