{"mean":{"confidence_interval":{"confidence_level":0.95,"lower_bound":10531407.475099996,"upper_bound":10563116.802599998},"point_estimate":10549647.151999999,"standard_error":8201.40047809313},"median":{"confidence_interval":{"confidence_level":0.95,"lower_bound":10547683.0,"upper_bound":10559803.0},"point_estimate":10552722.8,"standard_error":2736.7340462445045},"median_abs_dev":{"confidence_interval":{"confidence_level":0.95,"lower_bound":17094.37769651413,"upper_bound":35641.70336723328},"point_estimate":27665.612028836098,"standard_error":4616.57984048693},"slope":null,"std_dev":{"confidence_interval":{"confidence_level":0.95,"lower_bound":27314.563082184966,"upper_bound":127540.92583960839},"point_estimate":82508.11943296573,"standard_error":27453.567286779788}}