{"mean":{"confidence_interval":{"confidence_level":0.95,"lower_bound":10464735.077399995,"upper_bound":10501688.8979},"point_estimate":10482572.401999997,"standard_error":9421.410032222915},"median":{"confidence_interval":{"confidence_level":0.95,"lower_bound":10436129.4,"upper_bound":10454829.2},"point_estimate":10443979.3,"standard_error":4582.9764230470755},"median_abs_dev":{"confidence_interval":{"confidence_level":0.95,"lower_bound":29444.435477256775,"upper_bound":63618.36487054963},"point_estimate":43573.46496641691,"standard_error":9104.315007546453},"slope":null,"std_dev":{"confidence_interval":{"confidence_level":0.95,"lower_bound":75100.86878624638,"upper_bound":110704.26575441124},"point_estimate":94537.02594597462,"standard_error":9071.338223076906}}