{"mean":{"confidence_interval":{"confidence_level":0.95,"lower_bound":9240553.376499997,"upper_bound":9261267.938625},"point_estimate":9250192.59666667,"standard_error":5267.211994998877},"median":{"confidence_interval":{"confidence_level":0.95,"lower_bound":9232966.666666666,"upper_bound":9258115.333333334},"point_estimate":9241425.0,"standard_error":6129.620135088636},"median_abs_dev":{"confidence_interval":{"confidence_level":0.95,"lower_bound":33283.13390910533,"upper_bound":51543.57648491905},"point_estimate":40819.5602253084,"standard_error":4483.506226687904},"slope":null,"std_dev":{"confidence_interval":{"confidence_level":0.95,"lower_bound":36006.32012428128,"upper_bound":72882.52450144167},"point_estimate":53109.376576676004,"standard_error":10515.119423359452}}