{"mean":{"confidence_interval":{"confidence_level":0.95,"lower_bound":10623988.173099997,"upper_bound":11167841.04265},"point_estimate":10869974.333999999,"standard_error":138834.18692070252},"median":{"confidence_interval":{"confidence_level":0.95,"lower_bound":10510078.5,"upper_bound":10942920.8},"point_estimate":10702579.6,"standard_error":135636.87273427137},"median_abs_dev":{"confidence_interval":{"confidence_level":0.95,"lower_bound":568817.4193614743,"upper_bound":920788.8770127291},"point_estimate":784848.0993461619,"standard_error":93487.4135129312},"slope":null,"std_dev":{"confidence_interval":{"confidence_level":0.95,"lower_bound":693807.6628487126,"upper_bound":1958856.9820809662},"point_estimate":1396649.6858590473,"standard_error":318050.0730387936}}