{"mean":{"confidence_interval":{"confidence_level":0.95,"lower_bound":6242433.71340625,"upper_bound":6253032.65084375},"point_estimate":6247276.85,"standard_error":2718.2266111261924},"median":{"confidence_interval":{"confidence_level":0.95,"lower_bound":6237709.25,"upper_bound":6245481.75},"point_estimate":6240650.625,"standard_error":1874.0087206544104},"median_abs_dev":{"confidence_interval":{"confidence_level":0.95,"lower_bound":10556.297137588263,"upper_bound":21174.77081157267},"point_estimate":13846.464466676116,"standard_error":2753.5651573454825},"slope":null,"std_dev":{"confidence_interval":{"confidence_level":0.95,"lower_bound":17077.04514058328,"upper_bound":38549.7697990736},"point_estimate":27233.632074809833,"standard_error":6177.7253710383}}