{"mean":{"confidence_interval":{"confidence_level":0.95,"lower_bound":6239096.52125,"upper_bound":6291897.3625},"point_estimate":6260839.45625,"standard_error":13867.56840537003},"median":{"confidence_interval":{"confidence_level":0.95,"lower_bound":6235182.9265625,"upper_bound":6247633.25},"point_estimate":6240894.5625,"standard_error":3935.5204012978425},"median_abs_dev":{"confidence_interval":{"confidence_level":0.95,"lower_bound":19300.67178234458,"upper_bound":32639.253095537424},"point_estimate":26304.103408008814,"standard_error":3431.836928112784},"slope":null,"std_dev":{"confidence_interval":{"confidence_level":0.95,"lower_bound":26804.903564235592,"upper_bound":223338.21652374975},"point_estimate":139240.22331652784,"standard_error":54097.7266545884}}