{"mean":{"confidence_interval":{"confidence_level":0.95,"lower_bound":10142378.285749998,"upper_bound":10223163.503749996},"point_estimate":10186059.23166667,"standard_error":20778.21926497942},"median":{"confidence_interval":{"confidence_level":0.95,"lower_bound":10207684.0,"upper_bound":10242205.833333334},"point_estimate":10226852.333333334,"standard_error":8144.84173569656},"median_abs_dev":{"confidence_interval":{"confidence_level":0.95,"lower_bound":46656.556321681004,"upper_bound":77299.5503276568},"point_estimate":55974.69715624955,"standard_error":7968.839375517904},"slope":null,"std_dev":{"confidence_interval":{"confidence_level":0.95,"lower_bound":126902.01995118748,"upper_bound":269548.63156533113},"point_estimate":207423.6052595381,"standard_error":36593.16201807908}}