{"mean":{"confidence_interval":{"confidence_level":0.95,"lower_bound":9346297.512624998,"upper_bound":9400262.109124998},"point_estimate":9368165.530000003,"standard_error":14218.192205529298},"median":{"confidence_interval":{"confidence_level":0.95,"lower_bound":9344567.5,"upper_bound":9362534.333333334},"point_estimate":9350386.5,"standard_error":4583.493559475711},"median_abs_dev":{"confidence_interval":{"confidence_level":0.95,"lower_bound":28013.108752666063,"upper_bound":48252.698743344736},"point_estimate":36488.63860219717,"standard_error":4765.072853879908},"slope":null,"std_dev":{"confidence_interval":{"confidence_level":0.95,"lower_bound":41812.032127145285,"upper_bound":231250.41847850115},"point_estimate":142712.52762932132,"standard_error":57613.732456648046}}