{"mean":{"confidence_interval":{"confidence_level":0.95,"lower_bound":9623689.231583333,"upper_bound":9655571.687291669},"point_estimate":9636251.006666668,"standard_error":8409.638023258194},"median":{"confidence_interval":{"confidence_level":0.95,"lower_bound":9614151.5,"upper_bound":9628978.833333334},"point_estimate":9622273.416666668,"standard_error":3731.9921535265375},"median_abs_dev":{"confidence_interval":{"confidence_level":0.95,"lower_bound":20039.933194220066,"upper_bound":38878.836859761745},"point_estimate":29607.645024360147,"standard_error":4922.4546531829665},"slope":null,"std_dev":{"confidence_interval":{"confidence_level":0.95,"lower_bound":27730.356519021494,"upper_bound":138413.86198479682},"point_estimate":84447.95859534014,"standard_error":37214.387763381914}}