{"mean":{"confidence_interval":{"confidence_level":0.95,"lower_bound":6130731.501111113,"upper_bound":6139831.83},"point_estimate":6135097.066666667,"standard_error":2319.8893810095437},"median":{"confidence_interval":{"confidence_level":0.95,"lower_bound":6131535.0,"upper_bound":6140380.5},"point_estimate":6135832.555555556,"standard_error":2285.763029070242},"median_abs_dev":{"confidence_interval":{"confidence_level":0.95,"lower_bound":12908.833237489218,"upper_bound":22239.658538499854},"point_estimate":18245.69894273999,"standard_error":2360.5661302482317},"slope":null,"std_dev":{"confidence_interval":{"confidence_level":0.95,"lower_bound":17056.21329462598,"upper_bound":30609.500231259008},"point_estimate":23254.315178875015,"standard_error":3689.3545902134388}}