{"mean":{"confidence_interval":{"confidence_level":0.95,"lower_bound":6149862.317777778,"upper_bound":6227542.799999999},"point_estimate":6182138.646666665,"standard_error":20120.23449790782},"median":{"confidence_interval":{"confidence_level":0.95,"lower_bound":6138392.722222222,"upper_bound":6148411.722222222},"point_estimate":6143548.722222222,"standard_error":2986.9215461478248},"median_abs_dev":{"confidence_interval":{"confidence_level":0.95,"lower_bound":13090.28700093459,"upper_bound":25881.006440520287},"point_estimate":18614.701602855705,"standard_error":3300.6648911474117},"slope":null,"std_dev":{"confidence_interval":{"confidence_level":0.95,"lower_bound":31850.94265375802,"upper_bound":321621.30997874815},"point_estimate":201622.0647901223,"standard_error":73636.90970654576}}