{"mean":{"confidence_interval":{"confidence_level":0.95,"lower_bound":19531890.541416664,"upper_bound":19534950.88808333},"point_estimate":19533299.21333333,"standard_error":781.5870077937003},"median":{"confidence_interval":{"confidence_level":0.95,"lower_bound":19529854.0,"upper_bound":19532287.5},"point_estimate":19530987.666666664,"standard_error":551.258729556938},"median_abs_dev":{"confidence_interval":{"confidence_level":0.95,"lower_bound":2767.2728508683244,"upper_bound":5214.057007432904},"point_estimate":4373.91702234653,"standard_error":628.7824845931057},"slope":null,"std_dev":{"confidence_interval":{"confidence_level":0.95,"lower_bound":4836.392153585537,"upper_bound":10624.074427995707},"point_estimate":7810.397792266581,"standard_error":1513.0222567017752}}