{"mean":{"confidence_interval":{"confidence_level":0.95,"lower_bound":19534973.98866666,"upper_bound":19539517.97633332},"point_estimate":19537047.56,"standard_error":1166.3561516520465},"median":{"confidence_interval":{"confidence_level":0.95,"lower_bound":19532719.666666668,"upper_bound":19536566.333333332},"point_estimate":19534699.666666668,"standard_error":986.0562065201511},"median_abs_dev":{"confidence_interval":{"confidence_level":0.95,"lower_bound":4150.785726310663,"upper_bound":7175.783872601678},"point_estimate":5643.763899805002,"standard_error":722.0120823353426},"slope":null,"std_dev":{"confidence_interval":{"confidence_level":0.95,"lower_bound":6480.142427561758,"upper_bound":16274.858107461938},"point_estimate":11728.695866899501,"standard_error":2537.7483721485173}}