{"mean":{"confidence_interval":{"confidence_level":0.95,"lower_bound":6597517.1065625,"upper_bound":6623580.9921562495},"point_estimate":6611288.5825,"standard_error":6660.603154994636},"median":{"confidence_interval":{"confidence_level":0.95,"lower_bound":6626819.25,"upper_bound":6630082.0625},"point_estimate":6628445.375,"standard_error":864.1361127197528},"median_abs_dev":{"confidence_interval":{"confidence_level":0.95,"lower_bound":4793.987014889717,"upper_bound":8531.62154853344},"point_estimate":6244.155114144087,"standard_error":994.1496575456127},"slope":null,"std_dev":{"confidence_interval":{"confidence_level":0.95,"lower_bound":44581.58016883903,"upper_bound":84974.9861818858},"point_estimate":66872.76215037516,"standard_error":10306.288566141908}}