{"mean":{"confidence_interval":{"confidence_level":0.95,"lower_bound":6633873.82065625,"upper_bound":6641704.0786875},"point_estimate":6637409.86125,"standard_error":2009.0801957719104},"median":{"confidence_interval":{"confidence_level":0.95,"lower_bound":6631239.25,"upper_bound":6633112.25},"point_estimate":6632448.9375,"standard_error":543.2091081812786},"median_abs_dev":{"confidence_interval":{"confidence_level":0.95,"lower_bound":3431.1069890856743,"upper_bound":7023.91003780067},"point_estimate":5121.73427157104,"standard_error":958.0925414290475},"slope":null,"std_dev":{"confidence_interval":{"confidence_level":0.95,"lower_bound":10935.423813387575,"upper_bound":27617.67549001101},"point_estimate":20203.84299847838,"standard_error":4394.654769254691}}