{"mean":{"confidence_interval":{"confidence_level":0.95,"lower_bound":6609097.44103125,"upper_bound":6613346.450656249},"point_estimate":6611047.2225,"standard_error":1091.1777832188031},"median":{"confidence_interval":{"confidence_level":0.95,"lower_bound":6607532.3125,"upper_bound":6609621.875},"point_estimate":6608388.0,"standard_error":540.4227023132279},"median_abs_dev":{"confidence_interval":{"confidence_level":0.95,"lower_bound":3736.6152461618185,"upper_bound":6494.012591270721},"point_estimate":5117.1938091516495,"standard_error":722.1068038056048},"slope":null,"std_dev":{"confidence_interval":{"confidence_level":0.95,"lower_bound":6168.549219608716,"upper_bound":14761.64986613572},"point_estimate":10958.283441650741,"standard_error":2157.1495423930423}}