{"mean":{"confidence_interval":{"confidence_level":0.95,"lower_bound":6631883.9474375,"upper_bound":7014089.866406251},"point_estimate":6760432.0425,"standard_error":125199.11069876251},"median":{"confidence_interval":{"confidence_level":0.95,"lower_bound":6627677.5,"upper_bound":6630150.4375},"point_estimate":6628888.1875,"standard_error":705.3189288758185},"median_abs_dev":{"confidence_interval":{"confidence_level":0.95,"lower_bound":4201.780987903476,"upper_bound":7278.2709123473605},"point_estimate":5680.025824159384,"standard_error":776.8233170036881},"slope":null,"std_dev":{"confidence_interval":{"confidence_level":0.95,"lower_bound":15045.088797757977,"upper_bound":2147845.367525762},"point_estimate":1252650.0045986634,"standard_error":778582.7073828406}}