{"mean":{"confidence_interval":{"confidence_level":0.95,"lower_bound":6668425.430875,"upper_bound":6675961.67178125},"point_estimate":6671763.8675,"standard_error":1943.358446461243},"median":{"confidence_interval":{"confidence_level":0.95,"lower_bound":6665960.125,"upper_bound":6669026.1875},"point_estimate":6667471.5,"standard_error":746.2864534203464},"median_abs_dev":{"confidence_interval":{"confidence_level":0.95,"lower_bound":4087.1829596255034,"upper_bound":6952.467251569033},"point_estimate":5492.662252485752,"standard_error":700.1745965681264},"slope":null,"std_dev":{"confidence_interval":{"confidence_level":0.95,"lower_bound":6126.898925571578,"upper_bound":28287.92083512833},"point_estimate":19533.71793945376,"standard_error":5172.18868625524}}