{"mean":{"confidence_interval":{"confidence_level":0.95,"lower_bound":6665434.17784375,"upper_bound":6669550.0620625},"point_estimate":6667356.0625,"standard_error":1052.0587390185663},"median":{"confidence_interval":{"confidence_level":0.95,"lower_bound":6663041.8125,"upper_bound":6666557.25},"point_estimate":6664443.5625,"standard_error":934.2462749589964},"median_abs_dev":{"confidence_interval":{"confidence_level":0.95,"lower_bound":4851.623088866472,"upper_bound":8042.363557219505},"point_estimate":6260.927026346326,"standard_error":810.3191431113726},"slope":null,"std_dev":{"confidence_interval":{"confidence_level":0.95,"lower_bound":7042.178443351567,"upper_bound":13642.214332376474},"point_estimate":10527.28273737075,"standard_error":1690.1921687033387}}