{"mean":{"confidence_interval":{"confidence_level":0.95,"lower_bound":19538498.37666666,"upper_bound":19545121.613750003},"point_estimate":19541352.593333326,"standard_error":1706.2804122808766},"median":{"confidence_interval":{"confidence_level":0.95,"lower_bound":19536374.333333332,"upper_bound":19540341.0},"point_estimate":19538241.0,"standard_error":972.1501117879925},"median_abs_dev":{"confidence_interval":{"confidence_level":0.95,"lower_bound":5387.02082685597,"upper_bound":9340.874034170018},"point_estimate":7512.33406662941,"standard_error":1038.4631748649213},"slope":null,"std_dev":{"confidence_interval":{"confidence_level":0.95,"lower_bound":7413.179375272381,"upper_bound":26149.763908451445},"point_estimate":17130.248054336447,"standard_error":5185.897041669073}}