{"mean":{"confidence_interval":{"confidence_level":0.95,"lower_bound":6606504.10003125,"upper_bound":6612808.9344375},"point_estimate":6609287.08375,"standard_error":1622.790372088521},"median":{"confidence_interval":{"confidence_level":0.95,"lower_bound":6603931.125,"upper_bound":6606693.875},"point_estimate":6605495.375,"standard_error":732.6501145194836},"median_abs_dev":{"confidence_interval":{"confidence_level":0.95,"lower_bound":5014.987073466182,"upper_bound":8868.635055050254},"point_estimate":7054.5813247561455,"standard_error":1015.3857778700785},"slope":null,"std_dev":{"confidence_interval":{"confidence_level":0.95,"lower_bound":7281.409437467822,"upper_bound":24321.08583271283},"point_estimate":16288.345085385388,"standard_error":4515.7246900333175}}