{"mean":{"confidence_interval":{"confidence_level":0.95,"lower_bound":6627630.097124999,"upper_bound":6633717.791375},"point_estimate":6630278.69,"standard_error":1574.5905586616757},"median":{"confidence_interval":{"confidence_level":0.95,"lower_bound":6626201.1875,"upper_bound":6628963.9375},"point_estimate":6627767.3125,"standard_error":733.9467107939581},"median_abs_dev":{"confidence_interval":{"confidence_level":0.95,"lower_bound":4416.294671595097,"upper_bound":6761.325366524975},"point_estimate":5311.877718195319,"standard_error":587.5030006253786},"slope":null,"std_dev":{"confidence_interval":{"confidence_level":0.95,"lower_bound":5732.596319324714,"upper_bound":23381.01826122555},"point_estimate":15793.599629434904,"standard_error":4691.107860040401}}