{"mean":{"confidence_interval":{"confidence_level":0.95,"lower_bound":20091085.15533332,"upper_bound":20420070.01733333},"point_estimate":20253299.863333333,"standard_error":84038.03960201608},"median":{"confidence_interval":{"confidence_level":0.95,"lower_bound":19945927.333333332,"upper_bound":20352159.0},"point_estimate":20135663.0,"standard_error":108663.57713826619},"median_abs_dev":{"confidence_interval":{"confidence_level":0.95,"lower_bound":583357.62324333,"upper_bound":951674.0043044128},"point_estimate":771840.0636970997,"standard_error":96839.4571587679},"slope":null,"std_dev":{"confidence_interval":{"confidence_level":0.95,"lower_bound":697184.3999250963,"upper_bound":986394.0031028158},"point_estimate":841420.5648021018,"standard_error":74401.97428471393}}