{"mean":{"confidence_interval":{"confidence_level":0.95,"lower_bound":6606078.6230625,"upper_bound":6608988.45284375},"point_estimate":6607407.265,"standard_error":743.3633733989349},"median":{"confidence_interval":{"confidence_level":0.95,"lower_bound":6605378.125,"upper_bound":6606862.375},"point_estimate":6605996.5625,"standard_error":412.73941220198276},"median_abs_dev":{"confidence_interval":{"confidence_level":0.95,"lower_bound":3606.887748464942,"upper_bound":6282.795375958085},"point_estimate":4672.043167054653,"standard_error":729.7858042886546},"slope":null,"std_dev":{"confidence_interval":{"confidence_level":0.95,"lower_bound":4487.547780524655,"upper_bound":10618.649306686166},"point_estimate":7505.383360938939,"standard_error":1653.210914348089}}