{"mean":{"confidence_interval":{"confidence_level":0.95,"lower_bound":6609210.435,"upper_bound":7019137.49871875},"point_estimate":6746434.4675,"standard_error":135580.4400326578},"median":{"confidence_interval":{"confidence_level":0.95,"lower_bound":6607319.375,"upper_bound":6609887.5},"point_estimate":6608410.8125,"standard_error":714.5227123459409},"median_abs_dev":{"confidence_interval":{"confidence_level":0.95,"lower_bound":4194.923963025212,"upper_bound":6598.774495348334},"point_estimate":5244.141431897879,"standard_error":601.6924561261816},"slope":null,"std_dev":{"confidence_interval":{"confidence_level":0.95,"lower_bound":7927.730898413248,"upper_bound":2325343.7718051593},"point_estimate":1356200.207684479,"standard_error":847700.8984333306}}