{"mean":{"confidence_interval":{"confidence_level":0.95,"lower_bound":17028212.267999995,"upper_bound":17357184.417083338},"point_estimate":17187873.140000004,"standard_error":84066.35400452006},"median":{"confidence_interval":{"confidence_level":0.95,"lower_bound":16936090.0,"upper_bound":17291376.333333336},"point_estimate":17095074.666666668,"standard_error":80225.6557201113},"median_abs_dev":{"confidence_interval":{"confidence_level":0.95,"lower_bound":498448.23936827364,"upper_bound":876900.1742269099},"point_estimate":696383.6322367215,"standard_error":94173.38069565229},"slope":null,"std_dev":{"confidence_interval":{"confidence_level":0.95,"lower_bound":672885.0850755549,"upper_bound":1004066.786682776},"point_estimate":840734.0702736768,"standard_error":85397.84070554288}}