{"mean":{"confidence_interval":{"confidence_level":0.95,"lower_bound":19536808.541916665,"upper_bound":19539999.711666673},"point_estimate":19538336.336666666,"standard_error":815.6933706229677},"median":{"confidence_interval":{"confidence_level":0.95,"lower_bound":19535175.833333336,"upper_bound":19538976.333333332},"point_estimate":19537343.0,"standard_error":1021.896042068549},"median_abs_dev":{"confidence_interval":{"confidence_level":0.95,"lower_bound":4941.999912260122,"upper_bound":7882.984060051818},"point_estimate":6942.521476744685,"standard_error":779.304893725768},"slope":null,"std_dev":{"confidence_interval":{"confidence_level":0.95,"lower_bound":5776.138646920473,"upper_bound":10510.210749206053},"point_estimate":8228.348359960932,"standard_error":1213.9820745034503}}