{"mean":{"confidence_interval":{"confidence_level":0.95,"lower_bound":6627303.655531251,"upper_bound":6745679.3883125},"point_estimate":6675335.8175,"standard_error":32014.554990090524},"median":{"confidence_interval":{"confidence_level":0.95,"lower_bound":6623961.125,"upper_bound":6626756.25},"point_estimate":6625172.0,"standard_error":649.1660837306932},"median_abs_dev":{"confidence_interval":{"confidence_level":0.95,"lower_bound":4383.677472174168,"upper_bound":7477.9562797397375},"point_estimate":6123.508541285992,"standard_error":791.0625113292975},"slope":null,"std_dev":{"confidence_interval":{"confidence_level":0.95,"lower_bound":10505.01979040756,"upper_bound":503717.3178425309},"point_estimate":321542.6910852912,"standard_error":132619.30440333605}}