{"mean":{"confidence_interval":{"confidence_level":0.95,"lower_bound":14984632.546312502,"upper_bound":14990342.601875},"point_estimate":14987210.0225,"standard_error":1462.737992192953},"median":{"confidence_interval":{"confidence_level":0.95,"lower_bound":14982857.875,"upper_bound":14988374.5},"point_estimate":14985533.125,"standard_error":1560.9865281790303},"median_abs_dev":{"confidence_interval":{"confidence_level":0.95,"lower_bound":7820.900186151266,"upper_bound":11972.365437448025},"point_estimate":9815.923775732517,"standard_error":1056.6000611818704},"slope":null,"std_dev":{"confidence_interval":{"confidence_level":0.95,"lower_bound":8621.019963418505,"upper_bound":21337.081394873483},"point_estimate":14690.458352315969,"standard_error":3720.314100714571}}