{"mean":{"confidence_interval":{"confidence_level":0.95,"lower_bound":14968964.1675,"upper_bound":14975268.5511875},"point_estimate":14972138.47,"standard_error":1603.2061421564858},"median":{"confidence_interval":{"confidence_level":0.95,"lower_bound":14971026.25,"upper_bound":14975738.75},"point_estimate":14973713.75,"standard_error":1124.218372967588},"median_abs_dev":{"confidence_interval":{"confidence_level":0.95,"lower_bound":8728.807345032692,"upper_bound":14696.642889082432},"point_estimate":11842.637939751148,"standard_error":1517.7292619713464},"slope":null,"std_dev":{"confidence_interval":{"confidence_level":0.95,"lower_bound":12176.459983040471,"upper_bound":19880.748376283515},"point_estimate":16087.989955505147,"standard_error":1982.7346010101814}}