{"mean":{"confidence_interval":{"confidence_level":0.95,"lower_bound":17796845.200916674,"upper_bound":17802985.278999995},"point_estimate":17800113.130000003,"standard_error":1567.589003120581},"median":{"confidence_interval":{"confidence_level":0.95,"lower_bound":17799772.0,"upper_bound":17804505.666666668},"point_estimate":17802372.166666664,"standard_error":1160.4640329818697},"median_abs_dev":{"confidence_interval":{"confidence_level":0.95,"lower_bound":7018.134075405054,"upper_bound":12133.845284580264},"point_estimate":8995.181140302691,"standard_error":1319.141319788684},"slope":null,"std_dev":{"confidence_interval":{"confidence_level":0.95,"lower_bound":9737.078520523353,"upper_bound":21220.060765772378},"point_estimate":15729.85670377199,"standard_error":2986.944585112214}}