{"mean":{"confidence_interval":{"confidence_level":0.95,"lower_bound":0.08123627704783434,"upper_bound":0.10409573181371234},"point_estimate":0.09178422106256012,"standard_error":0.0057639943944485985},"median":{"confidence_interval":{"confidence_level":0.95,"lower_bound":0.07345758478798373,"upper_bound":0.08962597809107153},"point_estimate":0.08030302129751088,"standard_error":0.0038987447732716516}}