{"mean":{"confidence_interval":{"confidence_level":0.95,"lower_bound":-0.010082569241899042,"upper_bound":-0.0029510197650573777},"point_estimate":-0.006442063941899501,"standard_error":0.0018207341626111854},"median":{"confidence_interval":{"confidence_level":0.95,"lower_bound":-0.008705805259720067,"upper_bound":-0.0014035228966028967},"point_estimate":-0.0046753152927518915,"standard_error":0.0018339327606501552}}