{"mean":{"confidence_interval":{"confidence_level":0.95,"lower_bound":-0.20017761540337828,"upper_bound":-0.16151892817518576},"point_estimate":-0.17980543147250494,"standard_error":0.009910898684222319},"median":{"confidence_interval":{"confidence_level":0.95,"lower_bound":-0.18450816183144447,"upper_bound":-0.16006425932559143},"point_estimate":-0.1724913721951813,"standard_error":0.006093784429621438}}