{"mean":{"confidence_interval":{"confidence_level":0.95,"lower_bound":-0.0017511472683658014,"upper_bound":0.0011557999269416802},"point_estimate":-0.0002872410396573821,"standard_error":0.0007414853867269773},"median":{"confidence_interval":{"confidence_level":0.95,"lower_bound":-0.0012950856810554079,"upper_bound":0.0012440950495846703},"point_estimate":-0.0001376199502139963,"standard_error":0.00062133531171473}}