{"mean":{"confidence_interval":{"confidence_level":0.95,"lower_bound":0.0397241844637383,"upper_bound":0.04192340437106057},"point_estimate":0.040943937209775294,"standard_error":0.0005627334300066702},"median":{"confidence_interval":{"confidence_level":0.95,"lower_bound":0.041052970685710344,"upper_bound":0.04238266613475994},"point_estimate":0.041802624282408773,"standard_error":0.0003423701130499354}}