{"mean":{"confidence_interval":{"confidence_level":0.95,"lower_bound":-0.003349044116614122,"upper_bound":0.002083837706324504},"point_estimate":-0.0006844249973069205,"standard_error":0.0013786689063593155},"median":{"confidence_interval":{"confidence_level":0.95,"lower_bound":-0.004492740312477949,"upper_bound":0.0005619115184078982},"point_estimate":-0.002572559976324107,"standard_error":0.0012780170458744015}}