{"mean":{"confidence_interval":{"confidence_level":0.95,"lower_bound":-0.006210277714448822,"upper_bound":0.0005461102406071873},"point_estimate":-0.0022820698489645075,"standard_error":0.0017757577663386843},"median":{"confidence_interval":{"confidence_level":0.95,"lower_bound":-0.0020860210189469135,"upper_bound":0.0005909142399489475},"point_estimate":-0.0004875381774192,"standard_error":0.0006711629336634423}}