{"mean":{"confidence_interval":{"confidence_level":0.95,"lower_bound":-0.005209647294687983,"upper_bound":-0.001048267740399679},"point_estimate":-0.003074082403660361,"standard_error":0.0010614845695489062},"median":{"confidence_interval":{"confidence_level":0.95,"lower_bound":-0.004166173437466281,"upper_bound":0.00011217593709322848},"point_estimate":-0.002199089491349171,"standard_error":0.0010621645110945842}}