{"mean":{"confidence_interval":{"confidence_level":0.95,"lower_bound":0.0020903189197224404,"upper_bound":0.009450767819354255},"point_estimate":0.005782317905022039,"standard_error":0.0018727788623548159},"median":{"confidence_interval":{"confidence_level":0.95,"lower_bound":0.0037543201819549843,"upper_bound":0.01038769531733763},"point_estimate":0.0065109378718744,"standard_error":0.001686410247049687}}