{"mean":{"confidence_interval":{"confidence_level":0.95,"lower_bound":-0.0021741791502596724,"upper_bound":-0.0006761535697925591},"point_estimate":-0.0013829339329749502,"standard_error":0.00038479710248670926},"median":{"confidence_interval":{"confidence_level":0.95,"lower_bound":-0.0017285569888333407,"upper_bound":-0.0004308608545224857},"point_estimate":-0.0011048009299902128,"standard_error":0.0003241822096223297}}