{"mean":{"confidence_interval":{"confidence_level":0.95,"lower_bound":-0.001046679541153883,"upper_bound":0.00010990562614521796},"point_estimate":-0.0004487479254401405,"standard_error":0.0002913524355605261},"median":{"confidence_interval":{"confidence_level":0.95,"lower_bound":-0.0006599231024199126,"upper_bound":0.00010028282948917887},"point_estimate":-0.0002799186603836823,"standard_error":0.00018866276914492207}}