{"mean":{"confidence_interval":{"confidence_level":0.95,"lower_bound":0.003073541796463947,"upper_bound":0.005266057986893152},"point_estimate":0.0041316540986611194,"standard_error":0.0005627868680729511},"median":{"confidence_interval":{"confidence_level":0.95,"lower_bound":0.0019055852137930263,"upper_bound":0.0045637979055277444},"point_estimate":0.0028427772215207092,"standard_error":0.0007178375374171717}}