{"mean":{"confidence_interval":{"confidence_level":0.95,"lower_bound":0.006705638572038159,"upper_bound":0.011049989259400084},"point_estimate":0.008810366459586438,"standard_error":0.0011191135886826139},"median":{"confidence_interval":{"confidence_level":0.95,"lower_bound":0.005764710108718596,"upper_bound":0.010055095500398181},"point_estimate":0.008032103878291341,"standard_error":0.0011138280887412258}}