{"mean":{"confidence_interval":{"confidence_level":0.95,"lower_bound":0.12386114691288608,"upper_bound":0.14744192348948487},"point_estimate":0.136409659375047,"standard_error":0.006152444580039446},"median":{"confidence_interval":{"confidence_level":0.95,"lower_bound":0.11095978104446888,"upper_bound":0.13413880381229748},"point_estimate":0.1193641046676821,"standard_error":0.006328994646913682}}