{"mean":{"confidence_interval":{"confidence_level":0.95,"lower_bound":-0.013184546017915983,"upper_bound":0.0003518157117099405},"point_estimate":-0.005607789249431394,"standard_error":0.003493734008563389},"median":{"confidence_interval":{"confidence_level":0.95,"lower_bound":-0.001208160073278286,"upper_bound":0.001431621629509161},"point_estimate":0.00014514217687966458,"standard_error":0.0006690905919368501}}