{"mean":{"confidence_interval":{"confidence_level":0.95,"lower_bound":-0.04335887696880192,"upper_bound":-0.041513343232341356},"point_estimate":-0.04243750180952255,"standard_error":0.00046668672376337373},"median":{"confidence_interval":{"confidence_level":0.95,"lower_bound":-0.04288234488208842,"upper_bound":-0.0415869117812569},"point_estimate":-0.04238624754975262,"standard_error":0.0003543863861385496}}