{"mean":{"confidence_interval":{"confidence_level":0.95,"lower_bound":-0.008642960667762203,"upper_bound":-0.0006976525519980821},"point_estimate":-0.003822314866603893,"standard_error":0.002119299601573197},"median":{"confidence_interval":{"confidence_level":0.95,"lower_bound":-0.001966791554898095,"upper_bound":0.00007270709806062037},"point_estimate":-0.0010467314401627625,"standard_error":0.0005277200767414473}}