{"mean":{"confidence_interval":{"confidence_level":0.95,"lower_bound":0.0915293750040312,"upper_bound":0.1319954179637913},"point_estimate":0.11319975432921181,"standard_error":0.010322420920807979},"median":{"confidence_interval":{"confidence_level":0.95,"lower_bound":0.1095037516210442,"upper_bound":0.1500556735415488},"point_estimate":0.1333878616423234,"standard_error":0.010700978064770862}}