{"mean":{"confidence_interval":{"confidence_level":0.95,"lower_bound":-0.000887465025168485,"upper_bound":0.0003678976114452713},"point_estimate":-0.00026261870107380236,"standard_error":0.00032092160818465357},"median":{"confidence_interval":{"confidence_level":0.95,"lower_bound":-0.001140522166108493,"upper_bound":-0.00034063106933457377},"point_estimate":-0.0007278267648604952,"standard_error":0.0002050957295127432}}