{"mean":{"confidence_interval":{"confidence_level":0.95,"lower_bound":-0.0013015785462938017,"upper_bound":0.0028281124045637872},"point_estimate":0.00065301243505278,"standard_error":0.0010467629159733524},"median":{"confidence_interval":{"confidence_level":0.95,"lower_bound":-0.0022006699525722873,"upper_bound":0.00021388158705848426},"point_estimate":-0.0009876839731531861,"standard_error":0.0006189910170474583}}