{"mean":{"confidence_interval":{"confidence_level":0.95,"lower_bound":0.0005579074985007372,"upper_bound":0.008542940810417662},"point_estimate":0.004082330399851175,"standard_error":0.002017529114582236},"median":{"confidence_interval":{"confidence_level":0.95,"lower_bound":0.0011529293499549188,"upper_bound":0.006379997144575711},"point_estimate":0.003597862952137598,"standard_error":0.0013859001352505666}}