{"mean":{"confidence_interval":{"confidence_level":0.95,"lower_bound":-0.0058132377170198365,"upper_bound":0.002432695771062981},"point_estimate":-0.0009060956937426701,"standard_error":0.0021554990320196456},"median":{"confidence_interval":{"confidence_level":0.95,"lower_bound":0.0003357435008383387,"upper_bound":0.00341507346443648},"point_estimate":0.002070116127122823,"standard_error":0.0008000965356859118}}