{"mean":{"confidence_interval":{"confidence_level":0.95,"lower_bound":-0.0006706388149136964,"upper_bound":0.023657615013015495},"point_estimate":0.01034880047821174,"standard_error":0.00648157627313383},"median":{"confidence_interval":{"confidence_level":0.95,"lower_bound":-0.001893616102017881,"upper_bound":0.0032287821909628978},"point_estimate":0.0006670040529124233,"standard_error":0.0012457054712493368}}