{"mean":{"confidence_interval":{"confidence_level":0.95,"lower_bound":0.0001732661394120039,"upper_bound":0.009393946630300683},"point_estimate":0.005367248606863884,"standard_error":0.00238895641851998},"median":{"confidence_interval":{"confidence_level":0.95,"lower_bound":0.0070271238605770225,"upper_bound":0.009545567108300013},"point_estimate":0.00855501203289566,"standard_error":0.00066776406842235}}