{"mean":{"confidence_interval":{"confidence_level":0.95,"lower_bound":0.2893939770473789,"upper_bound":0.3221673327818364},"point_estimate":0.30531501682729023,"standard_error":0.00832701896344928},"median":{"confidence_interval":{"confidence_level":0.95,"lower_bound":0.2806522334400743,"upper_bound":0.320889424341702},"point_estimate":0.2958203978136471,"standard_error":0.01049758966833022}}