{"mean":{"confidence_interval":{"confidence_level":0.95,"lower_bound":-0.16954258246076304,"upper_bound":-0.16572354624381766},"point_estimate":-0.16741441740177632,"standard_error":0.0009821194486154127},"median":{"confidence_interval":{"confidence_level":0.95,"lower_bound":-0.16789869003108857,"upper_bound":-0.16638582147225878},"point_estimate":-0.16736158344836516,"standard_error":0.00038617173406938106}}