{"mean":{"confidence_interval":{"confidence_level":0.95,"lower_bound":-0.1668526958052753,"upper_bound":-0.1653369507757939},"point_estimate":-0.16612948881984246,"standard_error":0.0003819150106228973},"median":{"confidence_interval":{"confidence_level":0.95,"lower_bound":-0.1673441703863876,"upper_bound":-0.16598611679183772},"point_estimate":-0.1668752011725635,"standard_error":0.0003579533841347504}}