{"mean":{"confidence_interval":{"confidence_level":0.95,"lower_bound":-0.000778355665777211,"upper_bound":0.004451421479551243},"point_estimate":0.0016772386264838346,"standard_error":0.0013360235007904844},"median":{"confidence_interval":{"confidence_level":0.95,"lower_bound":-0.0023748210974052775,"upper_bound":0.00001842030418552909},"point_estimate":-0.001160235584360736,"standard_error":0.0006236990710824228}}