{"mean":{"confidence_interval":{"confidence_level":0.95,"lower_bound":-0.005106181243934287,"upper_bound":-0.0001216899281317797},"point_estimate":-0.0024996768930194424,"standard_error":0.001274341702765976},"median":{"confidence_interval":{"confidence_level":0.95,"lower_bound":-0.002824921300343508,"upper_bound":0.00046376123102320754},"point_estimate":-0.0010310774690285296,"standard_error":0.0008810165262679941}}