{"mean":{"confidence_interval":{"confidence_level":0.95,"lower_bound":-0.31367077013354094,"upper_bound":-0.2706061074061041},"point_estimate":-0.2879612633002664,"standard_error":0.011581949027490329},"median":{"confidence_interval":{"confidence_level":0.95,"lower_bound":-0.28112668633370697,"upper_bound":-0.2625043343210124},"point_estimate":-0.27147629109303595,"standard_error":0.004760433311511835}}