{"mean":{"confidence_interval":{"confidence_level":0.95,"lower_bound":0.03564796540042421,"upper_bound":0.044835331858239694},"point_estimate":0.04029592844478547,"standard_error":0.002353768077486896},"median":{"confidence_interval":{"confidence_level":0.95,"lower_bound":0.04229384228047173,"upper_bound":0.05384539023376189},"point_estimate":0.04825290599805587,"standard_error":0.0029209064706831253}}