{"mean":{"confidence_interval":{"confidence_level":0.95,"lower_bound":-0.07040630752221769,"upper_bound":-0.0644133494713308},"point_estimate":-0.06760199413871393,"standard_error":0.00153245135783558},"median":{"confidence_interval":{"confidence_level":0.95,"lower_bound":-0.0725856680752398,"upper_bound":-0.06788126826700956},"point_estimate":-0.07092626251949441,"standard_error":0.0013351399971432102}}