{"mean":{"confidence_interval":{"confidence_level":0.95,"lower_bound":-0.002880623181478714,"upper_bound":0.014459453317350476},"point_estimate":0.007181718057684527,"standard_error":0.004504103390505492},"median":{"confidence_interval":{"confidence_level":0.95,"lower_bound":0.008519055430733724,"upper_bound":0.01308058645645338},"point_estimate":0.011060680726694638,"standard_error":0.0011638158354542894}}