{"mean":{"confidence_interval":{"confidence_level":0.95,"lower_bound":-0.005897503527280357,"upper_bound":0.004233633762574821},"point_estimate":-0.0007903065623113825,"standard_error":0.0025633737530371173},"median":{"confidence_interval":{"confidence_level":0.95,"lower_bound":-0.0016731767411474197,"upper_bound":0.003176447787418768},"point_estimate":0.000986704149450901,"standard_error":0.001211171133169443}}