{"mean":{"confidence_interval":{"confidence_level":0.95,"lower_bound":-0.041585083612425126,"upper_bound":-0.027332594457073145},"point_estimate":-0.03425350614605416,"standard_error":0.00363516783728067},"median":{"confidence_interval":{"confidence_level":0.95,"lower_bound":-0.027278581561129195,"upper_bound":-0.016970942402491307},"point_estimate":-0.02190512191588101,"standard_error":0.002817545779167085}}