{"mean":{"confidence_interval":{"confidence_level":0.95,"lower_bound":-0.006416575525216372,"upper_bound":0.0011527545262964393},"point_estimate":-0.0022190602661367187,"standard_error":0.001940521345067733},"median":{"confidence_interval":{"confidence_level":0.95,"lower_bound":-0.0017523861061436996,"upper_bound":0.0012550137888189816},"point_estimate":-0.000298705663104859,"standard_error":0.0007745559904965504}}