{"mean":{"confidence_interval":{"confidence_level":0.95,"lower_bound":0.0003930242992132353,"upper_bound":0.010009613247955816},"point_estimate":0.004132993807058227,"standard_error":0.002575330013331363},"median":{"confidence_interval":{"confidence_level":0.95,"lower_bound":0.00115969380376435,"upper_bound":0.0032588926130376894},"point_estimate":0.00226660780396859,"standard_error":0.0005342113692723667}}