{"mean":{"confidence_interval":{"confidence_level":0.95,"lower_bound":-0.04300776203488325,"upper_bound":-0.039976040621869983},"point_estimate":-0.041711874174478414,"standard_error":0.0007438527353789569},"median":{"confidence_interval":{"confidence_level":0.95,"lower_bound":-0.043028826859119566,"upper_bound":-0.04182198847627061},"point_estimate":-0.04242685097224863,"standard_error":0.0003042357453851248}}