{"mean":{"confidence_interval":{"confidence_level":0.95,"lower_bound":-0.002795897814519746,"upper_bound":0.001177212279550776},"point_estimate":-0.0007544096624352292,"standard_error":0.0010054549269703482},"median":{"confidence_interval":{"confidence_level":0.95,"lower_bound":-0.0014066057633664864,"upper_bound":0.0007489560831404063},"point_estimate":-0.000241807120997084,"standard_error":0.0005372847115749438}}