{"mean":{"confidence_interval":{"confidence_level":0.95,"lower_bound":0.0019442331408945804,"upper_bound":0.0058860600814592155},"point_estimate":0.004017757527017496,"standard_error":0.000999935161626104},"median":{"confidence_interval":{"confidence_level":0.95,"lower_bound":0.0014088276116315246,"upper_bound":0.0059015564932181075},"point_estimate":0.0035017323770079045,"standard_error":0.00120145276869853}}