{"mean":{"confidence_interval":{"confidence_level":0.95,"lower_bound":-0.0006051061877272763,"upper_bound":0.0038981181374644056},"point_estimate":0.0016509406248554903,"standard_error":0.0011469990928990232},"median":{"confidence_interval":{"confidence_level":0.95,"lower_bound":0.0006241335092596056,"upper_bound":0.005251129286440781},"point_estimate":0.0023897417012817,"standard_error":0.0012096206164566984}}