{"mean":{"confidence_interval":{"confidence_level":0.95,"lower_bound":0.004806721467239295,"upper_bound":0.008583063639312404},"point_estimate":0.006695973995329396,"standard_error":0.0009603215250424966},"median":{"confidence_interval":{"confidence_level":0.95,"lower_bound":0.006051170705417164,"upper_bound":0.008116414349057743},"point_estimate":0.007043288583075569,"standard_error":0.0005245935981976644}}