{"mean":{"confidence_interval":{"confidence_level":0.95,"lower_bound":-0.000957962103206808,"upper_bound":-0.0002569398761418846},"point_estimate":-0.000608553152899538,"standard_error":0.00017868764326462185},"median":{"confidence_interval":{"confidence_level":0.95,"lower_bound":-0.0007745437190378457,"upper_bound":-0.00012247197752757177},"point_estimate":-0.0004889346914762616,"standard_error":0.00017082811243685376}}