{"mean":{"confidence_interval":{"confidence_level":0.95,"lower_bound":-0.0031748475680312025,"upper_bound":0.002727240823870286},"point_estimate":-0.00030017948676130946,"standard_error":0.0015014910181340472},"median":{"confidence_interval":{"confidence_level":0.95,"lower_bound":-0.0033539383387747312,"upper_bound":0.0018042601433481131},"point_estimate":-0.0017964628690726459,"standard_error":0.001341222343825354}}