{"mean":{"confidence_interval":{"confidence_level":0.95,"lower_bound":91223.98015418534,"upper_bound":92897.76258921674},"point_estimate":91839.91380097106,"standard_error":458.2646668024139},"median":{"confidence_interval":{"confidence_level":0.95,"lower_bound":91111.65,"upper_bound":91292.4},"point_estimate":91209.81898148148,"standard_error":42.9698045024676},"median_abs_dev":{"confidence_interval":{"confidence_level":0.95,"lower_bound":228.46898799313942,"upper_bound":391.79515582891605},"point_estimate":303.7315747157934,"standard_error":43.589231231650594},"slope":{"confidence_interval":{"confidence_level":0.95,"lower_bound":91285.86411771188,"upper_bound":91506.87240981603},"point_estimate":91388.05665494311,"standard_error":56.404723146539396},"std_dev":{"confidence_interval":{"confidence_level":0.95,"lower_bound":433.4439773054616,"upper_bound":7743.119908559943},"point_estimate":4605.477858552858,"standard_error":2305.64139560558}}