{"mean":{"confidence_interval":{"confidence_level":0.95,"lower_bound":90798.44890316026,"upper_bound":91312.20295247913},"point_estimate":90994.1699210606,"standard_error":138.83812373096075},"median":{"confidence_interval":{"confidence_level":0.95,"lower_bound":90822.632,"upper_bound":90923.7642857143},"point_estimate":90852.59766476389,"standard_error":28.059036550456415},"median_abs_dev":{"confidence_interval":{"confidence_level":0.95,"lower_bound":186.58686485847127,"upper_bound":317.5861330074514},"point_estimate":264.98163107457367,"standard_error":34.52022285920894},"slope":{"confidence_interval":{"confidence_level":0.95,"lower_bound":90962.16725147146,"upper_bound":92000.48652565574},"point_estimate":91330.77372011231,"standard_error":292.53365363566957},"std_dev":{"confidence_interval":{"confidence_level":0.95,"lower_bound":344.62556939245883,"upper_bound":2321.970913967512},"point_estimate":1392.9986706651441,"standard_error":664.9380288673302}}