{"mean":{"confidence_interval":{"confidence_level":0.95,"lower_bound":85302.8359468325,"upper_bound":85556.15761855722},"point_estimate":85416.6366980859,"standard_error":64.85628787134918},"median":{"confidence_interval":{"confidence_level":0.95,"lower_bound":85270.84,"upper_bound":85454.03636363636},"point_estimate":85373.90230158731,"standard_error":50.52550142007678},"median_abs_dev":{"confidence_interval":{"confidence_level":0.95,"lower_bound":266.8357535816792,"upper_bound":463.04671118157387},"point_estimate":372.9061189446453,"standard_error":49.91828601528341},"slope":{"confidence_interval":{"confidence_level":0.95,"lower_bound":85470.92913119447,"upper_bound":85654.92371382569},"point_estimate":85551.12536367666,"standard_error":47.25728676750407},"std_dev":{"confidence_interval":{"confidence_level":0.95,"lower_bound":334.0524522039478,"upper_bound":957.5178331072163},"point_estimate":651.7125860966937,"standard_error":168.81137507187907}}