{"mean":{"confidence_interval":{"confidence_level":0.95,"lower_bound":134127.24219969177,"upper_bound":134192.42022645357},"point_estimate":134158.6873717436,"standard_error":16.625601178879812},"median":{"confidence_interval":{"confidence_level":0.95,"lower_bound":134102.01136363635,"upper_bound":134165.55},"point_estimate":134130.43041294644,"standard_error":16.032777915414236},"median_abs_dev":{"confidence_interval":{"confidence_level":0.95,"lower_bound":78.69337503706362,"upper_bound":140.59406518347436},"point_estimate":109.20732167294798,"standard_error":15.558682521317316},"slope":{"confidence_interval":{"confidence_level":0.95,"lower_bound":134114.64784955967,"upper_bound":134172.95266928774},"point_estimate":134142.48503768287,"standard_error":14.887332375732635},"std_dev":{"confidence_interval":{"confidence_level":0.95,"lower_bound":126.8868778570166,"upper_bound":203.56244794508245},"point_estimate":167.30381425540784,"standard_error":19.6787306637539}}