{"mean":{"confidence_interval":{"confidence_level":0.95,"lower_bound":85316.92292004083,"upper_bound":85907.11366922963},"point_estimate":85547.16486111254,"standard_error":156.16208600523882},"median":{"confidence_interval":{"confidence_level":0.95,"lower_bound":85268.82611530542,"upper_bound":85492.93928571428},"point_estimate":85429.40751937983,"standard_error":48.13783524081957},"median_abs_dev":{"confidence_interval":{"confidence_level":0.95,"lower_bound":259.1335818776719,"upper_bound":454.93808604088343},"point_estimate":359.90726739297844,"standard_error":48.273964954084036},"slope":{"confidence_interval":{"confidence_level":0.95,"lower_bound":85507.25894378801,"upper_bound":85729.52381670653},"point_estimate":85598.82630707847,"standard_error":57.706766013556965},"std_dev":{"confidence_interval":{"confidence_level":0.95,"lower_bound":399.43231700935,"upper_bound":2581.6686282560217},"point_estimate":1566.9817998936544,"standard_error":695.7811237584709}}