{"mean":{"confidence_interval":{"confidence_level":0.95,"lower_bound":82451.44173152426,"upper_bound":82727.50376404374},"point_estimate":82586.636130922,"standard_error":70.28711857783168},"median":{"confidence_interval":{"confidence_level":0.95,"lower_bound":82459.17424242424,"upper_bound":82646.93043478261},"point_estimate":82541.37001336899,"standard_error":46.71660464624645},"median_abs_dev":{"confidence_interval":{"confidence_level":0.95,"lower_bound":289.5602525991107,"upper_bound":536.9263616797681},"point_estimate":380.20685988827694,"standard_error":63.842574151721514},"slope":{"confidence_interval":{"confidence_level":0.95,"lower_bound":82596.06403441349,"upper_bound":82834.05214545531},"point_estimate":82704.71358770505,"standard_error":60.774212347381344},"std_dev":{"confidence_interval":{"confidence_level":0.95,"lower_bound":532.6340286967052,"upper_bound":867.2980555909226},"point_estimate":707.4488719041158,"standard_error":85.65346276084901}}