{"mean":{"confidence_interval":{"confidence_level":0.95,"lower_bound":90936.73440994864,"upper_bound":91339.39333430346},"point_estimate":91121.19948313161,"standard_error":102.7530918981158},"median":{"confidence_interval":{"confidence_level":0.95,"lower_bound":90857.65454545454,"upper_bound":90965.75517241379},"point_estimate":90896.24381526106,"standard_error":22.59034590460617},"median_abs_dev":{"confidence_interval":{"confidence_level":0.95,"lower_bound":181.50932052591202,"upper_bound":408.9487518921754},"point_estimate":256.0682126247646,"standard_error":59.05378388552271},"slope":{"confidence_interval":{"confidence_level":0.95,"lower_bound":91128.65517938646,"upper_bound":91696.77447141962},"point_estimate":91394.90015959805,"standard_error":145.7731982097831},"std_dev":{"confidence_interval":{"confidence_level":0.95,"lower_bound":604.0567261049861,"upper_bound":1397.9593178314549},"point_estimate":1036.7467085396497,"standard_error":203.22845272464843}}