{"mean":{"confidence_interval":{"confidence_level":0.95,"lower_bound":91058.37734388953,"upper_bound":92253.6285730326},"point_estimate":91581.92218422596,"standard_error":308.78381418843605},"median":{"confidence_interval":{"confidence_level":0.95,"lower_bound":90821.3090909091,"upper_bound":90920.23265306122},"point_estimate":90862.66923076923,"standard_error":22.484956790710605},"median_abs_dev":{"confidence_interval":{"confidence_level":0.95,"lower_bound":167.4462246628222,"upper_bound":343.3203120807745},"point_estimate":238.34941948186008,"standard_error":42.294814588286},"slope":{"confidence_interval":{"confidence_level":0.95,"lower_bound":91004.63937766847,"upper_bound":92629.63663695107},"point_estimate":91582.46551027043,"standard_error":454.79528882336047},"std_dev":{"confidence_interval":{"confidence_level":0.95,"lower_bound":896.1414517659686,"upper_bound":4650.394107405128},"point_estimate":3114.581041056236,"standard_error":942.6655091693907}}