{"mean":{"confidence_interval":{"confidence_level":0.95,"lower_bound":90985.93201684636,"upper_bound":91311.28503903963},"point_estimate":91140.68749574959,"standard_error":83.11716096247183},"median":{"confidence_interval":{"confidence_level":0.95,"lower_bound":90879.416,"upper_bound":91019.3105882353},"point_estimate":90944.39920398011,"standard_error":37.66903342291103},"median_abs_dev":{"confidence_interval":{"confidence_level":0.95,"lower_bound":194.82199520342522,"upper_bound":378.86191533267584},"point_estimate":250.50315900094952,"standard_error":46.19496765715899},"slope":{"confidence_interval":{"confidence_level":0.95,"lower_bound":91100.44409648448,"upper_bound":91530.60527972301},"point_estimate":91295.8301598936,"standard_error":110.78305232670364},"std_dev":{"confidence_interval":{"confidence_level":0.95,"lower_bound":600.4866735073329,"upper_bound":1034.736860142865},"point_estimate":835.892637557682,"standard_error":111.01093548123126}}