{"mean":{"confidence_interval":{"confidence_level":0.95,"lower_bound":87376.04841879649,"upper_bound":88995.48269469944},"point_estimate":87961.5364262987,"standard_error":470.5635991664048},"median":{"confidence_interval":{"confidence_level":0.95,"lower_bound":87271.13500000001,"upper_bound":87462.70644707207},"point_estimate":87343.79555004567,"standard_error":51.1154369202465},"median_abs_dev":{"confidence_interval":{"confidence_level":0.95,"lower_bound":293.5453814551945,"upper_bound":511.0040264278698},"point_estimate":408.3899569896512,"standard_error":56.76327039308409},"slope":{"confidence_interval":{"confidence_level":0.95,"lower_bound":87477.27997506908,"upper_bound":87833.03562301914},"point_estimate":87636.21038569529,"standard_error":91.5479440029671},"std_dev":{"confidence_interval":{"confidence_level":0.95,"lower_bound":564.3006452438949,"upper_bound":8019.014302668298},"point_estimate":4720.93386872599,"standard_error":2578.392058561404}}