{"mean":{"confidence_interval":{"confidence_level":0.95,"lower_bound":85282.22154728955,"upper_bound":85585.86611258659},"point_estimate":85417.76629763762,"standard_error":78.16941322980398},"median":{"confidence_interval":{"confidence_level":0.95,"lower_bound":85199.66666666667,"upper_bound":85463.5012987013},"point_estimate":85367.38159703859,"standard_error":67.73157969738274},"median_abs_dev":{"confidence_interval":{"confidence_level":0.95,"lower_bound":317.9183861663458,"upper_bound":473.8937396211836},"point_estimate":402.2311170942639,"standard_error":39.41701563130855},"slope":{"confidence_interval":{"confidence_level":0.95,"lower_bound":85511.91566862201,"upper_bound":85830.21510283688},"point_estimate":85651.88187911926,"standard_error":81.67879825766397},"std_dev":{"confidence_interval":{"confidence_level":0.95,"lower_bound":353.02783412762454,"upper_bound":1148.301660933294},"point_estimate":787.7038335440892,"standard_error":203.78762160262667}}