{"mean":{"confidence_interval":{"confidence_level":0.95,"lower_bound":3837565.5636730776,"upper_bound":3841691.01326923},"point_estimate":3839587.02076923,"standard_error":1053.1653620484292},"median":{"confidence_interval":{"confidence_level":0.95,"lower_bound":3834859.769230769,"upper_bound":3840298.3846153845},"point_estimate":3836606.115384615,"standard_error":1302.2073834278765},"median_abs_dev":{"confidence_interval":{"confidence_level":0.95,"lower_bound":6786.316264133921,"upper_bound":12140.783092150108},"point_estimate":8998.526494089921,"standard_error":1255.9012375871987},"slope":null,"std_dev":{"confidence_interval":{"confidence_level":0.95,"lower_bound":8944.3593309084,"upper_bound":11997.54612252773},"point_estimate":10577.966389715311,"standard_error":780.4749487647234}}