{"mean":{"confidence_interval":{"confidence_level":0.95,"lower_bound":381602.6685932397,"upper_bound":388941.17061521986},"point_estimate":385227.20325748593,"standard_error":1876.863096511637},"median":{"confidence_interval":{"confidence_level":0.95,"lower_bound":377843.95652173914,"upper_bound":387643.28144078143},"point_estimate":383014.6902618658,"standard_error":2380.21134293472},"median_abs_dev":{"confidence_interval":{"confidence_level":0.95,"lower_bound":14552.067307022891,"upper_bound":23005.124717713767},"point_estimate":18833.94867070781,"standard_error":2157.0679962364266},"slope":{"confidence_interval":{"confidence_level":0.95,"lower_bound":383979.9990623412,"upper_bound":393192.60667571955},"point_estimate":388509.64970740356,"standard_error":2337.3536249083186},"std_dev":{"confidence_interval":{"confidence_level":0.95,"lower_bound":16165.826137742402,"upper_bound":21615.7709384781},"point_estimate":19005.734831885653,"standard_error":1394.9760242759135}}