{"mean":{"confidence_interval":{"confidence_level":0.95,"lower_bound":86956.99683960644,"upper_bound":87269.58477117868},"point_estimate":87100.31962650754,"standard_error":80.03537285824618},"median":{"confidence_interval":{"confidence_level":0.95,"lower_bound":86855.96666666666,"upper_bound":87110.83461538462},"point_estimate":86995.37761252446,"standard_error":57.814250241808736},"median_abs_dev":{"confidence_interval":{"confidence_level":0.95,"lower_bound":355.865731093079,"upper_bound":564.2275521513234},"point_estimate":478.8190151092636,"standard_error":49.66335081818167},"slope":{"confidence_interval":{"confidence_level":0.95,"lower_bound":87228.29500906834,"upper_bound":87589.84455057346},"point_estimate":87395.09006354367,"standard_error":92.65114727129205},"std_dev":{"confidence_interval":{"confidence_level":0.95,"lower_bound":460.03968049245367,"upper_bound":1115.0235760711607},"point_estimate":806.4219975842902,"standard_error":168.70953438692828}}