{"mean":{"confidence_interval":{"confidence_level":0.95,"lower_bound":79759.46549298633,"upper_bound":80063.96026464239},"point_estimate":79901.30717099643,"standard_error":77.77751958641159},"median":{"confidence_interval":{"confidence_level":0.95,"lower_bound":79766.66460905349,"upper_bound":79896.27777777778},"point_estimate":79834.85731792718,"standard_error":33.50902432856621},"median_abs_dev":{"confidence_interval":{"confidence_level":0.95,"lower_bound":238.11806098531707,"upper_bound":443.76801255981314},"point_estimate":309.2878951629675,"standard_error":52.16819520755268},"slope":{"confidence_interval":{"confidence_level":0.95,"lower_bound":79825.93977766589,"upper_bound":80081.15799493309},"point_estimate":79951.36371853603,"standard_error":65.13325959905063},"std_dev":{"confidence_interval":{"confidence_level":0.95,"lower_bound":472.558021918766,"upper_bound":1095.7771676358852},"point_estimate":781.900222983648,"standard_error":167.0563123452504}}