{"mean":{"confidence_interval":{"confidence_level":0.95,"lower_bound":125875.76170493982,"upper_bound":126071.88456566517},"point_estimate":125958.91728660227,"standard_error":50.79809607568013},"median":{"confidence_interval":{"confidence_level":0.95,"lower_bound":125909.35602678571,"upper_bound":125952.70348837209},"point_estimate":125933.2296641791,"standard_error":12.14183179289717},"median_abs_dev":{"confidence_interval":{"confidence_level":0.95,"lower_bound":93.72673593763774,"upper_bound":162.91267696602125},"point_estimate":124.7212856078187,"standard_error":17.36629805766322},"slope":{"confidence_interval":{"confidence_level":0.95,"lower_bound":125928.6611707078,"upper_bound":126046.70712842354},"point_estimate":125976.28558519285,"standard_error":30.641494816358936},"std_dev":{"confidence_interval":{"confidence_level":0.95,"lower_bound":175.08201992703664,"upper_bound":801.1410746386497},"point_estimate":509.1896484086223,"standard_error":174.55666746772937}}