{"mean":{"confidence_interval":{"confidence_level":0.95,"lower_bound":79860.01188729703,"upper_bound":80413.17845374471},"point_estimate":80107.6644384003,"standard_error":142.021301397848},"median":{"confidence_interval":{"confidence_level":0.95,"lower_bound":79744.58163265306,"upper_bound":79902.66181818182},"point_estimate":79838.59544544545,"standard_error":36.70874252667913},"median_abs_dev":{"confidence_interval":{"confidence_level":0.95,"lower_bound":277.1193732026779,"upper_bound":515.9286259964954},"point_estimate":366.3593617251146,"standard_error":63.69445082361133},"slope":{"confidence_interval":{"confidence_level":0.95,"lower_bound":79954.57989485678,"upper_bound":80874.98637948703},"point_estimate":80338.47603783065,"standard_error":240.92191269106806},"std_dev":{"confidence_interval":{"confidence_level":0.95,"lower_bound":672.3855337418224,"upper_bound":2034.3464166758097},"point_estimate":1423.810422710254,"standard_error":347.2963932943768}}