{"mean":{"confidence_interval":{"confidence_level":0.95,"lower_bound":90823.31484350385,"upper_bound":91660.19170558518},"point_estimate":91186.1250971388,"standard_error":215.82010917817442},"median":{"confidence_interval":{"confidence_level":0.95,"lower_bound":90649.67916666667,"upper_bound":90774.66586059745},"point_estimate":90696.4200754717,"standard_error":32.66063592741026},"median_abs_dev":{"confidence_interval":{"confidence_level":0.95,"lower_bound":210.17108334239904,"upper_bound":423.0776862009937},"point_estimate":348.6977447396098,"standard_error":50.86917732823923},"slope":{"confidence_interval":{"confidence_level":0.95,"lower_bound":90946.85106800974,"upper_bound":92823.9209504549},"point_estimate":91745.0886383922,"standard_error":494.3849070892551},"std_dev":{"confidence_interval":{"confidence_level":0.95,"lower_bound":684.1452499307289,"upper_bound":3190.8834931896085},"point_estimate":2163.557378421182,"standard_error":635.7029665572906}}