{"mean":{"confidence_interval":{"confidence_level":0.95,"lower_bound":82743.54034871697,"upper_bound":83238.15355803233},"point_estimate":82962.95635655834,"standard_error":127.05834224601705},"median":{"confidence_interval":{"confidence_level":0.95,"lower_bound":82694.53538461539,"upper_bound":82799.63000744602},"point_estimate":82752.3060283688,"standard_error":27.60883642019911},"median_abs_dev":{"confidence_interval":{"confidence_level":0.95,"lower_bound":202.4316073995935,"upper_bound":466.23892475832554},"point_estimate":298.05605471465356,"standard_error":72.56159437842263},"slope":{"confidence_interval":{"confidence_level":0.95,"lower_bound":82846.46490995458,"upper_bound":83176.80581966347},"point_estimate":82991.14686330722,"standard_error":85.12062626645158},"std_dev":{"confidence_interval":{"confidence_level":0.95,"lower_bound":547.0806700119156,"upper_bound":1847.9699902035136},"point_estimate":1273.7860594365309,"standard_error":332.0711791909417}}