{"mean":{"confidence_interval":{"confidence_level":0.95,"lower_bound":91045.44541429696,"upper_bound":91384.09135842613},"point_estimate":91204.40898074006,"standard_error":86.223910225156},"median":{"confidence_interval":{"confidence_level":0.95,"lower_bound":91092.04196428572,"upper_bound":91333.75139423077},"point_estimate":91210.69974514176,"standard_error":63.275296854183296},"median_abs_dev":{"confidence_interval":{"confidence_level":0.95,"lower_bound":341.90009415938005,"upper_bound":604.8991864500755},"point_estimate":440.270838376813,"standard_error":68.04631126904555},"slope":{"confidence_interval":{"confidence_level":0.95,"lower_bound":91150.55869724778,"upper_bound":91346.83923600939},"point_estimate":91244.27126052904,"standard_error":49.91829693971508},"std_dev":{"confidence_interval":{"confidence_level":0.95,"lower_bound":564.2945005196557,"upper_bound":1196.9264678425166},"point_estimate":866.2266176577558,"standard_error":170.8883151664042}}