{"mean":{"confidence_interval":{"confidence_level":0.95,"lower_bound":155008.73456823552,"upper_bound":155212.00925208512},"point_estimate":155095.77750557804,"standard_error":52.31357389616107},"median":{"confidence_interval":{"confidence_level":0.95,"lower_bound":154964.445,"upper_bound":155075.9030612245},"point_estimate":155019.75602941174,"standard_error":26.316643959270774},"median_abs_dev":{"confidence_interval":{"confidence_level":0.95,"lower_bound":167.771583371803,"upper_bound":268.7735900553984},"point_estimate":218.21800814847794,"standard_error":26.93965829091607},"slope":{"confidence_interval":{"confidence_level":0.95,"lower_bound":154991.35313512312,"upper_bound":155068.17732613298},"point_estimate":155029.24054972662,"standard_error":19.63951023711534},"std_dev":{"confidence_interval":{"confidence_level":0.95,"lower_bound":236.45011575976258,"upper_bound":815.0736894333564},"point_estimate":526.3602530077394,"standard_error":172.9848708709232}}