{"mean":{"confidence_interval":{"confidence_level":0.95,"lower_bound":6402719.55521875,"upper_bound":6443891.3395625},"point_estimate":6423947.84125,"standard_error":10502.120702870754},"median":{"confidence_interval":{"confidence_level":0.95,"lower_bound":6474610.4375,"upper_bound":6489716.125},"point_estimate":6488714.1875,"standard_error":4618.156967013284},"median_abs_dev":{"confidence_interval":{"confidence_level":0.95,"lower_bound":5981.456931307912,"upper_bound":30676.476055383682},"point_estimate":10871.905606985092,"standard_error":7132.507022419437},"slope":null,"std_dev":{"confidence_interval":{"confidence_level":0.95,"lower_bound":87742.44626403766,"upper_bound":119081.50787806367},"point_estimate":105318.8953935322,"standard_error":7990.841962630159}}