{"mean":{"confidence_interval":{"confidence_level":0.95,"lower_bound":20970933.59016667,"upper_bound":21359943.986500006},"point_estimate":21159172.47666666,"standard_error":99229.19085050879},"median":{"confidence_interval":{"confidence_level":0.95,"lower_bound":20784446.333333332,"upper_bound":21079597.5},"point_estimate":20930113.666666664,"standard_error":77113.51559986678},"median_abs_dev":{"confidence_interval":{"confidence_level":0.95,"lower_bound":652173.7365216035,"upper_bound":1118156.6379487524},"point_estimate":920277.9730618,"standard_error":115549.21390945086},"slope":null,"std_dev":{"confidence_interval":{"confidence_level":0.95,"lower_bound":798173.9940781436,"upper_bound":1197617.32038443},"point_estimate":1004698.0733801125,"standard_error":101951.03875925337}}