{"mean":{"confidence_interval":{"confidence_level":0.95,"lower_bound":21587954.133999996,"upper_bound":21615551.574666664},"point_estimate":21602091.14333333,"standard_error":7052.568564700884},"median":{"confidence_interval":{"confidence_level":0.95,"lower_bound":21593615.666666664,"upper_bound":21634622.666666668},"point_estimate":21608571.0,"standard_error":10452.281591145851},"median_abs_dev":{"confidence_interval":{"confidence_level":0.95,"lower_bound":55201.89191997235,"upper_bound":89350.86421370598},"point_estimate":79110.29909551328,"standard_error":8239.234012280147},"slope":null,"std_dev":{"confidence_interval":{"confidence_level":0.95,"lower_bound":58598.22962416855,"upper_bound":83738.11463325209},"point_estimate":70938.25250197708,"standard_error":6522.674005705161}}