{"mean":{"confidence_interval":{"confidence_level":0.95,"lower_bound":16476547.86925,"upper_bound":16478478.91},"point_estimate":16477418.1375,"standard_error":496.0859290416621},"median":{"confidence_interval":{"confidence_level":0.95,"lower_bound":16475617.25,"upper_bound":16476629.0},"point_estimate":16476178.875,"standard_error":234.9914423261587},"median_abs_dev":{"confidence_interval":{"confidence_level":0.95,"lower_bound":1260.5806276202202,"upper_bound":2279.4974595308304},"point_estimate":1573.965197056532,"standard_error":248.68071191907998},"slope":null,"std_dev":{"confidence_interval":{"confidence_level":0.95,"lower_bound":2446.5572933455524,"upper_bound":7119.519683729878},"point_estimate":4966.7753171427585,"standard_error":1205.2047302882945}}