{"mean":{"confidence_interval":{"confidence_level":0.95,"lower_bound":6492696.3106875,"upper_bound":6494429.07640625},"point_estimate":6493500.81125,"standard_error":443.9244523722037},"median":{"confidence_interval":{"confidence_level":0.95,"lower_bound":6492258.6875,"upper_bound":6493198.0},"point_estimate":6492741.4375,"standard_error":227.6226516171112},"median_abs_dev":{"confidence_interval":{"confidence_level":0.95,"lower_bound":1802.934230491519,"upper_bound":3449.9174762517214},"point_estimate":2587.4149415642023,"standard_error":410.2160712245153},"slope":null,"std_dev":{"confidence_interval":{"confidence_level":0.95,"lower_bound":2792.814921441224,"upper_bound":6014.040837670861},"point_estimate":4456.558744156569,"standard_error":836.49285204728}}