{"mean":{"confidence_interval":{"confidence_level":0.95,"lower_bound":6489103.16365625,"upper_bound":6679522.897125},"point_estimate":6563906.82375,"standard_error":52346.539547870874},"median":{"confidence_interval":{"confidence_level":0.95,"lower_bound":6487750.875,"upper_bound":6489334.9375},"point_estimate":6488522.25,"standard_error":441.893615064277},"median_abs_dev":{"confidence_interval":{"confidence_level":0.95,"lower_bound":1812.2004803270102,"upper_bound":3290.0955156516234},"point_estimate":2513.9335803687572,"standard_error":376.6089746766152},"slope":null,"std_dev":{"confidence_interval":{"confidence_level":0.95,"lower_bound":3065.74362489084,"upper_bound":836023.4344729828},"point_estimate":526665.2521937966,"standard_error":229195.9749911469}}