{"mean":{"confidence_interval":{"confidence_level":0.95,"lower_bound":6493133.61375,"upper_bound":6518637.018906251},"point_estimate":6502376.9875,"standard_error":7358.955252000707},"median":{"confidence_interval":{"confidence_level":0.95,"lower_bound":6490740.0,"upper_bound":6492404.375},"point_estimate":6491322.3125,"standard_error":441.8328223492276},"median_abs_dev":{"confidence_interval":{"confidence_level":0.95,"lower_bound":2108.3498250693083,"upper_bound":3850.8681066334248},"point_estimate":2824.9089248478413,"standard_error":431.76552073285944},"slope":null,"std_dev":{"confidence_interval":{"confidence_level":0.95,"lower_bound":8137.51672446775,"upper_bound":125709.96803036092},"point_estimate":74116.08409072235,"standard_error":40095.40933062729}}