{"mean":{"confidence_interval":{"confidence_level":0.95,"lower_bound":6159790.135916666,"upper_bound":6207168.817083333},"point_estimate":6183022.244444447,"standard_error":12095.513659872418},"median":{"confidence_interval":{"confidence_level":0.95,"lower_bound":6124596.277777778,"upper_bound":6187935.555555556},"point_estimate":6149906.0,"standard_error":18020.290020218377},"median_abs_dev":{"confidence_interval":{"confidence_level":0.95,"lower_bound":80461.66837985364,"upper_bound":139908.34698279784},"point_estimate":103827.71165668988,"standard_error":16290.611871563844},"slope":null,"std_dev":{"confidence_interval":{"confidence_level":0.95,"lower_bound":101645.47432694977,"upper_bound":138472.1749501759},"point_estimate":121414.10519558964,"standard_error":9417.524406138784}}