{"mean":{"confidence_interval":{"confidence_level":0.95,"lower_bound":6524348.615,"upper_bound":6579714.9475},"point_estimate":6544491.82375,"standard_error":15259.736293187478},"median":{"confidence_interval":{"confidence_level":0.95,"lower_bound":6522269.125,"upper_bound":6523869.5},"point_estimate":6522976.0625,"standard_error":365.40920391038594},"median_abs_dev":{"confidence_interval":{"confidence_level":0.95,"lower_bound":2246.7875976115465,"upper_bound":3977.908391878009},"point_estimate":3183.234805986285,"standard_error":448.26033161292435},"slope":null,"std_dev":{"confidence_interval":{"confidence_level":0.95,"lower_bound":5681.419896012541,"upper_bound":259296.77322818953},"point_estimate":153691.3787513508,"standard_error":79317.5710331644}}