{"mean":{"confidence_interval":{"confidence_level":0.95,"lower_bound":6493492.79125,"upper_bound":6509052.96375},"point_estimate":6500385.43375,"standard_error":3994.0519741557564},"median":{"confidence_interval":{"confidence_level":0.95,"lower_bound":6489208.125,"upper_bound":6491791.625},"point_estimate":6490662.6875,"standard_error":602.4576422101943},"median_abs_dev":{"confidence_interval":{"confidence_level":0.95,"lower_bound":2600.38769133389,"upper_bound":4758.8679280132055},"point_estimate":3601.2353360652924,"standard_error":515.0793479850931},"slope":null,"std_dev":{"confidence_interval":{"confidence_level":0.95,"lower_bound":16577.25763129636,"upper_bound":57577.26320272258},"point_estimate":39855.079825574576,"standard_error":10284.236408838691}}