{"mean":{"confidence_interval":{"confidence_level":0.95,"lower_bound":-0.002589364086590017,"upper_bound":0.005883447759077547},"point_estimate":0.0016110032686225129,"standard_error":0.0021557558925687273},"median":{"confidence_interval":{"confidence_level":0.95,"lower_bound":-0.009647270992277246,"upper_bound":0.011773631031505305},"point_estimate":0.008788499206662914,"standard_error":0.006006413830313322}}