{"mean":{"confidence_interval":{"confidence_level":0.95,"lower_bound":-0.02670233286923639,"upper_bound":-0.01069219493176531},"point_estimate":-0.01859421357999924,"standard_error":0.004218824813902416},"median":{"confidence_interval":{"confidence_level":0.95,"lower_bound":-0.034803277308038796,"upper_bound":-0.01560294262611539},"point_estimate":-0.02796999698319158,"standard_error":0.005232101157261543}}