{"mean":{"confidence_interval":{"confidence_level":0.95,"lower_bound":0.15362589190066292,"upper_bound":0.17145400921908238},"point_estimate":0.16347645829464175,"standard_error":0.0045581349086569285},"median":{"confidence_interval":{"confidence_level":0.95,"lower_bound":0.16422160734853364,"upper_bound":0.17360847864839202},"point_estimate":0.16914763873736538,"standard_error":0.0024060276168632816}}