{"mean":{"confidence_interval":{"confidence_level":0.95,"lower_bound":0.018803898105111582,"upper_bound":0.02521372374140583},"point_estimate":0.022110768651539825,"standard_error":0.0016429484641163603},"median":{"confidence_interval":{"confidence_level":0.95,"lower_bound":0.025872221012760432,"upper_bound":0.03088459576332836},"point_estimate":0.029245344366181092,"standard_error":0.0011914001500241617}}