{"mean":{"confidence_interval":{"confidence_level":0.95,"lower_bound":0.04306359511129359,"upper_bound":0.045254079003150774},"point_estimate":0.04418817539333042,"standard_error":0.0005572637467830221},"median":{"confidence_interval":{"confidence_level":0.95,"lower_bound":0.042613860898241596,"upper_bound":0.04468478572329926},"point_estimate":0.04356570978480878,"standard_error":0.000515344024403882}}