{"mean":{"confidence_interval":{"confidence_level":0.95,"lower_bound":-0.01840369407809568,"upper_bound":-0.009085830257358372},"point_estimate":-0.013864750178008367,"standard_error":0.002392816084426728},"median":{"confidence_interval":{"confidence_level":0.95,"lower_bound":-0.012674840740060644,"upper_bound":-0.007965719341647803},"point_estimate":-0.010392058918690106,"standard_error":0.001219918606194817}}