{"mean":{"confidence_interval":{"confidence_level":0.95,"lower_bound":-0.13729381649441433,"upper_bound":-0.1336503280165704},"point_estimate":-0.1353935099484349,"standard_error":0.0009258586344294341},"median":{"confidence_interval":{"confidence_level":0.95,"lower_bound":-0.13769292623512197,"upper_bound":-0.1350171677128572},"point_estimate":-0.13608467751247266,"standard_error":0.000689639013394578}}