{"mean":{"confidence_interval":{"confidence_level":0.95,"lower_bound":0.0026115157931356826,"upper_bound":0.005128865001798355},"point_estimate":0.003860918057207785,"standard_error":0.0006463366979816562},"median":{"confidence_interval":{"confidence_level":0.95,"lower_bound":0.0019343356740999518,"upper_bound":0.004732423066000635},"point_estimate":0.0031869625204541396,"standard_error":0.000709295386219738}}