{"mean":{"confidence_interval":{"confidence_level":0.95,"lower_bound":-0.23931193132655337,"upper_bound":-0.21855123680778066},"point_estimate":-0.22880931181448394,"standard_error":0.005279396880171923},"median":{"confidence_interval":{"confidence_level":0.95,"lower_bound":-0.23101248202917946,"upper_bound":-0.21058404397923292},"point_estimate":-0.2211369333291322,"standard_error":0.004199761948003208}}