{"mean":{"confidence_interval":{"confidence_level":0.95,"lower_bound":-0.0009822310486907759,"upper_bound":0.0027643919230302236},"point_estimate":0.0008731775356016769,"standard_error":0.0009597127564369584},"median":{"confidence_interval":{"confidence_level":0.95,"lower_bound":-0.0024093008779753067,"upper_bound":0.0034305534205152366},"point_estimate":0.0003190123877709894,"standard_error":0.001460005830570338}}