{"mean":{"confidence_interval":{"confidence_level":0.95,"lower_bound":0.11688638474527775,"upper_bound":0.13721214354792735},"point_estimate":0.12632166335447237,"standard_error":0.0052144164934085245},"median":{"confidence_interval":{"confidence_level":0.95,"lower_bound":0.11442590330954028,"upper_bound":0.13341085092638338},"point_estimate":0.12314122926860405,"standard_error":0.005501175364886147}}