{"mean":{"confidence_interval":{"confidence_level":0.95,"lower_bound":-0.08331549092903401,"upper_bound":-0.07282930293884493},"point_estimate":-0.07821840902766064,"standard_error":0.0026743523227449923},"median":{"confidence_interval":{"confidence_level":0.95,"lower_bound":-0.08372800262536229,"upper_bound":-0.0772861111101496},"point_estimate":-0.07991566983551301,"standard_error":0.0016612960294331788}}