{"mean":{"confidence_interval":{"confidence_level":0.95,"lower_bound":0.007074671414271939,"upper_bound":0.016328054246655375},"point_estimate":0.011783597164682691,"standard_error":0.0023037021804965087},"median":{"confidence_interval":{"confidence_level":0.95,"lower_bound":0.010471139869790536,"upper_bound":0.013814606013156538},"point_estimate":0.012131045109314176,"standard_error":0.0008814763768999899}}