{"mean":{"confidence_interval":{"confidence_level":0.95,"lower_bound":-0.060963518227453904,"upper_bound":-0.053721241380139895},"point_estimate":-0.05706118422305184,"standard_error":0.0018430344195062148},"median":{"confidence_interval":{"confidence_level":0.95,"lower_bound":-0.05753846615281977,"upper_bound":-0.05371184982621102},"point_estimate":-0.05519163581019282,"standard_error":0.0009958312615585866}}