{"mean":{"confidence_interval":{"confidence_level":0.95,"lower_bound":-0.08918473025520343,"upper_bound":-0.07773665791710163},"point_estimate":-0.08351436428472336,"standard_error":0.0029230307520993486},"median":{"confidence_interval":{"confidence_level":0.95,"lower_bound":-0.09298119605139288,"upper_bound":-0.07585222506422573},"point_estimate":-0.08243227623341687,"standard_error":0.0045406814570566325}}