{"mean":{"confidence_interval":{"confidence_level":0.95,"lower_bound":1.31249379637362,"upper_bound":1.3514088212664817},"point_estimate":1.3313884088684524,"standard_error":0.01007235660531152},"median":{"confidence_interval":{"confidence_level":0.95,"lower_bound":1.299578629996884,"upper_bound":1.344099838347466},"point_estimate":1.3213928412048253,"standard_error":0.011628616418435066}}