{"mean":{"confidence_interval":{"confidence_level":0.95,"lower_bound":-0.16497756672822933,"upper_bound":-0.1572961391253982},"point_estimate":-0.16102830802468504,"standard_error":0.001956409471791441},"median":{"confidence_interval":{"confidence_level":0.95,"lower_bound":-0.16474526096503428,"upper_bound":-0.16055192277429708},"point_estimate":-0.1632905156420167,"standard_error":0.000982131744114548}}