{"mean":{"confidence_interval":{"confidence_level":0.95,"lower_bound":0.05858565437651052,"upper_bound":0.06469765982580503},"point_estimate":0.06154776322849731,"standard_error":0.0015591667413573723},"median":{"confidence_interval":{"confidence_level":0.95,"lower_bound":0.05367334079702024,"upper_bound":0.05848500284600555},"point_estimate":0.056158818796414156,"standard_error":0.0012336312026633542}}