{"mean":{"confidence_interval":{"confidence_level":0.95,"lower_bound":0.012643173754064874,"upper_bound":0.018481917113993468},"point_estimate":0.016073179744467314,"standard_error":0.0015136042718355885},"median":{"confidence_interval":{"confidence_level":0.95,"lower_bound":0.01582738557821627,"upper_bound":0.019611279667218984},"point_estimate":0.017641911689398437,"standard_error":0.0009744088793366157}}