{"mean":{"confidence_interval":{"confidence_level":0.95,"lower_bound":-0.000039636756391255346,"upper_bound":0.00464591552584046},"point_estimate":0.002114337696663693,"standard_error":0.001216603477372313},"median":{"confidence_interval":{"confidence_level":0.95,"lower_bound":0.0000955088186089803,"upper_bound":0.003203417331119729},"point_estimate":0.0018372981802308175,"standard_error":0.0007656956154118487}}