{"mean":{"confidence_interval":{"confidence_level":0.95,"lower_bound":-0.06588329142491135,"upper_bound":-0.04308165512749133},"point_estimate":-0.05331000918956219,"standard_error":0.005867372298465513},"median":{"confidence_interval":{"confidence_level":0.95,"lower_bound":-0.05004135684567712,"upper_bound":-0.03716590092097771},"point_estimate":-0.0456806111423671,"standard_error":0.0038792557968561044}}