{"mean":{"confidence_interval":{"confidence_level":0.95,"lower_bound":0.13020241946295297,"upper_bound":0.13305401328970637},"point_estimate":0.1317044416587294,"standard_error":0.0007201603715105354},"median":{"confidence_interval":{"confidence_level":0.95,"lower_bound":0.13235316219182258,"upper_bound":0.13466668701415907},"point_estimate":0.13336811022480743,"standard_error":0.0005649884635138293}}