{"mean":{"confidence_interval":{"confidence_level":0.95,"lower_bound":0.039515453175104506,"upper_bound":0.044006697427902405},"point_estimate":0.041798799314048285,"standard_error":0.0011429853385660996},"median":{"confidence_interval":{"confidence_level":0.95,"lower_bound":0.03925068561316647,"upper_bound":0.0419927726507352},"point_estimate":0.04011450864971189,"standard_error":0.0007010667015576339}}