{"mean":{"confidence_interval":{"confidence_level":0.95,"lower_bound":-0.06646778604357395,"upper_bound":-0.06266951224929279},"point_estimate":-0.06453707595854985,"standard_error":0.0009674872024814966},"median":{"confidence_interval":{"confidence_level":0.95,"lower_bound":-0.06679230873277153,"upper_bound":-0.06383093695290198},"point_estimate":-0.06520802819334959,"standard_error":0.0007860710482241982}}