{"mean":{"confidence_interval":{"confidence_level":0.95,"lower_bound":-0.007902619526386769,"upper_bound":-0.0007281860093390494},"point_estimate":-0.003495442975963936,"standard_error":0.0019084904985691195},"median":{"confidence_interval":{"confidence_level":0.95,"lower_bound":-0.00374618103741875,"upper_bound":-0.0008779146399274795},"point_estimate":-0.002239679715588694,"standard_error":0.0007371942291769823}}