{"mean":{"confidence_interval":{"confidence_level":0.95,"lower_bound":-0.0009996127092108897,"upper_bound":0.004464428472378927},"point_estimate":0.0012533144166824162,"standard_error":0.0014543765834966363},"median":{"confidence_interval":{"confidence_level":0.95,"lower_bound":-0.0009175082392079981,"upper_bound":0.002245927496784024},"point_estimate":0.0006628538363222525,"standard_error":0.0008040622437263793}}