{"mean":{"confidence_interval":{"confidence_level":0.95,"lower_bound":0.17949197559840813,"upper_bound":0.20369589994796175},"point_estimate":0.19209133722784344,"standard_error":0.006260482658919633},"median":{"confidence_interval":{"confidence_level":0.95,"lower_bound":0.15571880622325565,"upper_bound":0.18230790748453396},"point_estimate":0.17023585945992825,"standard_error":0.007114288591688746}}