{"mean":{"confidence_interval":{"confidence_level":0.95,"lower_bound":-0.10026431082360743,"upper_bound":-0.09819885842477549},"point_estimate":-0.09920086060120781,"standard_error":0.0005293676473006659},"median":{"confidence_interval":{"confidence_level":0.95,"lower_bound":-0.10044746416508366,"upper_bound":-0.09801129499014416},"point_estimate":-0.09924565668299101,"standard_error":0.000636572710549491}}