{"mean":{"confidence_interval":{"confidence_level":0.95,"lower_bound":-0.003430980746902875,"upper_bound":0.003856890111100242},"point_estimate":-0.00040090704247919273,"standard_error":0.0019505932050273428},"median":{"confidence_interval":{"confidence_level":0.95,"lower_bound":-0.003609968101275505,"upper_bound":-0.0006812467251785526},"point_estimate":-0.0019742918233102147,"standard_error":0.0007335647764071222}}