{"mean":{"confidence_interval":{"confidence_level":0.95,"lower_bound":0.3311911148540666,"upper_bound":0.3345850771501834},"point_estimate":0.33294039711381873,"standard_error":0.0008598218355529383},"median":{"confidence_interval":{"confidence_level":0.95,"lower_bound":0.3310469066770032,"upper_bound":0.3340193709533985},"point_estimate":0.33276526110911897,"standard_error":0.000747995351123894}}