{"mean":{"confidence_interval":{"confidence_level":0.95,"lower_bound":-0.05036000051119558,"upper_bound":-0.04525335416257352},"point_estimate":-0.048360721596078404,"standard_error":0.0013903588315325598},"median":{"confidence_interval":{"confidence_level":0.95,"lower_bound":-0.05060143597849598,"upper_bound":-0.04840216244837592},"point_estimate":-0.04952481595795544,"standard_error":0.0005289382685859748}}