{"mean":{"confidence_interval":{"confidence_level":0.95,"lower_bound":-0.018202859357849988,"upper_bound":-0.013508839999015393},"point_estimate":-0.016031567533623337,"standard_error":0.0011931113621858635},"median":{"confidence_interval":{"confidence_level":0.95,"lower_bound":-0.019767073963877113,"upper_bound":-0.015639517741658615},"point_estimate":-0.01772081059172781,"standard_error":0.001159411658619947}}