{"mean":{"confidence_interval":{"confidence_level":0.95,"lower_bound":-0.005445852768320025,"upper_bound":-0.0023002575146710003},"point_estimate":-0.00387848578436345,"standard_error":0.0008137373591803046},"median":{"confidence_interval":{"confidence_level":0.95,"lower_bound":-0.006458737731417696,"upper_bound":-0.0018441139743943236},"point_estimate":-0.004280271839755101,"standard_error":0.001161940184491518}}