{"mean":{"confidence_interval":{"confidence_level":0.95,"lower_bound":-0.09288873152790257,"upper_bound":-0.07817909787237516},"point_estimate":-0.08571611775422439,"standard_error":0.0037324416647027594},"median":{"confidence_interval":{"confidence_level":0.95,"lower_bound":-0.09625940012331857,"upper_bound":-0.09025834308650038},"point_estimate":-0.09306561836616378,"standard_error":0.0016254435473576773}}