{"mean":{"confidence_interval":{"confidence_level":0.95,"lower_bound":0.03277035439829272,"upper_bound":0.04962687966022585},"point_estimate":0.0408621137258931,"standard_error":0.004282799392594274},"median":{"confidence_interval":{"confidence_level":0.95,"lower_bound":0.022986353980750662,"upper_bound":0.03161014288889086},"point_estimate":0.02565957106645489,"standard_error":0.0022097874415440816}}