{"mean":{"confidence_interval":{"confidence_level":0.95,"lower_bound":0.16169988566948756,"upper_bound":0.16372245398411248},"point_estimate":0.1626797882297215,"standard_error":0.0005174609693785972},"median":{"confidence_interval":{"confidence_level":0.95,"lower_bound":0.16114297532857602,"upper_bound":0.1629391095524323},"point_estimate":0.1622630072892277,"standard_error":0.00041007258815127116}}