{"mean":{"confidence_interval":{"confidence_level":0.95,"lower_bound":0.0023366712150592163,"upper_bound":0.005485305158196535},"point_estimate":0.003762681438017834,"standard_error":0.0008033431977395938},"median":{"confidence_interval":{"confidence_level":0.95,"lower_bound":0.0020524865931330627,"upper_bound":0.004327462537003113},"point_estimate":0.0029047173070495536,"standard_error":0.0006227721137360871}}