{"mean":{"confidence_interval":{"confidence_level":0.95,"lower_bound":-0.09056527595017941,"upper_bound":-0.08596594524445778},"point_estimate":-0.08833646832495756,"standard_error":0.0011804296564731363},"median":{"confidence_interval":{"confidence_level":0.95,"lower_bound":-0.09372329527436547,"upper_bound":-0.08932525275093367},"point_estimate":-0.091114167112202,"standard_error":0.00122029964920373}}