{"mean":{"confidence_interval":{"confidence_level":0.95,"lower_bound":0.03279390640104397,"upper_bound":0.046206061961209535},"point_estimate":0.03949000317359075,"standard_error":0.003403981259302955},"median":{"confidence_interval":{"confidence_level":0.95,"lower_bound":0.038720313472132784,"upper_bound":0.051619356202690536},"point_estimate":0.04398494408381359,"standard_error":0.003513609898956969}}