{"mean":{"confidence_interval":{"confidence_level":0.95,"lower_bound":-0.054334970299977636,"upper_bound":-0.03644058197919392},"point_estimate":-0.0440218008861053,"standard_error":0.004907542084764641},"median":{"confidence_interval":{"confidence_level":0.95,"lower_bound":-0.06554521761954879,"upper_bound":-0.03820839431265999},"point_estimate":-0.053655825749805985,"standard_error":0.006359257324156648}}