{"mean":{"confidence_interval":{"confidence_level":0.95,"lower_bound":-0.0014020038637066828,"upper_bound":0.0007977241709656578},"point_estimate":-0.00025365595607906855,"standard_error":0.0005610382363796691},"median":{"confidence_interval":{"confidence_level":0.95,"lower_bound":-0.0016874019691397457,"upper_bound":0.001621985458692743},"point_estimate":0.00011233460561888009,"standard_error":0.0008674844351655775}}