{"mean":{"confidence_interval":{"confidence_level":0.95,"lower_bound":0.003171597783952963,"upper_bound":0.014555401729671602},"point_estimate":0.008813107644739082,"standard_error":0.0029162391330988936},"median":{"confidence_interval":{"confidence_level":0.95,"lower_bound":-0.0004384935492171005,"upper_bound":0.013766339055292247},"point_estimate":0.007769577645050818,"standard_error":0.00359677074196822}}