{"mean":{"confidence_interval":{"confidence_level":0.95,"lower_bound":-0.0006686408484234762,"upper_bound":0.003464800184424371},"point_estimate":0.0014955885742502506,"standard_error":0.0010583110703640197},"median":{"confidence_interval":{"confidence_level":0.95,"lower_bound":-0.0009518631505434083,"upper_bound":0.0024177018969036013},"point_estimate":0.0009444642372482548,"standard_error":0.0008460245214661286}}