{"mean":{"confidence_interval":{"confidence_level":0.95,"lower_bound":-0.0018054993197527374,"upper_bound":0.0006935105931283592},"point_estimate":-0.000585228043096131,"standard_error":0.0006425425160452102},"median":{"confidence_interval":{"confidence_level":0.95,"lower_bound":-0.001711906284859288,"upper_bound":0.0006033425894824695},"point_estimate":-0.000611021010222923,"standard_error":0.0005861884397162757}}