{"mean":{"confidence_interval":{"confidence_level":0.95,"lower_bound":-0.04190246398926156,"upper_bound":-0.04005593677533692},"point_estimate":-0.04098475426485104,"standard_error":0.0004654138387289626},"median":{"confidence_interval":{"confidence_level":0.95,"lower_bound":-0.041611392130874614,"upper_bound":-0.03932300291697133},"point_estimate":-0.04079021374962544,"standard_error":0.0005491915430818962}}