{"mean":{"confidence_interval":{"confidence_level":0.95,"lower_bound":0.058849840774553464,"upper_bound":0.07068905766735967},"point_estimate":0.0644958269028566,"standard_error":0.0030386206433797953},"median":{"confidence_interval":{"confidence_level":0.95,"lower_bound":0.05233181141029375,"upper_bound":0.06624055290398623},"point_estimate":0.056582725589632066,"standard_error":0.003745509772480282}}