{"mean":{"confidence_interval":{"confidence_level":0.95,"lower_bound":0.007479195884905211,"upper_bound":0.01359965923812543},"point_estimate":0.010086222509543719,"standard_error":0.001551160760614379},"median":{"confidence_interval":{"confidence_level":0.95,"lower_bound":0.008825266342119331,"upper_bound":0.012644739259639208},"point_estimate":0.010615734311540281,"standard_error":0.0009101615451698407}}