{"mean":{"confidence_interval":{"confidence_level":0.95,"lower_bound":-0.2197886538690007,"upper_bound":-0.21351027049939142},"point_estimate":-0.21663884489692664,"standard_error":0.0016050539013489358},"median":{"confidence_interval":{"confidence_level":0.95,"lower_bound":-0.21878916935974313,"upper_bound":-0.21072280520486264},"point_estimate":-0.21355089022471596,"standard_error":0.0021022536481046317}}