{"mean":{"confidence_interval":{"confidence_level":0.95,"lower_bound":0.017472529455328577,"upper_bound":0.026489371060470182},"point_estimate":0.02145747256144026,"standard_error":0.002275482008571408},"median":{"confidence_interval":{"confidence_level":0.95,"lower_bound":0.02117363356163393,"upper_bound":0.024268396252008273},"point_estimate":0.022503386568005324,"standard_error":0.0007587961624406991}}