{"mean":{"confidence_interval":{"confidence_level":0.95,"lower_bound":-0.05864221785609447,"upper_bound":-0.037668278972244784},"point_estimate":-0.04855242714136265,"standard_error":0.0053504417279465945},"median":{"confidence_interval":{"confidence_level":0.95,"lower_bound":-0.07849390989275529,"upper_bound":-0.04325899782075837},"point_estimate":-0.05889290118482704,"standard_error":0.00890248259003211}}