{"mean":{"confidence_interval":{"confidence_level":0.95,"lower_bound":-0.16535847548908245,"upper_bound":-0.154239464432212},"point_estimate":-0.15961940042178413,"standard_error":0.002839212555595209},"median":{"confidence_interval":{"confidence_level":0.95,"lower_bound":-0.158335377315583,"upper_bound":-0.1478647467625227},"point_estimate":-0.15497073226281344,"standard_error":0.002778231234588025}}