{"mean":{"confidence_interval":{"confidence_level":0.95,"lower_bound":-0.14514314928047076,"upper_bound":-0.14347336652642773},"point_estimate":-0.14435278533544227,"standard_error":0.0004239548940929634},"median":{"confidence_interval":{"confidence_level":0.95,"lower_bound":-0.14614766703342252,"upper_bound":-0.14390416382095672},"point_estimate":-0.14474546153275125,"standard_error":0.0005692394006560774}}