{"mean":{"confidence_interval":{"confidence_level":0.95,"lower_bound":-0.10208032214656317,"upper_bound":-0.07217482991575049},"point_estimate":-0.08710389899243054,"standard_error":0.007631697333256521},"median":{"confidence_interval":{"confidence_level":0.95,"lower_bound":-0.07905318495975922,"upper_bound":-0.04606225448664181},"point_estimate":-0.0678247548640677,"standard_error":0.007651960264579737}}