{"mean":{"confidence_interval":{"confidence_level":0.95,"lower_bound":0.01465121479287391,"upper_bound":0.02622323704770849},"point_estimate":0.021416284451123868,"standard_error":0.003022861013385272},"median":{"confidence_interval":{"confidence_level":0.95,"lower_bound":0.02298645746642793,"upper_bound":0.02658696939974936},"point_estimate":0.024962673563748927,"standard_error":0.0009210002433642056}}