{"mean":{"confidence_interval":{"confidence_level":0.95,"lower_bound":-0.10602637772163481,"upper_bound":-0.10261689398055673},"point_estimate":-0.1042542751030191,"standard_error":0.0008698695299948383},"median":{"confidence_interval":{"confidence_level":0.95,"lower_bound":-0.10497701443657648,"upper_bound":-0.10143476745757507},"point_estimate":-0.10368205861394364,"standard_error":0.0009606715427448773}}