{"mean":{"confidence_interval":{"confidence_level":0.95,"lower_bound":-0.0017514299917093413,"upper_bound":0.0009127875917327444},"point_estimate":-0.0004267513150779667,"standard_error":0.0006805045958759724},"median":{"confidence_interval":{"confidence_level":0.95,"lower_bound":-0.0020090804581471833,"upper_bound":0.001161294043537},"point_estimate":-0.00020150006398678144,"standard_error":0.000810316433323445}}