{"mean":{"confidence_interval":{"confidence_level":0.95,"lower_bound":0.05962014482475946,"upper_bound":0.06457006878495015},"point_estimate":0.06223076985175058,"standard_error":0.0012686115100977921},"median":{"confidence_interval":{"confidence_level":0.95,"lower_bound":0.05887107154385762,"upper_bound":0.06817405639031104},"point_estimate":0.06433469648801671,"standard_error":0.00220049505363173}}