{"mean":{"confidence_interval":{"confidence_level":0.95,"lower_bound":-0.037796838426502055,"upper_bound":-0.033540549207455236},"point_estimate":-0.03568148338317112,"standard_error":0.0010837723988182657},"median":{"confidence_interval":{"confidence_level":0.95,"lower_bound":-0.04082794746619178,"upper_bound":-0.03587628300878283},"point_estimate":-0.03863945726969098,"standard_error":0.0012788372699055722}}