{"mean":{"confidence_interval":{"confidence_level":0.95,"lower_bound":0.059342197755521076,"upper_bound":0.06529276060490252},"point_estimate":0.06223110226009587,"standard_error":0.001501796240387619},"median":{"confidence_interval":{"confidence_level":0.95,"lower_bound":0.061467516266960676,"upper_bound":0.06607879845558418},"point_estimate":0.064062809457476,"standard_error":0.0011682042377473077}}