{"mean":{"confidence_interval":{"confidence_level":0.95,"lower_bound":-0.03975017754780019,"upper_bound":-0.027442648607945864},"point_estimate":-0.03230768947599627,"standard_error":0.003288090924079785},"median":{"confidence_interval":{"confidence_level":0.95,"lower_bound":-0.03239857276520175,"upper_bound":-0.029118245476757343},"point_estimate":-0.03026493122178109,"standard_error":0.0008407753856609784}}