{"mean":{"confidence_interval":{"confidence_level":0.95,"lower_bound":0.04236159479758794,"upper_bound":0.04570964267104693},"point_estimate":0.04382134218328315,"standard_error":0.0008520328114605699},"median":{"confidence_interval":{"confidence_level":0.95,"lower_bound":0.04264732961239304,"upper_bound":0.04539616622396769},"point_estimate":0.0440296354039067,"standard_error":0.0006912088694575837}}