{"mean":{"confidence_interval":{"confidence_level":0.95,"lower_bound":-0.043903902859438584,"upper_bound":-0.04219107372359368},"point_estimate":-0.04302361217354511,"standard_error":0.0004394723775966908},"median":{"confidence_interval":{"confidence_level":0.95,"lower_bound":-0.044189598482777925,"upper_bound":-0.041764080461721},"point_estimate":-0.04291178966912679,"standard_error":0.0005981203995829574}}