{"mean":{"confidence_interval":{"confidence_level":0.95,"lower_bound":6525519.78,"upper_bound":6569962.6664375},"point_estimate":6545421.2975,"standard_error":11455.796792348598},"median":{"confidence_interval":{"confidence_level":0.95,"lower_bound":6512780.0,"upper_bound":6515893.25},"point_estimate":6514446.625,"standard_error":703.0538998462399},"median_abs_dev":{"confidence_interval":{"confidence_level":0.95,"lower_bound":4676.212979480624,"upper_bound":8477.784636989236},"point_estimate":6597.662545368075,"standard_error":926.2594970078212},"slope":null,"std_dev":{"confidence_interval":{"confidence_level":0.95,"lower_bound":56734.232267437146,"upper_bound":161099.77393850285},"point_estimate":115052.88636183638,"standard_error":26644.54128580881}}