{"mean":{"confidence_interval":{"confidence_level":0.95,"lower_bound":6542038.02375,"upper_bound":6587729.14334375},"point_estimate":6562963.89,"standard_error":11721.84579232471},"median":{"confidence_interval":{"confidence_level":0.95,"lower_bound":6524212.375,"upper_bound":6526721.0},"point_estimate":6525362.4375,"standard_error":571.1331810523981},"median_abs_dev":{"confidence_interval":{"confidence_level":0.95,"lower_bound":5033.484824700284,"upper_bound":8247.14767858386},"point_estimate":6830.338078737259,"standard_error":800.3705854120903},"slope":null,"std_dev":{"confidence_interval":{"confidence_level":0.95,"lower_bound":70543.7913005068,"upper_bound":154065.13709583652},"point_estimate":117519.0787905229,"standard_error":21374.378042902037}}