{"mean":{"confidence_interval":{"confidence_level":0.95,"lower_bound":6555257.3738125,"upper_bound":6626197.7180625},"point_estimate":6588135.14,"standard_error":18182.872780117217},"median":{"confidence_interval":{"confidence_level":0.95,"lower_bound":6512072.75,"upper_bound":6514629.5},"point_estimate":6513672.1875,"standard_error":643.9266468175814},"median_abs_dev":{"confidence_interval":{"confidence_level":0.95,"lower_bound":4681.610570009804,"upper_bound":9069.249363988638},"point_estimate":7189.775909855962,"standard_error":1107.0777169076778},"slope":null,"std_dev":{"confidence_interval":{"confidence_level":0.95,"lower_bound":113380.06855035808,"upper_bound":242039.04735701712},"point_estimate":182939.6377443712,"standard_error":32998.012969215684}}