{"mean":{"confidence_interval":{"confidence_level":0.95,"lower_bound":6564621.0464375,"upper_bound":6636223.231375},"point_estimate":6598388.995,"standard_error":18346.27099733797},"median":{"confidence_interval":{"confidence_level":0.95,"lower_bound":6512446.0,"upper_bound":6515355.0},"point_estimate":6513816.6875,"standard_error":667.5853672983368},"median_abs_dev":{"confidence_interval":{"confidence_level":0.95,"lower_bound":3590.6718112528324,"upper_bound":8244.48594831861},"point_estimate":5308.449205756187,"standard_error":1262.6157651115373},"slope":null,"std_dev":{"confidence_interval":{"confidence_level":0.95,"lower_bound":132369.36146875256,"upper_bound":226251.65505486555},"point_estimate":184490.17919285403,"standard_error":24005.11112922903}}