{"mean":{"confidence_interval":{"confidence_level":0.95,"lower_bound":17105000.58725,"upper_bound":17504458.46225},"point_estimate":17301985.263333336,"standard_error":102017.76781647843},"median":{"confidence_interval":{"confidence_level":0.95,"lower_bound":16926524.833333336,"upper_bound":17518307.0},"point_estimate":17169624.833333336,"standard_error":164957.73747337147},"median_abs_dev":{"confidence_interval":{"confidence_level":0.95,"lower_bound":792532.4150097352,"upper_bound":1320370.184236244},"point_estimate":1032344.986972216,"standard_error":140910.2191001554},"slope":null,"std_dev":{"confidence_interval":{"confidence_level":0.95,"lower_bound":872580.4358877875,"upper_bound":1171267.688634783},"point_estimate":1026694.7562639024,"standard_error":76611.38662122087}}