{"mean":{"confidence_interval":{"confidence_level":0.95,"lower_bound":6547600.0259374995,"upper_bound":6590679.568312501},"point_estimate":6567886.925,"standard_error":11037.579438562489},"median":{"confidence_interval":{"confidence_level":0.95,"lower_bound":6513419.0,"upper_bound":6517943.0},"point_estimate":6515314.5625,"standard_error":996.1706157690869},"median_abs_dev":{"confidence_interval":{"confidence_level":0.95,"lower_bound":3529.49834640138,"upper_bound":9855.58332502842},"point_estimate":5976.6384813934565,"standard_error":1589.7681974097948},"slope":null,"std_dev":{"confidence_interval":{"confidence_level":0.95,"lower_bound":78600.49053117818,"upper_bound":141610.13577265825},"point_estimate":110963.59273713277,"standard_error":16263.190347320422}}