{"mean":{"confidence_interval":{"confidence_level":0.95,"lower_bound":6548762.2668125,"upper_bound":6610943.96615625},"point_estimate":6577178.0175,"standard_error":15946.181521541637},"median":{"confidence_interval":{"confidence_level":0.95,"lower_bound":6514575.125,"upper_bound":6517211.125},"point_estimate":6516183.875,"standard_error":676.6725042289569},"median_abs_dev":{"confidence_interval":{"confidence_level":0.95,"lower_bound":3870.512556284666,"upper_bound":7901.3312347233295},"point_estimate":5783.71515981853,"standard_error":1014.8128501136285},"slope":null,"std_dev":{"confidence_interval":{"confidence_level":0.95,"lower_bound":90433.912280221,"upper_bound":217582.7944967057},"point_estimate":160530.93164981424,"standard_error":32403.521428919143}}