{"mean":{"confidence_interval":{"confidence_level":0.95,"lower_bound":6561392.8084375,"upper_bound":6632134.3906875},"point_estimate":6594275.8725,"standard_error":18084.58435878094},"median":{"confidence_interval":{"confidence_level":0.95,"lower_bound":6516038.875,"upper_bound":6521118.25},"point_estimate":6518707.0,"standard_error":1360.4468601420283},"median_abs_dev":{"confidence_interval":{"confidence_level":0.95,"lower_bound":5357.560329884291,"upper_bound":12284.730719402432},"point_estimate":8871.414930000901,"standard_error":1717.089750931333},"slope":null,"std_dev":{"confidence_interval":{"confidence_level":0.95,"lower_bound":117731.61268613052,"upper_bound":239411.54663226134},"point_estimate":182380.42301016254,"standard_error":31183.949100496804}}