{"mean":{"confidence_interval":{"confidence_level":0.95,"lower_bound":16514399.938749995,"upper_bound":16561205.027000003},"point_estimate":16535455.429999998,"standard_error":12006.455135814898},"median":{"confidence_interval":{"confidence_level":0.95,"lower_bound":16499527.0,"upper_bound":16503019.333333334},"point_estimate":16501290.166666668,"standard_error":798.0718233652613},"median_abs_dev":{"confidence_interval":{"confidence_level":0.95,"lower_bound":4695.147016644018,"upper_bound":8074.239456653595},"point_estimate":6153.0369907608365,"standard_error":870.5353707416823},"slope":null,"std_dev":{"confidence_interval":{"confidence_level":0.95,"lower_bound":61197.19635238454,"upper_bound":169101.03802253984},"point_estimate":120691.63586391085,"standard_error":27618.008945196932}}