{"mean":{"confidence_interval":{"confidence_level":0.95,"lower_bound":16498769.702333339,"upper_bound":16523009.064750006},"point_estimate":16507606.80333333,"standard_error":6736.003597580817},"median":{"confidence_interval":{"confidence_level":0.95,"lower_bound":16495666.666666666,"upper_bound":16498199.666666666},"point_estimate":16496616.166666666,"standard_error":630.5718990639821},"median_abs_dev":{"confidence_interval":{"confidence_level":0.95,"lower_bound":2940.2428477993344,"upper_bound":5461.404103042536},"point_estimate":4126.322826743586,"standard_error":659.0477915870124},"slope":null,"std_dev":{"confidence_interval":{"confidence_level":0.95,"lower_bound":8213.45233684138,"upper_bound":113371.54828780048},"point_estimate":67184.27136273166,"standard_error":34567.187235978796}}