{"mean":{"confidence_interval":{"confidence_level":0.95,"lower_bound":6545387.174593749,"upper_bound":6591262.2192187505},"point_estimate":6566763.8075,"standard_error":11734.618032883194},"median":{"confidence_interval":{"confidence_level":0.95,"lower_bound":6513406.25,"upper_bound":6518713.125},"point_estimate":6515618.5,"standard_error":1403.682364878789},"median_abs_dev":{"confidence_interval":{"confidence_level":0.95,"lower_bound":5554.375476390123,"upper_bound":13009.814769029617},"point_estimate":8565.072710439563,"standard_error":2002.075261034421},"slope":null,"std_dev":{"confidence_interval":{"confidence_level":0.95,"lower_bound":79668.5303861054,"upper_bound":150836.90061574167},"point_estimate":118101.35158605954,"standard_error":18218.475767402288}}