{"mean":{"confidence_interval":{"confidence_level":0.95,"lower_bound":18347664.28408333,"upper_bound":18351180.689249992},"point_estimate":18349347.363333333,"standard_error":899.3816478430234},"median":{"confidence_interval":{"confidence_level":0.95,"lower_bound":18346446.333333332,"upper_bound":18348862.833333336},"point_estimate":18347746.333333336,"standard_error":645.0447682827936},"median_abs_dev":{"confidence_interval":{"confidence_level":0.95,"lower_bound":5831.312796472514,"upper_bound":9241.53983592803},"point_estimate":7561.506965752735,"standard_error":832.4802658390349},"slope":null,"std_dev":{"confidence_interval":{"confidence_level":0.95,"lower_bound":6605.096571514984,"upper_bound":11587.40009866743},"point_estimate":8998.996469315962,"standard_error":1308.7373021920143}}