{"mean":{"confidence_interval":{"confidence_level":0.95,"lower_bound":6521639.07725,"upper_bound":6527238.25940625},"point_estimate":6524042.98125,"standard_error":1452.9746625678533},"median":{"confidence_interval":{"confidence_level":0.95,"lower_bound":6520491.0,"upper_bound":6522855.5625},"point_estimate":6521879.25,"standard_error":602.2284947182364},"median_abs_dev":{"confidence_interval":{"confidence_level":0.95,"lower_bound":3137.9228442907333,"upper_bound":4868.765651062131},"point_estimate":4169.997750967741,"standard_error":450.255514576723},"slope":null,"std_dev":{"confidence_interval":{"confidence_level":0.95,"lower_bound":3952.078007849295,"upper_bound":22426.543058503103},"point_estimate":14661.727569753297,"standard_error":4822.737812226649}}