{"mean":{"confidence_interval":{"confidence_level":0.95,"lower_bound":6549862.551781249,"upper_bound":6610893.7375625},"point_estimate":6577871.955,"standard_error":15706.816052296503},"median":{"confidence_interval":{"confidence_level":0.95,"lower_bound":6521507.375,"upper_bound":6526710.3125},"point_estimate":6523892.5,"standard_error":1371.608746470874},"median_abs_dev":{"confidence_interval":{"confidence_level":0.95,"lower_bound":5463.75155299902,"upper_bound":11277.396699786186},"point_estimate":7880.667497590184,"standard_error":1530.6447446653008},"slope":null,"std_dev":{"confidence_interval":{"confidence_level":0.95,"lower_bound":93012.98143477734,"upper_bound":214686.08970280192},"point_estimate":157985.7860166162,"standard_error":31396.888924468738}}