{"mean":{"confidence_interval":{"confidence_level":0.95,"lower_bound":24397070.686500005,"upper_bound":24409932.501583334},"point_estimate":24403571.923333336,"standard_error":3280.3351910667548},"median":{"confidence_interval":{"confidence_level":0.95,"lower_bound":24399232.666666668,"upper_bound":24413732.333333332},"point_estimate":24407132.833333336,"standard_error":3731.2228559850514},"median_abs_dev":{"confidence_interval":{"confidence_level":0.95,"lower_bound":22930.38539290244,"upper_bound":37262.185138463974},"point_estimate":28786.655288932867,"standard_error":3508.289982912026},"slope":null,"std_dev":{"confidence_interval":{"confidence_level":0.95,"lower_bound":27588.675951020956,"upper_bound":37483.44015239314},"point_estimate":32812.489541721734,"standard_error":2531.2904826064687}}