{"mean":{"confidence_interval":{"confidence_level":0.95,"lower_bound":6607122.0940625,"upper_bound":6678439.0206875},"point_estimate":6639930.985,"standard_error":18216.141951721827},"median":{"confidence_interval":{"confidence_level":0.95,"lower_bound":6561806.5,"upper_bound":6569572.75},"point_estimate":6565183.375,"standard_error":2056.402455774045},"median_abs_dev":{"confidence_interval":{"confidence_level":0.95,"lower_bound":11144.240689650178,"upper_bound":22685.354859754443},"point_estimate":15241.591041907668,"standard_error":3150.990276216683},"slope":null,"std_dev":{"confidence_interval":{"confidence_level":0.95,"lower_bound":118381.582599125,"upper_bound":249255.5816104426},"point_estimate":183794.31520866437,"standard_error":34698.04469320177}}