{"mean":{"confidence_interval":{"confidence_level":0.95,"lower_bound":6525550.7538125,"upper_bound":6588272.455},"point_estimate":6553000.8525,"standard_error":16177.325349071038},"median":{"confidence_interval":{"confidence_level":0.95,"lower_bound":6513999.625,"upper_bound":6517889.25},"point_estimate":6515591.4375,"standard_error":944.554996864207},"median_abs_dev":{"confidence_interval":{"confidence_level":0.95,"lower_bound":5479.04086522758,"upper_bound":9715.848277509212},"point_estimate":7137.606923282146,"standard_error":1069.720335209899},"slope":null,"std_dev":{"confidence_interval":{"confidence_level":0.95,"lower_bound":58223.488743314,"upper_bound":233373.12668301899},"point_estimate":162897.54814884643,"standard_error":44040.67315028743}}