{"mean":{"confidence_interval":{"confidence_level":0.95,"lower_bound":6522021.96378125,"upper_bound":6528206.94646875},"point_estimate":6524751.61625,"standard_error":1593.0619466914402},"median":{"confidence_interval":{"confidence_level":0.95,"lower_bound":6520561.5,"upper_bound":6522493.0},"point_estimate":6521617.4375,"standard_error":496.4789895828684},"median_abs_dev":{"confidence_interval":{"confidence_level":0.95,"lower_bound":4162.770076096058,"upper_bound":6597.94053286314},"point_estimate":5394.440004229546,"standard_error":598.1946501204104},"slope":null,"std_dev":{"confidence_interval":{"confidence_level":0.95,"lower_bound":5144.02218618927,"upper_bound":23026.444226411997},"point_estimate":16006.127842668988,"standard_error":4217.532023517574}}