{"mean":{"confidence_interval":{"confidence_level":0.95,"lower_bound":6536629.38071875,"upper_bound":6602713.35465625},"point_estimate":6566032.81125,"standard_error":16973.379526877907},"median":{"confidence_interval":{"confidence_level":0.95,"lower_bound":6520798.875,"upper_bound":6523143.375},"point_estimate":6521899.0625,"standard_error":589.0058384837989},"median_abs_dev":{"confidence_interval":{"confidence_level":0.95,"lower_bound":3878.6668561398983,"upper_bound":6988.605625927448},"point_estimate":5367.938529700041,"standard_error":776.1495494898004},"slope":null,"std_dev":{"confidence_interval":{"confidence_level":0.95,"lower_bound":78122.88412022099,"upper_bound":238773.67068957232},"point_estimate":170181.39001171457,"standard_error":40566.218735655806}}