{"mean":{"confidence_interval":{"confidence_level":0.95,"lower_bound":6541192.50440625,"upper_bound":6579950.64621875},"point_estimate":6557137.6,"standard_error":10095.998475822636},"median":{"confidence_interval":{"confidence_level":0.95,"lower_bound":6527399.4375,"upper_bound":6531272.1875},"point_estimate":6528814.875,"standard_error":946.8495534156449},"median_abs_dev":{"confidence_interval":{"confidence_level":0.95,"lower_bound":5414.640428870916,"upper_bound":11765.079428628087},"point_estimate":7676.902663707733,"standard_error":1628.9663571792998},"slope":null,"std_dev":{"confidence_interval":{"confidence_level":0.95,"lower_bound":31435.28102997222,"upper_bound":161625.42072706702},"point_estimate":101142.98503494001,"standard_error":38084.07128901248}}