{"mean":{"confidence_interval":{"confidence_level":0.95,"lower_bound":6543577.12771875,"upper_bound":6592209.3596875},"point_estimate":6566423.9675,"standard_error":12474.441810347833},"median":{"confidence_interval":{"confidence_level":0.95,"lower_bound":6512915.5,"upper_bound":6517630.75},"point_estimate":6515095.1875,"standard_error":1390.1478357401197},"median_abs_dev":{"confidence_interval":{"confidence_level":0.95,"lower_bound":5353.761167451739,"upper_bound":11777.03289091587},"point_estimate":7800.236449018121,"standard_error":1888.1976730648978},"slope":null,"std_dev":{"confidence_interval":{"confidence_level":0.95,"lower_bound":87378.58306554494,"upper_bound":157013.29784420592},"point_estimate":125451.18013010175,"standard_error":17778.650984834978}}