{"mean":{"confidence_interval":{"confidence_level":0.95,"lower_bound":6518312.286125,"upper_bound":6546195.9021875},"point_estimate":6530431.5475,"standard_error":7307.216855631098},"median":{"confidence_interval":{"confidence_level":0.95,"lower_bound":6513053.375,"upper_bound":6515406.9203125},"point_estimate":6513887.5625,"standard_error":706.7821184066065},"median_abs_dev":{"confidence_interval":{"confidence_level":0.95,"lower_bound":4079.3738275766373,"upper_bound":7340.908444672823},"point_estimate":5830.973033979535,"standard_error":830.340398283283},"slope":null,"std_dev":{"confidence_interval":{"confidence_level":0.95,"lower_bound":31946.26544133642,"upper_bound":103705.18857618976},"point_estimate":73340.03125087087,"standard_error":19070.236959001297}}