{"mean":{"confidence_interval":{"confidence_level":0.95,"lower_bound":6565027.34375,"upper_bound":6602657.97315625},"point_estimate":6581681.39875,"standard_error":9730.651081753971},"median":{"confidence_interval":{"confidence_level":0.95,"lower_bound":6556606.5,"upper_bound":6558345.0},"point_estimate":6557475.0,"standard_error":424.93235160597357},"median_abs_dev":{"confidence_interval":{"confidence_level":0.95,"lower_bound":2881.062398850918,"upper_bound":5234.689857065678},"point_estimate":4029.05809096992,"standard_error":622.4963838119414},"slope":null,"std_dev":{"confidence_interval":{"confidence_level":0.95,"lower_bound":40143.582727810914,"upper_bound":140949.55726686298},"point_estimate":98042.34821888259,"standard_error":25842.252042222783}}