{"mean":{"confidence_interval":{"confidence_level":0.95,"lower_bound":310743.87996398757,"upper_bound":310987.1674714211},"point_estimate":310847.1482929995,"standard_error":63.285863051596046},"median":{"confidence_interval":{"confidence_level":0.95,"lower_bound":310669.1997397444,"upper_bound":310795.79},"point_estimate":310710.47192028986,"standard_error":33.516067566868855},"median_abs_dev":{"confidence_interval":{"confidence_level":0.95,"lower_bound":158.0521989981282,"upper_bound":277.1063462526995},"point_estimate":214.84965498905206,"standard_error":29.68781843555985},"slope":{"confidence_interval":{"confidence_level":0.95,"lower_bound":310769.824433943,"upper_bound":311349.0159031512},"point_estimate":310980.5902748633,"standard_error":159.64805101207696},"std_dev":{"confidence_interval":{"confidence_level":0.95,"lower_bound":266.1396491483614,"upper_bound":1003.188835166995},"point_estimate":640.0652279285289,"standard_error":227.39785950504825}}