{"mean":{"confidence_interval":{"confidence_level":0.95,"lower_bound":310692.9053504146,"upper_bound":311027.11948003486},"point_estimate":310837.60199528415,"standard_error":85.49476385648137},"median":{"confidence_interval":{"confidence_level":0.95,"lower_bound":310576.7512292961,"upper_bound":310670.8322948328},"point_estimate":310612.0570652174,"standard_error":24.027388953823305},"median_abs_dev":{"confidence_interval":{"confidence_level":0.95,"lower_bound":130.71028809226755,"upper_bound":246.8453441745113},"point_estimate":180.41435948932735,"standard_error":29.290068125579825},"slope":{"confidence_interval":{"confidence_level":0.95,"lower_bound":310702.0013447128,"upper_bound":311032.2086843381},"point_estimate":310850.2306672085,"standard_error":85.01497929098522},"std_dev":{"confidence_interval":{"confidence_level":0.95,"lower_bound":377.2221684425168,"upper_bound":1291.5044354796385},"point_estimate":855.6532104255965,"standard_error":248.18299754891447}}