{"mean":{"confidence_interval":{"confidence_level":0.95,"lower_bound":0.0019575336685019873,"upper_bound":0.0033019972285604883},"point_estimate":0.0026311227725017705,"standard_error":0.0003408812175279248},"median":{"confidence_interval":{"confidence_level":0.95,"lower_bound":0.001977923463929221,"upper_bound":0.003544348002376463},"point_estimate":0.0028029556378164067,"standard_error":0.00038833546125825096}}