{"mean":{"confidence_interval":{"confidence_level":0.95,"lower_bound":-0.009405866314475635,"upper_bound":0.0012501006129900754},"point_estimate":-0.003663935723195899,"standard_error":0.002732806074160314},"median":{"confidence_interval":{"confidence_level":0.95,"lower_bound":-0.004129879800898517,"upper_bound":0.003345633564592433},"point_estimate":0.00038261141902751206,"standard_error":0.0019495783367919676}}