{"mean":{"confidence_interval":{"confidence_level":0.95,"lower_bound":0.19172121041387702,"upper_bound":0.1954702243174031},"point_estimate":0.19346231586167706,"standard_error":0.0009547751799317017},"median":{"confidence_interval":{"confidence_level":0.95,"lower_bound":0.1938648337859903,"upper_bound":0.19671847664863984},"point_estimate":0.1954433190014122,"standard_error":0.0006974810505960316}}