{"mean":{"confidence_interval":{"confidence_level":0.95,"lower_bound":-0.13511468426269724,"upper_bound":-0.1077714105614215},"point_estimate":-0.12152245892760982,"standard_error":0.0068328174540428915},"median":{"confidence_interval":{"confidence_level":0.95,"lower_bound":-0.12417569469554113,"upper_bound":-0.10579123757262636},"point_estimate":-0.11432757900193513,"standard_error":0.004569335380590029}}