{"mean":{"confidence_interval":{"confidence_level":0.95,"lower_bound":-0.011678661760252475,"upper_bound":-0.0013416167562494508},"point_estimate":-0.006373058626846118,"standard_error":0.0026287462082089335},"median":{"confidence_interval":{"confidence_level":0.95,"lower_bound":-0.011556281181888228,"upper_bound":-0.0027479469677983426},"point_estimate":-0.007122440894357762,"standard_error":0.0022810360749391584}}