{"mean":{"confidence_interval":{"confidence_level":0.95,"lower_bound":-0.19460714275661553,"upper_bound":-0.1796914787961084},"point_estimate":-0.1867067794568873,"standard_error":0.003816772808009303},"median":{"confidence_interval":{"confidence_level":0.95,"lower_bound":-0.17795601871138422,"upper_bound":-0.16428002357967197},"point_estimate":-0.1666850365069208,"standard_error":0.003243890402625504}}