{"mean":{"confidence_interval":{"confidence_level":0.95,"lower_bound":-0.015599386573417775,"upper_bound":-0.010078498257739321},"point_estimate":-0.012706649878394871,"standard_error":0.0014044025768776367},"median":{"confidence_interval":{"confidence_level":0.95,"lower_bound":-0.016159988669633973,"upper_bound":-0.010779711882247245},"point_estimate":-0.013231455975530326,"standard_error":0.001347901412730229}}