{"mean":{"confidence_interval":{"confidence_level":0.95,"lower_bound":-0.018177501608479606,"upper_bound":-0.008765764851656997},"point_estimate":-0.013624359442458656,"standard_error":0.0024324301532698605},"median":{"confidence_interval":{"confidence_level":0.95,"lower_bound":-0.018957052112080763,"upper_bound":-0.009787657004162953},"point_estimate":-0.014272712305237745,"standard_error":0.0023446429699732576}}