{"mean":{"confidence_interval":{"confidence_level":0.95,"lower_bound":-0.046498958009921744,"upper_bound":-0.03414353478786952},"point_estimate":-0.04008188812173963,"standard_error":0.0031432634828447398},"median":{"confidence_interval":{"confidence_level":0.95,"lower_bound":-0.04465571861342632,"upper_bound":-0.03227383888802471},"point_estimate":-0.03849463625763916,"standard_error":0.0028862500778982993}}