{"mean":{"confidence_interval":{"confidence_level":0.95,"lower_bound":-0.007509073262410778,"upper_bound":-0.004988746152111049},"point_estimate":-0.006254762697998073,"standard_error":0.0006361089716892456},"median":{"confidence_interval":{"confidence_level":0.95,"lower_bound":-0.007259286773692142,"upper_bound":-0.005810148833797157},"point_estimate":-0.006562976952932287,"standard_error":0.0003572837607008968}}