{"mean":{"confidence_interval":{"confidence_level":0.95,"lower_bound":-0.021181595551687415,"upper_bound":-0.01620650474606008},"point_estimate":-0.01876543428763,"standard_error":0.0012682012035143161},"median":{"confidence_interval":{"confidence_level":0.95,"lower_bound":-0.020868035734723733,"upper_bound":-0.01504612720145937},"point_estimate":-0.018889421185719013,"standard_error":0.0015261594429609553}}