{"mean":{"confidence_interval":{"confidence_level":0.95,"lower_bound":-0.013493959764130412,"upper_bound":-0.003506028571152786},"point_estimate":-0.007779078834125319,"standard_error":0.0025751307038674592},"median":{"confidence_interval":{"confidence_level":0.95,"lower_bound":-0.009938280429644175,"upper_bound":-0.003935661435988114},"point_estimate":-0.007040220701229893,"standard_error":0.001510788242799395}}