{"mean":{"confidence_interval":{"confidence_level":0.95,"lower_bound":-0.14078675782146066,"upper_bound":-0.13847105020784126},"point_estimate":-0.1397608315526182,"standard_error":0.0006081048740695989},"median":{"confidence_interval":{"confidence_level":0.95,"lower_bound":-0.14177986176210722,"upper_bound":-0.1397375241716362},"point_estimate":-0.14071760913034148,"standard_error":0.0005264729953129298}}