{"mean":{"confidence_interval":{"confidence_level":0.95,"lower_bound":-0.010134482721720017,"upper_bound":-0.005376963851574157},"point_estimate":-0.007714043067740817,"standard_error":0.0011999403015319498},"median":{"confidence_interval":{"confidence_level":0.95,"lower_bound":-0.01075424553669857,"upper_bound":-0.006426581847008728},"point_estimate":-0.008513956295237879,"standard_error":0.0011040401169237618}}