{"mean":{"confidence_interval":{"confidence_level":0.95,"lower_bound":0.002858069211898662,"upper_bound":0.004253461500287159},"point_estimate":0.0035597107090303837,"standard_error":0.00035910062354636293},"median":{"confidence_interval":{"confidence_level":0.95,"lower_bound":0.0021659469801504905,"upper_bound":0.0037843793540661697},"point_estimate":0.0028922834403661835,"standard_error":0.0004319139365268908}}