{"mean":{"confidence_interval":{"confidence_level":0.95,"lower_bound":-0.0019512069762563362,"upper_bound":-0.0003116863711341429},"point_estimate":-0.0011596520700478674,"standard_error":0.0004154631854516386},"median":{"confidence_interval":{"confidence_level":0.95,"lower_bound":-0.002373512366891206,"upper_bound":-0.0009495441677823679},"point_estimate":-0.0018454326354350181,"standard_error":0.00036297673639588767}}