{"mean":{"confidence_interval":{"confidence_level":0.95,"lower_bound":-0.0005643803622791566,"upper_bound":0.008446787109432625},"point_estimate":0.004315884054121755,"standard_error":0.002309163719860004},"median":{"confidence_interval":{"confidence_level":0.95,"lower_bound":0.003331307660966898,"upper_bound":0.008697829219971316},"point_estimate":0.005755482406633039,"standard_error":0.0013204344181194578}}