{"mean":{"confidence_interval":{"confidence_level":0.95,"lower_bound":-0.0034356117904557172,"upper_bound":0.006990294321761514},"point_estimate":0.0013882337958865953,"standard_error":0.002619266020964427},"median":{"confidence_interval":{"confidence_level":0.95,"lower_bound":0.0015821372967304015,"upper_bound":0.007019121684599616},"point_estimate":0.005107614258870408,"standard_error":0.0013460014463939028}}