{"mean":{"confidence_interval":{"confidence_level":0.95,"lower_bound":-0.01010238769217342,"upper_bound":-0.005779753799297915},"point_estimate":-0.007922159632441028,"standard_error":0.0010927953409227064},"median":{"confidence_interval":{"confidence_level":0.95,"lower_bound":-0.010607533500137656,"upper_bound":-0.0057194982566993735},"point_estimate":-0.0083227234685751,"standard_error":0.001271874762781111}}