{"mean":{"confidence_interval":{"confidence_level":0.95,"lower_bound":-0.01283691709596216,"upper_bound":-0.005988681578601024},"point_estimate":-0.009315049174947632,"standard_error":0.0017497538131096262},"median":{"confidence_interval":{"confidence_level":0.95,"lower_bound":-0.011821799978647629,"upper_bound":-0.0033040719552059144},"point_estimate":-0.006696933922191395,"standard_error":0.0019016904693822004}}