{"mean":{"confidence_interval":{"confidence_level":0.95,"lower_bound":0.0025556786815981725,"upper_bound":0.00796557049603156},"point_estimate":0.005213610830353987,"standard_error":0.0013754319950227008},"median":{"confidence_interval":{"confidence_level":0.95,"lower_bound":0.003234449227729197,"upper_bound":0.008121306519850562},"point_estimate":0.0059216589175410395,"standard_error":0.0012625082658683903}}