{"mean":{"confidence_interval":{"confidence_level":0.95,"lower_bound":-0.0011959840910753528,"upper_bound":0.0014633486525144003},"point_estimate":0.000049531539212610554,"standard_error":0.0006635429944850238},"median":{"confidence_interval":{"confidence_level":0.95,"lower_bound":-0.000802634106160327,"upper_bound":0.0006003406407588674},"point_estimate":-0.00023622395496647464,"standard_error":0.00034987038336419137}}