{"mean":{"confidence_interval":{"confidence_level":0.95,"lower_bound":-0.0032605736822229085,"upper_bound":0.0037522330437335864},"point_estimate":0.0003999213381218336,"standard_error":0.001794172026340024},"median":{"confidence_interval":{"confidence_level":0.95,"lower_bound":-0.002917089183844368,"upper_bound":0.004989864856262993},"point_estimate":0.0009830427761801097,"standard_error":0.002030372448106633}}