{"mean":{"confidence_interval":{"confidence_level":0.95,"lower_bound":-0.020302372670319882,"upper_bound":0.0007359650329208378},"point_estimate":-0.007618783700411469,"standard_error":0.005594293953685501},"median":{"confidence_interval":{"confidence_level":0.95,"lower_bound":-0.003001128421240229,"upper_bound":0.0009328411453195518},"point_estimate":-0.0009111205619440899,"standard_error":0.0010106065370205394}}