{"mean":{"confidence_interval":{"confidence_level":0.95,"lower_bound":-0.019592080963778846,"upper_bound":0.01674425080420454},"point_estimate":-0.0018886148593418861,"standard_error":0.009106422126238611},"median":{"confidence_interval":{"confidence_level":0.95,"lower_bound":-0.019020368930910414,"upper_bound":0.012731953549429242},"point_estimate":-0.0008661729825037989,"standard_error":0.008685589038056}}