{"mean":{"confidence_interval":{"confidence_level":0.95,"lower_bound":-0.0029363774632258865,"upper_bound":0.00036972174105406294},"point_estimate":-0.0015152776651092825,"standard_error":0.00081967425451089},"median":{"confidence_interval":{"confidence_level":0.95,"lower_bound":-0.0038468293565797618,"upper_bound":-0.0016844694114886982},"point_estimate":-0.0028436363664791076,"standard_error":0.0005743423294740461}}