{"mean":{"confidence_interval":{"confidence_level":0.95,"lower_bound":-0.005112989813564319,"upper_bound":0.005535814580106795},"point_estimate":-0.0001779476883199127,"standard_error":0.002737404661109448},"median":{"confidence_interval":{"confidence_level":0.95,"lower_bound":-0.006806025092273016,"upper_bound":0.003932624865595757},"point_estimate":-0.0013830974964749165,"standard_error":0.0028274265360992206}}