{"mean":{"confidence_interval":{"confidence_level":0.95,"lower_bound":-0.001084490342092034,"upper_bound":0.0005957477262838795},"point_estimate":-0.0002602279554154707,"standard_error":0.0004267074445027241},"median":{"confidence_interval":{"confidence_level":0.95,"lower_bound":-0.0014521424276218164,"upper_bound":0.000189297603025107},"point_estimate":-0.0005890685493382675,"standard_error":0.00044945574398379625}}