{"mean":{"confidence_interval":{"confidence_level":0.95,"lower_bound":-0.16337039492274796,"upper_bound":-0.161283294088667},"point_estimate":-0.1624116796018924,"standard_error":0.0005311369320479279},"median":{"confidence_interval":{"confidence_level":0.95,"lower_bound":-0.16298686441574495,"upper_bound":-0.16142513731173722},"point_estimate":-0.16217696895460076,"standard_error":0.0003964819270258146}}