{"mean":{"confidence_interval":{"confidence_level":0.95,"lower_bound":-0.014451729575348068,"upper_bound":0.008182771968037229},"point_estimate":-0.0011157392793283982,"standard_error":0.005904972030856775},"median":{"confidence_interval":{"confidence_level":0.95,"lower_bound":0.0041979616823670796,"upper_bound":0.008554835344202082},"point_estimate":0.006477359553462625,"standard_error":0.0011235281881512161}}