{"mean":{"confidence_interval":{"confidence_level":0.95,"lower_bound":-0.046478992237760294,"upper_bound":-0.03559801430360732},"point_estimate":-0.04135768445977661,"standard_error":0.002771048879605831},"median":{"confidence_interval":{"confidence_level":0.95,"lower_bound":-0.05213897984007143,"upper_bound":-0.03552952619894689},"point_estimate":-0.043367755152394216,"standard_error":0.004063650183620478}}