{"mean":{"confidence_interval":{"confidence_level":0.95,"lower_bound":0.001182556213073927,"upper_bound":0.034224822840256124},"point_estimate":0.01074792630225252,"standard_error":0.00862670107490694},"median":{"confidence_interval":{"confidence_level":0.95,"lower_bound":0.0009298374258882604,"upper_bound":0.0050534326287781095},"point_estimate":0.003133663443780188,"standard_error":0.0010480932984983245}}