{"mean":{"confidence_interval":{"confidence_level":0.95,"lower_bound":-0.02286669499318186,"upper_bound":0.005072168340028759},"point_estimate":-0.006466594765980327,"standard_error":0.007211924889374533},"median":{"confidence_interval":{"confidence_level":0.95,"lower_bound":-0.004617898076172078,"upper_bound":0.0008642657256840991},"point_estimate":-0.0012817978460030188,"standard_error":0.0012970643177300234}}