{"mean":{"confidence_interval":{"confidence_level":0.95,"lower_bound":-0.17003629378173013,"upper_bound":-0.16808242605872262},"point_estimate":-0.16897468786570857,"standard_error":0.0004983950246978989},"median":{"confidence_interval":{"confidence_level":0.95,"lower_bound":-0.16991008504033409,"upper_bound":-0.1678421068353626},"point_estimate":-0.16899871008534884,"standard_error":0.0005352722239895062}}