{"mean":{"confidence_interval":{"confidence_level":0.95,"lower_bound":-0.004935234920188103,"upper_bound":0.005135738054041139},"point_estimate":0.000021929537566967028,"standard_error":0.0025668978502685767},"median":{"confidence_interval":{"confidence_level":0.95,"lower_bound":-0.010669830299148475,"upper_bound":-0.0002140739535966274},"point_estimate":-0.007456891638746299,"standard_error":0.00266136204624392}}