{"mean":{"confidence_interval":{"confidence_level":0.95,"lower_bound":-0.0021590835191335565,"upper_bound":0.03267103397737212},"point_estimate":0.012600470813153963,"standard_error":0.00914441441944838},"median":{"confidence_interval":{"confidence_level":0.95,"lower_bound":-0.0003312827736294821,"upper_bound":0.0064747597650481265},"point_estimate":0.0024676303942923195,"standard_error":0.001732297245382585}}