{"mean":{"confidence_interval":{"confidence_level":0.95,"lower_bound":0.007837207113567723,"upper_bound":0.025119895637120502},"point_estimate":0.015160321813238786,"standard_error":0.004608785641311529},"median":{"confidence_interval":{"confidence_level":0.95,"lower_bound":0.009871107490722064,"upper_bound":0.018511715072454304},"point_estimate":0.01439397998747971,"standard_error":0.0022483519195841727}}