{"mean":{"confidence_interval":{"confidence_level":0.95,"lower_bound":-0.2025753709967905,"upper_bound":-0.18086211652623285},"point_estimate":-0.1913671004865054,"standard_error":0.0055493807285443494},"median":{"confidence_interval":{"confidence_level":0.95,"lower_bound":-0.19255905059182468,"upper_bound":-0.17503638207438188},"point_estimate":-0.18273837817911576,"standard_error":0.004262286699467488}}