{"mean":{"confidence_interval":{"confidence_level":0.95,"lower_bound":-0.008986643217037635,"upper_bound":-0.004456572107813132},"point_estimate":-0.00667419811781611,"standard_error":0.0011754135457539814},"median":{"confidence_interval":{"confidence_level":0.95,"lower_bound":-0.0007466431355145353,"upper_bound":-0.0003648138026499659},"point_estimate":-0.0005696550053162497,"standard_error":0.00009302113834460689}}