{"mean":{"confidence_interval":{"confidence_level":0.95,"lower_bound":0.006585210208068348,"upper_bound":0.012394546674267171},"point_estimate":0.009370079691087385,"standard_error":0.0014809038679457918},"median":{"confidence_interval":{"confidence_level":0.95,"lower_bound":0.00027639774051779753,"upper_bound":0.0020696929741153003},"point_estimate":0.0004859803236729743,"standard_error":0.0005374088665524609}}