{"mean":{"confidence_interval":{"confidence_level":0.95,"lower_bound":0.000021947390705906537,"upper_bound":0.014426131147491495},"point_estimate":0.005846495008487773,"standard_error":0.003912489829660272},"median":{"confidence_interval":{"confidence_level":0.95,"lower_bound":0.00025558983513374045,"upper_bound":0.0006571587249792898},"point_estimate":0.0004994768377675207,"standard_error":0.00010112951600077184}}