{"mean":{"confidence_interval":{"confidence_level":0.95,"lower_bound":-0.0017617860637332643,"upper_bound":0.0007912896589065796},"point_estimate":-0.00032662432345276216,"standard_error":0.0006507747711544286},"median":{"confidence_interval":{"confidence_level":0.95,"lower_bound":-0.00032327207723259477,"upper_bound":0.00004858608599667136},"point_estimate":-0.0000936999429793639,"standard_error":0.00009303499784227245}}