{"mean":{"confidence_interval":{"confidence_level":0.95,"lower_bound":-0.0013544570282625452,"upper_bound":0.00043052106973927014},"point_estimate":-0.000419769154658689,"standard_error":0.0004529307116361665},"median":{"confidence_interval":{"confidence_level":0.95,"lower_bound":-0.0006502702515406271,"upper_bound":-0.00039346725401556704},"point_estimate":-0.0005030348450493216,"standard_error":0.0000657038738732866}}