{"mean":{"confidence_interval":{"confidence_level":0.95,"lower_bound":-0.000249685063425503,"upper_bound":0.0022284061228603374},"point_estimate":0.0007495350629851405,"standard_error":0.0006301282182979547},"median":{"confidence_interval":{"confidence_level":0.95,"lower_bound":1.675957007174489e-6,"upper_bound":0.0003635814163218676},"point_estimate":0.00014803219429637693,"standard_error":0.00009031583036756303}}