{"mean":{"confidence_interval":{"confidence_level":0.95,"lower_bound":-0.016003122542469873,"upper_bound":-0.008925585933338613},"point_estimate":-0.012299051934747673,"standard_error":0.0018219895325776927},"median":{"confidence_interval":{"confidence_level":0.95,"lower_bound":-0.008819985007827658,"upper_bound":-0.0032359141324251883},"point_estimate":-0.004926771440107669,"standard_error":0.0013931480851425958}}