{"mean":{"confidence_interval":{"confidence_level":0.95,"lower_bound":-0.000509929873324208,"upper_bound":0.0011117161327802716},"point_estimate":0.0002917158666597697,"standard_error":0.0004076439648683402},"median":{"confidence_interval":{"confidence_level":0.95,"lower_bound":0.00014533477156009056,"upper_bound":0.0004305206645162365},"point_estimate":0.0002611226595448102,"standard_error":0.00007175134763082443}}