{"mean":{"confidence_interval":{"confidence_level":0.95,"lower_bound":-0.001359573713706513,"upper_bound":0.0008945347420007843},"point_estimate":-0.00024248772680857122,"standard_error":0.0005692297338126133},"median":{"confidence_interval":{"confidence_level":0.95,"lower_bound":-0.0003538421074521514,"upper_bound":-0.00001932457181963443},"point_estimate":-0.00016288927307794854,"standard_error":0.00008365045232639809}}