{"mean":{"confidence_interval":{"confidence_level":0.95,"lower_bound":-0.000634547861552151,"upper_bound":0.00011265631727834215},"point_estimate":-0.00028725417630137695,"standard_error":0.000193335088448974},"median":{"confidence_interval":{"confidence_level":0.95,"lower_bound":-0.0006819284954326932,"upper_bound":-0.00037925725514165176},"point_estimate":-0.0005690995297964463,"standard_error":0.00007421705388501457}}