{"mean":{"confidence_interval":{"confidence_level":0.95,"lower_bound":7262129.0042857155,"upper_bound":7328279.433535714},"point_estimate":7293967.794285717,"standard_error":16804.606118434727},"median":{"confidence_interval":{"confidence_level":0.95,"lower_bound":7208037.714285715,"upper_bound":7264105.714285715},"point_estimate":7230272.928571429,"standard_error":16827.497236875213},"median_abs_dev":{"confidence_interval":{"confidence_level":0.95,"lower_bound":72008.39812159538,"upper_bound":141248.88799233155},"point_estimate":99027.61774190805,"standard_error":18389.365206730752},"slope":null,"std_dev":{"confidence_interval":{"confidence_level":0.95,"lower_bound":131861.2903593025,"upper_bound":201731.62240216587},"point_estimate":169301.3362351915,"standard_error":17859.8909381757}}