{"mean":{"confidence_interval":{"confidence_level":0.95,"lower_bound":7230357.418142855,"upper_bound":7489726.4828571435},"point_estimate":7361091.005714285,"standard_error":66414.1523297075},"median":{"confidence_interval":{"confidence_level":0.95,"lower_bound":6660347.0,"upper_bound":7924847.5},"point_estimate":7915090.0,"standard_error":447466.7895979162},"median_abs_dev":{"confidence_interval":{"confidence_level":0.95,"lower_bound":74660.55767451033,"upper_bound":1171683.2977984638},"point_estimate":171895.92384823703,"standard_error":269836.06998942944},"slope":null,"std_dev":{"confidence_interval":{"confidence_level":0.95,"lower_bound":642095.771662243,"upper_bound":697005.6531951125},"point_estimate":671893.6674181133,"standard_error":13621.777875401502}}