{"mean":{"confidence_interval":{"confidence_level":0.95,"lower_bound":50084720.13275,"upper_bound":50262813.549},"point_estimate":50166589.82,"standard_error":45475.834737305966},"median":{"confidence_interval":{"confidence_level":0.95,"lower_bound":50004630.0,"upper_bound":50123730.0},"point_estimate":50058731.0,"standard_error":27830.087359094978},"median_abs_dev":{"confidence_interval":{"confidence_level":0.95,"lower_bound":184585.179322958,"upper_bound":310438.64328861237},"point_estimate":234389.418938756,"standard_error":31625.37829446794},"slope":null,"std_dev":{"confidence_interval":{"confidence_level":0.95,"lower_bound":283751.92665480165,"upper_bound":631002.7244589606},"point_estimate":457077.70605041645,"standard_error":91213.24244335303}}