{"mean":{"confidence_interval":{"confidence_level":0.95,"lower_bound":22229272.505416673,"upper_bound":22347236.84191666},"point_estimate":22288134.32999999,"standard_error":30140.948097410306},"median":{"confidence_interval":{"confidence_level":0.95,"lower_bound":22213002.833333336,"upper_bound":22344190.833333336},"point_estimate":22303824.333333336,"standard_error":36253.13304005857},"median_abs_dev":{"confidence_interval":{"confidence_level":0.95,"lower_bound":203811.78288161385,"upper_bound":328242.10531004},"point_estimate":256803.61244082634,"standard_error":32434.144574200694},"slope":null,"std_dev":{"confidence_interval":{"confidence_level":0.95,"lower_bound":244056.40532418387,"upper_bound":361137.59761697194},"point_estimate":302252.09874487255,"standard_error":30077.008675872225}}