{"mean":{"confidence_interval":{"confidence_level":0.95,"lower_bound":70726974.61775,"upper_bound":70944969.55825},"point_estimate":70837398.6,"standard_error":55458.210303591404},"median":{"confidence_interval":{"confidence_level":0.95,"lower_bound":70738339.0,"upper_bound":70935350.0},"point_estimate":70832044.5,"standard_error":46015.26040218378},"median_abs_dev":{"confidence_interval":{"confidence_level":0.95,"lower_bound":390690.2972638607,"upper_bound":717615.452259779},"point_estimate":540733.8624000549,"standard_error":85991.27478540475},"slope":null,"std_dev":{"confidence_interval":{"confidence_level":0.95,"lower_bound":478134.3864293774,"upper_bound":631584.9354362728},"point_estimate":558651.5010953436,"standard_error":39409.64058557566}}