{"mean":{"confidence_interval":{"confidence_level":0.95,"lower_bound":19912706.97483334,"upper_bound":19957812.825083338},"point_estimate":19935287.610000003,"standard_error":11560.033200571283},"median":{"confidence_interval":{"confidence_level":0.95,"lower_bound":19916216.0,"upper_bound":19971521.333333332},"point_estimate":19956018.666666664,"standard_error":15080.44727102291},"median_abs_dev":{"confidence_interval":{"confidence_level":0.95,"lower_bound":79891.54897413803,"upper_bound":128617.47509658596},"point_estimate":110402.79543995766,"standard_error":11602.746023145368},"slope":null,"std_dev":{"confidence_interval":{"confidence_level":0.95,"lower_bound":96217.52123000509,"upper_bound":135525.90446000153},"point_estimate":116070.47100642981,"standard_error":10065.639186148015}}