{"mean":{"confidence_interval":{"confidence_level":0.95,"lower_bound":8610217.326666664,"upper_bound":8636511.032833332},"point_estimate":8622936.39833333,"standard_error":6751.6088046029645},"median":{"confidence_interval":{"confidence_level":0.95,"lower_bound":8595625.166666666,"upper_bound":8620306.166666668},"point_estimate":8609420.75,"standard_error":7229.381192645266},"median_abs_dev":{"confidence_interval":{"confidence_level":0.95,"lower_bound":40352.541233599644,"upper_bound":66541.92846864508},"point_estimate":51534.68088507698,"standard_error":6725.416732208453},"slope":null,"std_dev":{"confidence_interval":{"confidence_level":0.95,"lower_bound":53808.40771475145,"upper_bound":80268.21578046893},"point_estimate":67942.34659565563,"standard_error":6752.941857299562}}