{"mean":{"confidence_interval":{"confidence_level":0.95,"lower_bound":39398252.9165,"upper_bound":39934688.622375004},"point_estimate":39642569.9,"standard_error":136678.7054057779},"median":{"confidence_interval":{"confidence_level":0.95,"lower_bound":39108445.5,"upper_bound":39421451.25},"point_estimate":39270672.75,"standard_error":95303.92442433184},"median_abs_dev":{"confidence_interval":{"confidence_level":0.95,"lower_bound":416355.9560582042,"upper_bound":735119.7688490152},"point_estimate":616435.0464060903,"standard_error":88037.9999145196},"slope":null,"std_dev":{"confidence_interval":{"confidence_level":0.95,"lower_bound":806063.2128103825,"upper_bound":1862866.9725785386},"point_estimate":1371801.2624654244,"standard_error":271509.0947358255}}