{"mean":{"confidence_interval":{"confidence_level":0.95,"lower_bound":47536139.366125,"upper_bound":47653462.211125},"point_estimate":47589248.215,"standard_error":30172.82580652642},"median":{"confidence_interval":{"confidence_level":0.95,"lower_bound":47495107.5,"upper_bound":47586508.5},"point_estimate":47552308.25,"standard_error":20552.6283926629},"median_abs_dev":{"confidence_interval":{"confidence_level":0.95,"lower_bound":133799.45852458477,"upper_bound":232949.44371432066},"point_estimate":180064.73200321198,"standard_error":25217.937685519006},"slope":null,"std_dev":{"confidence_interval":{"confidence_level":0.95,"lower_bound":165718.44091929408,"upper_bound":442480.11691114557},"point_estimate":302774.18099937896,"standard_error":77699.89831011584}}