{"mean":{"confidence_interval":{"confidence_level":0.95,"lower_bound":8493657.710291667,"upper_bound":8523100.329041664},"point_estimate":8507092.821666665,"standard_error":7498.244946671521},"median":{"confidence_interval":{"confidence_level":0.95,"lower_bound":8480527.5,"upper_bound":8498156.166666666},"point_estimate":8489296.25,"standard_error":5140.2512382817185},"median_abs_dev":{"confidence_interval":{"confidence_level":0.95,"lower_bound":34326.7607405791,"upper_bound":55476.450902597404},"point_estimate":45618.24214011385,"standard_error":5479.995450992809},"slope":null,"std_dev":{"confidence_interval":{"confidence_level":0.95,"lower_bound":46760.64661966997,"upper_bound":106508.67815572194},"point_estimate":75580.20814968449,"standard_error":16416.85365289812}}