{"mean":{"confidence_interval":{"confidence_level":0.95,"lower_bound":18439903.570833333,"upper_bound":18483818.474416662},"point_estimate":18462137.273333337,"standard_error":11228.867828752467},"median":{"confidence_interval":{"confidence_level":0.95,"lower_bound":18454647.666666668,"upper_bound":18497057.333333336},"point_estimate":18483431.333333332,"standard_error":10742.251307895656},"median_abs_dev":{"confidence_interval":{"confidence_level":0.95,"lower_bound":82580.8185338974,"upper_bound":145914.52420949936},"point_estimate":122156.10673129743,"standard_error":15906.348769884393},"slope":null,"std_dev":{"confidence_interval":{"confidence_level":0.95,"lower_bound":98286.76734654263,"upper_bound":126303.77953248928},"point_estimate":113268.68770045668,"standard_error":7131.940217360206}}