{"mean":{"confidence_interval":{"confidence_level":0.95,"lower_bound":41676128.82525,"upper_bound":41835014.69075},"point_estimate":41752412.745,"standard_error":40607.48616776968},"median":{"confidence_interval":{"confidence_level":0.95,"lower_bound":41639964.5,"upper_bound":41807268.75},"point_estimate":41741567.5,"standard_error":40950.01512310083},"median_abs_dev":{"confidence_interval":{"confidence_level":0.95,"lower_bound":264054.02051210403,"upper_bound":453039.18590694666},"point_estimate":355717.24648475647,"standard_error":49345.940767079985},"slope":null,"std_dev":{"confidence_interval":{"confidence_level":0.95,"lower_bound":304552.66397983773,"upper_bound":527919.7367271013},"point_estimate":406394.1289988573,"standard_error":61876.82118391519}}