{"mean":{"confidence_interval":{"confidence_level":0.95,"lower_bound":6646833.3924375,"upper_bound":6678187.4011875},"point_estimate":6660106.3875,"standard_error":8144.156628079092},"median":{"confidence_interval":{"confidence_level":0.95,"lower_bound":6636264.375,"upper_bound":6649365.125},"point_estimate":6644233.5,"standard_error":3294.232596884881},"median_abs_dev":{"confidence_interval":{"confidence_level":0.95,"lower_bound":18154.899990186095,"upper_bound":30699.734342470765},"point_estimate":24973.562594130635,"standard_error":3192.6611962043357},"slope":null,"std_dev":{"confidence_interval":{"confidence_level":0.95,"lower_bound":27653.874358342327,"upper_bound":126152.23844671206},"point_estimate":81630.33767416654,"standard_error":26963.81858954484}}