{"mean":{"confidence_interval":{"confidence_level":0.95,"lower_bound":7385013.937142855,"upper_bound":7416313.849321428},"point_estimate":7399779.619999997,"standard_error":7985.605425417665},"median":{"confidence_interval":{"confidence_level":0.95,"lower_bound":7367835.857142857,"upper_bound":7386237.428571428},"point_estimate":7373705.5,"standard_error":4953.189509845139},"median_abs_dev":{"confidence_interval":{"confidence_level":0.95,"lower_bound":32998.439414161774,"upper_bound":58295.51326504736},"point_estimate":41858.98635685444,"standard_error":6605.75847193902},"slope":null,"std_dev":{"confidence_interval":{"confidence_level":0.95,"lower_bound":56648.38253590147,"upper_bound":104925.24791414461},"point_estimate":80779.3314901526,"standard_error":12579.646253876863}}