{"mean":{"confidence_interval":{"confidence_level":0.95,"lower_bound":61805670.1725,"upper_bound":62400576.5175},"point_estimate":62093646.93,"standard_error":151728.4972917777},"median":{"confidence_interval":{"confidence_level":0.95,"lower_bound":61442516.5,"upper_bound":61925018.14999999},"point_estimate":61667739.5,"standard_error":145312.32355768292},"median_abs_dev":{"confidence_interval":{"confidence_level":0.95,"lower_bound":790823.3108250804,"upper_bound":1462263.8911396265},"point_estimate":1125049.4923263788,"standard_error":179380.94300936264},"slope":null,"std_dev":{"confidence_interval":{"confidence_level":0.95,"lower_bound":1234842.086481929,"upper_bound":1791355.688594777},"point_estimate":1532728.3741947103,"standard_error":142413.3061747628}}