{"mean":{"confidence_interval":{"confidence_level":0.95,"lower_bound":37514903.62825,"upper_bound":37563740.60925},"point_estimate":37538872.45,"standard_error":12512.9867886386},"median":{"confidence_interval":{"confidence_level":0.95,"lower_bound":37493007.25,"upper_bound":37549299.5},"point_estimate":37524432.5,"standard_error":13847.371486777698},"median_abs_dev":{"confidence_interval":{"confidence_level":0.95,"lower_bound":93874.52383339405,"upper_bound":166584.56239253283},"point_estimate":129975.83319246769,"standard_error":19379.774011787445},"slope":null,"std_dev":{"confidence_interval":{"confidence_level":0.95,"lower_bound":104409.39594429715,"upper_bound":147983.01806969274},"point_estimate":125517.02191319338,"standard_error":11291.290680430147}}