{"mean":{"confidence_interval":{"confidence_level":0.95,"lower_bound":7247505.398571428,"upper_bound":7265984.241535714},"point_estimate":7256453.20142857,"standard_error":4713.4504814604925},"median":{"confidence_interval":{"confidence_level":0.95,"lower_bound":7240516.071428571,"upper_bound":7259211.142857144},"point_estimate":7248813.5,"standard_error":4846.772609690162},"median_abs_dev":{"confidence_interval":{"confidence_level":0.95,"lower_bound":29242.801880836487,"upper_bound":45958.287916577465},"point_estimate":38444.34681747661,"standard_error":4309.090416150748},"slope":null,"std_dev":{"confidence_interval":{"confidence_level":0.95,"lower_bound":36454.02769167101,"upper_bound":57578.05519616789},"point_estimate":47105.791990241174,"standard_error":5403.448858376983}}