{"mean":{"confidence_interval":{"confidence_level":0.95,"lower_bound":47605180.818875,"upper_bound":47720384.916999996},"point_estimate":47654470.48,"standard_error":29775.489456994717},"median":{"confidence_interval":{"confidence_level":0.95,"lower_bound":47580925.0,"upper_bound":47620456.25},"point_estimate":47594928.0,"standard_error":8740.229621222968},"median_abs_dev":{"confidence_interval":{"confidence_level":0.95,"lower_bound":63339.663874246246,"upper_bound":116797.69699517621},"point_estimate":94590.61962068081,"standard_error":14250.857196784835},"slope":null,"std_dev":{"confidence_interval":{"confidence_level":0.95,"lower_bound":105631.17508242551,"upper_bound":462752.8174885738},"point_estimate":299451.75096152606,"standard_error":97227.61377779822}}