{"mean":{"confidence_interval":{"confidence_level":0.95,"lower_bound":6753441.2061875,"upper_bound":6784971.098406251},"point_estimate":6768818.31,"standard_error":8088.451560711881},"median":{"confidence_interval":{"confidence_level":0.95,"lower_bound":6728418.125,"upper_bound":6769500.375},"point_estimate":6745845.5625,"standard_error":9931.445917531686},"median_abs_dev":{"confidence_interval":{"confidence_level":0.95,"lower_bound":50970.39715759456,"upper_bound":88938.3925460279},"point_estimate":66623.78034219146,"standard_error":9544.191680210462},"slope":null,"std_dev":{"confidence_interval":{"confidence_level":0.95,"lower_bound":68216.29113165218,"upper_bound":93970.919490369},"point_estimate":81711.92228894841,"standard_error":6641.1287677431665}}