{"mean":{"confidence_interval":{"confidence_level":0.95,"lower_bound":81683182.20324999,"upper_bound":81763242.56575},"point_estimate":81722485.85,"standard_error":20495.809224269684},"median":{"confidence_interval":{"confidence_level":0.95,"lower_bound":81634231.0,"upper_bound":81748430.0},"point_estimate":81672930.5,"standard_error":31029.244178045705},"median_abs_dev":{"confidence_interval":{"confidence_level":0.95,"lower_bound":155819.774633646,"upper_bound":262194.09884512424},"point_estimate":198888.56256902218,"standard_error":27866.41878593997},"slope":null,"std_dev":{"confidence_interval":{"confidence_level":0.95,"lower_bound":179922.50359308577,"upper_bound":229827.32566242944},"point_estimate":206923.1880569796,"standard_error":12747.54397447942}}