{"mean":{"confidence_interval":{"confidence_level":0.95,"lower_bound":20174700.678916667,"upper_bound":20969409.420333337},"point_estimate":20552352.610000007,"standard_error":203011.4532496126},"median":{"confidence_interval":{"confidence_level":0.95,"lower_bound":19371847.666666668,"upper_bound":20010732.0},"point_estimate":19644722.333333332,"standard_error":167846.54504499136},"median_abs_dev":{"confidence_interval":{"confidence_level":0.95,"lower_bound":545562.0789418374,"upper_bound":1353573.4986692648},"point_estimate":928972.4335074434,"standard_error":216114.3854841808},"slope":null,"std_dev":{"confidence_interval":{"confidence_level":0.95,"lower_bound":1589958.3798119905,"upper_bound":2418775.9477073066},"point_estimate":2034524.8588509834,"standard_error":211397.71595338342}}