{"mean":{"confidence_interval":{"confidence_level":0.95,"lower_bound":21280865.511166677,"upper_bound":21394939.001083337},"point_estimate":21337852.38666667,"standard_error":28939.233132599133},"median":{"confidence_interval":{"confidence_level":0.95,"lower_bound":21255626.333333332,"upper_bound":21407558.666666668},"point_estimate":21370559.0,"standard_error":36472.70299654952},"median_abs_dev":{"confidence_interval":{"confidence_level":0.95,"lower_bound":251073.98129254414,"upper_bound":397160.8577489862},"point_estimate":335559.3230426302,"standard_error":38508.07549147802},"slope":null,"std_dev":{"confidence_interval":{"confidence_level":0.95,"lower_bound":256464.17504481453,"upper_bound":320843.3604339619},"point_estimate":290772.21603226394,"standard_error":16429.57671205116}}