{"mean":{"confidence_interval":{"confidence_level":0.95,"lower_bound":74766166.55225,"upper_bound":75778180.49800001},"point_estimate":75240338.99,"standard_error":258975.93429783997},"median":{"confidence_interval":{"confidence_level":0.95,"lower_bound":74175407.0,"upper_bound":74871585.0},"point_estimate":74630625.5,"standard_error":184624.12647169302},"median_abs_dev":{"confidence_interval":{"confidence_level":0.95,"lower_bound":903755.137655139,"upper_bound":1666506.863513589},"point_estimate":1331724.669957161,"standard_error":205405.93602028134},"slope":null,"std_dev":{"confidence_interval":{"confidence_level":0.95,"lower_bound":1768511.1091983924,"upper_bound":3302341.131600329},"point_estimate":2606133.4003363904,"standard_error":391508.59513741115}}