{"mean":{"confidence_interval":{"confidence_level":0.95,"lower_bound":16378637.592500001,"upper_bound":16423250.5198125},"point_estimate":16400374.9725,"standard_error":11449.277948541672},"median":{"confidence_interval":{"confidence_level":0.95,"lower_bound":16345602.0,"upper_bound":16410029.25},"point_estimate":16374378.5,"standard_error":14114.332148714982},"median_abs_dev":{"confidence_interval":{"confidence_level":0.95,"lower_bound":79098.1911957264,"upper_bound":129553.29219996929},"point_estimate":104288.67669850588,"standard_error":11915.65918562823},"slope":null,"std_dev":{"confidence_interval":{"confidence_level":0.95,"lower_bound":93979.44774370128,"upper_bound":133411.8779777538},"point_estimate":114646.45608210258,"standard_error":10105.579979028818}}