{"mean":{"confidence_interval":{"confidence_level":0.95,"lower_bound":6455336.80925,"upper_bound":6485079.3396875},"point_estimate":6470128.39,"standard_error":7580.280010218541},"median":{"confidence_interval":{"confidence_level":0.95,"lower_bound":6455734.0625,"upper_bound":6481935.5},"point_estimate":6469603.75,"standard_error":7601.942982574668},"median_abs_dev":{"confidence_interval":{"confidence_level":0.95,"lower_bound":42026.798141375184,"upper_bound":67203.29160690306},"point_estimate":52998.22327159345,"standard_error":6357.352794711675},"slope":null,"std_dev":{"confidence_interval":{"confidence_level":0.95,"lower_bound":56175.81093329879,"upper_bound":96841.49540448337},"point_estimate":76688.5399982852,"standard_error":10483.549445265811}}