{"mean":{"confidence_interval":{"confidence_level":0.95,"lower_bound":73918779.79124999,"upper_bound":75131676.20275},"point_estimate":74498003.4,"standard_error":309388.73717031855},"median":{"confidence_interval":{"confidence_level":0.95,"lower_bound":73365103.0,"upper_bound":74235549.0},"point_estimate":73859158.0,"standard_error":205232.5817430271},"median_abs_dev":{"confidence_interval":{"confidence_level":0.95,"lower_bound":1655780.9940040112,"upper_bound":3281316.948544979},"point_estimate":2457800.1214653254,"standard_error":416548.4129753768},"slope":null,"std_dev":{"confidence_interval":{"confidence_level":0.95,"lower_bound":2395133.5588082024,"upper_bound":3877329.5645736973},"point_estimate":3118066.47994744,"standard_error":385740.58272588206}}