{"mean":{"confidence_interval":{"confidence_level":0.95,"lower_bound":69098386.1665,"upper_bound":70643431.11649999},"point_estimate":69837312.06,"standard_error":392384.5963449942},"median":{"confidence_interval":{"confidence_level":0.95,"lower_bound":67791299.0,"upper_bound":69612581.0},"point_estimate":68498190.0,"standard_error":493312.41740535},"median_abs_dev":{"confidence_interval":{"confidence_level":0.95,"lower_bound":2022508.0278933048,"upper_bound":4204800.673399861},"point_estimate":3218884.6636533737,"standard_error":572361.4115165033},"slope":null,"std_dev":{"confidence_interval":{"confidence_level":0.95,"lower_bound":3199163.9533264264,"upper_bound":4676810.20345347},"point_estimate":3961888.9646840845,"standard_error":377335.84373122494}}