{"mean":{"confidence_interval":{"confidence_level":0.95,"lower_bound":42259879.09675,"upper_bound":42376285.045375004},"point_estimate":42318720.82,"standard_error":29645.70146258666},"median":{"confidence_interval":{"confidence_level":0.95,"lower_bound":42281326.0,"upper_bound":42439778.25},"point_estimate":42376593.0,"standard_error":40139.2995758275},"median_abs_dev":{"confidence_interval":{"confidence_level":0.95,"lower_bound":212339.08018022776,"upper_bound":361664.8723379144},"point_estimate":269873.96670877934,"standard_error":37767.2500842488},"slope":null,"std_dev":{"confidence_interval":{"confidence_level":0.95,"lower_bound":259381.3204875301,"upper_bound":333271.17361116793},"point_estimate":299073.0293349661,"standard_error":18845.113850464513}}