{"mean":{"confidence_interval":{"confidence_level":0.95,"lower_bound":7732039.3990357155,"upper_bound":7785514.796928576},"point_estimate":7754690.89714286,"standard_error":13878.562726870181},"median":{"confidence_interval":{"confidence_level":0.95,"lower_bound":7717503.857142857,"upper_bound":7729250.785714285},"point_estimate":7722536.857142857,"standard_error":3459.3353409808165},"median_abs_dev":{"confidence_interval":{"confidence_level":0.95,"lower_bound":20577.216834681178,"upper_bound":41886.374743868946},"point_estimate":31802.61663539059,"standard_error":5535.051504961299},"slope":null,"std_dev":{"confidence_interval":{"confidence_level":0.95,"lower_bound":41363.57877364248,"upper_bound":215680.9870701853},"point_estimate":139380.30567534338,"standard_error":46738.385386909686}}