{"mean":{"confidence_interval":{"confidence_level":0.95,"lower_bound":8037292.983678574,"upper_bound":8064516.934285714},"point_estimate":8050432.260000002,"standard_error":6946.366116742446},"median":{"confidence_interval":{"confidence_level":0.95,"lower_bound":8020231.785714285,"upper_bound":8055112.142857143},"point_estimate":8037587.857142856,"standard_error":8119.353568845552},"median_abs_dev":{"confidence_interval":{"confidence_level":0.95,"lower_bound":48263.28874315514,"upper_bound":80168.20477672956},"point_estimate":66294.88142303156,"standard_error":7809.280511096407},"slope":null,"std_dev":{"confidence_interval":{"confidence_level":0.95,"lower_bound":54036.55636595654,"upper_bound":88449.37903647264},"point_estimate":69902.2745993623,"standard_error":9257.502052509188}}