{"mean":{"confidence_interval":{"confidence_level":0.95,"lower_bound":-0.0013819297140013256,"upper_bound":0.0021010195375609714},"point_estimate":0.0003243291672538895,"standard_error":0.0008761974616965045},"median":{"confidence_interval":{"confidence_level":0.95,"lower_bound":-0.0017784870822157843,"upper_bound":0.0008304247166863732},"point_estimate":-0.0006584013722563675,"standard_error":0.0006910913512874805}}