{"mean":{"confidence_interval":{"confidence_level":0.95,"lower_bound":-0.006805856110753735,"upper_bound":-0.00297031695769648},"point_estimate":-0.0048442139832892694,"standard_error":0.0009785422635241266},"median":{"confidence_interval":{"confidence_level":0.95,"lower_bound":-0.00490311534930854,"upper_bound":-0.001979345916003572},"point_estimate":-0.0031335387316637764,"standard_error":0.0007274031113437097}}