{"mean":{"confidence_interval":{"confidence_level":0.95,"lower_bound":0.07537054039692101,"upper_bound":0.09791801874176634},"point_estimate":0.0866725582687633,"standard_error":0.005751011476284158},"median":{"confidence_interval":{"confidence_level":0.95,"lower_bound":0.07403487207491555,"upper_bound":0.11182912948994383},"point_estimate":0.10006041839576296,"standard_error":0.008852401835468674}}