{"mean":{"confidence_interval":{"confidence_level":0.95,"lower_bound":-0.01925781201742995,"upper_bound":-0.012074249496355254},"point_estimate":-0.015336805284069333,"standard_error":0.0018508027433520977},"median":{"confidence_interval":{"confidence_level":0.95,"lower_bound":-0.01190380866463292,"upper_bound":-0.009772656530505592},"point_estimate":-0.010902003431320195,"standard_error":0.0005089432184982838}}