{"mean":{"confidence_interval":{"confidence_level":0.95,"lower_bound":0.013973814392261247,"upper_bound":0.01683031068041342},"point_estimate":0.015422663029335704,"standard_error":0.0007296599900313268},"median":{"confidence_interval":{"confidence_level":0.95,"lower_bound":0.013892456700427491,"upper_bound":0.017545583574078538},"point_estimate":0.015786802885978224,"standard_error":0.0008921525485303273}}