{"mean":{"confidence_interval":{"confidence_level":0.95,"lower_bound":0.19983429301548838,"upper_bound":0.20822704178477625},"point_estimate":0.20421581493152097,"standard_error":0.0021492436057452885},"median":{"confidence_interval":{"confidence_level":0.95,"lower_bound":0.20319573488422638,"upper_bound":0.21301994572530658},"point_estimate":0.20886597566450904,"standard_error":0.0025506456263334467}}