{"mean":{"confidence_interval":{"confidence_level":0.95,"lower_bound":-0.14530816174277428,"upper_bound":-0.1373904269032582},"point_estimate":-0.14140539994680867,"standard_error":0.002024469227506139},"median":{"confidence_interval":{"confidence_level":0.95,"lower_bound":-0.15033400444028677,"upper_bound":-0.13786647806912955},"point_estimate":-0.14363606307899635,"standard_error":0.0034479645143310335}}