{"mean":{"confidence_interval":{"confidence_level":0.95,"lower_bound":-0.0010449905045746637,"upper_bound":0.003392549091045649},"point_estimate":0.0010474041407604329,"standard_error":0.0011196233332900405},"median":{"confidence_interval":{"confidence_level":0.95,"lower_bound":-0.0007381652487992882,"upper_bound":0.0019318449080893002},"point_estimate":0.0004244704495337537,"standard_error":0.000690575089552015}}