{"mean":{"confidence_interval":{"confidence_level":0.95,"lower_bound":-0.13522699159834975,"upper_bound":-0.11619169992642647},"point_estimate":-0.12562981498436232,"standard_error":0.004858855921429484},"median":{"confidence_interval":{"confidence_level":0.95,"lower_bound":-0.12927734359039977,"upper_bound":-0.10484481241376908},"point_estimate":-0.11591556425184746,"standard_error":0.006608454442787577}}