{"mean":{"confidence_interval":{"confidence_level":0.95,"lower_bound":0.22802910941523513,"upper_bound":0.2547237357191423},"point_estimate":0.24070288608734813,"standard_error":0.006906501636035896},"median":{"confidence_interval":{"confidence_level":0.95,"lower_bound":0.22263276920991126,"upper_bound":0.24273271180020384},"point_estimate":0.2299819086079664,"standard_error":0.005226534621011795}}