{"mean":{"confidence_interval":{"confidence_level":0.95,"lower_bound":0.009243661258362275,"upper_bound":0.01404864243555281},"point_estimate":0.011628763889685922,"standard_error":0.001221235364871899},"median":{"confidence_interval":{"confidence_level":0.95,"lower_bound":0.010939490886314962,"upper_bound":0.013258161987904415},"point_estimate":0.0124155231173948,"standard_error":0.0005690154126681449}}