{"mean":{"confidence_interval":{"confidence_level":0.95,"lower_bound":0.011280063174481105,"upper_bound":0.017297615517499282},"point_estimate":0.014327563635826879,"standard_error":0.0015385881443753327},"median":{"confidence_interval":{"confidence_level":0.95,"lower_bound":0.009108600424839075,"upper_bound":0.015411996359635971},"point_estimate":0.012554218960760366,"standard_error":0.0017162807505772875}}