{"mean":{"confidence_interval":{"confidence_level":0.95,"lower_bound":-0.0018702642234760258,"upper_bound":0.0018114106385966888},"point_estimate":-1.0282544299355934e-6,"standard_error":0.0009482206321327115},"median":{"confidence_interval":{"confidence_level":0.95,"lower_bound":-0.0010579135367578818,"upper_bound":0.0011766437873453972},"point_estimate":0.00025249199072385764,"standard_error":0.0005796786165170245}}