{"mean":{"confidence_interval":{"confidence_level":0.95,"lower_bound":0.20150954501269186,"upper_bound":0.22679372373810663},"point_estimate":0.21360825991569188,"standard_error":0.0063629478870676475},"median":{"confidence_interval":{"confidence_level":0.95,"lower_bound":0.19751456093333064,"upper_bound":0.2177906489623016},"point_estimate":0.20728888621567676,"standard_error":0.0066164417804465}}