{"mean":{"confidence_interval":{"confidence_level":0.95,"lower_bound":0.012065649705394933,"upper_bound":0.04030279873859807},"point_estimate":0.027506491770687314,"standard_error":0.007269933498736104},"median":{"confidence_interval":{"confidence_level":0.95,"lower_bound":0.03722006714993605,"upper_bound":0.048172752620333714},"point_estimate":0.04136891886015803,"standard_error":0.00267028227697799}}