{"mean":{"confidence_interval":{"confidence_level":0.95,"lower_bound":-0.0034631683774361734,"upper_bound":-0.0010714180203376502},"point_estimate":-0.0022369323910488292,"standard_error":0.0006098360654488787},"median":{"confidence_interval":{"confidence_level":0.95,"lower_bound":-0.002147620709396225,"upper_bound":-0.00044405219518528494},"point_estimate":-0.0012608659481961881,"standard_error":0.00044370040348969033}}