{"mean":{"confidence_interval":{"confidence_level":0.95,"lower_bound":-0.005657236510423672,"upper_bound":-0.0038293388757066763},"point_estimate":-0.004797873798801144,"standard_error":0.0004703910341036974},"median":{"confidence_interval":{"confidence_level":0.95,"lower_bound":-0.00593676911297325,"upper_bound":-0.004311924511609555},"point_estimate":-0.005269465423645481,"standard_error":0.00043309578269321556}}