{"mean":{"confidence_interval":{"confidence_level":0.95,"lower_bound":-0.00032155009099829845,"upper_bound":0.006085697328153354},"point_estimate":0.0024204675797003805,"standard_error":0.001627174906996633},"median":{"confidence_interval":{"confidence_level":0.95,"lower_bound":-0.0016584401401160687,"upper_bound":0.0013288684926970884},"point_estimate":-0.0003457809995004446,"standard_error":0.0008084776833195074}}