{"mean":{"confidence_interval":{"confidence_level":0.95,"lower_bound":0.00141584269869195,"upper_bound":0.01811552180233298},"point_estimate":0.007932690998828429,"standard_error":0.004419704620706603},"median":{"confidence_interval":{"confidence_level":0.95,"lower_bound":0.002350844693069903,"upper_bound":0.004979629581363998},"point_estimate":0.00359761878522713,"standard_error":0.0006452723306516623}}