{"mean":{"confidence_interval":{"confidence_level":0.95,"lower_bound":0.004129027191381629,"upper_bound":0.007496644879379315},"point_estimate":0.005793070194686001,"standard_error":0.0008493888795147534},"median":{"confidence_interval":{"confidence_level":0.95,"lower_bound":0.0038558934643526666,"upper_bound":0.00605079066740509},"point_estimate":0.005058865779617561,"standard_error":0.0005785178976466189}}