{"mean":{"confidence_interval":{"confidence_level":0.95,"lower_bound":-0.001670299934757266,"upper_bound":0.00147131318572759},"point_estimate":-0.00024305822922943143,"standard_error":0.000773490225756043},"median":{"confidence_interval":{"confidence_level":0.95,"lower_bound":-0.00275556543708375,"upper_bound":0.00004183559618220478},"point_estimate":-0.0012796254775394589,"standard_error":0.0007197791612020707}}