{"mean":{"confidence_interval":{"confidence_level":0.95,"lower_bound":0.20258044862324742,"upper_bound":0.2084648786070505},"point_estimate":0.20563128104116557,"standard_error":0.0014894157780995752},"median":{"confidence_interval":{"confidence_level":0.95,"lower_bound":0.20212980749658893,"upper_bound":0.2102708919860141},"point_estimate":0.20538392512648307,"standard_error":0.002030363106298178}}