{"mean":{"confidence_interval":{"confidence_level":0.95,"lower_bound":0.27314919719522623,"upper_bound":0.32407490238850745},"point_estimate":0.2969519677802732,"standard_error":0.012808613324887494},"median":{"confidence_interval":{"confidence_level":0.95,"lower_bound":0.24832779640026947,"upper_bound":0.29811864807561284},"point_estimate":0.2674759447295667,"standard_error":0.01262043770071449}}