{"mean":{"confidence_interval":{"confidence_level":0.95,"lower_bound":4688168.831409091,"upper_bound":4710507.155886363},"point_estimate":4698524.268181819,"standard_error":5722.699403132401},"median":{"confidence_interval":{"confidence_level":0.95,"lower_bound":4680559.909090909,"upper_bound":4697505.2727272725},"point_estimate":4687782.545454545,"standard_error":3803.5709468961204},"median_abs_dev":{"confidence_interval":{"confidence_level":0.95,"lower_bound":31201.855573328558,"upper_bound":50327.39523378235},"point_estimate":42826.85457603523,"standard_error":4921.793933477022},"slope":null,"std_dev":{"confidence_interval":{"confidence_level":0.95,"lower_bound":37997.72288352258,"upper_bound":78677.84505543327},"point_estimate":57367.87304487464,"standard_error":11288.072132155943}}