{"mean":{"confidence_interval":{"confidence_level":0.95,"lower_bound":6516121.99128125,"upper_bound":6521069.559875},"point_estimate":6518511.84125,"standard_error":1263.3023791219218},"median":{"confidence_interval":{"confidence_level":0.95,"lower_bound":6512992.1875,"upper_bound":6518113.875},"point_estimate":6515030.125,"standard_error":1373.2861091718034},"median_abs_dev":{"confidence_interval":{"confidence_level":0.95,"lower_bound":7195.703993188217,"upper_bound":12666.12956263125},"point_estimate":10402.199402824044,"standard_error":1333.417713766589},"slope":null,"std_dev":{"confidence_interval":{"confidence_level":0.95,"lower_bound":10233.125297540899,"upper_bound":15033.543522077873},"point_estimate":12707.365881069569,"standard_error":1228.1989471380216}}