{"mean":{"confidence_interval":{"confidence_level":0.95,"lower_bound":6521765.92765625,"upper_bound":6526492.887875},"point_estimate":6524010.1875,"standard_error":1207.0683984837246},"median":{"confidence_interval":{"confidence_level":0.95,"lower_bound":6518431.5625,"upper_bound":6522460.8125},"point_estimate":6520724.875,"standard_error":1091.0724473219718},"median_abs_dev":{"confidence_interval":{"confidence_level":0.95,"lower_bound":4935.848666746169,"upper_bound":9146.62255011499},"point_estimate":7046.334362402558,"standard_error":1119.884185769437},"slope":null,"std_dev":{"confidence_interval":{"confidence_level":0.95,"lower_bound":8848.164795873297,"upper_bound":15204.22461431509},"point_estimate":12117.845240090504,"standard_error":1629.7556601128795}}