{"mean":{"confidence_interval":{"confidence_level":0.95,"lower_bound":6510644.3213125,"upper_bound":6516098.662125},"point_estimate":6513106.5625,"standard_error":1399.2532724527189},"median":{"confidence_interval":{"confidence_level":0.95,"lower_bound":6508701.375,"upper_bound":6511169.125},"point_estimate":6510017.0625,"standard_error":625.0541617286813},"median_abs_dev":{"confidence_interval":{"confidence_level":0.95,"lower_bound":4607.45740570128,"upper_bound":7710.817138105631},"point_estimate":6324.95681270957,"standard_error":790.135634885382},"slope":null,"std_dev":{"confidence_interval":{"confidence_level":0.95,"lower_bound":7816.764630019516,"upper_bound":20171.431706848092},"point_estimate":14096.425537955625,"standard_error":3308.4011763822036}}