{"mean":{"confidence_interval":{"confidence_level":0.95,"lower_bound":6515497.291625,"upper_bound":6533531.472562499},"point_estimate":6523094.4875,"standard_error":4680.753353156412},"median":{"confidence_interval":{"confidence_level":0.95,"lower_bound":6512005.625,"upper_bound":6516810.5},"point_estimate":6514214.5625,"standard_error":1004.2533506006765},"median_abs_dev":{"confidence_interval":{"confidence_level":0.95,"lower_bound":6416.044048592448,"upper_bound":9962.423185631633},"point_estimate":8100.648268684745,"standard_error":899.5880610671549},"slope":null,"std_dev":{"confidence_interval":{"confidence_level":0.95,"lower_bound":10453.460817882107,"upper_bound":74728.86471518953},"point_estimate":47137.465972603364,"standard_error":16800.767063691554}}