{"mean":{"confidence_interval":{"confidence_level":0.95,"lower_bound":6510221.829124999,"upper_bound":6517004.798437499},"point_estimate":6513155.34875,"standard_error":1745.4195467633801},"median":{"confidence_interval":{"confidence_level":0.95,"lower_bound":6507720.875,"upper_bound":6511412.75},"point_estimate":6509958.1875,"standard_error":842.3197784447146},"median_abs_dev":{"confidence_interval":{"confidence_level":0.95,"lower_bound":4572.224807264285,"upper_bound":7324.945012768715},"point_estimate":6256.201238930225,"standard_error":717.1425829489292},"slope":null,"std_dev":{"confidence_interval":{"confidence_level":0.95,"lower_bound":7184.794603848927,"upper_bound":26986.4937383237},"point_estimate":17606.499236727428,"standard_error":5496.983934929578}}