{"mean":{"confidence_interval":{"confidence_level":0.95,"lower_bound":8765.145431052279,"upper_bound":8771.53384262008},"point_estimate":8768.282948640177,"standard_error":1.6289590538586034},"median":{"confidence_interval":{"confidence_level":0.95,"lower_bound":8762.932467532468,"upper_bound":8771.774025974026},"point_estimate":8766.885920897284,"standard_error":2.0013996726934415},"median_abs_dev":{"confidence_interval":{"confidence_level":0.95,"lower_bound":14.381679228145167,"upper_bound":21.668198615312253},"point_estimate":19.076908924216106,"standard_error":1.8537024734314205},"slope":{"confidence_interval":{"confidence_level":0.95,"lower_bound":8770.130307735157,"upper_bound":8777.656173766183},"point_estimate":8773.998388435859,"standard_error":1.9197573262076053},"std_dev":{"confidence_interval":{"confidence_level":0.95,"lower_bound":13.830241384050472,"upper_bound":19.20332384359227},"point_estimate":16.44183668342609,"standard_error":1.3903188218812257}}