{"mean":{"confidence_interval":{"confidence_level":0.95,"lower_bound":6625.18466638049,"upper_bound":6697.186182362236},"point_estimate":6652.598663189278,"standard_error":19.518860300740844},"median":{"confidence_interval":{"confidence_level":0.95,"lower_bound":6619.516666666666,"upper_bound":6645.191919191919},"point_estimate":6630.170925925926,"standard_error":5.7522895873363185},"median_abs_dev":{"confidence_interval":{"confidence_level":0.95,"lower_bound":34.89691561977268,"upper_bound":59.76294600566229},"point_estimate":44.23227199249818,"standard_error":6.380857419052667},"slope":{"confidence_interval":{"confidence_level":0.95,"lower_bound":6606.025899549914,"upper_bound":6679.623055930395},"point_estimate":6634.5833933303775,"standard_error":19.329343104934157},"std_dev":{"confidence_interval":{"confidence_level":0.95,"lower_bound":48.380137535642774,"upper_bound":326.29056073801684},"point_estimate":195.54766444566656,"standard_error":93.81531131823047}}