{"mean":{"confidence_interval":{"confidence_level":0.95,"lower_bound":3964.135779424665,"upper_bound":3981.8323642247205},"point_estimate":3972.722344360986,"standard_error":4.52519228460562},"median":{"confidence_interval":{"confidence_level":0.95,"lower_bound":3955.8083333333334,"upper_bound":3975.394968553459},"point_estimate":3966.091256830601,"standard_error":4.861533109936155},"median_abs_dev":{"confidence_interval":{"confidence_level":0.95,"lower_bound":29.606713039098103,"upper_bound":50.369062782537945},"point_estimate":40.84297062427381,"standard_error":5.312234633809222},"slope":{"confidence_interval":{"confidence_level":0.95,"lower_bound":3943.2241858609846,"upper_bound":3959.4251749267896},"point_estimate":3950.775772227969,"standard_error":4.142283768672576},"std_dev":{"confidence_interval":{"confidence_level":0.95,"lower_bound":35.551503934177425,"upper_bound":55.44103943800066},"point_estimate":45.73314316718788,"standard_error":5.109065803361974}}