{"mean":{"confidence_interval":{"confidence_level":0.95,"lower_bound":3969.6668506387614,"upper_bound":3987.14095325263},"point_estimate":3978.1424554940027,"standard_error":4.4510773321218275},"median":{"confidence_interval":{"confidence_level":0.95,"lower_bound":3958.4922394678492,"upper_bound":3982.829417773238},"point_estimate":3966.518250688705,"standard_error":6.491137494364609},"median_abs_dev":{"confidence_interval":{"confidence_level":0.95,"lower_bound":27.566635757123613,"upper_bound":46.430100259991384},"point_estimate":33.98130870510582,"standard_error":4.876390186365962},"slope":{"confidence_interval":{"confidence_level":0.95,"lower_bound":3960.6559426463045,"upper_bound":3983.59695848991},"point_estimate":3971.4467740505393,"standard_error":5.851943234390214},"std_dev":{"confidence_interval":{"confidence_level":0.95,"lower_bound":34.87920705254137,"upper_bound":54.51975414682332},"point_estimate":44.993782363064675,"standard_error":5.0919677003040045}}