{"mean":{"confidence_interval":{"confidence_level":0.95,"lower_bound":3967.3484729371144,"upper_bound":3999.33954681856},"point_estimate":3982.4336285447016,"standard_error":8.163396894663455},"median":{"confidence_interval":{"confidence_level":0.95,"lower_bound":3960.2804660941133,"upper_bound":3994.0719298245613},"point_estimate":3978.6742424242425,"standard_error":8.81055183155673},"median_abs_dev":{"confidence_interval":{"confidence_level":0.95,"lower_bound":41.04330927133535,"upper_bound":69.32417945068111},"point_estimate":49.5864439681495,"standard_error":7.251584746984023},"slope":{"confidence_interval":{"confidence_level":0.95,"lower_bound":3928.9248695333054,"upper_bound":3953.464635233533},"point_estimate":3940.5154991379736,"standard_error":6.280044294299708},"std_dev":{"confidence_interval":{"confidence_level":0.95,"lower_bound":53.31889873268728,"upper_bound":108.00585425077044},"point_estimate":81.95258476966531,"standard_error":14.072412644570306}}