{"mean":{"confidence_interval":{"confidence_level":0.95,"lower_bound":4084.803233883156,"upper_bound":4108.549898158157},"point_estimate":4096.670613156708,"standard_error":6.041886338465449},"median":{"confidence_interval":{"confidence_level":0.95,"lower_bound":4080.8916256157636,"upper_bound":4104.724553571428},"point_estimate":4092.748936170213,"standard_error":5.0151552840232565},"median_abs_dev":{"confidence_interval":{"confidence_level":0.95,"lower_bound":45.81726393024585,"upper_bound":72.41019981998308},"point_estimate":57.93175215412969,"standard_error":6.983199672620703},"slope":{"confidence_interval":{"confidence_level":0.95,"lower_bound":4057.285059009633,"upper_bound":4088.1635123269916},"point_estimate":4072.004102472081,"standard_error":7.875080389669437},"std_dev":{"confidence_interval":{"confidence_level":0.95,"lower_bound":51.967620252472344,"upper_bound":68.94196568256278},"point_estimate":60.905101070164186,"standard_error":4.342839189664726}}