{"mean":{"confidence_interval":{"confidence_level":0.95,"lower_bound":4007.8277414396457,"upper_bound":4025.772796949114},"point_estimate":4016.0409503144365,"standard_error":4.584306025192288},"median":{"confidence_interval":{"confidence_level":0.95,"lower_bound":3999.573335394764,"upper_bound":4014.7450980392155},"point_estimate":4007.393409620682,"standard_error":3.7703436715539866},"median_abs_dev":{"confidence_interval":{"confidence_level":0.95,"lower_bound":18.770456572658624,"upper_bound":28.89471033231139},"point_estimate":22.594824384303045,"standard_error":2.6603774849165687},"slope":{"confidence_interval":{"confidence_level":0.95,"lower_bound":4002.2919420296607,"upper_bound":4020.5198259378676},"point_estimate":4010.7064607654797,"standard_error":4.6460754506510185},"std_dev":{"confidence_interval":{"confidence_level":0.95,"lower_bound":23.940558506994662,"upper_bound":64.54205946433072},"point_estimate":46.563298650385725,"standard_error":10.35357072863511}}