{"mean":{"confidence_interval":{"confidence_level":0.95,"lower_bound":22650.72763594356,"upper_bound":23219.713354619947},"point_estimate":22904.53950964831,"standard_error":146.03552221256905},"median":{"confidence_interval":{"confidence_level":0.95,"lower_bound":22367.09677419355,"upper_bound":22651.480307531016},"point_estimate":22493.344910625623,"standard_error":70.1944247887692},"median_abs_dev":{"confidence_interval":{"confidence_level":0.95,"lower_bound":393.31997824093713,"upper_bound":749.6013569532194},"point_estimate":555.5698783802109,"standard_error":94.77697487054589},"slope":{"confidence_interval":{"confidence_level":0.95,"lower_bound":22736.007226196478,"upper_bound":23187.9081661746},"point_estimate":22940.63903886508,"standard_error":115.76918237827093},"std_dev":{"confidence_interval":{"confidence_level":0.95,"lower_bound":774.9524099936685,"upper_bound":2139.1462956714504},"point_estimate":1471.6445567060746,"standard_error":369.3687297338666}}