{"mean":{"confidence_interval":{"confidence_level":0.95,"lower_bound":7447.308563902714,"upper_bound":7456.912645440221},"point_estimate":7451.882816738545,"standard_error":2.4474238380186475},"median":{"confidence_interval":{"confidence_level":0.95,"lower_bound":7442.979508196721,"upper_bound":7449.780289727832},"point_estimate":7446.243371212121,"standard_error":1.6134194740254002},"median_abs_dev":{"confidence_interval":{"confidence_level":0.95,"lower_bound":12.933919203490822,"upper_bound":24.133152279794942},"point_estimate":18.54958385728217,"standard_error":2.7688564697957023},"slope":{"confidence_interval":{"confidence_level":0.95,"lower_bound":7439.15532091057,"upper_bound":7447.658657415228},"point_estimate":7443.246707551352,"standard_error":2.176902791426818},"std_dev":{"confidence_interval":{"confidence_level":0.95,"lower_bound":18.42117349776586,"upper_bound":31.234381101997773},"point_estimate":24.600480177267354,"standard_error":3.3939473712192005}}