{"mean":{"confidence_interval":{"confidence_level":0.95,"lower_bound":4049.321776679202,"upper_bound":4071.4349923987},"point_estimate":4059.9534227452746,"standard_error":5.648713926249353},"median":{"confidence_interval":{"confidence_level":0.95,"lower_bound":4044.9285714285716,"upper_bound":4063.7443064182194},"point_estimate":4055.1538331071915,"standard_error":4.519804863804836},"median_abs_dev":{"confidence_interval":{"confidence_level":0.95,"lower_bound":34.252050976005755,"upper_bound":53.59676497791089},"point_estimate":44.138203403075416,"standard_error":4.908032037723686},"slope":{"confidence_interval":{"confidence_level":0.95,"lower_bound":4058.9603983308157,"upper_bound":4094.5252045668926},"point_estimate":4075.2065025649686,"standard_error":9.108832751818781},"std_dev":{"confidence_interval":{"confidence_level":0.95,"lower_bound":41.53285430838124,"upper_bound":70.97103906677553},"point_estimate":56.71051884104275,"standard_error":7.570924101105087}}