{"mean":{"confidence_interval":{"confidence_level":0.95,"lower_bound":4028.328423353875,"upper_bound":4056.628309995261},"point_estimate":4041.708126038413,"standard_error":7.254886366724842},"median":{"confidence_interval":{"confidence_level":0.95,"lower_bound":4026.9502164502164,"upper_bound":4050.917451596023},"point_estimate":4037.0990456911513,"standard_error":6.642455800215561},"median_abs_dev":{"confidence_interval":{"confidence_level":0.95,"lower_bound":39.603952978281576,"upper_bound":67.46933005218013},"point_estimate":50.43759698852273,"standard_error":7.066064457838034},"slope":{"confidence_interval":{"confidence_level":0.95,"lower_bound":4015.9226679245166,"upper_bound":4068.4873617116773},"point_estimate":4038.701257784627,"standard_error":13.440933235617717},"std_dev":{"confidence_interval":{"confidence_level":0.95,"lower_bound":47.26295763431749,"upper_bound":98.80971633098947},"point_estimate":72.99619131600599,"standard_error":13.550622030131297}}