{"mean":{"confidence_interval":{"confidence_level":0.95,"lower_bound":5238.232387272459,"upper_bound":5248.72702946426},"point_estimate":5242.663289997869,"standard_error":2.708363832906431},"median":{"confidence_interval":{"confidence_level":0.95,"lower_bound":5238.559523809524,"upper_bound":5243.981481481482},"point_estimate":5241.433059587472,"standard_error":1.4481627495048035},"median_abs_dev":{"confidence_interval":{"confidence_level":0.95,"lower_bound":9.129858438842914,"upper_bound":17.116977640599},"point_estimate":12.801228582892708,"standard_error":2.0639548696294137},"slope":{"confidence_interval":{"confidence_level":0.95,"lower_bound":5230.802776463516,"upper_bound":5239.850410456792},"point_estimate":5234.83324473812,"standard_error":2.3191436429474264},"std_dev":{"confidence_interval":{"confidence_level":0.95,"lower_bound":12.287807395491328,"upper_bound":42.53578441205928},"point_estimate":27.120662947174758,"standard_error":9.712730330738353}}