{"mean":{"confidence_interval":{"confidence_level":0.95,"lower_bound":4002.5907031356055,"upper_bound":4026.099758420283},"point_estimate":4013.856426112768,"standard_error":5.9820853456215435},"median":{"confidence_interval":{"confidence_level":0.95,"lower_bound":4001.818181818182,"upper_bound":4026.120629370629},"point_estimate":4015.008118318463,"standard_error":5.650151118741018},"median_abs_dev":{"confidence_interval":{"confidence_level":0.95,"lower_bound":35.52630373497286,"upper_bound":54.72017972283984},"point_estimate":46.3770910646736,"standard_error":4.74997832665857},"slope":{"confidence_interval":{"confidence_level":0.95,"lower_bound":3980.7110932002806,"upper_bound":4015.6264578954924},"point_estimate":3997.9591192552093,"standard_error":8.938333338875747},"std_dev":{"confidence_interval":{"confidence_level":0.95,"lower_bound":44.10384419172325,"upper_bound":79.10465932099345},"point_estimate":60.06835456812191,"standard_error":9.521263085210188}}