{"mean":{"confidence_interval":{"confidence_level":0.95,"lower_bound":6298.2939698176915,"upper_bound":6364.294846596879},"point_estimate":6330.272227548516,"standard_error":16.859850539293923},"median":{"confidence_interval":{"confidence_level":0.95,"lower_bound":6253.5363372093025,"upper_bound":6367.147916666667},"point_estimate":6311.951667393199,"standard_error":28.006611082031},"median_abs_dev":{"confidence_interval":{"confidence_level":0.95,"lower_bound":127.64987210876198,"upper_bound":193.92109951229128},"point_estimate":153.43914555465392,"standard_error":17.115649620910162},"slope":{"confidence_interval":{"confidence_level":0.95,"lower_bound":6340.408856399132,"upper_bound":6410.721113562631},"point_estimate":6375.478183648589,"standard_error":17.957544508046954},"std_dev":{"confidence_interval":{"confidence_level":0.95,"lower_bound":127.87193565443174,"upper_bound":223.33029769507428},"point_estimate":170.76063012120483,"standard_error":27.06588724678452}}