{"mean":{"confidence_interval":{"confidence_level":0.95,"lower_bound":3992.874238918268,"upper_bound":4012.3932544238155},"point_estimate":4002.8239499851716,"standard_error":4.9906156906612775},"median":{"confidence_interval":{"confidence_level":0.95,"lower_bound":3999.446524064171,"upper_bound":4014.1310160427806},"point_estimate":4006.939191331924,"standard_error":4.170062242600611},"median_abs_dev":{"confidence_interval":{"confidence_level":0.95,"lower_bound":22.43987634986411,"upper_bound":35.58794444599232},"point_estimate":30.123435443003554,"standard_error":3.2853771501095745},"slope":{"confidence_interval":{"confidence_level":0.95,"lower_bound":3963.350759813307,"upper_bound":3999.6646333297376},"point_estimate":3981.233357604417,"standard_error":9.263897792851909},"std_dev":{"confidence_interval":{"confidence_level":0.95,"lower_bound":39.53042487750271,"upper_bound":59.12205544222335},"point_estimate":49.956173891403616,"standard_error":4.967000950001129}}