{"mean":{"confidence_interval":{"confidence_level":0.95,"lower_bound":6578.036499186048,"upper_bound":6606.994841101009},"point_estimate":6592.247943432125,"standard_error":7.42419649751699},"median":{"confidence_interval":{"confidence_level":0.95,"lower_bound":6548.211111111111,"upper_bound":6603.198742138365},"point_estimate":6583.364791666667,"standard_error":14.394437235626242},"median_abs_dev":{"confidence_interval":{"confidence_level":0.95,"lower_bound":54.31828134334978,"upper_bound":92.9639441107871},"point_estimate":76.58621007971685,"standard_error":9.932725972542366},"slope":{"confidence_interval":{"confidence_level":0.95,"lower_bound":6612.684868223676,"upper_bound":6642.466543690215},"point_estimate":6627.973279345845,"standard_error":7.5708553478105935},"std_dev":{"confidence_interval":{"confidence_level":0.95,"lower_bound":64.08864930828275,"upper_bound":83.70365708920755},"point_estimate":74.60463617950694,"standard_error":4.988038474560604}}