{"mean":{"confidence_interval":{"confidence_level":0.95,"lower_bound":8772.54390833671,"upper_bound":8778.984216747205},"point_estimate":8775.690411914784,"standard_error":1.6450608082418263},"median":{"confidence_interval":{"confidence_level":0.95,"lower_bound":8770.78409090909,"upper_bound":8777.590286425902},"point_estimate":8773.112830967482,"standard_error":1.6204225516537039},"median_abs_dev":{"confidence_interval":{"confidence_level":0.95,"lower_bound":12.317888392078382,"upper_bound":19.262665117410158},"point_estimate":16.387953810535997,"standard_error":1.9331253018146368},"slope":{"confidence_interval":{"confidence_level":0.95,"lower_bound":8776.757558153462,"upper_bound":8785.897887863435},"point_estimate":8781.082666953262,"standard_error":2.3310587843620274},"std_dev":{"confidence_interval":{"confidence_level":0.95,"lower_bound":13.29364781982077,"upper_bound":19.95812547441351},"point_estimate":16.58742801548642,"standard_error":1.7212857784845075}}