{"mean":{"confidence_interval":{"confidence_level":0.95,"lower_bound":3738.8045065311644,"upper_bound":3767.6155229828564},"point_estimate":3753.02706411723,"standard_error":7.38052598115418},"median":{"confidence_interval":{"confidence_level":0.95,"lower_bound":3722.608024691358,"upper_bound":3749.3500000000004},"point_estimate":3737.8374443843195,"standard_error":7.086716268425707},"median_abs_dev":{"confidence_interval":{"confidence_level":0.95,"lower_bound":38.38325072899972,"upper_bound":72.70604019471696},"point_estimate":50.01855069221254,"standard_error":8.410913317323507},"slope":{"confidence_interval":{"confidence_level":0.95,"lower_bound":3730.756606727174,"upper_bound":3771.032270753436},"point_estimate":3750.102030195557,"standard_error":10.290119321925095},"std_dev":{"confidence_interval":{"confidence_level":0.95,"lower_bound":61.099403714644794,"upper_bound":85.93863966980885},"point_estimate":74.30032932009087,"standard_error":6.35475026141355}}