{"mean":{"confidence_interval":{"confidence_level":0.95,"lower_bound":4089.431370191303,"upper_bound":4128.2169397483785},"point_estimate":4107.884572467539,"standard_error":9.888262625543113},"median":{"confidence_interval":{"confidence_level":0.95,"lower_bound":4080.5378151260506,"upper_bound":4106.858187134503},"point_estimate":4093.1062925170068,"standard_error":7.658351073973958},"median_abs_dev":{"confidence_interval":{"confidence_level":0.95,"lower_bound":45.66559983555742,"upper_bound":81.38601907141341},"point_estimate":67.7603769026025,"standard_error":9.20853620381838},"slope":{"confidence_interval":{"confidence_level":0.95,"lower_bound":4051.804062327225,"upper_bound":4084.3720462362553},"point_estimate":4067.2066416854905,"standard_error":8.275308300888915},"std_dev":{"confidence_interval":{"confidence_level":0.95,"lower_bound":71.04183179014518,"upper_bound":125.09240183064503},"point_estimate":99.59955192691181,"standard_error":13.852867797694625}}