{"mean":{"confidence_interval":{"confidence_level":0.95,"lower_bound":3972.7691544454487,"upper_bound":3995.1368405281314},"point_estimate":3983.429712374387,"standard_error":5.698963230639782},"median":{"confidence_interval":{"confidence_level":0.95,"lower_bound":3968.9529837251357,"upper_bound":3992.287726358149},"point_estimate":3980.649662837163,"standard_error":5.895762610298563},"median_abs_dev":{"confidence_interval":{"confidence_level":0.95,"lower_bound":37.998350718274565,"upper_bound":57.67313897609724},"point_estimate":46.65370814317843,"standard_error":4.938150482110741},"slope":{"confidence_interval":{"confidence_level":0.95,"lower_bound":3953.740581779452,"upper_bound":3978.30667670916},"point_estimate":3965.446124680698,"standard_error":6.241549505529286},"std_dev":{"confidence_interval":{"confidence_level":0.95,"lower_bound":41.26835770641282,"upper_bound":73.50339605110503},"point_estimate":57.2502327843994,"standard_error":8.346245060037228}}