{"mean":{"confidence_interval":{"confidence_level":0.95,"lower_bound":4051.36880417343,"upper_bound":4064.984272334286},"point_estimate":4058.0476949218887,"standard_error":3.4836989850965816},"median":{"confidence_interval":{"confidence_level":0.95,"lower_bound":4043.970238095238,"upper_bound":4058.214425067686},"point_estimate":4049.3842610182373,"standard_error":4.0514534105511695},"median_abs_dev":{"confidence_interval":{"confidence_level":0.95,"lower_bound":21.756063100594385,"upper_bound":37.96801665769271},"point_estimate":29.867872546662234,"standard_error":4.103888505092404},"slope":{"confidence_interval":{"confidence_level":0.95,"lower_bound":4045.0764143732795,"upper_bound":4064.865412185818},"point_estimate":4054.398694504845,"standard_error":5.053781421258008},"std_dev":{"confidence_interval":{"confidence_level":0.95,"lower_bound":29.127780087131423,"upper_bound":40.34595322790306},"point_estimate":35.09887130583682,"standard_error":2.8559525841890316}}