{"mean":{"confidence_interval":{"confidence_level":0.95,"lower_bound":4020.27132239624,"upper_bound":4049.3330946462224},"point_estimate":4033.4923092273766,"standard_error":7.435289443758621},"median":{"confidence_interval":{"confidence_level":0.95,"lower_bound":4007.6497695852536,"upper_bound":4031.086956521739},"point_estimate":4020.784415584416,"standard_error":6.367704092533001},"median_abs_dev":{"confidence_interval":{"confidence_level":0.95,"lower_bound":30.442979736026892,"upper_bound":50.99232360972422},"point_estimate":39.7882629586853,"standard_error":5.317197325237913},"slope":{"confidence_interval":{"confidence_level":0.95,"lower_bound":4004.3488786112066,"upper_bound":4039.3990844984673},"point_estimate":4019.030590048344,"standard_error":9.073023832193261},"std_dev":{"confidence_interval":{"confidence_level":0.95,"lower_bound":42.03444082072743,"upper_bound":102.93055600572809},"point_estimate":74.35810857192936,"standard_error":15.821073656811246}}