{"mean":{"confidence_interval":{"confidence_level":0.95,"lower_bound":6535.156206126404,"upper_bound":6571.664904137832},"point_estimate":6552.986004639695,"standard_error":9.365656178607997},"median":{"confidence_interval":{"confidence_level":0.95,"lower_bound":6496.883660130719,"upper_bound":6573.292444444444},"point_estimate":6526.7716666666665,"standard_error":18.624659441472037},"median_abs_dev":{"confidence_interval":{"confidence_level":0.95,"lower_bound":56.498114433996044,"upper_bound":123.9101760927081},"point_estimate":94.15745332837086,"standard_error":16.7541914758859},"slope":{"confidence_interval":{"confidence_level":0.95,"lower_bound":6581.2784575393,"upper_bound":6625.046784856225},"point_estimate":6603.232696320379,"standard_error":11.181876154288725},"std_dev":{"confidence_interval":{"confidence_level":0.95,"lower_bound":78.98462300533403,"upper_bound":107.71497123279411},"point_estimate":93.7101871484308,"standard_error":7.359656925260733}}