{"mean":{"confidence_interval":{"confidence_level":0.95,"lower_bound":43630041.120625004,"upper_bound":43830152.391499996},"point_estimate":43725210.675,"standard_error":51120.64362430951},"median":{"confidence_interval":{"confidence_level":0.95,"lower_bound":43551712.0,"upper_bound":43817959.5},"point_estimate":43693315.75,"standard_error":55301.85222872181},"median_abs_dev":{"confidence_interval":{"confidence_level":0.95,"lower_bound":363821.23986963194,"upper_bound":519785.0954219699},"point_estimate":458731.2578558922,"standard_error":38131.497757134646},"slope":null,"std_dev":{"confidence_interval":{"confidence_level":0.95,"lower_bound":368328.05973211577,"upper_bound":689366.4082947236},"point_estimate":514992.0444900066,"standard_error":89037.99123308051}}