{"mean":{"confidence_interval":{"confidence_level":0.95,"lower_bound":124766718.41175,"upper_bound":126140535.15275},"point_estimate":125447130.42,"standard_error":349889.2766302998},"median":{"confidence_interval":{"confidence_level":0.95,"lower_bound":123886260.0,"upper_bound":125561664.5},"point_estimate":124657413.5,"standard_error":410371.41292469046},"median_abs_dev":{"confidence_interval":{"confidence_level":0.95,"lower_bound":2018855.6799231472,"upper_bound":4355514.003074169},"point_estimate":2995447.2107201815,"standard_error":579548.1863621352},"slope":null,"std_dev":{"confidence_interval":{"confidence_level":0.95,"lower_bound":3077293.7829705556,"upper_bound":3875134.9369534235},"point_estimate":3506071.877504954,"standard_error":204278.95897071555}}