{"mean":{"confidence_interval":{"confidence_level":0.95,"lower_bound":122224266.13575,"upper_bound":123545373.252},"point_estimate":122868577.3,"standard_error":337327.2400635764},"median":{"confidence_interval":{"confidence_level":0.95,"lower_bound":121494217.0,"upper_bound":122786655.0},"point_estimate":122003124.5,"standard_error":288406.0865719572},"median_abs_dev":{"confidence_interval":{"confidence_level":0.95,"lower_bound":2001744.956561923,"upper_bound":3603205.711430311},"point_estimate":2911351.9163131714,"standard_error":427081.26299011084},"slope":null,"std_dev":{"confidence_interval":{"confidence_level":0.95,"lower_bound":2816976.4610724174,"upper_bound":3898559.4137517554},"point_estimate":3394185.228061527,"standard_error":276946.36040984583}}