{"mean":{"confidence_interval":{"confidence_level":0.95,"lower_bound":125627064.86150001,"upper_bound":127119425.01325},"point_estimate":126366629.34,"standard_error":379952.6169373644},"median":{"confidence_interval":{"confidence_level":0.95,"lower_bound":124915023.0,"upper_bound":127006593.0},"point_estimate":125635780.0,"standard_error":629021.4107009342},"median_abs_dev":{"confidence_interval":{"confidence_level":0.95,"lower_bound":2708512.9661142826,"upper_bound":4811244.478583336},"point_estimate":3438766.8418496847,"standard_error":545975.1442346531},"slope":null,"std_dev":{"confidence_interval":{"confidence_level":0.95,"lower_bound":3291813.0020372807,"upper_bound":4288418.646937044},"point_estimate":3812323.8004627167,"standard_error":253661.15332639526}}