{"mean":{"confidence_interval":{"confidence_level":0.95,"lower_bound":85405039.03375,"upper_bound":86091533.89125},"point_estimate":85745953.71,"standard_error":175260.3038227317},"median":{"confidence_interval":{"confidence_level":0.95,"lower_bound":84726116.0,"upper_bound":85620760.0},"point_estimate":84890215.0,"standard_error":242356.10867688584},"median_abs_dev":{"confidence_interval":{"confidence_level":0.95,"lower_bound":1057235.3695303202,"upper_bound":2483859.039902687},"point_estimate":1384517.0898199081,"standard_error":367720.35706253076},"slope":null,"std_dev":{"confidence_interval":{"confidence_level":0.95,"lower_bound":1597706.2020216007,"upper_bound":1885304.2959863252},"point_estimate":1761118.4588223167,"standard_error":73241.43498898145}}