{"mean":{"confidence_interval":{"confidence_level":0.95,"lower_bound":224040280.4885,"upper_bound":224361485.60875},"point_estimate":224203893.64,"standard_error":81918.09390818457},"median":{"confidence_interval":{"confidence_level":0.95,"lower_bound":224160605.5,"upper_bound":224484624.0},"point_estimate":224323099.0,"standard_error":91559.06346803375},"median_abs_dev":{"confidence_interval":{"confidence_level":0.95,"lower_bound":446966.8270647526,"upper_bound":870276.3252595059},"point_estimate":614210.775795579,"standard_error":113351.36734751695},"slope":null,"std_dev":{"confidence_interval":{"confidence_level":0.95,"lower_bound":667718.8490574261,"upper_bound":974576.4662521676},"point_estimate":824172.159192024,"standard_error":78533.03643693423}}