{"mean":{"confidence_interval":{"confidence_level":0.95,"lower_bound":113213382.39325,"upper_bound":113706179.91675},"point_estimate":113462120.63,"standard_error":125152.53986235456},"median":{"confidence_interval":{"confidence_level":0.95,"lower_bound":113403403.0,"upper_bound":113816808.5},"point_estimate":113588005.5,"standard_error":96541.53257473279},"median_abs_dev":{"confidence_interval":{"confidence_level":0.95,"lower_bound":776889.799207449,"upper_bound":1483785.6274100393},"point_estimate":1121403.7789911032,"standard_error":196204.14570595443},"slope":null,"std_dev":{"confidence_interval":{"confidence_level":0.95,"lower_bound":1080259.6243448532,"upper_bound":1415983.5530067694},"point_estimate":1257509.4796745381,"standard_error":85613.37967628775}}