{"mean":{"confidence_interval":{"confidence_level":0.95,"lower_bound":202432715.0205,"upper_bound":207135621.86975},"point_estimate":204837795.24,"standard_error":1200327.9471355444},"median":{"confidence_interval":{"confidence_level":0.95,"lower_bound":205124718.0,"upper_bound":207468805.0},"point_estimate":206303309.5,"standard_error":624998.84740163},"median_abs_dev":{"confidence_interval":{"confidence_level":0.95,"lower_bound":4912697.312182188,"upper_bound":9245188.76156509},"point_estimate":7398876.621043682,"standard_error":1109544.7272221555},"slope":null,"std_dev":{"confidence_interval":{"confidence_level":0.95,"lower_bound":9060670.119209176,"upper_bound":14707322.54211482},"point_estimate":12071848.136353685,"standard_error":1443749.5538288055}}