{"mean":{"confidence_interval":{"confidence_level":0.95,"lower_bound":44290687.71375,"upper_bound":44611804.623875},"point_estimate":44450135.505,"standard_error":82022.89337980778},"median":{"confidence_interval":{"confidence_level":0.95,"lower_bound":44137498.5,"upper_bound":44587228.5},"point_estimate":44447422.5,"standard_error":124494.65099294749},"median_abs_dev":{"confidence_interval":{"confidence_level":0.95,"lower_bound":766639.844289422,"upper_bound":1163016.2831023335},"point_estimate":993818.2676061988,"standard_error":104543.585849599},"slope":null,"std_dev":{"confidence_interval":{"confidence_level":0.95,"lower_bound":721390.8912818569,"upper_bound":917127.4204915604},"point_estimate":823297.0197947007,"standard_error":50005.19090202638}}