{"mean":{"confidence_interval":{"confidence_level":0.95,"lower_bound":199981805.33725,"upper_bound":200253182.78325},"point_estimate":200115781.61,"standard_error":69096.14356741676},"median":{"confidence_interval":{"confidence_level":0.95,"lower_bound":199860030.5,"upper_bound":200270461.0},"point_estimate":200064701.0,"standard_error":97460.94361130314},"median_abs_dev":{"confidence_interval":{"confidence_level":0.95,"lower_bound":638120.702636093,"upper_bound":945333.9126169682},"point_estimate":836630.4238468409,"standard_error":80651.53334673915},"slope":null,"std_dev":{"confidence_interval":{"confidence_level":0.95,"lower_bound":598894.1295364916,"upper_bound":778222.6053861883},"point_estimate":691862.2664958143,"standard_error":45817.15762064856}}