{"mean":{"confidence_interval":{"confidence_level":0.95,"lower_bound":44232185.8165,"upper_bound":44387205.56},"point_estimate":44308706.4,"standard_error":39522.26865222627},"median":{"confidence_interval":{"confidence_level":0.95,"lower_bound":44164480.5,"upper_bound":44338116.5},"point_estimate":44242408.75,"standard_error":50605.31300689808},"median_abs_dev":{"confidence_interval":{"confidence_level":0.95,"lower_bound":271528.54827940464,"upper_bound":448322.2940906882},"point_estimate":363927.5144889951,"standard_error":44967.15680864346},"slope":null,"std_dev":{"confidence_interval":{"confidence_level":0.95,"lower_bound":333385.83920765814,"upper_bound":457288.29063360114},"point_estimate":398791.30860749556,"standard_error":31664.101931345118}}