{"mean":{"confidence_interval":{"confidence_level":0.95,"lower_bound":48952555.785,"upper_bound":49272542.03},"point_estimate":49107802.76,"standard_error":81323.63757375132},"median":{"confidence_interval":{"confidence_level":0.95,"lower_bound":49042444.0,"upper_bound":49341600.0},"point_estimate":49190876.0,"standard_error":66581.56280272226},"median_abs_dev":{"confidence_interval":{"confidence_level":0.95,"lower_bound":509386.5098565817,"upper_bound":920636.7622554302},"point_estimate":658715.0911554694,"standard_error":104837.74636240568},"slope":null,"std_dev":{"confidence_interval":{"confidence_level":0.95,"lower_bound":630043.162077022,"upper_bound":1032647.4102449259},"point_estimate":815251.279009694,"standard_error":107283.61520085068}}