{"mean":{"confidence_interval":{"confidence_level":0.95,"lower_bound":43357925.387,"upper_bound":43509711.885},"point_estimate":43431382.77,"standard_error":38593.35722961003},"median":{"confidence_interval":{"confidence_level":0.95,"lower_bound":43323165.0,"upper_bound":43459733.75},"point_estimate":43385427.5,"standard_error":34969.04289103613},"median_abs_dev":{"confidence_interval":{"confidence_level":0.95,"lower_bound":223053.4595400095,"upper_bound":415007.1607321501},"point_estimate":342089.1875267029,"standard_error":46781.85816945947},"slope":null,"std_dev":{"confidence_interval":{"confidence_level":0.95,"lower_bound":297674.1392131078,"upper_bound":484065.469157266},"point_estimate":386571.2418723546,"standard_error":49202.73752375468}}