{"mean":{"confidence_interval":{"confidence_level":0.95,"lower_bound":114013740.40275,"upper_bound":114334595.92925},"point_estimate":114172869.28,"standard_error":82138.80102550355},"median":{"confidence_interval":{"confidence_level":0.95,"lower_bound":113929320.0,"upper_bound":114372929.0},"point_estimate":114094224.0,"standard_error":107721.66901116495},"median_abs_dev":{"confidence_interval":{"confidence_level":0.95,"lower_bound":616995.8213136345,"upper_bound":1144067.543488741},"point_estimate":857622.556874156,"standard_error":138737.66419215794},"slope":null,"std_dev":{"confidence_interval":{"confidence_level":0.95,"lower_bound":727788.5234636638,"upper_bound":915299.0375906682},"point_estimate":827396.9850310104,"standard_error":48081.68132324721}}