{"mean":{"confidence_interval":{"confidence_level":0.95,"lower_bound":94193412.93924999,"upper_bound":94935299.72350001},"point_estimate":94557989.53,"standard_error":188844.10177753947},"median":{"confidence_interval":{"confidence_level":0.95,"lower_bound":93788935.0,"upper_bound":94690124.0},"point_estimate":94129845.0,"standard_error":241565.8225644215},"median_abs_dev":{"confidence_interval":{"confidence_level":0.95,"lower_bound":1420059.4404564053,"upper_bound":2249683.115360141},"point_estimate":1748294.4910615683,"standard_error":202656.43407161406},"slope":null,"std_dev":{"confidence_interval":{"confidence_level":0.95,"lower_bound":1603101.7393478435,"upper_bound":2164360.155394631},"point_estimate":1901214.4693832016,"standard_error":143919.41764586366}}