{"mean":{"confidence_interval":{"confidence_level":0.95,"lower_bound":43635678.26,"upper_bound":43821365.19525},"point_estimate":43725747.785,"standard_error":47278.95817536589},"median":{"confidence_interval":{"confidence_level":0.95,"lower_bound":43555986.5,"upper_bound":43779114.25},"point_estimate":43602655.25,"standard_error":62000.31712636794},"median_abs_dev":{"confidence_interval":{"confidence_level":0.95,"lower_bound":347938.41507285833,"upper_bound":531131.4330205321},"point_estimate":444740.7032042742,"standard_error":48675.14358487783},"slope":null,"std_dev":{"confidence_interval":{"confidence_level":0.95,"lower_bound":384543.5918568146,"upper_bound":557483.7873454434},"point_estimate":476543.49304584425,"standard_error":44232.10363647658}}