{"mean":{"confidence_interval":{"confidence_level":0.95,"lower_bound":84652457.74,"upper_bound":85163828.34475},"point_estimate":84903167.51,"standard_error":130612.7419651414},"median":{"confidence_interval":{"confidence_level":0.95,"lower_bound":84197798.0,"upper_bound":85050753.0},"point_estimate":84708700.5,"standard_error":228232.49000737042},"median_abs_dev":{"confidence_interval":{"confidence_level":0.95,"lower_bound":1010098.32726717,"upper_bound":1746587.2771918774},"point_estimate":1315373.0748474598,"standard_error":190531.47767376417},"slope":null,"std_dev":{"confidence_interval":{"confidence_level":0.95,"lower_bound":1135475.6093184177,"upper_bound":1468350.0397522454},"point_estimate":1313371.0013635664,"standard_error":85373.29704477204}}