{"mean":{"confidence_interval":{"confidence_level":0.95,"lower_bound":96241799.45025,"upper_bound":96512901.5555},"point_estimate":96374480.42,"standard_error":69634.68710205641},"median":{"confidence_interval":{"confidence_level":0.95,"lower_bound":96135857.0,"upper_bound":96430931.0},"point_estimate":96295302.0,"standard_error":75861.10876787381},"median_abs_dev":{"confidence_interval":{"confidence_level":0.95,"lower_bound":507798.6452847719,"upper_bound":805067.7236571895},"point_estimate":643538.827174902,"standard_error":74865.44745356265},"slope":null,"std_dev":{"confidence_interval":{"confidence_level":0.95,"lower_bound":584644.5262818737,"upper_bound":817077.261050666},"point_estimate":703077.3415245983,"standard_error":59338.783757790974}}