{"mean":{"confidence_interval":{"confidence_level":0.95,"lower_bound":104067761.5545,"upper_bound":105702101.68450001},"point_estimate":104850151.83,"standard_error":416424.4554181758},"median":{"confidence_interval":{"confidence_level":0.95,"lower_bound":102896807.0,"upper_bound":104330348.0},"point_estimate":103765647.0,"standard_error":399234.04769988987},"median_abs_dev":{"confidence_interval":{"confidence_level":0.95,"lower_bound":2155116.9586390257,"upper_bound":3753806.7341566086},"point_estimate":2930645.7310706377,"standard_error":411170.5569664183},"slope":null,"std_dev":{"confidence_interval":{"confidence_level":0.95,"lower_bound":3300196.090728842,"upper_bound":4959043.576124699},"point_estimate":4188190.517347582,"standard_error":424080.1818920093}}