{"mean":{"confidence_interval":{"confidence_level":0.95,"lower_bound":81867480.04675,"upper_bound":82980006.77625},"point_estimate":82394947.21,"standard_error":284767.8770240305},"median":{"confidence_interval":{"confidence_level":0.95,"lower_bound":81016739.0,"upper_bound":81542636.0},"point_estimate":81226887.0,"standard_error":129420.7423496787},"median_abs_dev":{"confidence_interval":{"confidence_level":0.95,"lower_bound":689477.9657243199,"upper_bound":1344657.6860475536},"point_estimate":1022928.7474393845,"standard_error":163725.15547599588},"slope":null,"std_dev":{"confidence_interval":{"confidence_level":0.95,"lower_bound":2058212.434561536,"upper_bound":3520658.628053825},"point_estimate":2857295.0128529156,"standard_error":374140.9602232218}}