{"mean":{"confidence_interval":{"confidence_level":0.95,"lower_bound":109481418.64,"upper_bound":111478414.19925},"point_estimate":110443787.35,"standard_error":508195.8664985212},"median":{"confidence_interval":{"confidence_level":0.95,"lower_bound":108907266.0,"upper_bound":110668053.0},"point_estimate":109671070.0,"standard_error":456206.73959223187},"median_abs_dev":{"confidence_interval":{"confidence_level":0.95,"lower_bound":2587298.5574662685,"upper_bound":4702311.186817288},"point_estimate":3299246.771326661,"standard_error":527253.069952894},"slope":null,"std_dev":{"confidence_interval":{"confidence_level":0.95,"lower_bound":3823084.7653298285,"upper_bound":6395636.579209708},"point_estimate":5123999.879780001,"standard_error":662193.8079281262}}