{"mean":{"confidence_interval":{"confidence_level":0.95,"lower_bound":104111350.44775,"upper_bound":104948315.64725},"point_estimate":104512872.97,"standard_error":213445.34726761488},"median":{"confidence_interval":{"confidence_level":0.95,"lower_bound":103557320.0,"upper_bound":104500681.0},"point_estimate":104128679.5,"standard_error":250046.1556972646},"median_abs_dev":{"confidence_interval":{"confidence_level":0.95,"lower_bound":1247455.9113532305,"upper_bound":2232878.585958481},"point_estimate":1812624.5039194822,"standard_error":270697.0520141853},"slope":null,"std_dev":{"confidence_interval":{"confidence_level":0.95,"lower_bound":1632321.0215173846,"upper_bound":2661018.085660628},"point_estimate":2142960.6255547316,"standard_error":267595.50677535275}}