{"mean":{"confidence_interval":{"confidence_level":0.95,"lower_bound":116015521.8355,"upper_bound":116152475.68375},"point_estimate":116084149.35,"standard_error":34954.74515404994},"median":{"confidence_interval":{"confidence_level":0.95,"lower_bound":116002567.0,"upper_bound":116131545.0},"point_estimate":116086645.0,"standard_error":33048.9850205963},"median_abs_dev":{"confidence_interval":{"confidence_level":0.95,"lower_bound":211330.5415481329,"upper_bound":375714.5549297333},"point_estimate":278327.75175869465,"standard_error":43833.61014522239},"slope":null,"std_dev":{"confidence_interval":{"confidence_level":0.95,"lower_bound":286269.9813220646,"upper_bound":410866.1290891322},"point_estimate":351539.6170384541,"standard_error":31722.661655864133}}