{"mean":{"confidence_interval":{"confidence_level":0.95,"lower_bound":44480849.895,"upper_bound":44815886.321499996},"point_estimate":44616108.05,"standard_error":87841.11777165739},"median":{"confidence_interval":{"confidence_level":0.95,"lower_bound":44395848.5,"upper_bound":44596578.5},"point_estimate":44504415.25,"standard_error":51459.5207610181},"median_abs_dev":{"confidence_interval":{"confidence_level":0.95,"lower_bound":236007.87140127277,"upper_bound":359085.3429749608},"point_estimate":291773.08026999235,"standard_error":31696.476819825242},"slope":null,"std_dev":{"confidence_interval":{"confidence_level":0.95,"lower_bound":260873.24206206677,"upper_bound":1440254.8065035718},"point_estimate":886374.68346298,"standard_error":364702.8479759648}}