{"mean":{"confidence_interval":{"confidence_level":0.95,"lower_bound":85160684.69725,"upper_bound":85572633.12449999},"point_estimate":85366621.98,"standard_error":105136.20547192798},"median":{"confidence_interval":{"confidence_level":0.95,"lower_bound":85078696.0,"upper_bound":85719517.0},"point_estimate":85242197.0,"standard_error":167582.3192854191},"median_abs_dev":{"confidence_interval":{"confidence_level":0.95,"lower_bound":892132.2951614857,"upper_bound":1359581.7597725985},"point_estimate":1120044.23481524,"standard_error":118267.2285235957},"slope":null,"std_dev":{"confidence_interval":{"confidence_level":0.95,"lower_bound":914402.5031818944,"upper_bound":1180615.221182895},"point_estimate":1055539.5167013987,"standard_error":67882.03303443237}}