{"mean":{"confidence_interval":{"confidence_level":0.95,"lower_bound":48373962.247375004,"upper_bound":49281327.8325},"point_estimate":48816187.23,"standard_error":231740.77953099302},"median":{"confidence_interval":{"confidence_level":0.95,"lower_bound":47652350.5,"upper_bound":49276397.5},"point_estimate":48482582.75,"standard_error":432767.690783996},"median_abs_dev":{"confidence_interval":{"confidence_level":0.95,"lower_bound":1849068.2938724756,"upper_bound":2887172.934642434},"point_estimate":2372794.140024483,"standard_error":263031.72548402555},"slope":null,"std_dev":{"confidence_interval":{"confidence_level":0.95,"lower_bound":1929406.6257421563,"upper_bound":2734973.1664386387},"point_estimate":2324284.3635816094,"standard_error":207264.6933082447}}