{"mean":{"confidence_interval":{"confidence_level":0.95,"lower_bound":45228471.3,"upper_bound":45494221.575},"point_estimate":45357372.62,"standard_error":67909.1831827447},"median":{"confidence_interval":{"confidence_level":0.95,"lower_bound":45069248.25,"upper_bound":45408499.0},"point_estimate":45227569.5,"standard_error":81298.2863788077},"median_abs_dev":{"confidence_interval":{"confidence_level":0.95,"lower_bound":455168.57011914253,"upper_bound":725172.0326693729},"point_estimate":581809.6653208137,"standard_error":71343.76934333889},"slope":null,"std_dev":{"confidence_interval":{"confidence_level":0.95,"lower_bound":552143.6547601884,"upper_bound":790080.1255104911},"point_estimate":679552.1441148699,"standard_error":60944.72667931212}}