{"mean":{"confidence_interval":{"confidence_level":0.95,"lower_bound":44075760.39,"upper_bound":44153504.065},"point_estimate":44113908.035,"standard_error":19916.444015180747},"median":{"confidence_interval":{"confidence_level":0.95,"lower_bound":44052451.0,"upper_bound":44131675.75},"point_estimate":44085389.5,"standard_error":20455.04030732882},"median_abs_dev":{"confidence_interval":{"confidence_level":0.95,"lower_bound":136174.58368241787,"upper_bound":214048.14729988575},"point_estimate":172208.80539268255,"standard_error":20136.26779072299},"slope":null,"std_dev":{"confidence_interval":{"confidence_level":0.95,"lower_bound":164717.51602269034,"upper_bound":231945.76225687},"point_estimate":200552.50056156435,"standard_error":17223.85854142663}}