{"mean":{"confidence_interval":{"confidence_level":0.95,"lower_bound":192212518.70624998,"upper_bound":193164297.428},"point_estimate":192685899.98,"standard_error":242361.17004839648},"median":{"confidence_interval":{"confidence_level":0.95,"lower_bound":192150971.5,"upper_bound":193209514.5},"point_estimate":192613834.0,"standard_error":288895.9058118715},"median_abs_dev":{"confidence_interval":{"confidence_level":0.95,"lower_bound":1703385.796558857,"upper_bound":2931580.1397040463},"point_estimate":2418300.6929665804,"standard_error":310981.03038716386},"slope":null,"std_dev":{"confidence_interval":{"confidence_level":0.95,"lower_bound":2010666.0216967796,"upper_bound":2809785.637802925},"point_estimate":2420509.556575239,"standard_error":204218.22880983877}}