{"mean":{"confidence_interval":{"confidence_level":0.95,"lower_bound":113145156.99175,"upper_bound":113560838.968},"point_estimate":113351863.49,"standard_error":105822.2418528103},"median":{"confidence_interval":{"confidence_level":0.95,"lower_bound":113029348.0,"upper_bound":113661572.0},"point_estimate":113259278.0,"standard_error":162077.48595392113},"median_abs_dev":{"confidence_interval":{"confidence_level":0.95,"lower_bound":823318.8999831676,"upper_bound":1377876.5245378017},"point_estimate":1115676.4952927828,"standard_error":140073.10081890834},"slope":null,"std_dev":{"confidence_interval":{"confidence_level":0.95,"lower_bound":925533.518086803,"upper_bound":1191380.2647798639},"point_estimate":1064951.6397936204,"standard_error":68081.70425726811}}