{"mean":{"confidence_interval":{"confidence_level":0.95,"lower_bound":43456042.26,"upper_bound":43566343.30375},"point_estimate":43510764.47,"standard_error":28166.834106406888},"median":{"confidence_interval":{"confidence_level":0.95,"lower_bound":43421811.75,"upper_bound":43559749.0},"point_estimate":43483249.0,"standard_error":37860.88091251389},"median_abs_dev":{"confidence_interval":{"confidence_level":0.95,"lower_bound":206470.20818442106,"upper_bound":342539.52726870775},"point_estimate":258577.66685932875,"standard_error":35472.514196742064},"slope":null,"std_dev":{"confidence_interval":{"confidence_level":0.95,"lower_bound":242349.6709179777,"upper_bound":323105.20447223075},"point_estimate":284768.96230724396,"standard_error":20685.846152901504}}