{"mean":{"confidence_interval":{"confidence_level":0.95,"lower_bound":89782912.08850001,"upper_bound":90075200.50075},"point_estimate":89925637.21,"standard_error":74445.40656217937},"median":{"confidence_interval":{"confidence_level":0.95,"lower_bound":89541343.5,"upper_bound":89918980.0},"point_estimate":89770262.0,"standard_error":96172.22428885943},"median_abs_dev":{"confidence_interval":{"confidence_level":0.95,"lower_bound":478095.49611210823,"upper_bound":833869.8226958513},"point_estimate":646850.9555160999,"standard_error":89223.30018420747},"slope":null,"std_dev":{"confidence_interval":{"confidence_level":0.95,"lower_bound":629530.6768892833,"upper_bound":849665.704694622},"point_estimate":746865.0673077244,"standard_error":56266.441493522005}}