{"mean":{"confidence_interval":{"confidence_level":0.95,"lower_bound":6487817.459125,"upper_bound":6497647.00875},"point_estimate":6492744.4175,"standard_error":2487.998245520208},"median":{"confidence_interval":{"confidence_level":0.95,"lower_bound":6490443.0,"upper_bound":6492347.125},"point_estimate":6491435.1875,"standard_error":455.19541796030234},"median_abs_dev":{"confidence_interval":{"confidence_level":0.95,"lower_bound":2733.914351463318,"upper_bound":5323.5207611136},"point_estimate":4035.544465854764,"standard_error":639.3355305138864},"slope":null,"std_dev":{"confidence_interval":{"confidence_level":0.95,"lower_bound":12429.230104250986,"upper_bound":35148.97344441915},"point_estimate":24940.106676339932,"standard_error":5729.6149935410285}}