{"mean":{"confidence_interval":{"confidence_level":0.95,"lower_bound":18207612.26541666,"upper_bound":18233889.218333326},"point_estimate":18218381.433333334,"standard_error":7045.854774445491},"median":{"confidence_interval":{"confidence_level":0.95,"lower_bound":18205695.333333332,"upper_bound":18206362.0},"point_estimate":18205962.0,"standard_error":166.49804313202307},"median_abs_dev":{"confidence_interval":{"confidence_level":0.95,"lower_bound":1284.91997718719,"upper_bound":2322.739958762202},"point_estimate":1927.3799657821655,"standard_error":276.3217263600998},"slope":null,"std_dev":{"confidence_interval":{"confidence_level":0.95,"lower_bound":6898.691535187417,"upper_bound":110245.09815032533},"point_estimate":70832.6465202669,"standard_error":28217.102991651012}}