{"mean":{"confidence_interval":{"confidence_level":0.95,"lower_bound":6020963.866361111,"upper_bound":6047740.716027777},"point_estimate":6033623.696666665,"standard_error":6837.746281317988},"median":{"confidence_interval":{"confidence_level":0.95,"lower_bound":6004391.055555556,"upper_bound":6016029.944444444},"point_estimate":6009903.055555556,"standard_error":2974.974112814135},"median_abs_dev":{"confidence_interval":{"confidence_level":0.95,"lower_bound":24301.460901896004,"upper_bound":40810.46488630185},"point_estimate":31842.95276800753,"standard_error":3872.348762744087},"slope":null,"std_dev":{"confidence_interval":{"confidence_level":0.95,"lower_bound":49313.657437024485,"upper_bound":85299.10383806966},"point_estimate":68667.95844841289,"standard_error":9177.387659963422}}