{"mean":{"confidence_interval":{"confidence_level":0.95,"lower_bound":6492253.97,"upper_bound":6495601.9818125},"point_estimate":6493539.50125,"standard_error":905.550031974972},"median":{"confidence_interval":{"confidence_level":0.95,"lower_bound":6491600.9375,"upper_bound":6492825.625},"point_estimate":6492293.5,"standard_error":316.9955417916569},"median_abs_dev":{"confidence_interval":{"confidence_level":0.95,"lower_bound":2211.483185738325,"upper_bound":3493.8395004719496},"point_estimate":2827.6887997984886,"standard_error":309.78148011801727},"slope":null,"std_dev":{"confidence_interval":{"confidence_level":0.95,"lower_bound":2555.925788782249,"upper_bound":15162.749731011952},"point_estimate":9121.416062193335,"standard_error":4320.357118138846}}