{"mean":{"confidence_interval":{"confidence_level":0.95,"lower_bound":14683242.499,"upper_bound":14685554.929375},"point_estimate":14684353.065,"standard_error":587.8346086343331},"median":{"confidence_interval":{"confidence_level":0.95,"lower_bound":14683561.0,"upper_bound":14685576.0},"point_estimate":14684575.75,"standard_error":602.1605689227016},"median_abs_dev":{"confidence_interval":{"confidence_level":0.95,"lower_bound":2590.4728040099144,"upper_bound":4328.45062315464},"point_estimate":3294.5224665105343,"standard_error":440.4818076252357},"slope":null,"std_dev":{"confidence_interval":{"confidence_level":0.95,"lower_bound":3951.275651599205,"upper_bound":7862.553278352832},"point_estimate":5921.4450007787345,"standard_error":1017.468594172665}}