{"mean":{"confidence_interval":{"confidence_level":0.95,"lower_bound":18222423.292416677,"upper_bound":18227219.126583334},"point_estimate":18224752.533333343,"standard_error":1225.6421725215453},"median":{"confidence_interval":{"confidence_level":0.95,"lower_bound":18218888.0,"upper_bound":18226147.666666668},"point_estimate":18222621.333333336,"standard_error":1607.4078224744549},"median_abs_dev":{"confidence_interval":{"confidence_level":0.95,"lower_bound":8915.244291726513,"upper_bound":15073.841032384906},"point_estimate":12108.393985035797,"standard_error":1614.4379667051446},"slope":null,"std_dev":{"confidence_interval":{"confidence_level":0.95,"lower_bound":10408.628532601544,"upper_bound":14162.999739135255},"point_estimate":12343.238455578175,"standard_error":958.1756475987497}}