{"mean":{"confidence_interval":{"confidence_level":0.95,"lower_bound":14689891.564749999,"upper_bound":14693011.5326875},"point_estimate":14691365.975,"standard_error":796.0502735424076},"median":{"confidence_interval":{"confidence_level":0.95,"lower_bound":14690032.25,"upper_bound":14692319.75},"point_estimate":14690844.75,"standard_error":625.6621477820494},"median_abs_dev":{"confidence_interval":{"confidence_level":0.95,"lower_bound":3984.4874292612076,"upper_bound":6486.374884843826},"point_estimate":5281.947731226683,"standard_error":641.6610942403814},"slope":null,"std_dev":{"confidence_interval":{"confidence_level":0.95,"lower_bound":5478.358121184307,"upper_bound":10761.517628571704},"point_estimate":8000.764913518509,"standard_error":1428.730026293039}}