{"mean":{"confidence_interval":{"confidence_level":0.95,"lower_bound":14688127.4800625,"upper_bound":14744247.634},"point_estimate":14709623.22,"standard_error":15029.080206789651},"median":{"confidence_interval":{"confidence_level":0.95,"lower_bound":14686724.0,"upper_bound":14690492.5},"point_estimate":14688558.25,"standard_error":804.4709620866486},"median_abs_dev":{"confidence_interval":{"confidence_level":0.95,"lower_bound":5046.0243772901595,"upper_bound":8414.125500619411},"point_estimate":6780.670979619026,"standard_error":857.5216114108066},"slope":null,"std_dev":{"confidence_interval":{"confidence_level":0.95,"lower_bound":8619.053804336721,"upper_bound":250976.95737420913},"point_estimate":151149.87417063763,"standard_error":70452.33294622942}}