{"mean":{"confidence_interval":{"confidence_level":0.95,"lower_bound":14689980.5880625,"upper_bound":14693373.1973125},"point_estimate":14691524.91,"standard_error":871.8059263047356},"median":{"confidence_interval":{"confidence_level":0.95,"lower_bound":14689752.0,"upper_bound":14691451.75},"point_estimate":14690414.75,"standard_error":476.18083818873157},"median_abs_dev":{"confidence_interval":{"confidence_level":0.95,"lower_bound":3131.992444396019,"upper_bound":6226.743830703197},"point_estimate":4558.624269068241,"standard_error":774.2989794727115},"slope":null,"std_dev":{"confidence_interval":{"confidence_level":0.95,"lower_bound":4872.970800964161,"upper_bound":12424.902522722361},"point_estimate":8750.882047859837,"standard_error":2013.3671478837723}}