{"mean":{"confidence_interval":{"confidence_level":0.95,"lower_bound":18232451.49633334,"upper_bound":18247968.099583343},"point_estimate":18239999.453333333,"standard_error":3952.9525449837815},"median":{"confidence_interval":{"confidence_level":0.95,"lower_bound":18212913.333333332,"upper_bound":18235208.333333332},"point_estimate":18229777.166666664,"standard_error":6794.1768575139395},"median_abs_dev":{"confidence_interval":{"confidence_level":0.95,"lower_bound":14232.959747314453,"upper_bound":45123.918598892145},"point_estimate":36895.24164497576,"standard_error":9302.315610352178},"slope":null,"std_dev":{"confidence_interval":{"confidence_level":0.95,"lower_bound":33948.72342905687,"upper_bound":45126.59492773377},"point_estimate":39852.60112690636,"standard_error":2853.0659885551486}}