{"mean":{"confidence_interval":{"confidence_level":0.95,"lower_bound":13485391.831,"upper_bound":13605183.3480625},"point_estimate":13540335.935,"standard_error":30536.64240358754},"median":{"confidence_interval":{"confidence_level":0.95,"lower_bound":13406842.25,"upper_bound":13512553.375},"point_estimate":13444029.25,"standard_error":30296.093632103635},"median_abs_dev":{"confidence_interval":{"confidence_level":0.95,"lower_bound":127594.96295973659,"upper_bound":233506.9013044238},"point_estimate":175667.34048128128,"standard_error":28382.20989054752},"slope":null,"std_dev":{"confidence_interval":{"confidence_level":0.95,"lower_bound":185502.91504596896,"upper_bound":425801.4200981565},"point_estimate":307659.3918947482,"standard_error":62915.95128128666}}