{"mean":{"confidence_interval":{"confidence_level":0.95,"lower_bound":14677017.067187501,"upper_bound":14682107.3909375},"point_estimate":14679600.3425,"standard_error":1293.711857382999},"median":{"confidence_interval":{"confidence_level":0.95,"lower_bound":14680805.5,"upper_bound":14686305.625},"point_estimate":14682555.625,"standard_error":1435.4138065633692},"median_abs_dev":{"confidence_interval":{"confidence_level":0.95,"lower_bound":7116.479873657227,"upper_bound":14344.525395333767},"point_estimate":11360.422298312187,"standard_error":2008.9692279632843},"slope":null,"std_dev":{"confidence_interval":{"confidence_level":0.95,"lower_bound":10905.13390482568,"upper_bound":14893.014414139594},"point_estimate":13004.142548629243,"standard_error":1018.1126639750858}}