{"mean":{"confidence_interval":{"confidence_level":0.95,"lower_bound":6491594.68021875,"upper_bound":6497383.5866875},"point_estimate":6494045.6175,"standard_error":1500.7609296701146},"median":{"confidence_interval":{"confidence_level":0.95,"lower_bound":6490482.75,"upper_bound":6491992.4375},"point_estimate":6491102.0625,"standard_error":431.87762764624125},"median_abs_dev":{"confidence_interval":{"confidence_level":0.95,"lower_bound":2092.4118753522635,"upper_bound":3600.033040149137},"point_estimate":3009.7706090658903,"standard_error":379.51832515427213},"slope":null,"std_dev":{"confidence_interval":{"confidence_level":0.95,"lower_bound":3224.0069651498316,"upper_bound":23728.727821566197},"point_estimate":15077.686717755527,"standard_error":5258.303334743723}}