{"mean":{"confidence_interval":{"confidence_level":0.95,"lower_bound":16790301.674333334,"upper_bound":17111477.46533333},"point_estimate":16946054.226666667,"standard_error":81794.68801103841},"median":{"confidence_interval":{"confidence_level":0.95,"lower_bound":16563923.0,"upper_bound":17117778.666666668},"point_estimate":16765231.5,"standard_error":128549.77557045304},"median_abs_dev":{"confidence_interval":{"confidence_level":0.95,"lower_bound":672624.4734585288,"upper_bound":975957.5525157909},"point_estimate":825291.9934481392,"standard_error":75648.10175578199},"slope":null,"std_dev":{"confidence_interval":{"confidence_level":0.95,"lower_bound":655092.7210296575,"upper_bound":972504.984732716},"point_estimate":820447.6201401078,"standard_error":81530.2633534601}}