{"mean":{"confidence_interval":{"confidence_level":0.95,"lower_bound":17228285.301499996,"upper_bound":17300882.37291666},"point_estimate":17264418.549999997,"standard_error":18481.904900355166},"median":{"confidence_interval":{"confidence_level":0.95,"lower_bound":17213436.333333332,"upper_bound":17285627.166666664},"point_estimate":17249159.833333336,"standard_error":17413.043828873655},"median_abs_dev":{"confidence_interval":{"confidence_level":0.95,"lower_bound":132571.19239888905,"upper_bound":225728.8111925125},"point_estimate":182140.371966362,"standard_error":24029.23581747004},"slope":null,"std_dev":{"confidence_interval":{"confidence_level":0.95,"lower_bound":161455.78595879642,"upper_bound":208470.721864816},"point_estimate":186674.6546438615,"standard_error":12020.499995611524}}