{"mean":{"confidence_interval":{"confidence_level":0.95,"lower_bound":18219775.536499996,"upper_bound":18228350.866333324},"point_estimate":18223925.53666667,"standard_error":2190.880204054019},"median":{"confidence_interval":{"confidence_level":0.95,"lower_bound":18209400.333333336,"upper_bound":18220017.333333332},"point_estimate":18213134.0,"standard_error":2535.3982630443056},"median_abs_dev":{"confidence_interval":{"confidence_level":0.95,"lower_bound":5460.909903053151,"upper_bound":19718.579649925232},"point_estimate":10328.779816626582,"standard_error":3402.4582058771184},"slope":null,"std_dev":{"confidence_interval":{"confidence_level":0.95,"lower_bound":18195.600620519817,"upper_bound":25036.695911756422},"point_estimate":21975.09193160915,"standard_error":1745.571207805244}}