{"mean":{"confidence_interval":{"confidence_level":0.95,"lower_bound":14683667.3453125,"upper_bound":14704995.466249999},"point_estimate":14692280.7625,"standard_error":5658.153349966449},"median":{"confidence_interval":{"confidence_level":0.95,"lower_bound":14683196.5,"upper_bound":14686896.5},"point_estimate":14685021.5,"standard_error":1036.330636212538},"median_abs_dev":{"confidence_interval":{"confidence_level":0.95,"lower_bound":5745.074898004532,"upper_bound":9122.437638044357},"point_estimate":7820.714861154556,"standard_error":873.5242855566714},"slope":null,"std_dev":{"confidence_interval":{"confidence_level":0.95,"lower_bound":6709.303091077271,"upper_bound":89740.32286096853},"point_estimate":56670.2446715028,"standard_error":22649.146628750717}}