{"mean":{"confidence_interval":{"confidence_level":0.95,"lower_bound":6525991.18009375,"upper_bound":6531720.7467812495},"point_estimate":6528388.60125,"standard_error":1493.7186888639455},"median":{"confidence_interval":{"confidence_level":0.95,"lower_bound":6524273.0,"upper_bound":6526022.25},"point_estimate":6525103.625,"standard_error":423.91374368835244},"median_abs_dev":{"confidence_interval":{"confidence_level":0.95,"lower_bound":2315.3578463941813,"upper_bound":4739.130815863609},"point_estimate":3676.4772847294807,"standard_error":654.1166166994535},"slope":null,"std_dev":{"confidence_interval":{"confidence_level":0.95,"lower_bound":3659.6480431513028,"upper_bound":23393.84770793454},"point_estimate":15033.015490362857,"standard_error":5384.6428674349745}}