{"mean":{"confidence_interval":{"confidence_level":0.95,"lower_bound":6492391.11896875,"upper_bound":6496333.53290625},"point_estimate":6493969.42,"standard_error":1031.8961537401199},"median":{"confidence_interval":{"confidence_level":0.95,"lower_bound":6491714.875,"upper_bound":6492957.125},"point_estimate":6492290.25,"standard_error":299.59164137015284},"median_abs_dev":{"confidence_interval":{"confidence_level":0.95,"lower_bound":2087.0374504476786,"upper_bound":3288.2214166224003},"point_estimate":2712.5093143433332,"standard_error":300.9541764040183},"slope":null,"std_dev":{"confidence_interval":{"confidence_level":0.95,"lower_bound":2817.1062353895045,"upper_bound":16886.800188075114},"point_estimate":10381.409706604216,"standard_error":4263.92493117942}}