{"mean":{"confidence_interval":{"confidence_level":0.95,"lower_bound":6407517.3010312505,"upper_bound":6446966.53484375},"point_estimate":6427896.37625,"standard_error":10067.163693050836},"median":{"confidence_interval":{"confidence_level":0.95,"lower_bound":6472459.0,"upper_bound":6488881.0},"point_estimate":6488167.375,"standard_error":4656.377331137984},"median_abs_dev":{"confidence_interval":{"confidence_level":0.95,"lower_bound":9122.053088676186,"upper_bound":33589.634427102275},"point_estimate":12627.85995081067,"standard_error":7037.663286661669},"slope":null,"std_dev":{"confidence_interval":{"confidence_level":0.95,"lower_bound":84350.28621597472,"upper_bound":115037.86124930586},"point_estimate":101520.84676823113,"standard_error":7835.618238719296}}