{"mean":{"confidence_interval":{"confidence_level":0.95,"lower_bound":14682617.0183125,"upper_bound":14686284.0730625},"point_estimate":14684441.0175,"standard_error":933.2005846152541},"median":{"confidence_interval":{"confidence_level":0.95,"lower_bound":14683025.5,"upper_bound":14686187.75},"point_estimate":14684788.25,"standard_error":757.2687609931972},"median_abs_dev":{"confidence_interval":{"confidence_level":0.95,"lower_bound":5744.889573007822,"upper_bound":11434.56156324595},"point_estimate":8932.479516416788,"standard_error":1463.7197036497112},"slope":null,"std_dev":{"confidence_interval":{"confidence_level":0.95,"lower_bound":7788.654032915354,"upper_bound":10957.067290816874},"point_estimate":9391.783500607946,"standard_error":809.9708253623162}}