{"mean":{"confidence_interval":{"confidence_level":0.95,"lower_bound":6524538.56,"upper_bound":6534132.38375},"point_estimate":6528541.905,"standard_error":2502.8709368347304},"median":{"confidence_interval":{"confidence_level":0.95,"lower_bound":6522580.0,"upper_bound":6524069.0},"point_estimate":6523383.3125,"standard_error":370.1310222469189},"median_abs_dev":{"confidence_interval":{"confidence_level":0.95,"lower_bound":2398.9394199103117,"upper_bound":4129.318914189935},"point_estimate":3308.607166260481,"standard_error":457.95884573492265},"slope":null,"std_dev":{"confidence_interval":{"confidence_level":0.95,"lower_bound":5457.457526081155,"upper_bound":39221.94591152607},"point_estimate":25131.007970544437,"standard_error":9114.733069984628}}