{"mean":{"confidence_interval":{"confidence_level":0.95,"lower_bound":15915504.3783125,"upper_bound":15929764.8796875},"point_estimate":15921105.6875,"standard_error":3763.2861756543593},"median":{"confidence_interval":{"confidence_level":0.95,"lower_bound":15911989.125,"upper_bound":15914245.75},"point_estimate":15913279.875,"standard_error":619.4916209790372},"median_abs_dev":{"confidence_interval":{"confidence_level":0.95,"lower_bound":3697.9749843478203,"upper_bound":6968.4052012860775},"point_estimate":5610.34362539649,"standard_error":914.1750433210286},"slope":null,"std_dev":{"confidence_interval":{"confidence_level":0.95,"lower_bound":10500.405548120043,"upper_bound":61785.01817885632},"point_estimate":37749.469396906075,"standard_error":16368.859368548776}}