{"mean":{"confidence_interval":{"confidence_level":0.95,"lower_bound":6490710.346843749,"upper_bound":6493714.644125},"point_estimate":6492058.7125,"standard_error":772.8834571446699},"median":{"confidence_interval":{"confidence_level":0.95,"lower_bound":6489367.75,"upper_bound":6490673.3125},"point_estimate":6490207.5,"standard_error":351.44485692066957},"median_abs_dev":{"confidence_interval":{"confidence_level":0.95,"lower_bound":1716.4801195263863,"upper_bound":3263.0172170698643},"point_estimate":2369.194757938385,"standard_error":406.61069270680207},"slope":null,"std_dev":{"confidence_interval":{"confidence_level":0.95,"lower_bound":3844.4824731190315,"upper_bound":10959.903247657332},"point_estimate":7737.159172673725,"standard_error":1838.0938357680168}}