{"mean":{"confidence_interval":{"confidence_level":0.95,"lower_bound":52780.287130734374,"upper_bound":52902.572073576},"point_estimate":52837.03068407841,"standard_error":31.258924544176924},"median":{"confidence_interval":{"confidence_level":0.95,"lower_bound":52759.91787439614,"upper_bound":52827.350877192985},"point_estimate":52800.19037940379,"standard_error":22.333606531577786},"median_abs_dev":{"confidence_interval":{"confidence_level":0.95,"lower_bound":104.9631764115126,"upper_bound":195.15447987421868},"point_estimate":153.11734454757547,"standard_error":22.582310642063835},"slope":{"confidence_interval":{"confidence_level":0.95,"lower_bound":52797.483491855266,"upper_bound":52863.03690036295},"point_estimate":52828.50065809566,"standard_error":16.709015321232883},"std_dev":{"confidence_interval":{"confidence_level":0.95,"lower_bound":191.75786593231769,"upper_bound":422.49057390705985},"point_estimate":314.7091669191938,"standard_error":59.126704397223776}}