{"mean":{"confidence_interval":{"confidence_level":0.95,"lower_bound":65371.53733639434,"upper_bound":65452.8691268537},"point_estimate":65413.83801535629,"standard_error":20.737343724836514},"median":{"confidence_interval":{"confidence_level":0.95,"lower_bound":65389.27364864865,"upper_bound":65471.80230880231},"point_estimate":65429.41036266828,"standard_error":23.765272853653325},"median_abs_dev":{"confidence_interval":{"confidence_level":0.95,"lower_bound":127.07909102154926,"upper_bound":247.1766514768404},"point_estimate":190.84662261179895,"standard_error":29.70969433810844},"slope":{"confidence_interval":{"confidence_level":0.95,"lower_bound":65459.59946977704,"upper_bound":65519.5422627504},"point_estimate":65490.0715565032,"standard_error":15.267245502127993},"std_dev":{"confidence_interval":{"confidence_level":0.95,"lower_bound":158.88798324331606,"upper_bound":267.5512684435048},"point_estimate":208.65125487986612,"standard_error":29.665611447147747}}