{"mean":{"confidence_interval":{"confidence_level":0.95,"lower_bound":52731.53291800872,"upper_bound":52838.48655722092},"point_estimate":52780.25378185119,"standard_error":27.358836421827803},"median":{"confidence_interval":{"confidence_level":0.95,"lower_bound":52710.83522727273,"upper_bound":52768.42934431524},"point_estimate":52737.37209639953,"standard_error":17.10408011942512},"median_abs_dev":{"confidence_interval":{"confidence_level":0.95,"lower_bound":110.00623244710593,"upper_bound":170.14234593431962},"point_estimate":140.91476473256316,"standard_error":15.024694328028316},"slope":{"confidence_interval":{"confidence_level":0.95,"lower_bound":52796.33931665336,"upper_bound":52948.52592380223},"point_estimate":52865.64049135511,"standard_error":39.114762186897906},"std_dev":{"confidence_interval":{"confidence_level":0.95,"lower_bound":151.20877417840927,"upper_bound":382.3879847073706},"point_estimate":275.0942377608304,"standard_error":59.01567838393543}}