{"mean":{"confidence_interval":{"confidence_level":0.95,"lower_bound":26941.67723411023,"upper_bound":27046.76249525929},"point_estimate":26987.766972559537,"standard_error":26.91798771421321},"median":{"confidence_interval":{"confidence_level":0.95,"lower_bound":26943.61072616408,"upper_bound":27008.33725544119},"point_estimate":26980.971264805576,"standard_error":15.844581203942667},"median_abs_dev":{"confidence_interval":{"confidence_level":0.95,"lower_bound":97.26372273393335,"upper_bound":188.77911281566938},"point_estimate":159.89964319045208,"standard_error":23.79665549761204},"slope":{"confidence_interval":{"confidence_level":0.95,"lower_bound":26934.924964718153,"upper_bound":27003.484747892955},"point_estimate":26967.91397638271,"standard_error":17.48240157098421},"std_dev":{"confidence_interval":{"confidence_level":0.95,"lower_bound":140.31489059935157,"upper_bound":408.3590104530337},"point_estimate":269.58726820217703,"standard_error":82.12186395824793}}