{"mean":{"confidence_interval":{"confidence_level":0.95,"lower_bound":74994.37082068356,"upper_bound":75918.29502459505},"point_estimate":75470.38116349823,"standard_error":235.33128967948974},"median":{"confidence_interval":{"confidence_level":0.95,"lower_bound":75500.58888888889,"upper_bound":76305.93055555556},"point_estimate":75913.0284992785,"standard_error":208.74262576207155},"median_abs_dev":{"confidence_interval":{"confidence_level":0.95,"lower_bound":1031.6756460960069,"upper_bound":1855.782742053263},"point_estimate":1408.7523143367205,"standard_error":210.938826796725},"slope":{"confidence_interval":{"confidence_level":0.95,"lower_bound":73884.12987284965,"upper_bound":75718.67949750421},"point_estimate":74816.47462489533,"standard_error":467.3637745903025},"std_dev":{"confidence_interval":{"confidence_level":0.95,"lower_bound":1707.533026403449,"upper_bound":2929.693209039515},"point_estimate":2347.8098767704855,"standard_error":313.2023676431935}}