{"mean":{"confidence_interval":{"confidence_level":0.95,"lower_bound":53069.75578343687,"upper_bound":53217.456284249034},"point_estimate":53135.85845143707,"standard_error":37.85417716343603},"median":{"confidence_interval":{"confidence_level":0.95,"lower_bound":53062.509803921566,"upper_bound":53124.380224458204},"point_estimate":53098.07951388889,"standard_error":17.415020394327698},"median_abs_dev":{"confidence_interval":{"confidence_level":0.95,"lower_bound":122.27273513106009,"upper_bound":234.2828534567361},"point_estimate":184.68575976465308,"standard_error":28.566176496344603},"slope":{"confidence_interval":{"confidence_level":0.95,"lower_bound":53150.424807830444,"upper_bound":53280.43191750892},"point_estimate":53209.7564840402,"standard_error":33.10667432003096},"std_dev":{"confidence_interval":{"confidence_level":0.95,"lower_bound":187.91544689334967,"upper_bound":560.3009479217749},"point_estimate":380.19674250079305,"standard_error":99.5676872346144}}