{"mean":{"confidence_interval":{"confidence_level":0.95,"lower_bound":52789.11112874641,"upper_bound":52886.83967250629},"point_estimate":52834.44377503736,"standard_error":24.974555568285165},"median":{"confidence_interval":{"confidence_level":0.95,"lower_bound":52767.47222222222,"upper_bound":52850.9706959707},"point_estimate":52806.9912037037,"standard_error":26.289501381025943},"median_abs_dev":{"confidence_interval":{"confidence_level":0.95,"lower_bound":106.81325320461285,"upper_bound":204.25341453616713},"point_estimate":135.60625143318978,"standard_error":26.13086620645526},"slope":{"confidence_interval":{"confidence_level":0.95,"lower_bound":52850.8095843573,"upper_bound":52944.42228647598},"point_estimate":52894.09376451078,"standard_error":24.01931628555883},"std_dev":{"confidence_interval":{"confidence_level":0.95,"lower_bound":158.53450699696313,"upper_bound":349.8330391596851},"point_estimate":251.1444130858527,"standard_error":51.80765938259868}}