{"mean":{"confidence_interval":{"confidence_level":0.95,"lower_bound":52792.554555332164,"upper_bound":52872.35024635493},"point_estimate":52830.323155541875,"standard_error":20.451496179186428},"median":{"confidence_interval":{"confidence_level":0.95,"lower_bound":52810.34356725146,"upper_bound":52841.42133263562},"point_estimate":52826.369565831075,"standard_error":7.8304797807815545},"median_abs_dev":{"confidence_interval":{"confidence_level":0.95,"lower_bound":71.0126920250735,"upper_bound":179.76454080853821},"point_estimate":97.94214522613498,"standard_error":29.07802038672542},"slope":{"confidence_interval":{"confidence_level":0.95,"lower_bound":52839.931049643266,"upper_bound":52903.56985184714},"point_estimate":52866.242443557785,"standard_error":16.57292366398098},"std_dev":{"confidence_interval":{"confidence_level":0.95,"lower_bound":139.37462565280958,"upper_bound":262.2365786790973},"point_estimate":205.04187232093992,"standard_error":31.580164754953913}}