{"mean":{"confidence_interval":{"confidence_level":0.95,"lower_bound":76945.26857574968,"upper_bound":77024.5436813105},"point_estimate":76984.7578221131,"standard_error":20.152846593893567},"median":{"confidence_interval":{"confidence_level":0.95,"lower_bound":76956.37288135593,"upper_bound":77019.21337082161},"point_estimate":76991.09831591173,"standard_error":12.9565920219585},"median_abs_dev":{"confidence_interval":{"confidence_level":0.95,"lower_bound":92.99421891239075,"upper_bound":185.54295623649358},"point_estimate":129.17062848717458,"standard_error":24.213951838658673},"slope":{"confidence_interval":{"confidence_level":0.95,"lower_bound":76990.59855467075,"upper_bound":77048.70490097991},"point_estimate":77020.31375055415,"standard_error":14.804355564012448},"std_dev":{"confidence_interval":{"confidence_level":0.95,"lower_bound":161.54369948247964,"upper_bound":239.60636351869942},"point_estimate":202.66530258636178,"standard_error":20.06005467342844}}