{"mean":{"confidence_interval":{"confidence_level":0.95,"lower_bound":67871.69395583072,"upper_bound":67956.11608212003},"point_estimate":67913.44227411064,"standard_error":21.579008904852657},"median":{"confidence_interval":{"confidence_level":0.95,"lower_bound":67867.28857142857,"upper_bound":67985.2071896609},"point_estimate":67959.06917969586,"standard_error":26.38678532982513},"median_abs_dev":{"confidence_interval":{"confidence_level":0.95,"lower_bound":138.37287097196352,"upper_bound":242.05082767290196},"point_estimate":183.62103484370002,"standard_error":26.054900370203477},"slope":{"confidence_interval":{"confidence_level":0.95,"lower_bound":67970.17156840696,"upper_bound":68048.69541290858},"point_estimate":68007.29758407397,"standard_error":19.98956471508382},"std_dev":{"confidence_interval":{"confidence_level":0.95,"lower_bound":176.03574719211178,"upper_bound":260.29445288581013},"point_estimate":216.5986739446513,"standard_error":21.791296981146996}}