{"mean":{"confidence_interval":{"confidence_level":0.95,"lower_bound":26905.21454879857,"upper_bound":27001.763423593107},"point_estimate":26951.624578120736,"standard_error":24.594436080109926},"median":{"confidence_interval":{"confidence_level":0.95,"lower_bound":26886.918197767147,"upper_bound":26942.65249266862},"point_estimate":26919.716348917966,"standard_error":16.534144252805373},"median_abs_dev":{"confidence_interval":{"confidence_level":0.95,"lower_bound":91.0062184945082,"upper_bound":157.53455246427976},"point_estimate":115.75932805849952,"standard_error":17.233586288331868},"slope":{"confidence_interval":{"confidence_level":0.95,"lower_bound":26903.32456894952,"upper_bound":27014.683899827673},"point_estimate":26954.335603261818,"standard_error":28.51615635321959},"std_dev":{"confidence_interval":{"confidence_level":0.95,"lower_bound":175.77492055249198,"upper_bound":310.03386272850696},"point_estimate":247.6463176142219,"standard_error":34.21941270132086}}