{"mean":{"confidence_interval":{"confidence_level":0.95,"lower_bound":26941.502397628017,"upper_bound":27138.841199240083},"point_estimate":27030.486540052585,"standard_error":50.75332155947831},"median":{"confidence_interval":{"confidence_level":0.95,"lower_bound":26911.912464985995,"upper_bound":26970.487426686217},"point_estimate":26943.549670862965,"standard_error":15.147802694262746},"median_abs_dev":{"confidence_interval":{"confidence_level":0.95,"lower_bound":105.22146726236947,"upper_bound":176.9695898003842},"point_estimate":131.08816295092018,"standard_error":17.812931379161657},"slope":{"confidence_interval":{"confidence_level":0.95,"lower_bound":26947.409829403103,"upper_bound":27216.850621799156},"point_estimate":27058.043444523555,"standard_error":70.80330283497223},"std_dev":{"confidence_interval":{"confidence_level":0.95,"lower_bound":248.23097845235117,"upper_bound":709.5659317191734},"point_estimate":508.2069340758372,"standard_error":115.75628610579273}}