{"mean":{"confidence_interval":{"confidence_level":0.95,"lower_bound":52831.29323611705,"upper_bound":52989.691770492056},"point_estimate":52903.31750313907,"standard_error":40.72034358175836},"median":{"confidence_interval":{"confidence_level":0.95,"lower_bound":52811.64111111111,"upper_bound":52876.748299319726},"point_estimate":52851.610672163064,"standard_error":17.937665686868698},"median_abs_dev":{"confidence_interval":{"confidence_level":0.95,"lower_bound":135.06185542880124,"upper_bound":261.02156188641567},"point_estimate":202.31674623657034,"standard_error":32.52197198384295},"slope":{"confidence_interval":{"confidence_level":0.95,"lower_bound":52904.44283316379,"upper_bound":53071.55959439011},"point_estimate":52977.31649869464,"standard_error":43.00782283580891},"std_dev":{"confidence_interval":{"confidence_level":0.95,"lower_bound":232.9368188349874,"upper_bound":562.5755475750086},"point_estimate":408.84064821676714,"standard_error":85.83540911642345}}