{"mean":{"confidence_interval":{"confidence_level":0.95,"lower_bound":52781.17597634559,"upper_bound":53466.37717716696},"point_estimate":53057.91772192167,"standard_error":180.99108660769502},"median":{"confidence_interval":{"confidence_level":0.95,"lower_bound":52739.56023391813,"upper_bound":52799.22592592593},"point_estimate":52776.01924882629,"standard_error":13.667272444566668},"median_abs_dev":{"confidence_interval":{"confidence_level":0.95,"lower_bound":123.9560480890759,"upper_bound":213.80531246506322},"point_estimate":176.53400253256495,"standard_error":21.849107703127693},"slope":{"confidence_interval":{"confidence_level":0.95,"lower_bound":52863.61206658748,"upper_bound":53659.486666708974},"point_estimate":53181.38726006929,"standard_error":209.5650196065143},"std_dev":{"confidence_interval":{"confidence_level":0.95,"lower_bound":220.5967081450877,"upper_bound":2892.937916176509},"point_estimate":1819.2775560201583,"standard_error":729.0112980284282}}