{"mean":{"confidence_interval":{"confidence_level":0.95,"lower_bound":66756.39782020013,"upper_bound":68030.59656467364},"point_estimate":67389.11276344278,"standard_error":325.0734672104397},"median":{"confidence_interval":{"confidence_level":0.95,"lower_bound":66264.30753968254,"upper_bound":68338.08508508508},"point_estimate":67329.6817805383,"standard_error":595.7402022520208},"median_abs_dev":{"confidence_interval":{"confidence_level":0.95,"lower_bound":2507.5369824558056,"upper_bound":3922.363842864126},"point_estimate":3058.2771168811955,"standard_error":371.2009701260103},"slope":{"confidence_interval":{"confidence_level":0.95,"lower_bound":67411.3702599414,"upper_bound":69246.21519179306},"point_estimate":68331.5832392493,"standard_error":468.62122565153584},"std_dev":{"confidence_interval":{"confidence_level":0.95,"lower_bound":2764.665314661656,"upper_bound":3703.9424003845274},"point_estimate":3252.6495690901165,"standard_error":239.84236309537283}}