{"mean":{"confidence_interval":{"confidence_level":0.95,"lower_bound":52185.01754818982,"upper_bound":52509.71409855009},"point_estimate":52357.75493500581,"standard_error":83.31020610227654},"median":{"confidence_interval":{"confidence_level":0.95,"lower_bound":52569.495013246065,"upper_bound":52712.71111111111},"point_estimate":52640.47497932175,"standard_error":38.83502467855919},"median_abs_dev":{"confidence_interval":{"confidence_level":0.95,"lower_bound":178.63641591034482,"upper_bound":308.92771684127996},"point_estimate":229.9244300503464,"standard_error":33.29369388906697},"slope":{"confidence_interval":{"confidence_level":0.95,"lower_bound":52299.47737663829,"upper_bound":52650.995490614434},"point_estimate":52491.308729947625,"standard_error":90.20500237335375},"std_dev":{"confidence_interval":{"confidence_level":0.95,"lower_bound":549.9094618814833,"upper_bound":1079.461844168744},"point_estimate":834.429635916542,"standard_error":135.05815722479738}}