{"mean":{"confidence_interval":{"confidence_level":0.95,"lower_bound":77176.60956825678,"upper_bound":77231.82190322033},"point_estimate":77205.09493586142,"standard_error":14.091525519832846},"median":{"confidence_interval":{"confidence_level":0.95,"lower_bound":77243.23874755381,"upper_bound":77274.18326118327},"point_estimate":77258.5014500537,"standard_error":9.033439756113985},"median_abs_dev":{"confidence_interval":{"confidence_level":0.95,"lower_bound":46.28178392191646,"upper_bound":113.33046748597228},"point_estimate":83.8795542883978,"standard_error":17.325565448118272},"slope":{"confidence_interval":{"confidence_level":0.95,"lower_bound":77257.60607630196,"upper_bound":77283.4518342748},"point_estimate":77271.41965167092,"standard_error":6.5689706217394495},"std_dev":{"confidence_interval":{"confidence_level":0.95,"lower_bound":117.50068765604424,"upper_bound":160.92096805922412},"point_estimate":141.32795919413934,"standard_error":11.100909531970796}}