{"mean":{"confidence_interval":{"confidence_level":0.95,"lower_bound":52804.87170286354,"upper_bound":52945.950694996696},"point_estimate":52868.7025208564,"standard_error":36.18496053017938},"median":{"confidence_interval":{"confidence_level":0.95,"lower_bound":52777.88611111111,"upper_bound":52843.29044205496},"point_estimate":52811.27185918085,"standard_error":17.32786207831983},"median_abs_dev":{"confidence_interval":{"confidence_level":0.95,"lower_bound":104.09001983037857,"upper_bound":185.3208142911204},"point_estimate":144.66747689182614,"standard_error":20.59635187854411},"slope":{"confidence_interval":{"confidence_level":0.95,"lower_bound":52866.67776733728,"upper_bound":52999.1220937732},"point_estimate":52926.94469861912,"standard_error":33.992599953338626},"std_dev":{"confidence_interval":{"confidence_level":0.95,"lower_bound":197.7900316746006,"upper_bound":516.1914845201643},"point_estimate":362.6833909265636,"standard_error":84.28051077287132}}