{"mean":{"confidence_interval":{"confidence_level":0.95,"lower_bound":67499.42719121769,"upper_bound":67614.09990501472},"point_estimate":67558.37245967725,"standard_error":29.340254599406546},"median":{"confidence_interval":{"confidence_level":0.95,"lower_bound":67502.80188679245,"upper_bound":67665.2380952381},"point_estimate":67588.39518272426,"standard_error":40.552783873696335},"median_abs_dev":{"confidence_interval":{"confidence_level":0.95,"lower_bound":241.73821548441066,"upper_bound":370.7952703184821},"point_estimate":314.5203656927369,"standard_error":32.89658009438344},"slope":{"confidence_interval":{"confidence_level":0.95,"lower_bound":67665.27421860123,"upper_bound":67761.73422041368},"point_estimate":67716.5754615888,"standard_error":24.571610334895404},"std_dev":{"confidence_interval":{"confidence_level":0.95,"lower_bound":241.40122864654316,"upper_bound":352.2962362664956},"point_estimate":294.3747313510019,"standard_error":28.848981684191223}}