{"mean":{"confidence_interval":{"confidence_level":0.95,"lower_bound":26885.341824829236,"upper_bound":26957.15587428477},"point_estimate":26919.456933663227,"standard_error":18.27407455137169},"median":{"confidence_interval":{"confidence_level":0.95,"lower_bound":26865.34965034965,"upper_bound":26951.7871657754},"point_estimate":26918.851700140942,"standard_error":20.248916428390764},"median_abs_dev":{"confidence_interval":{"confidence_level":0.95,"lower_bound":116.41044368812365,"upper_bound":180.0102630732036},"point_estimate":137.3341593571135,"standard_error":16.762734236455618},"slope":{"confidence_interval":{"confidence_level":0.95,"lower_bound":26915.94357244864,"upper_bound":26993.295981245512},"point_estimate":26952.327198033236,"standard_error":19.729025351523603},"std_dev":{"confidence_interval":{"confidence_level":0.95,"lower_bound":130.44716195322832,"upper_bound":244.96286709916922},"point_estimate":183.52774330264532,"standard_error":31.342454727361364}}