{"mean":{"confidence_interval":{"confidence_level":0.95,"lower_bound":521648.0197827221,"upper_bound":521890.08365294687},"point_estimate":521770.54717992636,"standard_error":61.59099706173254},"median":{"confidence_interval":{"confidence_level":0.95,"lower_bound":521656.1221116816,"upper_bound":521919.34375},"point_estimate":521785.14743589744,"standard_error":62.792860224259464},"median_abs_dev":{"confidence_interval":{"confidence_level":0.95,"lower_bound":376.8441833974127,"upper_bound":620.7000310603096},"point_estimate":460.9247804985439,"standard_error":60.60621484419567},"slope":{"confidence_interval":{"confidence_level":0.95,"lower_bound":521648.17556012835,"upper_bound":521869.5139787621},"point_estimate":521751.2871597458,"standard_error":56.52268413760777},"std_dev":{"confidence_interval":{"confidence_level":0.95,"lower_bound":485.5104678348401,"upper_bound":745.874331678235},"point_estimate":617.0184596982132,"standard_error":66.82467777892722}}