{"mean":{"confidence_interval":{"confidence_level":0.95,"lower_bound":77643.7109886446,"upper_bound":77713.4377459825},"point_estimate":77678.65381264934,"standard_error":17.802750860252416},"median":{"confidence_interval":{"confidence_level":0.95,"lower_bound":77643.57792207792,"upper_bound":77737.03571428571},"point_estimate":77700.97290152016,"standard_error":25.889115575661297},"median_abs_dev":{"confidence_interval":{"confidence_level":0.95,"lower_bound":129.26683773354262,"upper_bound":215.02223429480873},"point_estimate":169.1406824138222,"standard_error":22.611931451523166},"slope":{"confidence_interval":{"confidence_level":0.95,"lower_bound":77715.72277771236,"upper_bound":77770.08417820281},"point_estimate":77743.14651058709,"standard_error":13.842296317925216},"std_dev":{"confidence_interval":{"confidence_level":0.95,"lower_bound":155.54605966547692,"upper_bound":201.2138855272716},"point_estimate":179.9108824586045,"standard_error":11.64641587000598}}