{"mean":{"confidence_interval":{"confidence_level":0.95,"lower_bound":52807.266014888264,"upper_bound":53246.63829978499},"point_estimate":52969.98796998956,"standard_error":122.87876847958584},"median":{"confidence_interval":{"confidence_level":0.95,"lower_bound":52779.43703703704,"upper_bound":52878.70717592593},"point_estimate":52834.93064106808,"standard_error":22.892253688228585},"median_abs_dev":{"confidence_interval":{"confidence_level":0.95,"lower_bound":131.49887779219458,"upper_bound":231.36382220263144},"point_estimate":179.58686406552587,"standard_error":25.685999869824194},"slope":{"confidence_interval":{"confidence_level":0.95,"lower_bound":52865.83214104302,"upper_bound":53027.84047428929},"point_estimate":52938.40651035253,"standard_error":41.75902405948561},"std_dev":{"confidence_interval":{"confidence_level":0.95,"lower_bound":211.990701778325,"upper_bound":2088.652433345883},"point_estimate":1238.4645385840809,"standard_error":637.9332504185279}}