{"mean":{"confidence_interval":{"confidence_level":0.95,"lower_bound":25228699.245125,"upper_bound":25726723.61},"point_estimate":25439257.36,"standard_error":129757.91709882522},"median":{"confidence_interval":{"confidence_level":0.95,"lower_bound":25204395.5,"upper_bound":25398723.0},"point_estimate":25311760.5,"standard_error":55587.630933137174},"median_abs_dev":{"confidence_interval":{"confidence_level":0.95,"lower_bound":380836.9378387928,"upper_bound":634107.2674423456},"point_estimate":558296.7416882515,"standard_error":63761.05949925689},"slope":null,"std_dev":{"confidence_interval":{"confidence_level":0.95,"lower_bound":457762.8733650079,"upper_bound":2068893.0280867002},"point_estimate":1314477.4783683964,"standard_error":463970.8365753012}}