{"mean":{"confidence_interval":{"confidence_level":0.95,"lower_bound":25044331.964,"upper_bound":25241209.708750002},"point_estimate":25143409.18,"standard_error":50446.22628239776},"median":{"confidence_interval":{"confidence_level":0.95,"lower_bound":25083004.0,"upper_bound":25236981.0},"point_estimate":25140123.0,"standard_error":38842.42805548552},"median_abs_dev":{"confidence_interval":{"confidence_level":0.95,"lower_bound":291975.08451640606,"upper_bound":654025.9980887175},"point_estimate":476795.2559351921,"standard_error":101254.57038571771},"slope":null,"std_dev":{"confidence_interval":{"confidence_level":0.95,"lower_bound":428921.2997081644,"upper_bound":579777.8358853984},"point_estimate":508853.0658068922,"standard_error":38420.75395074826}}