{"mean":{"confidence_interval":{"confidence_level":0.95,"lower_bound":24260641.518500008,"upper_bound":24446786.775833342},"point_estimate":24354068.246666666,"standard_error":47473.56499663476},"median":{"confidence_interval":{"confidence_level":0.95,"lower_bound":24304988.0,"upper_bound":24452235.333333336},"point_estimate":24398459.833333336,"standard_error":39906.0845318261},"median_abs_dev":{"confidence_interval":{"confidence_level":0.95,"lower_bound":309318.5390084982,"upper_bound":496537.8042846937},"point_estimate":394250.019800663,"standard_error":48693.734500514794},"slope":null,"std_dev":{"confidence_interval":{"confidence_level":0.95,"lower_bound":394847.46375165007,"upper_bound":549856.5671706394},"point_estimate":476360.25453678594,"standard_error":39440.49764749895}}