{"mean":{"confidence_interval":{"confidence_level":0.95,"lower_bound":6391388.48265625,"upper_bound":6458839.1069375},"point_estimate":6425003.77625,"standard_error":17194.656440097184},"median":{"confidence_interval":{"confidence_level":0.95,"lower_bound":6444493.625,"upper_bound":6491363.625},"point_estimate":6490150.0625,"standard_error":10064.39074922361},"median_abs_dev":{"confidence_interval":{"confidence_level":0.95,"lower_bound":23104.004027321935,"upper_bound":227597.81378433108},"point_estimate":91134.86440703273,"standard_error":53867.75167738705},"slope":null,"std_dev":{"confidence_interval":{"confidence_level":0.95,"lower_bound":148566.8855950202,"upper_bound":194876.1959472988},"point_estimate":172585.07647726554,"standard_error":11853.205607519605}}