{"mean":{"confidence_interval":{"confidence_level":0.95,"lower_bound":20044695.90616667,"upper_bound":20121811.372083344},"point_estimate":20079926.840000004,"standard_error":19783.280984651912},"median":{"confidence_interval":{"confidence_level":0.95,"lower_bound":20045216.0,"upper_bound":20115597.333333336},"point_estimate":20064331.166666664,"standard_error":19039.070889649513},"median_abs_dev":{"confidence_interval":{"confidence_level":0.95,"lower_bound":104127.44395136833,"upper_bound":159872.214561699},"point_estimate":138250.96494555473,"standard_error":13943.092290138324},"slope":null,"std_dev":{"confidence_interval":{"confidence_level":0.95,"lower_bound":119703.24874112595,"upper_bound":287498.2030894569},"point_estimate":197569.48193094865,"standard_error":50213.21280977721}}