{"mean":{"confidence_interval":{"confidence_level":0.95,"lower_bound":6490846.45165625,"upper_bound":6496517.707593749},"point_estimate":6493336.82375,"standard_error":1454.4872181200642},"median":{"confidence_interval":{"confidence_level":0.95,"lower_bound":6489438.4375,"upper_bound":6491275.0},"point_estimate":6490085.25,"standard_error":467.18936202082716},"median_abs_dev":{"confidence_interval":{"confidence_level":0.95,"lower_bound":2448.14320653677,"upper_bound":3843.9184192568064},"point_estimate":3181.381556019187,"standard_error":363.23636641445574},"slope":null,"std_dev":{"confidence_interval":{"confidence_level":0.95,"lower_bound":3990.3323358765974,"upper_bound":21127.899900722503},"point_estimate":14615.142028728847,"standard_error":4038.247331359282}}