{"mean":{"confidence_interval":{"confidence_level":0.95,"lower_bound":16485374.064187499,"upper_bound":16487634.9956875},"point_estimate":16486409.765,"standard_error":576.6803625321013},"median":{"confidence_interval":{"confidence_level":0.95,"lower_bound":16484382.875,"upper_bound":16486420.375},"point_estimate":16485182.875,"standard_error":514.0276121654716},"median_abs_dev":{"confidence_interval":{"confidence_level":0.95,"lower_bound":2836.58439964056,"upper_bound":4986.354361474514},"point_estimate":3919.06770542264,"standard_error":558.1744232519899},"slope":null,"std_dev":{"confidence_interval":{"confidence_level":0.95,"lower_bound":3653.871154406205,"upper_bound":8268.716372227638},"point_estimate":5802.265020311838,"standard_error":1389.981652315461}}