{"mean":{"confidence_interval":{"confidence_level":0.95,"lower_bound":6493285.45946875,"upper_bound":6494901.376343749},"point_estimate":6494053.80625,"standard_error":412.3730432602166},"median":{"confidence_interval":{"confidence_level":0.95,"lower_bound":6492457.5625,"upper_bound":6494702.5},"point_estimate":6493296.6875,"standard_error":591.924626500268},"median_abs_dev":{"confidence_interval":{"confidence_level":0.95,"lower_bound":3068.4236539620906,"upper_bound":4485.932855671261},"point_estimate":3899.052605777979,"standard_error":356.0100871562954},"slope":null,"std_dev":{"confidence_interval":{"confidence_level":0.95,"lower_bound":2899.0791091072992,"upper_bound":5437.710572260623},"point_estimate":4153.84973572857,"standard_error":668.4321069944396}}