{"mean":{"confidence_interval":{"confidence_level":0.95,"lower_bound":6490998.48978125,"upper_bound":6492203.134500001},"point_estimate":6491562.31625,"standard_error":307.48955482939897},"median":{"confidence_interval":{"confidence_level":0.95,"lower_bound":6490413.75,"upper_bound":6491284.25},"point_estimate":6490967.9375,"standard_error":225.92901797868248},"median_abs_dev":{"confidence_interval":{"confidence_level":0.95,"lower_bound":1440.9018494188786,"upper_bound":2655.985190346837},"point_estimate":2303.219059109688,"standard_error":300.851748641503},"slope":null,"std_dev":{"confidence_interval":{"confidence_level":0.95,"lower_bound":2050.6964621462985,"upper_bound":4138.029244237689},"point_estimate":3094.307857644989,"standard_error":548.2185658521889}}