{"mean":{"confidence_interval":{"confidence_level":0.95,"lower_bound":6494738.4146875,"upper_bound":6517525.9439375},"point_estimate":6504682.29375,"standard_error":5875.022000856187},"median":{"confidence_interval":{"confidence_level":0.95,"lower_bound":6489417.125,"upper_bound":6490825.3125},"point_estimate":6490178.5625,"standard_error":357.759917017472},"median_abs_dev":{"confidence_interval":{"confidence_level":0.95,"lower_bound":1884.4772290438414,"upper_bound":3489.6696880459785},"point_estimate":2739.5667638629675,"standard_error":396.4134721887122},"slope":null,"std_dev":{"confidence_interval":{"confidence_level":0.95,"lower_bound":22091.082747609227,"upper_bound":87088.31921093405},"point_estimate":59316.79903133399,"standard_error":16663.317339904843}}