{"mean":{"confidence_interval":{"confidence_level":0.95,"lower_bound":6492237.25709375,"upper_bound":6498709.07071875},"point_estimate":6495096.0025,"standard_error":1670.8356895975269},"median":{"confidence_interval":{"confidence_level":0.95,"lower_bound":6490220.0,"upper_bound":6492123.625},"point_estimate":6491252.5,"standard_error":412.1270460910795},"median_abs_dev":{"confidence_interval":{"confidence_level":0.95,"lower_bound":2695.922727137804,"upper_bound":4614.777743071318},"point_estimate":3805.463482439518,"standard_error":497.1822708588834},"slope":null,"std_dev":{"confidence_interval":{"confidence_level":0.95,"lower_bound":6296.6756937411255,"upper_bound":23811.31032894282},"point_estimate":16777.497716341288,"standard_error":4271.18535503752}}