{"mean":{"confidence_interval":{"confidence_level":0.95,"lower_bound":6492646.5325,"upper_bound":6497019.92875},"point_estimate":6494347.97875,"standard_error":1163.1137863620227},"median":{"confidence_interval":{"confidence_level":0.95,"lower_bound":6491951.625,"upper_bound":6493001.1875},"point_estimate":6492539.75,"standard_error":304.03786810687046},"median_abs_dev":{"confidence_interval":{"confidence_level":0.95,"lower_bound":1650.1337707042694,"upper_bound":2999.57773424685},"point_estimate":2396.1595449596643,"standard_error":349.3323175418676},"slope":null,"std_dev":{"confidence_interval":{"confidence_level":0.95,"lower_bound":2587.160850047231,"upper_bound":19343.569702297744},"point_estimate":11723.169707043013,"standard_error":5249.903796661222}}