{"mean":{"confidence_interval":{"confidence_level":0.95,"lower_bound":19748609.318916656,"upper_bound":19794653.794833325},"point_estimate":19769040.473333333,"standard_error":11754.940063634846},"median":{"confidence_interval":{"confidence_level":0.95,"lower_bound":19761255.666666668,"upper_bound":19779791.0},"point_estimate":19766256.333333332,"standard_error":5294.527945385611},"median_abs_dev":{"confidence_interval":{"confidence_level":0.95,"lower_bound":23624.73638057893,"upper_bound":52760.5439633131},"point_estimate":38328.174519541644,"standard_error":8202.203138835786},"slope":null,"std_dev":{"confidence_interval":{"confidence_level":0.95,"lower_bound":54062.809745135884,"upper_bound":178660.2236871006},"point_estimate":118254.42778067771,"standard_error":33697.80442282745}}