{"mean":{"confidence_interval":{"confidence_level":0.95,"lower_bound":6493035.1475,"upper_bound":6500430.217625},"point_estimate":6496395.4575,"standard_error":1895.620722751487},"median":{"confidence_interval":{"confidence_level":0.95,"lower_bound":6490544.375,"upper_bound":6492324.5625},"point_estimate":6491330.75,"standard_error":470.78292330443713},"median_abs_dev":{"confidence_interval":{"confidence_level":0.95,"lower_bound":2748.1843762099743,"upper_bound":4527.7676571160555},"point_estimate":3825.8492320775986,"standard_error":458.3630356486813},"slope":null,"std_dev":{"confidence_interval":{"confidence_level":0.95,"lower_bound":10273.49453129622,"upper_bound":25715.661113758855},"point_estimate":19082.149128916957,"standard_error":3960.756436751437}}