{"mean":{"confidence_interval":{"confidence_level":0.95,"lower_bound":6493813.21946875,"upper_bound":6507147.5965},"point_estimate":6499377.35625,"standard_error":3462.7695968617004},"median":{"confidence_interval":{"confidence_level":0.95,"lower_bound":6491077.0,"upper_bound":6492680.375},"point_estimate":6491954.3125,"standard_error":426.63277332186317},"median_abs_dev":{"confidence_interval":{"confidence_level":0.95,"lower_bound":2436.8383817374706,"upper_bound":4647.580267488956},"point_estimate":3424.064639210701,"standard_error":557.4702224785102},"slope":null,"std_dev":{"confidence_interval":{"confidence_level":0.95,"lower_bound":8961.003942774534,"upper_bound":55592.5235871657},"point_estimate":34950.39107140734,"standard_error":12712.837059710571}}