{"mean":{"confidence_interval":{"confidence_level":0.95,"lower_bound":6493059.8359062495,"upper_bound":6503637.55015625},"point_estimate":6497629.1225,"standard_error":2731.0317180151906},"median":{"confidence_interval":{"confidence_level":0.95,"lower_bound":6489274.625,"upper_bound":6491483.6875},"point_estimate":6490332.1875,"standard_error":580.0894651169092},"median_abs_dev":{"confidence_interval":{"confidence_level":0.95,"lower_bound":2631.0589782893658,"upper_bound":5375.166204571724},"point_estimate":3967.7155170589685,"standard_error":686.176749572082},"slope":null,"std_dev":{"confidence_interval":{"confidence_level":0.95,"lower_bound":9976.074557971398,"upper_bound":41916.74396704668},"point_estimate":27413.688414645316,"standard_error":8305.953937789418}}