{"mean":{"confidence_interval":{"confidence_level":0.95,"lower_bound":18490544.1655,"upper_bound":18704407.511666656},"point_estimate":18598507.026666664,"standard_error":54613.44757012495},"median":{"confidence_interval":{"confidence_level":0.95,"lower_bound":18489230.0,"upper_bound":18761549.333333332},"point_estimate":18624623.0,"standard_error":78055.22790218607},"median_abs_dev":{"confidence_interval":{"confidence_level":0.95,"lower_bound":472883.6630046331,"upper_bound":733938.6308699828},"point_estimate":578303.9341330547,"standard_error":65752.33076537358},"slope":null,"std_dev":{"confidence_interval":{"confidence_level":0.95,"lower_bound":476086.0073767789,"upper_bound":615545.9948515896},"point_estimate":548394.0982339184,"standard_error":35660.18071423826}}