{"mean":{"confidence_interval":{"confidence_level":0.95,"lower_bound":6491439.0061874995,"upper_bound":6499545.81853125},"point_estimate":6494892.0725,"standard_error":2095.999328989495},"median":{"confidence_interval":{"confidence_level":0.95,"lower_bound":6489572.625,"upper_bound":6491156.875},"point_estimate":6490241.9375,"standard_error":422.4949871694238},"median_abs_dev":{"confidence_interval":{"confidence_level":0.95,"lower_bound":1918.7623534351587,"upper_bound":3162.38574385643},"point_estimate":2633.6535282433033,"standard_error":321.23304446296504},"slope":null,"std_dev":{"confidence_interval":{"confidence_level":0.95,"lower_bound":6096.226351588729,"upper_bound":32956.95650102399},"point_estimate":21138.66035522066,"standard_error":7078.027620895416}}