{"mean":{"confidence_interval":{"confidence_level":0.95,"lower_bound":6493074.43625,"upper_bound":6500630.2254375005},"point_estimate":6496440.335,"standard_error":1947.602848227955},"median":{"confidence_interval":{"confidence_level":0.95,"lower_bound":6490635.9375,"upper_bound":6492202.8125},"point_estimate":6491261.6875,"standard_error":381.5152576996651},"median_abs_dev":{"confidence_interval":{"confidence_level":0.95,"lower_bound":2389.4878450781107,"upper_bound":4187.881613150239},"point_estimate":2945.926147699356,"standard_error":453.72785805820325},"slope":null,"std_dev":{"confidence_interval":{"confidence_level":0.95,"lower_bound":9082.970524432547,"upper_bound":27254.51606473771},"point_estimate":19578.960669480344,"standard_error":4582.179533839621}}