{"mean":{"confidence_interval":{"confidence_level":0.95,"lower_bound":21639970.682250008,"upper_bound":21698133.980333336},"point_estimate":21669604.78666667,"standard_error":14803.15910220202},"median":{"confidence_interval":{"confidence_level":0.95,"lower_bound":21653184.666666668,"upper_bound":21715384.333333332},"point_estimate":21690768.0,"standard_error":13359.605777888448},"median_abs_dev":{"confidence_interval":{"confidence_level":0.95,"lower_bound":99086.60404086113,"upper_bound":165481.88483960938},"point_estimate":131876.77345871832,"standard_error":16993.797330370253},"slope":null,"std_dev":{"confidence_interval":{"confidence_level":0.95,"lower_bound":122935.91449625368,"upper_bound":171217.6291403059},"point_estimate":148498.3170704708,"standard_error":12349.138603388577}}