{"mean":{"confidence_interval":{"confidence_level":0.95,"lower_bound":6490805.178125,"upper_bound":6495852.69271875},"point_estimate":6492994.465,"standard_error":1301.9487084555224},"median":{"confidence_interval":{"confidence_level":0.95,"lower_bound":6489123.875,"upper_bound":6490380.625},"point_estimate":6489785.125,"standard_error":375.7379244135112},"median_abs_dev":{"confidence_interval":{"confidence_level":0.95,"lower_bound":1878.0835166573524,"upper_bound":3342.984953150153},"point_estimate":2642.178478091955,"standard_error":372.373896892127},"slope":null,"std_dev":{"confidence_interval":{"confidence_level":0.95,"lower_bound":5311.97468903044,"upper_bound":19891.218447972315},"point_estimate":13053.482165024054,"standard_error":3961.3683570736102}}