{"mean":{"confidence_interval":{"confidence_level":0.95,"lower_bound":106349.06058703629,"upper_bound":107367.95399518117},"point_estimate":106881.07660689615,"standard_error":261.5369815789526},"median":{"confidence_interval":{"confidence_level":0.95,"lower_bound":107692.87781084656,"upper_bound":107926.14612676056},"point_estimate":107857.35633680556,"standard_error":62.17445124682557},"median_abs_dev":{"confidence_interval":{"confidence_level":0.95,"lower_bound":290.509595033993,"upper_bound":621.0397922144763},"point_estimate":443.86561885627606,"standard_error":85.51627736572016},"slope":{"confidence_interval":{"confidence_level":0.95,"lower_bound":107427.34050516953,"upper_bound":108123.43168438812},"point_estimate":107789.43149697059,"standard_error":177.57033748899607},"std_dev":{"confidence_interval":{"confidence_level":0.95,"lower_bound":2063.869664922438,"upper_bound":3078.9831524474903},"point_estimate":2621.2537194486167,"standard_error":259.58528201562865}}