{"mean":{"confidence_interval":{"confidence_level":0.95,"lower_bound":97192.36562223585,"upper_bound":97481.11519690811},"point_estimate":97347.39913853332,"standard_error":74.01061360327921},"median":{"confidence_interval":{"confidence_level":0.95,"lower_bound":97378.2652862466,"upper_bound":97602.0},"point_estimate":97485.60973300073,"standard_error":47.99794474466662},"median_abs_dev":{"confidence_interval":{"confidence_level":0.95,"lower_bound":311.2185174184559,"upper_bound":531.3826204618993},"point_estimate":391.4985643769819,"standard_error":56.192411433505555},"slope":{"confidence_interval":{"confidence_level":0.95,"lower_bound":97454.3568517537,"upper_bound":97599.69049993425},"point_estimate":97529.54761674302,"standard_error":37.01591992263632},"std_dev":{"confidence_interval":{"confidence_level":0.95,"lower_bound":480.0690732242112,"upper_bound":1027.7768461596488},"point_estimate":740.3990889430263,"standard_error":153.27637207083862}}