{"mean":{"confidence_interval":{"confidence_level":0.95,"lower_bound":108986.13159905726,"upper_bound":109325.8253748793},"point_estimate":109155.06713577708,"standard_error":86.29187844101672},"median":{"confidence_interval":{"confidence_level":0.95,"lower_bound":109081.2102728732,"upper_bound":109260.82066088592},"point_estimate":109164.89751054466,"standard_error":42.02335353403643},"median_abs_dev":{"confidence_interval":{"confidence_level":0.95,"lower_bound":248.75005650024792,"upper_bound":373.36969791681946},"point_estimate":307.1277224090181,"standard_error":31.08239204274048},"slope":{"confidence_interval":{"confidence_level":0.95,"lower_bound":109166.3407535505,"upper_bound":109591.71701558257},"point_estimate":109350.31804429057,"standard_error":110.62453073053432},"std_dev":{"confidence_interval":{"confidence_level":0.95,"lower_bound":556.1502732564547,"upper_bound":1135.9552930823884},"point_estimate":869.9369844105419,"standard_error":147.48134575743626}}