{"mean":{"confidence_interval":{"confidence_level":0.95,"lower_bound":97397.38783722067,"upper_bound":98058.77490514773},"point_estimate":97729.92265029943,"standard_error":168.164533360624},"median":{"confidence_interval":{"confidence_level":0.95,"lower_bound":97302.48214285714,"upper_bound":98111.03922552167},"point_estimate":97879.27620070585,"standard_error":192.20824474110617},"median_abs_dev":{"confidence_interval":{"confidence_level":0.95,"lower_bound":1174.1028701811447,"upper_bound":1980.5265135871864},"point_estimate":1634.48786713177,"standard_error":211.37753866855903},"slope":{"confidence_interval":{"confidence_level":0.95,"lower_bound":96669.8648991058,"upper_bound":97556.51125472198},"point_estimate":97095.02895226836,"standard_error":226.24147726761154},"std_dev":{"confidence_interval":{"confidence_level":0.95,"lower_bound":1425.0722919791422,"upper_bound":1938.279531802189},"point_estimate":1694.512025003075,"standard_error":131.37335396913775}}