{"mean":{"confidence_interval":{"confidence_level":0.95,"lower_bound":106686.77372080946,"upper_bound":107690.58128163478},"point_estimate":107208.13323550732,"standard_error":255.07926533553697},"median":{"confidence_interval":{"confidence_level":0.95,"lower_bound":107289.34906462586,"upper_bound":108208.57731601733},"point_estimate":107907.8785239151,"standard_error":238.23908235346212},"median_abs_dev":{"confidence_interval":{"confidence_level":0.95,"lower_bound":830.1223100272705,"upper_bound":1771.3810706277243},"point_estimate":1281.4027070043671,"standard_error":249.85932765695972},"slope":{"confidence_interval":{"confidence_level":0.95,"lower_bound":106393.25791065732,"upper_bound":107547.3418517732},"point_estimate":107038.11727458886,"standard_error":297.25845387152174},"std_dev":{"confidence_interval":{"confidence_level":0.95,"lower_bound":1768.5872013054002,"upper_bound":3289.506247526344},"point_estimate":2567.329671647023,"standard_error":390.1561285157684}}