{"mean":{"confidence_interval":{"confidence_level":0.95,"lower_bound":71720.46913871283,"upper_bound":72534.17171986331},"point_estimate":72015.89049735996,"standard_error":235.39521690365888},"median":{"confidence_interval":{"confidence_level":0.95,"lower_bound":71746.14745776478,"upper_bound":71842.05491758701},"point_estimate":71781.3307519641,"standard_error":21.728421356917835},"median_abs_dev":{"confidence_interval":{"confidence_level":0.95,"lower_bound":147.44554161169376,"upper_bound":262.8102640036235},"point_estimate":198.09585883355396,"standard_error":29.46434197340289},"slope":{"confidence_interval":{"confidence_level":0.95,"lower_bound":71803.9276004986,"upper_bound":72088.24713526487},"point_estimate":71919.93572434856,"standard_error":74.2486536514607},"std_dev":{"confidence_interval":{"confidence_level":0.95,"lower_bound":292.1476881388916,"upper_bound":4031.8585782797177},"point_estimate":2371.6739716924453,"standard_error":1288.1632197445474}}