{"mean":{"confidence_interval":{"confidence_level":0.95,"lower_bound":100724.40733995986,"upper_bound":100949.85027332931},"point_estimate":100819.0467769199,"standard_error":58.534404784055276},"median":{"confidence_interval":{"confidence_level":0.95,"lower_bound":100671.73654916511,"upper_bound":100778.32970137207},"point_estimate":100728.52511773941,"standard_error":27.059062136193624},"median_abs_dev":{"confidence_interval":{"confidence_level":0.95,"lower_bound":165.73573272426788,"upper_bound":301.08093973147066},"point_estimate":214.5265817683228,"standard_error":35.604709142084424},"slope":{"confidence_interval":{"confidence_level":0.95,"lower_bound":100710.19361152577,"upper_bound":100834.31907970941},"point_estimate":100768.28363739999,"standard_error":31.756354240011174},"std_dev":{"confidence_interval":{"confidence_level":0.95,"lower_bound":254.41675950638142,"upper_bound":927.845409122579},"point_estimate":589.1202694393509,"standard_error":214.91642660418574}}