{"mean":{"confidence_interval":{"confidence_level":0.95,"lower_bound":73962.14366011602,"upper_bound":74088.19637352598},"point_estimate":74026.95855857866,"standard_error":32.275076393573556},"median":{"confidence_interval":{"confidence_level":0.95,"lower_bound":73998.66346153847,"upper_bound":74142.14204545454},"point_estimate":74060.48134328358,"standard_error":32.31558650640307},"median_abs_dev":{"confidence_interval":{"confidence_level":0.95,"lower_bound":177.68387433488323,"upper_bound":282.2171576164498},"point_estimate":221.76002936520806,"standard_error":26.53120378058562},"slope":{"confidence_interval":{"confidence_level":0.95,"lower_bound":74065.44188117952,"upper_bound":74145.63860408303},"point_estimate":74105.15604883996,"standard_error":20.542794634274166},"std_dev":{"confidence_interval":{"confidence_level":0.95,"lower_bound":261.18936356321296,"upper_bound":378.84262849207005},"point_estimate":323.7099302683167,"standard_error":30.02562491905381}}