{"mean":{"confidence_interval":{"confidence_level":0.95,"lower_bound":100943.43815293758,"upper_bound":101353.90637056349},"point_estimate":101123.61349164993,"standard_error":105.39602069041543},"median":{"confidence_interval":{"confidence_level":0.95,"lower_bound":100852.63888888889,"upper_bound":101083.78048780488},"point_estimate":100963.52745383867,"standard_error":57.45875743506016},"median_abs_dev":{"confidence_interval":{"confidence_level":0.95,"lower_bound":284.2633949205199,"upper_bound":515.9658350705523},"point_estimate":391.686281583728,"standard_error":60.22032071797311},"slope":{"confidence_interval":{"confidence_level":0.95,"lower_bound":101123.3830509373,"upper_bound":101573.8150343784},"point_estimate":101332.52690113787,"standard_error":114.89038452197981},"std_dev":{"confidence_interval":{"confidence_level":0.95,"lower_bound":467.48502693241886,"upper_bound":1612.6491247346041},"point_estimate":1059.0337981166927,"standard_error":310.4601098304209}}