{"mean":{"confidence_interval":{"confidence_level":0.95,"lower_bound":101708.04222966966,"upper_bound":102455.64070758497},"point_estimate":102074.99757350741,"standard_error":190.68741918276302},"median":{"confidence_interval":{"confidence_level":0.95,"lower_bound":102257.2471042471,"upper_bound":102381.4006968641},"point_estimate":102331.5741025641,"standard_error":30.206551938127816},"median_abs_dev":{"confidence_interval":{"confidence_level":0.95,"lower_bound":230.85001404714146,"upper_bound":382.01287432158904},"point_estimate":314.02843254230606,"standard_error":37.2681356326863},"slope":{"confidence_interval":{"confidence_level":0.95,"lower_bound":102345.28203586471,"upper_bound":103403.99434851372},"point_estimate":102797.06559353163,"standard_error":276.0039543928021},"std_dev":{"confidence_interval":{"confidence_level":0.95,"lower_bound":1280.8121625530625,"upper_bound":2462.81587734063},"point_estimate":1910.6152576798152,"standard_error":301.95797234631334}}