{"mean":{"confidence_interval":{"confidence_level":0.95,"lower_bound":96519.69537113528,"upper_bound":97014.79412975753},"point_estimate":96760.60955942067,"standard_error":126.32808855525556},"median":{"confidence_interval":{"confidence_level":0.95,"lower_bound":96586.0,"upper_bound":96781.70408879843},"point_estimate":96731.68558114035,"standard_error":49.7136925757685},"median_abs_dev":{"confidence_interval":{"confidence_level":0.95,"lower_bound":433.57137942048155,"upper_bound":749.1010948529726},"point_estimate":630.0450010201031,"standard_error":74.67957707482361},"slope":{"confidence_interval":{"confidence_level":0.95,"lower_bound":96816.38386750974,"upper_bound":97447.95784009292},"point_estimate":97106.6859446579,"standard_error":161.9076645149379},"std_dev":{"confidence_interval":{"confidence_level":0.95,"lower_bound":877.9074057246268,"upper_bound":1609.9553670059024},"point_estimate":1272.4234792257573,"standard_error":187.4692866285413}}