{"mean":{"confidence_interval":{"confidence_level":0.95,"lower_bound":196033.5529827906,"upper_bound":196089.5905909136},"point_estimate":196058.98105358344,"standard_error":14.309817909678436},"median":{"confidence_interval":{"confidence_level":0.95,"lower_bound":196029.12468354433,"upper_bound":196060.69166666668},"point_estimate":196046.32617391302,"standard_error":7.952175437987934},"median_abs_dev":{"confidence_interval":{"confidence_level":0.95,"lower_bound":47.95922096673382,"upper_bound":97.62400998665395},"point_estimate":70.99283678815948,"standard_error":12.786938486030241},"slope":{"confidence_interval":{"confidence_level":0.95,"lower_bound":196035.93575615896,"upper_bound":196075.154437358},"point_estimate":196055.5348780848,"standard_error":10.019531446555789},"std_dev":{"confidence_interval":{"confidence_level":0.95,"lower_bound":80.55707552997414,"upper_bound":211.71508102284514},"point_estimate":143.70620986264709,"standard_error":37.81972738129747}}