{"mean":{"confidence_interval":{"confidence_level":0.95,"lower_bound":100664.51641143634,"upper_bound":101202.27962882943},"point_estimate":100900.9754743765,"standard_error":138.85734861090296},"median":{"confidence_interval":{"confidence_level":0.95,"lower_bound":100417.73124882363,"upper_bound":100818.6317128817},"point_estimate":100617.29206349206,"standard_error":122.96463881763994},"median_abs_dev":{"confidence_interval":{"confidence_level":0.95,"lower_bound":445.04655736084896,"upper_bound":753.3036115467995},"point_estimate":629.1679342845699,"standard_error":80.28724348178768},"slope":{"confidence_interval":{"confidence_level":0.95,"lower_bound":100444.6154906922,"upper_bound":100956.90282996981},"point_estimate":100669.33149654837,"standard_error":131.5688964174651},"std_dev":{"confidence_interval":{"confidence_level":0.95,"lower_bound":627.1835240675207,"upper_bound":2095.737662370613},"point_estimate":1394.3193393986307,"standard_error":399.2217958970155}}