{"mean":{"confidence_interval":{"confidence_level":0.95,"lower_bound":101039.14405558491,"upper_bound":101457.52884583917},"point_estimate":101217.50988427561,"standard_error":108.33042742852001},"median":{"confidence_interval":{"confidence_level":0.95,"lower_bound":101008.9831512605,"upper_bound":101154.04174397032},"point_estimate":101111.02272727274,"standard_error":38.55197308240698},"median_abs_dev":{"confidence_interval":{"confidence_level":0.95,"lower_bound":217.17170575981925,"upper_bound":371.1391505538299},"point_estimate":290.56649218550615,"standard_error":40.898674089896865},"slope":{"confidence_interval":{"confidence_level":0.95,"lower_bound":100973.07963185287,"upper_bound":101604.59438173639},"point_estimate":101243.46532669045,"standard_error":163.08372214084392},"std_dev":{"confidence_interval":{"confidence_level":0.95,"lower_bound":349.3949208023514,"upper_bound":1680.0869352336204},"point_estimate":1087.1528990751306,"standard_error":356.4102510938244}}