{"mean":{"confidence_interval":{"confidence_level":0.95,"lower_bound":233537.24456130245,"upper_bound":235647.9763738943},"point_estimate":234564.2911172017,"standard_error":538.6020968670858},"median":{"confidence_interval":{"confidence_level":0.95,"lower_bound":231129.26111111112,"upper_bound":232979.273989899},"point_estimate":231490.67801455304,"standard_error":495.81262453367987},"median_abs_dev":{"confidence_interval":{"confidence_level":0.95,"lower_bound":1227.2051491191892,"upper_bound":3937.303889825349},"point_estimate":2233.9152322150694,"standard_error":736.0780137393741},"slope":{"confidence_interval":{"confidence_level":0.95,"lower_bound":233146.7447436655,"upper_bound":235552.25896769532},"point_estimate":234265.5672195951,"standard_error":610.4351027586865},"std_dev":{"confidence_interval":{"confidence_level":0.95,"lower_bound":4591.126715161567,"upper_bound":6046.120928708533},"point_estimate":5389.724382442607,"standard_error":371.7722147930027}}