{"mean":{"confidence_interval":{"confidence_level":0.95,"lower_bound":71293.2206400952,"upper_bound":71519.2306795068},"point_estimate":71401.03987919106,"standard_error":57.77086047990306},"median":{"confidence_interval":{"confidence_level":0.95,"lower_bound":71276.46232439336,"upper_bound":71416.29185764713},"point_estimate":71349.2786353312,"standard_error":32.43616393946177},"median_abs_dev":{"confidence_interval":{"confidence_level":0.95,"lower_bound":221.12362061618717,"upper_bound":417.2351937470068},"point_estimate":283.96312248183324,"standard_error":47.36512843609492},"slope":{"confidence_interval":{"confidence_level":0.95,"lower_bound":71387.71668583124,"upper_bound":71665.22063211603},"point_estimate":71512.29376779469,"standard_error":71.40460746973675},"std_dev":{"confidence_interval":{"confidence_level":0.95,"lower_bound":393.2974018046385,"upper_bound":748.4519969716415},"point_estimate":579.6935524074898,"standard_error":91.23513970037351}}