{"mean":{"confidence_interval":{"confidence_level":0.95,"lower_bound":74463.35477960909,"upper_bound":74700.17624089109},"point_estimate":74566.97797678047,"standard_error":60.82873570103472},"median":{"confidence_interval":{"confidence_level":0.95,"lower_bound":74487.82051282052,"upper_bound":74589.24780701754},"point_estimate":74547.5171785182,"standard_error":24.560571828386664},"median_abs_dev":{"confidence_interval":{"confidence_level":0.95,"lower_bound":137.15503289065705,"upper_bound":237.0373234840458},"point_estimate":175.30883300011044,"standard_error":24.930142357806748},"slope":{"confidence_interval":{"confidence_level":0.95,"lower_bound":74554.44244680241,"upper_bound":74680.7416863076},"point_estimate":74610.7369077878,"standard_error":32.34289520339929},"std_dev":{"confidence_interval":{"confidence_level":0.95,"lower_bound":263.86419162145444,"upper_bound":940.9766886819234},"point_estimate":610.5422827773258,"standard_error":190.7162068995729}}