{"mean":{"confidence_interval":{"confidence_level":0.95,"lower_bound":1848068.676635791,"upper_bound":1855138.2906665783},"point_estimate":1850979.4080632094,"standard_error":1842.0062855882818},"median":{"confidence_interval":{"confidence_level":0.95,"lower_bound":1846062.3846153845,"upper_bound":1847087.6835585586},"point_estimate":1846541.0682539684,"standard_error":273.9237447827763},"median_abs_dev":{"confidence_interval":{"confidence_level":0.95,"lower_bound":1838.087429221,"upper_bound":4222.053215952682},"point_estimate":2836.2483330326268,"standard_error":601.0724586476815},"slope":{"confidence_interval":{"confidence_level":0.95,"lower_bound":1846692.546865332,"upper_bound":1849147.2989028657},"point_estimate":1847824.1547155313,"standard_error":628.7994550116258},"std_dev":{"confidence_interval":{"confidence_level":0.95,"lower_bound":5792.939228029763,"upper_bound":29569.974615596668},"point_estimate":18473.660563656416,"standard_error":6948.363805114003}}