{"mean":{"confidence_interval":{"confidence_level":0.95,"lower_bound":2676389.8332499997,"upper_bound":2677604.7864868417},"point_estimate":2676966.515263157,"standard_error":311.1866081049413},"median":{"confidence_interval":{"confidence_level":0.95,"lower_bound":2676411.0,"upper_bound":2677495.263157895},"point_estimate":2676866.2894736845,"standard_error":265.41508782030337},"median_abs_dev":{"confidence_interval":{"confidence_level":0.95,"lower_bound":1779.0243797314604,"upper_bound":3000.3141572604004},"point_estimate":2543.829428522301,"standard_error":301.9029106844353},"slope":null,"std_dev":{"confidence_interval":{"confidence_level":0.95,"lower_bound":2219.3053903796463,"upper_bound":4200.40698662881},"point_estimate":3134.068573045079,"standard_error":546.5880349868401}}