{"mean":{"confidence_interval":{"confidence_level":0.95,"lower_bound":2776026.015842104,"upper_bound":2778447.3327105246},"point_estimate":2777213.49,"standard_error":619.2438312465929},"median":{"confidence_interval":{"confidence_level":0.95,"lower_bound":2775034.6315789474,"upper_bound":2778397.736842105},"point_estimate":2777118.8157894737,"standard_error":836.000815398126},"median_abs_dev":{"confidence_interval":{"confidence_level":0.95,"lower_bound":4611.744265493775,"upper_bound":7303.795650989919},"point_estimate":6012.333051154634,"standard_error":680.01935980922},"slope":null,"std_dev":{"confidence_interval":{"confidence_level":0.95,"lower_bound":5097.99421996104,"upper_bound":7397.1585611586415},"point_estimate":6227.714150669071,"standard_error":594.3403364507997}}