{"mean":{"confidence_interval":{"confidence_level":0.95,"lower_bound":2751067.3099605255,"upper_bound":2755091.236657896},"point_estimate":2753039.037368421,"standard_error":1026.6467232011673},"median":{"confidence_interval":{"confidence_level":0.95,"lower_bound":2750766.8947368423,"upper_bound":2755003.6842105263},"point_estimate":2752672.1315789474,"standard_error":1104.0128581385663},"median_abs_dev":{"confidence_interval":{"confidence_level":0.95,"lower_bound":6246.330244368325,"upper_bound":12574.710692543678},"point_estimate":8950.182930575866,"standard_error":1598.224701547751},"slope":null,"std_dev":{"confidence_interval":{"confidence_level":0.95,"lower_bound":8340.441700505984,"upper_bound":12124.442614086485},"point_estimate":10291.1917980642,"standard_error":968.1786451741681}}