{"mean":{"confidence_interval":{"confidence_level":0.95,"lower_bound":2453448.6805357146,"upper_bound":2479699.141809524},"point_estimate":2465290.990000001,"standard_error":6730.796445389355},"median":{"confidence_interval":{"confidence_level":0.95,"lower_bound":2445826.238095238,"upper_bound":2447111.9523809524},"point_estimate":2446321.4523809524,"standard_error":351.96929658391866},"median_abs_dev":{"confidence_interval":{"confidence_level":0.95,"lower_bound":1690.9052699807758,"upper_bound":3794.8205326283783},"point_estimate":2555.7199546271636,"standard_error":524.6212702156267},"slope":null,"std_dev":{"confidence_interval":{"confidence_level":0.95,"lower_bound":33699.25743014403,"upper_bound":96437.09595052818},"point_estimate":67813.48781515865,"standard_error":16195.269141142488}}