{"mean":{"confidence_interval":{"confidence_level":0.95,"lower_bound":2661206.744052632,"upper_bound":2666540.1975526316},"point_estimate":2663394.4726315793,"standard_error":1390.6523024390335},"median":{"confidence_interval":{"confidence_level":0.95,"lower_bound":2660687.947368421,"upper_bound":2661872.157894737},"point_estimate":2661253.763157895,"standard_error":290.14193413208756},"median_abs_dev":{"confidence_interval":{"confidence_level":0.95,"lower_bound":2106.852594174728,"upper_bound":3448.917696664353},"point_estimate":2723.3020569148634,"standard_error":322.59490801358385},"slope":null,"std_dev":{"confidence_interval":{"confidence_level":0.95,"lower_bound":2954.891425024927,"upper_bound":22358.36971555975},"point_estimate":13984.643460898322,"standard_error":5324.955737888923}}