{"mean":{"confidence_interval":{"confidence_level":0.95,"lower_bound":2987024.9913676465,"upper_bound":3057423.7586470577},"point_estimate":3021190.2094117654,"standard_error":17882.768739190415},"median":{"confidence_interval":{"confidence_level":0.95,"lower_bound":2952313.117647059,"upper_bound":3012679.617647059},"point_estimate":2983714.970588235,"standard_error":17679.92517352131},"median_abs_dev":{"confidence_interval":{"confidence_level":0.95,"lower_bound":107417.5077164874,"upper_bound":191666.07679724693},"point_estimate":145355.58401942253,"standard_error":21466.865270469483},"slope":null,"std_dev":{"confidence_interval":{"confidence_level":0.95,"lower_bound":148769.5828146415,"upper_bound":207447.03880241033},"point_estimate":179795.13632291224,"standard_error":14983.301623687423}}