{"mean":{"confidence_interval":{"confidence_level":0.95,"lower_bound":1853795.0849049045,"upper_bound":1862686.8904283855},"point_estimate":1857863.3920108345,"standard_error":2263.5968994789177},"median":{"confidence_interval":{"confidence_level":0.95,"lower_bound":1849404.1627906978,"upper_bound":1851895.3928995254},"point_estimate":1850828.1693121693,"standard_error":736.1227466772615},"median_abs_dev":{"confidence_interval":{"confidence_level":0.95,"lower_bound":3711.1296895689297,"upper_bound":7067.174589971375},"point_estimate":5072.37379216972,"standard_error":875.373412622517},"slope":{"confidence_interval":{"confidence_level":0.95,"lower_bound":1851120.613493689,"upper_bound":1860789.8770938055},"point_estimate":1855478.5607654795,"standard_error":2477.2424901291424},"std_dev":{"confidence_interval":{"confidence_level":0.95,"lower_bound":13318.92000087214,"upper_bound":30257.769443022666},"point_estimate":22704.326698989702,"standard_error":4302.544520852489}}