{"mean":{"confidence_interval":{"confidence_level":0.95,"lower_bound":1949012.5650356647,"upper_bound":1955075.465766294},"point_estimate":1951390.7455802027,"standard_error":1607.6606428855905},"median":{"confidence_interval":{"confidence_level":0.95,"lower_bound":1948085.9764595104,"upper_bound":1949316.5117743702},"point_estimate":1948750.500900901,"standard_error":305.7615108499304},"median_abs_dev":{"confidence_interval":{"confidence_level":0.95,"lower_bound":2126.3004042505113,"upper_bound":4035.8157985718512},"point_estimate":2993.841808304247,"standard_error":489.01824601213957},"slope":{"confidence_interval":{"confidence_level":0.95,"lower_bound":1949121.3942813745,"upper_bound":1951768.4512104683},"point_estimate":1950333.2643091474,"standard_error":680.9121108448359},"std_dev":{"confidence_interval":{"confidence_level":0.95,"lower_bound":4230.499402906713,"upper_bound":26799.056939891634},"point_estimate":16301.008118190113,"standard_error":7171.154300687936}}