{"mean":{"confidence_interval":{"confidence_level":0.95,"lower_bound":2981207.334897059,"upper_bound":3011035.4936911766},"point_estimate":2996035.917647059,"standard_error":7589.293724373848},"median":{"confidence_interval":{"confidence_level":0.95,"lower_bound":2984390.323529412,"upper_bound":3019825.1764705884},"point_estimate":3000591.4411764704,"standard_error":8632.521556250846},"median_abs_dev":{"confidence_interval":{"confidence_level":0.95,"lower_bound":39818.91571130867,"upper_bound":66762.39253825997},"point_estimate":51214.36661429296,"standard_error":6899.495330348167},"slope":null,"std_dev":{"confidence_interval":{"confidence_level":0.95,"lower_bound":59018.13050865623,"upper_bound":92052.77234876038},"point_estimate":76000.29478631234,"standard_error":8441.718423594884}}