{"mean":{"confidence_interval":{"confidence_level":0.95,"lower_bound":1848767.781552585,"upper_bound":1856819.9528752577},"point_estimate":1851834.5854043039,"standard_error":2197.6586197975457},"median":{"confidence_interval":{"confidence_level":0.95,"lower_bound":1847426.8095238095,"upper_bound":1848692.4782608696},"point_estimate":1847825.011281225,"standard_error":270.0515185475983},"median_abs_dev":{"confidence_interval":{"confidence_level":0.95,"lower_bound":1930.9202273471985,"upper_bound":3501.488037323282},"point_estimate":2576.644326722409,"standard_error":404.3413496661683},"slope":{"confidence_interval":{"confidence_level":0.95,"lower_bound":1849849.1634286263,"upper_bound":1865356.3743563762},"point_estimate":1855584.6834343136,"standard_error":4312.857943053791},"std_dev":{"confidence_interval":{"confidence_level":0.95,"lower_bound":4981.935721118668,"upper_bound":36775.143515035285},"point_estimate":22043.42470354198,"standard_error":10736.608474451254}}