{"mean":{"confidence_interval":{"confidence_level":0.95,"lower_bound":5504314.56772222,"upper_bound":5598473.532361107},"point_estimate":5548480.064444445,"standard_error":23999.004157804342},"median":{"confidence_interval":{"confidence_level":0.95,"lower_bound":5443069.777777778,"upper_bound":5493597.388888889},"point_estimate":5477185.833333334,"standard_error":14786.249905970355},"median_abs_dev":{"confidence_interval":{"confidence_level":0.95,"lower_bound":83503.81938417676,"upper_bound":145344.31214128947},"point_estimate":117685.57361066295,"standard_error":15362.292138109235},"slope":null,"std_dev":{"confidence_interval":{"confidence_level":0.95,"lower_bound":164326.02594216005,"upper_bound":308302.20464126073},"point_estimate":241559.03028873698,"standard_error":36763.26764012764}}