{"mean":{"confidence_interval":{"confidence_level":0.95,"lower_bound":2439907.4855833333,"upper_bound":2442756.642964286},"point_estimate":2441165.512380953,"standard_error":733.4261924337785},"median":{"confidence_interval":{"confidence_level":0.95,"lower_bound":2439294.738095238,"upper_bound":2439959.0476190476},"point_estimate":2439582.880952381,"standard_error":188.48829530306935},"median_abs_dev":{"confidence_interval":{"confidence_level":0.95,"lower_bound":1108.2787803240856,"upper_bound":2230.8893603935007},"point_estimate":1524.9599729267952,"standard_error":290.02235174353393},"slope":null,"std_dev":{"confidence_interval":{"confidence_level":0.95,"lower_bound":2766.7413169494725,"upper_bound":10912.459702015412},"point_estimate":7388.044216677754,"standard_error":2072.553617810802}}