{"mean":{"confidence_interval":{"confidence_level":0.95,"lower_bound":2502634.4725833335,"upper_bound":2503821.87147619},"point_estimate":2503182.575238095,"standard_error":304.012661156273},"median":{"confidence_interval":{"confidence_level":0.95,"lower_bound":2502141.761904762,"upper_bound":2502956.095238095},"point_estimate":2502487.0,"standard_error":209.93123567483553},"median_abs_dev":{"confidence_interval":{"confidence_level":0.95,"lower_bound":1210.789978504296,"upper_bound":2005.1105644022703},"point_estimate":1609.7152714218576,"standard_error":202.6944844876144},"slope":null,"std_dev":{"confidence_interval":{"confidence_level":0.95,"lower_bound":1900.3745382610687,"upper_bound":4152.320226539462},"point_estimate":3058.2870567315153,"standard_error":588.4447537112359}}