{"mean":{"confidence_interval":{"confidence_level":0.95,"lower_bound":2575972.707399999,"upper_bound":2587867.6756499987},"point_estimate":2580211.8230000003,"standard_error":3557.8817493986026},"median":{"confidence_interval":{"confidence_level":0.95,"lower_bound":2575196.05,"upper_bound":2577251.1},"point_estimate":2576210.75,"standard_error":506.80420599822924},"median_abs_dev":{"confidence_interval":{"confidence_level":0.95,"lower_bound":4302.8757736086845,"upper_bound":6594.01164293303},"point_estimate":5667.609049379826,"standard_error":589.5947889876913},"slope":null,"std_dev":{"confidence_interval":{"confidence_level":0.95,"lower_bound":4185.8104089721555,"upper_bound":61054.58741046687},"point_estimate":35766.89201010406,"standard_error":20328.050284576908}}