{"mean":{"confidence_interval":{"confidence_level":0.95,"lower_bound":2428931.5656547616,"upper_bound":2432446.560214285},"point_estimate":2430478.3352380963,"standard_error":905.6504743699885},"median":{"confidence_interval":{"confidence_level":0.95,"lower_bound":2427677.6666666665,"upper_bound":2429312.285714286},"point_estimate":2428394.9523809524,"standard_error":394.7857831696276},"median_abs_dev":{"confidence_interval":{"confidence_level":0.95,"lower_bound":2234.5252603290164,"upper_bound":3566.3059866854987},"point_estimate":3068.5583455222486,"standard_error":345.11164059636354},"slope":null,"std_dev":{"confidence_interval":{"confidence_level":0.95,"lower_bound":3630.7319920911336,"upper_bound":13338.298663156591},"point_estimate":9053.999054940858,"standard_error":2544.3427640985137}}