{"mean":{"confidence_interval":{"confidence_level":0.95,"lower_bound":3095576.65003125,"upper_bound":3152331.551109375},"point_estimate":3123321.569375,"standard_error":14407.144191634712},"median":{"confidence_interval":{"confidence_level":0.95,"lower_bound":3078931.875,"upper_bound":3132725.625},"point_estimate":3107897.5,"standard_error":13014.688932540395},"median_abs_dev":{"confidence_interval":{"confidence_level":0.95,"lower_bound":87028.66478618234,"upper_bound":157957.9374592796},"point_estimate":120211.05911582708,"standard_error":18556.103377846106},"slope":null,"std_dev":{"confidence_interval":{"confidence_level":0.95,"lower_bound":115548.7697341868,"upper_bound":173081.22296484478},"point_estimate":144734.62932850933,"standard_error":14832.6580405201}}