{"mean":{"confidence_interval":{"confidence_level":0.95,"lower_bound":1961110.2998420547,"upper_bound":1965616.154875539},"point_estimate":1963027.7182166376,"standard_error":1170.1358659798098},"median":{"confidence_interval":{"confidence_level":0.95,"lower_bound":1960537.8717948718,"upper_bound":1961696.673076923},"point_estimate":1961114.0330261136,"standard_error":299.5075042575516},"median_abs_dev":{"confidence_interval":{"confidence_level":0.95,"lower_bound":2094.141655548717,"upper_bound":3779.1072866886707},"point_estimate":3180.9219224355056,"standard_error":431.6354378648552},"slope":{"confidence_interval":{"confidence_level":0.95,"lower_bound":1961254.4571032044,"upper_bound":1965628.2367866337},"point_estimate":1963115.4750258608,"standard_error":1127.8719703596264},"std_dev":{"confidence_interval":{"confidence_level":0.95,"lower_bound":3857.535041898728,"upper_bound":18495.889981192213},"point_estimate":11777.38573727149,"standard_error":4108.08195620024}}