{"mean":{"confidence_interval":{"confidence_level":0.95,"lower_bound":2605178.4089868427,"upper_bound":2661093.385289473},"point_estimate":2632276.513684211,"standard_error":14254.426829944523},"median":{"confidence_interval":{"confidence_level":0.95,"lower_bound":2582869.789473684,"upper_bound":2638338.552631579},"point_estimate":2604862.0263157897,"standard_error":14080.40956443556},"median_abs_dev":{"confidence_interval":{"confidence_level":0.95,"lower_bound":92386.11050718726,"upper_bound":175525.75218379474},"point_estimate":131097.81023044317,"standard_error":20234.172083428595},"slope":null,"std_dev":{"confidence_interval":{"confidence_level":0.95,"lower_bound":115040.38438915377,"upper_bound":170290.3255694943},"point_estimate":142733.42725909062,"standard_error":14242.577489381963}}