{"mean":{"confidence_interval":{"confidence_level":0.95,"lower_bound":5377125.338700002,"upper_bound":5378858.553374999},"point_estimate":5377994.241000001,"standard_error":444.57935661134695},"median":{"confidence_interval":{"confidence_level":0.95,"lower_bound":5377297.85,"upper_bound":5378627.9},"point_estimate":5378017.85,"standard_error":395.83106798050954},"median_abs_dev":{"confidence_interval":{"confidence_level":0.95,"lower_bound":2757.6359510428656,"upper_bound":5307.856165767545},"point_estimate":3528.587937354351,"standard_error":635.9354291155039},"slope":null,"std_dev":{"confidence_interval":{"confidence_level":0.95,"lower_bound":3829.899209359522,"upper_bound":5027.284146452038},"point_estimate":4466.786287138493,"standard_error":304.6942477775697}}