{"mean":{"confidence_interval":{"confidence_level":0.95,"lower_bound":2868605.5545138894,"upper_bound":2907255.780333333},"point_estimate":2888517.266666667,"standard_error":9927.200592356285},"median":{"confidence_interval":{"confidence_level":0.95,"lower_bound":2938080.8333333335,"upper_bound":2945831.277777778},"point_estimate":2944020.0555555555,"standard_error":2031.86873385756},"median_abs_dev":{"confidence_interval":{"confidence_level":0.95,"lower_bound":5172.9560414951975,"upper_bound":16964.403098821524},"point_estimate":8850.833559532883,"standard_error":3077.9551354863843},"slope":null,"std_dev":{"confidence_interval":{"confidence_level":0.95,"lower_bound":81358.39290232334,"upper_bound":114775.56182351308},"point_estimate":99934.45602860847,"standard_error":8489.50368760234}}