{"mean":{"confidence_interval":{"confidence_level":0.95,"lower_bound":1866699.4540107227,"upper_bound":1872100.5123901302},"point_estimate":1868937.1001254723,"standard_error":1413.3366268814914},"median":{"confidence_interval":{"confidence_level":0.95,"lower_bound":1865623.2295673077,"upper_bound":1866995.3649122808},"point_estimate":1866033.6313444402,"standard_error":353.4770310079707},"median_abs_dev":{"confidence_interval":{"confidence_level":0.95,"lower_bound":1889.3761102188846,"upper_bound":3195.678886249616},"point_estimate":2606.9781685317857,"standard_error":320.35473505817254},"slope":{"confidence_interval":{"confidence_level":0.95,"lower_bound":1866036.0909564858,"upper_bound":1867311.8070018962},"point_estimate":1866616.815043594,"standard_error":326.65608929370177},"std_dev":{"confidence_interval":{"confidence_level":0.95,"lower_bound":4074.917405280064,"upper_bound":22603.249967255368},"point_estimate":14212.139938730741,"standard_error":5278.2527890167785}}