{"mean":{"confidence_interval":{"confidence_level":0.95,"lower_bound":2612320.842225001,"upper_bound":2613593.669800003},"point_estimate":2612910.6040000007,"standard_error":324.98246186118513},"median":{"confidence_interval":{"confidence_level":0.95,"lower_bound":2611677.55,"upper_bound":2612687.55},"point_estimate":2612215.05,"standard_error":247.35068577484887},"median_abs_dev":{"confidence_interval":{"confidence_level":0.95,"lower_bound":1519.5741637721667,"upper_bound":2553.943393908824},"point_estimate":2046.0620936748603,"standard_error":271.7223662699041},"slope":null,"std_dev":{"confidence_interval":{"confidence_level":0.95,"lower_bound":2015.6395590995614,"upper_bound":4393.027147284347},"point_estimate":3253.5431474792467,"standard_error":618.1149719016987}}