{"mean":{"confidence_interval":{"confidence_level":0.95,"lower_bound":1974981.6534712638,"upper_bound":1979293.4355091776},"point_estimate":1976872.7034366457,"standard_error":1106.277105444529},"median":{"confidence_interval":{"confidence_level":0.95,"lower_bound":1973677.0444991789,"upper_bound":1975539.081372549},"point_estimate":1974709.4933333334,"standard_error":459.25214971396974},"median_abs_dev":{"confidence_interval":{"confidence_level":0.95,"lower_bound":3467.4233896677706,"upper_bound":5429.227014902325},"point_estimate":4576.374818064744,"standard_error":513.0073521911818},"slope":{"confidence_interval":{"confidence_level":0.95,"lower_bound":1974015.9525299403,"upper_bound":1978967.686149425},"point_estimate":1976076.726605586,"standard_error":1284.5028612201274},"std_dev":{"confidence_interval":{"confidence_level":0.95,"lower_bound":4659.9956878424355,"upper_bound":16398.774641714535},"point_estimate":11114.390847706518,"standard_error":3126.254824184838}}