{"mean":{"confidence_interval":{"confidence_level":0.95,"lower_bound":1849929.8600618467,"upper_bound":1855318.8550839017},"point_estimate":1852174.869513269,"standard_error":1394.8232652363176},"median":{"confidence_interval":{"confidence_level":0.95,"lower_bound":1848000.1666666667,"upper_bound":1849492.685897436},"point_estimate":1848496.41017316,"standard_error":382.0096762107023},"median_abs_dev":{"confidence_interval":{"confidence_level":0.95,"lower_bound":1879.731552880231,"upper_bound":3506.288308721671},"point_estimate":2566.591873070018,"standard_error":396.41422688996784},"slope":{"confidence_interval":{"confidence_level":0.95,"lower_bound":1849112.9659796397,"upper_bound":1854073.5316387522},"point_estimate":1851131.3219299542,"standard_error":1298.8789867648609},"std_dev":{"confidence_interval":{"confidence_level":0.95,"lower_bound":5223.695633603626,"upper_bound":21788.26202773944},"point_estimate":13950.672462061835,"standard_error":4736.092852702501}}