{"mean":{"confidence_interval":{"confidence_level":0.95,"lower_bound":2730968.206552631,"upper_bound":2734433.1087499997},"point_estimate":2732720.3389473683,"standard_error":888.7168486152186},"median":{"confidence_interval":{"confidence_level":0.95,"lower_bound":2725587.578947368,"upper_bound":2738556.263157895},"point_estimate":2737719.0263157897,"standard_error":2952.321108760646},"median_abs_dev":{"confidence_interval":{"confidence_level":0.95,"lower_bound":4782.851908771958,"upper_bound":14622.312934480784},"point_estimate":8185.122328369332,"standard_error":2896.0244933860495},"slope":null,"std_dev":{"confidence_interval":{"confidence_level":0.95,"lower_bound":8364.974138120991,"upper_bound":9454.606127932018},"point_estimate":8969.812468636439,"standard_error":277.954239714618}}