{"mean":{"confidence_interval":{"confidence_level":0.95,"lower_bound":2431296.1474166675,"upper_bound":2438178.9517499986},"point_estimate":2434119.3752380945,"standard_error":1843.1595629997926},"median":{"confidence_interval":{"confidence_level":0.95,"lower_bound":2430692.6666666665,"upper_bound":2431106.9523809524},"point_estimate":2430845.0476190476,"standard_error":110.58744636593417},"median_abs_dev":{"confidence_interval":{"confidence_level":0.95,"lower_bound":638.9299886561006,"upper_bound":1496.7199734278759},"point_estimate":995.4952823261464,"standard_error":215.82996035156708},"slope":null,"std_dev":{"confidence_interval":{"confidence_level":0.95,"lower_bound":1927.3455443339922,"upper_bound":29004.424941950823},"point_estimate":18592.42251006188,"standard_error":7369.138007836483}}