{"mean":{"confidence_interval":{"confidence_level":0.95,"lower_bound":2996218.2246911777,"upper_bound":3040561.957411764},"point_estimate":3017862.39882353,"standard_error":11332.655427918613},"median":{"confidence_interval":{"confidence_level":0.95,"lower_bound":2968645.3529411764,"upper_bound":3030137.382352941},"point_estimate":2998460.5,"standard_error":15535.523511514995},"median_abs_dev":{"confidence_interval":{"confidence_level":0.95,"lower_bound":82664.69335696692,"upper_bound":148122.42081147793},"point_estimate":118784.03483822092,"standard_error":16269.27277990686},"slope":null,"std_dev":{"confidence_interval":{"confidence_level":0.95,"lower_bound":96164.00040235627,"upper_bound":129639.64112355518},"point_estimate":113413.50489155868,"standard_error":8594.868918098848}}