{"mean":{"confidence_interval":{"confidence_level":0.95,"lower_bound":53343112.22875,"upper_bound":54447769.573249996},"point_estimate":53905923.25,"standard_error":283373.29989721556},"median":{"confidence_interval":{"confidence_level":0.95,"lower_bound":54821916.0,"upper_bound":55440828.0},"point_estimate":55095680.5,"standard_error":142736.80359769033},"median_abs_dev":{"confidence_interval":{"confidence_level":0.95,"lower_bound":943390.2240514755,"upper_bound":1938358.6185872555},"point_estimate":1326604.510948062,"standard_error":256120.2719420334},"slope":null,"std_dev":{"confidence_interval":{"confidence_level":0.95,"lower_bound":2501192.741618237,"upper_bound":3094458.863753445},"point_estimate":2846076.600056372,"standard_error":151652.2157965037}}