{"mean":{"confidence_interval":{"confidence_level":0.95,"lower_bound":53997393.812750004,"upper_bound":54256975.7045},"point_estimate":54127980.59,"standard_error":66412.9942315821},"median":{"confidence_interval":{"confidence_level":0.95,"lower_bound":54039544.0,"upper_bound":54203802.0},"point_estimate":54092278.0,"standard_error":43131.51852562428},"median_abs_dev":{"confidence_interval":{"confidence_level":0.95,"lower_bound":233915.72824716568,"upper_bound":541234.9811911583},"point_estimate":339438.29877376556,"standard_error":77677.32801102666},"slope":null,"std_dev":{"confidence_interval":{"confidence_level":0.95,"lower_bound":556627.6379160035,"upper_bound":767465.0193292014},"point_estimate":668960.8355686218,"standard_error":53917.42368618626}}