{"mean":{"confidence_interval":{"confidence_level":0.95,"lower_bound":54821420.22,"upper_bound":55104483.9},"point_estimate":54961724.51,"standard_error":72305.98724457144},"median":{"confidence_interval":{"confidence_level":0.95,"lower_bound":54754896.0,"upper_bound":55152543.0},"point_estimate":54899813.0,"standard_error":97581.73826490981},"median_abs_dev":{"confidence_interval":{"confidence_level":0.95,"lower_bound":645780.9260500969,"upper_bound":979308.4323137999},"point_estimate":800472.0343887806,"standard_error":81260.73179270599},"slope":null,"std_dev":{"confidence_interval":{"confidence_level":0.95,"lower_bound":629463.0209473162,"upper_bound":835417.7151278735},"point_estimate":732668.3971574057,"standard_error":52684.92049258951}}