{"mean":{"confidence_interval":{"confidence_level":0.95,"lower_bound":54546172.96425,"upper_bound":54799740.39},"point_estimate":54675038.75,"standard_error":64643.568498678076},"median":{"confidence_interval":{"confidence_level":0.95,"lower_bound":54482685.0,"upper_bound":54959598.0},"point_estimate":54730352.5,"standard_error":124462.02483326016},"median_abs_dev":{"confidence_interval":{"confidence_level":0.95,"lower_bound":562571.8187123537,"upper_bound":908113.981577754},"point_estimate":720224.8282134533,"standard_error":90249.41214832004},"slope":null,"std_dev":{"confidence_interval":{"confidence_level":0.95,"lower_bound":563633.7829884386,"upper_bound":728892.5000220204},"point_estimate":648257.7083854375,"standard_error":42280.30030223533}}