{"mean":{"confidence_interval":{"confidence_level":0.95,"lower_bound":53588021.420499995,"upper_bound":53845014.884500004},"point_estimate":53713225.8,"standard_error":65757.81534254123},"median":{"confidence_interval":{"confidence_level":0.95,"lower_bound":53431256.5,"upper_bound":53742111.5},"point_estimate":53533066.5,"standard_error":86129.55804057853},"median_abs_dev":{"confidence_interval":{"confidence_level":0.95,"lower_bound":470802.58684158325,"upper_bound":801981.8586044755},"point_estimate":594438.8225466013,"standard_error":88992.83240737877},"slope":null,"std_dev":{"confidence_interval":{"confidence_level":0.95,"lower_bound":561986.8480928285,"upper_bound":754037.1557772389},"point_estimate":662733.7313641263,"standard_error":49472.48227034184}}