{"mean":{"confidence_interval":{"confidence_level":0.95,"lower_bound":5244704.9734000005,"upper_bound":5256456.395725},"point_estimate":5250458.066999999,"standard_error":2988.2202939245335},"median":{"confidence_interval":{"confidence_level":0.95,"lower_bound":5238110.9,"upper_bound":5254837.95},"point_estimate":5247814.95,"standard_error":4324.874579607726},"median_abs_dev":{"confidence_interval":{"confidence_level":0.95,"lower_bound":21413.19141983986,"upper_bound":33662.580662369175},"point_estimate":24617.164092957697,"standard_error":3135.9589442365955},"slope":null,"std_dev":{"confidence_interval":{"confidence_level":0.95,"lower_bound":24491.567759357684,"upper_bound":35428.96213313466},"point_estimate":29929.259440469956,"standard_error":2817.2583264665495}}