{"mean":{"confidence_interval":{"confidence_level":0.95,"lower_bound":5224383.767375,"upper_bound":5232330.151824998},"point_estimate":5228272.338000002,"standard_error":2028.5286298080098},"median":{"confidence_interval":{"confidence_level":0.95,"lower_bound":5219064.550000001,"upper_bound":5229055.9},"point_estimate":5224404.8,"standard_error":2663.0412929289378},"median_abs_dev":{"confidence_interval":{"confidence_level":0.95,"lower_bound":12551.172467172699,"upper_bound":20911.331328749657},"point_estimate":17694.46003586054,"standard_error":2142.7195283686174},"slope":null,"std_dev":{"confidence_interval":{"confidence_level":0.95,"lower_bound":16516.673555939928,"upper_bound":24117.09838610681},"point_estimate":20450.723675115205,"standard_error":1949.3852108802093}}