{"mean":{"confidence_interval":{"confidence_level":0.95,"lower_bound":5295561.1489,"upper_bound":5312977.11035},"point_estimate":5304015.814000001,"standard_error":4441.399840005343},"median":{"confidence_interval":{"confidence_level":0.95,"lower_bound":5283653.8,"upper_bound":5304785.35},"point_estimate":5294598.05,"standard_error":4956.972638060716},"median_abs_dev":{"confidence_interval":{"confidence_level":0.95,"lower_bound":30068.091156183844,"upper_bound":49521.063020825386},"point_estimate":40283.64975482184,"standard_error":5106.258503440309},"slope":null,"std_dev":{"confidence_interval":{"confidence_level":0.95,"lower_bound":36541.35085517762,"upper_bound":51687.96848215779},"point_estimate":44439.38442032897,"standard_error":3884.083501574767}}