{"mean":{"confidence_interval":{"confidence_level":0.95,"lower_bound":-0.00591377406246085,"upper_bound":-0.0023010972497928108},"point_estimate":-0.004164155207556752,"standard_error":0.0009288652405399553},"median":{"confidence_interval":{"confidence_level":0.95,"lower_bound":-0.006858696172540202,"upper_bound":-0.002092049737936197},"point_estimate":-0.00501936001862846,"standard_error":0.0012750275179918638}}