{"mean":{"confidence_interval":{"confidence_level":0.95,"lower_bound":0.0013548745706761735,"upper_bound":0.0035733824866490734},"point_estimate":0.0025152678529156702,"standard_error":0.0005634335587478393},"median":{"confidence_interval":{"confidence_level":0.95,"lower_bound":0.0016469255112072645,"upper_bound":0.004299432251652492},"point_estimate":0.0030996197973538475,"standard_error":0.0006869325811484579}}