{"mean":{"confidence_interval":{"confidence_level":0.95,"lower_bound":-0.0509621101577125,"upper_bound":-0.0473742325788994},"point_estimate":-0.04918601971895753,"standard_error":0.0009121189696214431},"median":{"confidence_interval":{"confidence_level":0.95,"lower_bound":-0.049647461554967576,"upper_bound":-0.047679950764583645},"point_estimate":-0.04867153023769488,"standard_error":0.0005066984301322003}}