{"mean":{"confidence_interval":{"confidence_level":0.95,"lower_bound":-0.013778588663981703,"upper_bound":-0.010132888921329642},"point_estimate":-0.011981216333723954,"standard_error":0.0009301009360756791},"median":{"confidence_interval":{"confidence_level":0.95,"lower_bound":-0.012000886775233921,"upper_bound":-0.009479069346486282},"point_estimate":-0.010731007484733546,"standard_error":0.0006355285811064288}}