{"mean":{"confidence_interval":{"confidence_level":0.95,"lower_bound":-0.00004930370030846411,"upper_bound":0.017560992068419972},"point_estimate":0.007273843891967502,"standard_error":0.004461699848781078},"median":{"confidence_interval":{"confidence_level":0.95,"lower_bound":0.00024446949432732623,"upper_bound":0.003357019652330928},"point_estimate":0.0017797787465054782,"standard_error":0.0008053504163779449}}