{"mean":{"confidence_interval":{"confidence_level":0.95,"lower_bound":-0.008945785298195771,"upper_bound":-0.00229605823499659},"point_estimate":-0.005770119622616976,"standard_error":0.0017020398662342603},"median":{"confidence_interval":{"confidence_level":0.95,"lower_bound":-0.009022435624330583,"upper_bound":-0.006590789295286241},"point_estimate":-0.007817057844620945,"standard_error":0.0005943381877438936}}