{"mean":{"confidence_interval":{"confidence_level":0.95,"lower_bound":0.0015821742216567017,"upper_bound":0.0051420206407340515},"point_estimate":0.0034081435914750102,"standard_error":0.0009057449106095579},"median":{"confidence_interval":{"confidence_level":0.95,"lower_bound":0.0032618183858122048,"upper_bound":0.005653627075525192},"point_estimate":0.004121768086384758,"standard_error":0.0006316898980750851}}