{"mean":{"confidence_interval":{"confidence_level":0.95,"lower_bound":-0.013543593702965975,"upper_bound":-0.007773046652204542},"point_estimate":-0.010554723697209889,"standard_error":0.0014710010636053096},"median":{"confidence_interval":{"confidence_level":0.95,"lower_bound":-0.013561495004386415,"upper_bound":-0.004692056122999869},"point_estimate":-0.009438488143958979,"standard_error":0.0019630837929195282}}