{"mean":{"confidence_interval":{"confidence_level":0.95,"lower_bound":-0.04393081519482127,"upper_bound":-0.03862950911002461},"point_estimate":-0.04111667718551926,"standard_error":0.001357257746965922},"median":{"confidence_interval":{"confidence_level":0.95,"lower_bound":-0.04034738627438983,"upper_bound":-0.036871578708128336},"point_estimate":-0.0383172408063176,"standard_error":0.00086557326973188}}