{"mean":{"confidence_interval":{"confidence_level":0.95,"lower_bound":-0.000535416516014561,"upper_bound":0.0024915318233236505},"point_estimate":0.0009515151709174052,"standard_error":0.0007844046077342611},"median":{"confidence_interval":{"confidence_level":0.95,"lower_bound":-0.0015702469056392276,"upper_bound":0.0015183332725621224},"point_estimate":-0.00010774242814970414,"standard_error":0.0008096383186356004}}