{"mean":{"confidence_interval":{"confidence_level":0.95,"lower_bound":0.005465685938595555,"upper_bound":0.009180018809063571},"point_estimate":0.007262023713622279,"standard_error":0.000957167243859158},"median":{"confidence_interval":{"confidence_level":0.95,"lower_bound":0.004013649956932319,"upper_bound":0.0091682183257209},"point_estimate":0.005292327542983921,"standard_error":0.0013112227331773803}}