{"mean":{"confidence_interval":{"confidence_level":0.95,"lower_bound":34185.93196787841,"upper_bound":34782.53063781754},"point_estimate":34481.36840288916,"standard_error":152.15208609121433},"median":{"confidence_interval":{"confidence_level":0.95,"lower_bound":33289.968648887145,"upper_bound":35418.59090909091},"point_estimate":33462.90270788912,"standard_error":389.64911467077616},"median_abs_dev":{"confidence_interval":{"confidence_level":0.95,"lower_bound":274.4856790411269,"upper_bound":2309.888706771075},"point_estimate":555.7896042105717,"standard_error":429.04806901937195},"slope":{"confidence_interval":{"confidence_level":0.95,"lower_bound":33391.092640673916,"upper_bound":33587.5965675533},"point_estimate":33477.770527138004,"standard_error":50.07259066257752},"std_dev":{"confidence_interval":{"confidence_level":0.95,"lower_bound":1379.3643236603268,"upper_bound":1650.711649261204},"point_estimate":1522.559627648272,"standard_error":69.08844633401618}}