{"mean":{"confidence_interval":{"confidence_level":0.95,"lower_bound":31345.701335165068,"upper_bound":31391.848868518457},"point_estimate":31366.803254061466,"standard_error":11.776575155037555},"median":{"confidence_interval":{"confidence_level":0.95,"lower_bound":31331.87627005348,"upper_bound":31351.905558823528},"point_estimate":31342.01757705008,"standard_error":5.549217016343652},"median_abs_dev":{"confidence_interval":{"confidence_level":0.95,"lower_bound":34.421795020738216,"upper_bound":55.84795430124602},"point_estimate":44.357499179254546,"standard_error":5.298186338404212},"slope":{"confidence_interval":{"confidence_level":0.95,"lower_bound":31336.75810053289,"upper_bound":31413.396615567162},"point_estimate":31364.988471405348,"standard_error":21.200782780936603},"std_dev":{"confidence_interval":{"confidence_level":0.95,"lower_bound":66.4966881792339,"upper_bound":164.77508084539357},"point_estimate":118.8147841662679,"standard_error":25.375489722025584}}