{"mean":{"confidence_interval":{"confidence_level":0.95,"lower_bound":31077.54235331502,"upper_bound":31104.645821850634},"point_estimate":31090.689901175923,"standard_error":6.911600979813755},"median":{"confidence_interval":{"confidence_level":0.95,"lower_bound":31068.466666666667,"upper_bound":31094.311070381234},"point_estimate":31081.409102564103,"standard_error":7.309660677622346},"median_abs_dev":{"confidence_interval":{"confidence_level":0.95,"lower_bound":43.55203940127398,"upper_bound":71.51667554851048},"point_estimate":60.2308092556901,"standard_error":7.190052245929814},"slope":{"confidence_interval":{"confidence_level":0.95,"lower_bound":31073.78416308839,"upper_bound":31098.245093598805},"point_estimate":31085.68735806118,"standard_error":6.263257163871463},"std_dev":{"confidence_interval":{"confidence_level":0.95,"lower_bound":55.32781365792471,"upper_bound":84.25678273537467},"point_estimate":70.06990014492462,"standard_error":7.3993396552893165}}