{"mean":{"confidence_interval":{"confidence_level":0.95,"lower_bound":40041.06603785215,"upper_bound":40690.30004127825},"point_estimate":40360.98888170268,"standard_error":165.06270468829476},"median":{"confidence_interval":{"confidence_level":0.95,"lower_bound":39111.53247592201,"upper_bound":41306.35897435898},"point_estimate":39210.48747362869,"standard_error":604.7892790168781},"median_abs_dev":{"confidence_interval":{"confidence_level":0.95,"lower_bound":469.4464318011185,"upper_bound":2797.1638487010737},"point_estimate":847.2029997625868,"standard_error":616.5239693132243},"slope":{"confidence_interval":{"confidence_level":0.95,"lower_bound":39174.320482905445,"upper_bound":39449.400923733934},"point_estimate":39295.49352938279,"standard_error":70.11767357846095},"std_dev":{"confidence_interval":{"confidence_level":0.95,"lower_bound":1525.7595636276108,"upper_bound":1758.5321856493924},"point_estimate":1657.0748882822788,"standard_error":58.83007255064299}}