{"mean":{"confidence_interval":{"confidence_level":0.95,"lower_bound":23203.795650000004,"upper_bound":23499.756500000003},"point_estimate":23345.810000000005,"standard_error":75.64403904763903},"median":{"confidence_interval":{"confidence_level":0.95,"lower_bound":23016.4,"upper_bound":23288.0},"point_estimate":23140.699999999997,"standard_error":70.13053114021606},"median_abs_dev":{"confidence_interval":{"confidence_level":0.95,"lower_bound":392.29595303535245,"upper_bound":642.2623085975631},"point_estimate":513.8691508769995,"standard_error":63.12429777421284},"slope":null,"std_dev":{"confidence_interval":{"confidence_level":0.95,"lower_bound":572.4513225346179,"upper_bound":939.3795054548968},"point_estimate":760.783284490134,"standard_error":94.6666262677467}}