{"mean":{"confidence_interval":{"confidence_level":0.95,"lower_bound":21542.3334375,"upper_bound":23796.3329375},"point_estimate":22417.02375,"standard_error":605.6015570397484},"median":{"confidence_interval":{"confidence_level":0.95,"lower_bound":21347.25,"upper_bound":21559.4375},"point_estimate":21445.5625,"standard_error":50.64236447219291},"median_abs_dev":{"confidence_interval":{"confidence_level":0.95,"lower_bound":326.727969199419,"upper_bound":641.5951386094093},"point_estimate":470.9108166396618,"standard_error":85.45499136066829},"slope":null,"std_dev":{"confidence_interval":{"confidence_level":0.95,"lower_bound":552.3558276640576,"upper_bound":10011.22017858622},"point_estimate":6094.1175848132425,"standard_error":2726.489213316673}}