{"mean":{"confidence_interval":{"confidence_level":0.95,"lower_bound":20708.032128271083,"upper_bound":21203.704670194704},"point_estimate":20951.108587286737,"standard_error":126.28839480979332},"median":{"confidence_interval":{"confidence_level":0.95,"lower_bound":20067.745454545453,"upper_bound":20266.70357142857},"point_estimate":20123.163601694912,"standard_error":72.61878749328234},"median_abs_dev":{"confidence_interval":{"confidence_level":0.95,"lower_bound":190.53436295516235,"upper_bound":635.1626649315818},"point_estimate":348.48818276289785,"standard_error":128.21481837604307},"slope":{"confidence_interval":{"confidence_level":0.95,"lower_bound":20127.794839002363,"upper_bound":20351.561783018962},"point_estimate":20218.153498152802,"standard_error":58.19673678799025},"std_dev":{"confidence_interval":{"confidence_level":0.95,"lower_bound":1152.6937079742236,"upper_bound":1347.678326731987},"point_estimate":1271.0106533360158,"standard_error":49.826011306785084}}