{"mean":{"confidence_interval":{"confidence_level":0.95,"lower_bound":33390.98754290313,"upper_bound":34122.82375952908},"point_estimate":33752.300300386574,"standard_error":185.77937431809144},"median":{"confidence_interval":{"confidence_level":0.95,"lower_bound":32380.305803571428,"upper_bound":34005.916184807254},"point_estimate":32495.209943977592,"standard_error":368.78227151302644},"median_abs_dev":{"confidence_interval":{"confidence_level":0.95,"lower_bound":372.14444927663976,"upper_bound":2588.47173725324},"point_estimate":669.4939154448185,"standard_error":469.6720203852367},"slope":{"confidence_interval":{"confidence_level":0.95,"lower_bound":32449.028240357988,"upper_bound":32664.06754852073},"point_estimate":32543.889708036902,"standard_error":55.027142651698234},"std_dev":{"confidence_interval":{"confidence_level":0.95,"lower_bound":1681.4803168934911,"upper_bound":1999.7661089586197},"point_estimate":1863.1402874574103,"standard_error":81.38048508059576}}