{"mean":{"confidence_interval":{"confidence_level":0.95,"lower_bound":20590.5978384312,"upper_bound":21041.515562516168},"point_estimate":20812.38965593232,"standard_error":115.36482916956723},"median":{"confidence_interval":{"confidence_level":0.95,"lower_bound":19996.660215053762,"upper_bound":20147.995443833464},"point_estimate":20049.547249602547,"standard_error":65.67377035512268},"median_abs_dev":{"confidence_interval":{"confidence_level":0.95,"lower_bound":149.13689006622104,"upper_bound":533.742055955506},"point_estimate":320.35945505147953,"standard_error":113.75416181336361},"slope":{"confidence_interval":{"confidence_level":0.95,"lower_bound":20061.627911946005,"upper_bound":20205.96881377246},"point_estimate":20124.736069159153,"standard_error":36.993497477801604},"std_dev":{"confidence_interval":{"confidence_level":0.95,"lower_bound":1056.1447763912656,"upper_bound":1220.6228856352056},"point_estimate":1158.0685068844257,"standard_error":42.38900323070233}}