{"mean":{"confidence_interval":{"confidence_level":0.95,"lower_bound":21912.571178571423,"upper_bound":22132.66889285714},"point_estimate":22017.499999999996,"standard_error":56.22605259269233},"median":{"confidence_interval":{"confidence_level":0.95,"lower_bound":21813.428571428572,"upper_bound":21926.5},"point_estimate":21848.5,"standard_error":31.966383116637257},"median_abs_dev":{"confidence_interval":{"confidence_level":0.95,"lower_bound":216.3536961589529,"upper_bound":442.979692135543},"point_estimate":290.5895948410034,"standard_error":59.539205001795075},"slope":null,"std_dev":{"confidence_interval":{"confidence_level":0.95,"lower_bound":408.70184430287566,"upper_bound":720.1966769109},"point_estimate":564.5659415244747,"standard_error":81.03748069677866}}