{"mean":{"confidence_interval":{"confidence_level":0.95,"lower_bound":43606.709917834785,"upper_bound":45202.06505835424},"point_estimate":44356.74097778968,"standard_error":408.210591161132},"median":{"confidence_interval":{"confidence_level":0.95,"lower_bound":42496.83880597015,"upper_bound":44039.3595959596},"point_estimate":42934.119469387755,"standard_error":359.4235909572005},"median_abs_dev":{"confidence_interval":{"confidence_level":0.95,"lower_bound":1771.8917020891308,"upper_bound":3568.178868406549},"point_estimate":2362.2964754021646,"standard_error":451.2097968556384},"slope":{"confidence_interval":{"confidence_level":0.95,"lower_bound":42470.62349738913,"upper_bound":43371.95572895277},"point_estimate":42899.75786611497,"standard_error":229.52677011228275},"std_dev":{"confidence_interval":{"confidence_level":0.95,"lower_bound":2828.170549756637,"upper_bound":5391.598262924602},"point_estimate":4097.632557386881,"standard_error":668.8167984284538}}