{"mean":{"confidence_interval":{"confidence_level":0.95,"lower_bound":42581.331476823434,"upper_bound":43686.19011277388},"point_estimate":43116.31258355446,"standard_error":281.9254935981283},"median":{"confidence_interval":{"confidence_level":0.95,"lower_bound":41624.73611111111,"upper_bound":42545.9071006677},"point_estimate":41972.60882698149,"standard_error":242.73733987922768},"median_abs_dev":{"confidence_interval":{"confidence_level":0.95,"lower_bound":1216.8906045435185,"upper_bound":2703.789453722283},"point_estimate":1843.1031997059165,"standard_error":352.2512438211419},"slope":{"confidence_interval":{"confidence_level":0.95,"lower_bound":41623.10020648918,"upper_bound":42283.29159811624},"point_estimate":41929.505279050296,"standard_error":168.29215816770923},"std_dev":{"confidence_interval":{"confidence_level":0.95,"lower_bound":2255.705202002512,"upper_bound":3349.4083987708027},"point_estimate":2829.0338486301625,"standard_error":279.0198661911305}}