{"mean":{"confidence_interval":{"confidence_level":0.95,"lower_bound":21737.084071428577,"upper_bound":21957.272178571417},"point_estimate":21840.72,"standard_error":56.099975604194526},"median":{"confidence_interval":{"confidence_level":0.95,"lower_bound":21606.571428571428,"upper_bound":21752.428571428572},"point_estimate":21669.285714285714,"standard_error":33.157942647635224},"median_abs_dev":{"confidence_interval":{"confidence_level":0.95,"lower_bound":213.28259621347738,"upper_bound":369.0641409478025},"point_estimate":265.27949529034635,"standard_error":40.5054708784004},"slope":null,"std_dev":{"confidence_interval":{"confidence_level":0.95,"lower_bound":394.08974678030637,"upper_bound":722.5637226248746},"point_estimate":563.1295800259711,"standard_error":84.62834507780316}}