{"mean":{"confidence_interval":{"confidence_level":0.95,"lower_bound":141955.82295470304,"upper_bound":145870.31016369726},"point_estimate":143815.97618888362,"standard_error":999.1100157065918},"median":{"confidence_interval":{"confidence_level":0.95,"lower_bound":140038.4411764706,"upper_bound":143329.49208614428},"point_estimate":141705.7493894994,"standard_error":834.99831283246},"median_abs_dev":{"confidence_interval":{"confidence_level":0.95,"lower_bound":5176.936530354913,"upper_bound":8876.456953823526},"point_estimate":7119.450467103736,"standard_error":964.7429974946201},"slope":{"confidence_interval":{"confidence_level":0.95,"lower_bound":141436.17866664226,"upper_bound":144599.38040264818},"point_estimate":142968.93777252352,"standard_error":805.5068873766172},"std_dev":{"confidence_interval":{"confidence_level":0.95,"lower_bound":7259.150149319386,"upper_bound":13060.26229067271},"point_estimate":10067.341594391284,"standard_error":1531.1390403175537}}