{"mean":{"confidence_interval":{"confidence_level":0.95,"lower_bound":22300.65491666666,"upper_bound":22747.690124999997},"point_estimate":22508.85,"standard_error":114.14805724152966},"median":{"confidence_interval":{"confidence_level":0.95,"lower_bound":22062.083333333336,"upper_bound":22357.0},"point_estimate":22233.166666666664,"standard_error":71.75668453425921},"median_abs_dev":{"confidence_interval":{"confidence_level":0.95,"lower_bound":478.8797914981815,"upper_bound":867.8151845932043},"point_estimate":661.1160382628432,"standard_error":95.87178444893091},"slope":null,"std_dev":{"confidence_interval":{"confidence_level":0.95,"lower_bound":748.1091946947623,"upper_bound":1515.0152463838301},"point_estimate":1149.9304125483868,"standard_error":198.9120606553698}}