{"mean":{"confidence_interval":{"confidence_level":0.95,"lower_bound":44527.31471230294,"upper_bound":45906.82405498883},"point_estimate":45210.21112835518,"standard_error":353.4590347803161},"median":{"confidence_interval":{"confidence_level":0.95,"lower_bound":43439.80440677966,"upper_bound":45773.90095238095},"point_estimate":44377.6752631579,"standard_error":586.8394850274763},"median_abs_dev":{"confidence_interval":{"confidence_level":0.95,"lower_bound":3076.356468383757,"upper_bound":4894.76700820578},"point_estimate":4106.498097760237,"standard_error":471.2461588771419},"slope":{"confidence_interval":{"confidence_level":0.95,"lower_bound":43465.68172385278,"upper_bound":45098.59711501497},"point_estimate":44243.59281158564,"standard_error":418.12533294250255},"std_dev":{"confidence_interval":{"confidence_level":0.95,"lower_bound":3096.913544135553,"upper_bound":3968.890195909627},"point_estimate":3550.899892200473,"standard_error":222.22587143902393}}