{"mean":{"confidence_interval":{"confidence_level":0.95,"lower_bound":7172318.049142859,"upper_bound":7179510.2228214275},"point_estimate":7175991.922857143,"standard_error":1836.0916514298838},"median":{"confidence_interval":{"confidence_level":0.95,"lower_bound":7173305.214285715,"upper_bound":7182790.857142857},"point_estimate":7179169.571428571,"standard_error":2194.5547109987233},"median_abs_dev":{"confidence_interval":{"confidence_level":0.95,"lower_bound":12912.70447075367,"upper_bound":19348.035556503604},"point_estimate":15779.20561986251,"standard_error":1616.6567676722555},"slope":null,"std_dev":{"confidence_interval":{"confidence_level":0.95,"lower_bound":15202.296242080556,"upper_bound":21363.76205893784},"point_estimate":18471.428928980677,"standard_error":1572.0006846625265}}