{"mean":{"confidence_interval":{"confidence_level":0.95,"lower_bound":6477300.679843751,"upper_bound":6493143.4056875},"point_estimate":6483387.52,"standard_error":4238.246942536871},"median":{"confidence_interval":{"confidence_level":0.95,"lower_bound":6474263.25,"upper_bound":6477489.25},"point_estimate":6476010.75,"standard_error":856.4429491486927},"median_abs_dev":{"confidence_interval":{"confidence_level":0.95,"lower_bound":6259.907738864422,"upper_bound":9668.868390843272},"point_estimate":8056.170269474387,"standard_error":831.8764191457352},"slope":null,"std_dev":{"confidence_interval":{"confidence_level":0.95,"lower_bound":9479.526152018816,"upper_bound":70680.67085063377},"point_estimate":42635.46413231971,"standard_error":19657.53315450826}}