{"mean":{"confidence_interval":{"confidence_level":0.95,"lower_bound":8703645.848166669,"upper_bound":8832120.176583333},"point_estimate":8765972.140000002,"standard_error":32951.791099225695},"median":{"confidence_interval":{"confidence_level":0.95,"lower_bound":8623521.333333334,"upper_bound":8745446.583333332},"point_estimate":8700613.166666668,"standard_error":28811.245062737133},"median_abs_dev":{"confidence_interval":{"confidence_level":0.95,"lower_bound":213210.72541475343,"upper_bound":350302.05625839665},"point_estimate":283362.66126930853,"standard_error":33092.88065636971},"slope":null,"std_dev":{"confidence_interval":{"confidence_level":0.95,"lower_bound":260885.2374323356,"upper_bound":402728.89541082387},"point_estimate":332145.63610129594,"standard_error":36524.813089533105}}