{"mean":{"confidence_interval":{"confidence_level":0.95,"lower_bound":8891853.286583334,"upper_bound":8894760.476750003},"point_estimate":8893251.378333336,"standard_error":741.4431401736698},"median":{"confidence_interval":{"confidence_level":0.95,"lower_bound":8891174.833333334,"upper_bound":8893891.833333334},"point_estimate":8892283.25,"standard_error":615.8407305275217},"median_abs_dev":{"confidence_interval":{"confidence_level":0.95,"lower_bound":4361.438472568989,"upper_bound":6869.750528037088},"point_estimate":5473.512002826657,"standard_error":623.973524861514},"slope":null,"std_dev":{"confidence_interval":{"confidence_level":0.95,"lower_bound":5802.291004465984,"upper_bound":8954.747013286493},"point_estimate":7458.242383391245,"standard_error":808.7195374491952}}