{"mean":{"confidence_interval":{"confidence_level":0.95,"lower_bound":7188139.706428573,"upper_bound":7201263.025142857},"point_estimate":7193803.354285714,"standard_error":3374.267195965402},"median":{"confidence_interval":{"confidence_level":0.95,"lower_bound":7187405.714285715,"upper_bound":7196148.571428572},"point_estimate":7190734.357142857,"standard_error":2126.0708889801954},"median_abs_dev":{"confidence_interval":{"confidence_level":0.95,"lower_bound":12739.875673821403,"upper_bound":21222.57142322483},"point_estimate":17473.711489779806,"standard_error":2243.9440333426587},"slope":null,"std_dev":{"confidence_interval":{"confidence_level":0.95,"lower_bound":15389.946267247335,"upper_bound":52329.49374740463},"point_estimate":33905.74985247998,"standard_error":10901.529775868614}}