{"mean":{"confidence_interval":{"confidence_level":0.95,"lower_bound":6439698.880375,"upper_bound":6456648.456375},"point_estimate":6446798.455,"standard_error":4375.3359501978775},"median":{"confidence_interval":{"confidence_level":0.95,"lower_bound":6434938.75,"upper_bound":6438441.4375},"point_estimate":6437278.625,"standard_error":912.0937813890677},"median_abs_dev":{"confidence_interval":{"confidence_level":0.95,"lower_bound":4006.7264288663864,"upper_bound":7610.000339895487},"point_estimate":6149.268715828657,"standard_error":975.1870530730382},"slope":null,"std_dev":{"confidence_interval":{"confidence_level":0.95,"lower_bound":15720.94404984548,"upper_bound":68621.46081545048},"point_estimate":43859.554600917734,"standard_error":15084.397445548895}}