{"mean":{"confidence_interval":{"confidence_level":0.95,"lower_bound":8408672.639708335,"upper_bound":8413276.18383333},"point_estimate":8410880.990000002,"standard_error":1173.69629699417},"median":{"confidence_interval":{"confidence_level":0.95,"lower_bound":8407208.25,"upper_bound":8410691.666666666},"point_estimate":8409041.666666668,"standard_error":915.8261351447653},"median_abs_dev":{"confidence_interval":{"confidence_level":0.95,"lower_bound":6857.1484282622005,"upper_bound":11428.624985851335},"point_estimate":8809.11484360879,"standard_error":1150.218116583813},"slope":null,"std_dev":{"confidence_interval":{"confidence_level":0.95,"lower_bound":8764.078978052377,"upper_bound":15369.744368633517},"point_estimate":11806.666396646233,"standard_error":1809.3335888164706}}