{"mean":{"confidence_interval":{"confidence_level":0.95,"lower_bound":7405017.33228571,"upper_bound":7409394.7608571425},"point_estimate":7406761.020000005,"standard_error":1155.4663425582646},"median":{"confidence_interval":{"confidence_level":0.95,"lower_bound":7403938.0,"upper_bound":7405328.142857143},"point_estimate":7404469.357142857,"standard_error":320.2134493041938},"median_abs_dev":{"confidence_interval":{"confidence_level":0.95,"lower_bound":2054.4599635257487,"upper_bound":3848.405931676151},"point_estimate":2782.8401505947113,"standard_error":470.2161351308125},"slope":null,"std_dev":{"confidence_interval":{"confidence_level":0.95,"lower_bound":3407.71727795854,"upper_bound":18949.397491891523},"point_estimate":11630.834682253198,"standard_error":4915.056596300009}}