{"mean":{"confidence_interval":{"confidence_level":0.95,"lower_bound":6481110.875,"upper_bound":6488630.57290625},"point_estimate":6484536.1125,"standard_error":1937.5988822975874},"median":{"confidence_interval":{"confidence_level":0.95,"lower_bound":6478392.625,"upper_bound":6482340.125},"point_estimate":6480797.0,"standard_error":980.9178414856767},"median_abs_dev":{"confidence_interval":{"confidence_level":0.95,"lower_bound":6119.5240538567305,"upper_bound":9558.229367807508},"point_estimate":7939.878834038973,"standard_error":860.9502343516432},"slope":null,"std_dev":{"confidence_interval":{"confidence_level":0.95,"lower_bound":10890.651289202306,"upper_bound":26392.414119124383},"point_estimate":19495.435587443542,"standard_error":4124.784915095387}}