{"mean":{"confidence_interval":{"confidence_level":0.95,"lower_bound":4872998.515500003,"upper_bound":4883815.696477275},"point_estimate":4877597.0572727285,"standard_error":2789.5331592588554},"median":{"confidence_interval":{"confidence_level":0.95,"lower_bound":4868335.727272727,"upper_bound":4873903.818181818},"point_estimate":4870422.090909091,"standard_error":1244.057784237833},"median_abs_dev":{"confidence_interval":{"confidence_level":0.95,"lower_bound":6867.0661235393745,"upper_bound":13060.357949950352},"point_estimate":9374.075288122036,"standard_error":1508.5409242309086},"slope":null,"std_dev":{"confidence_interval":{"confidence_level":0.95,"lower_bound":10947.201507388929,"upper_bound":43941.76743845327},"point_estimate":28192.402301168317,"standard_error":9424.95928547445}}