{"mean":{"confidence_interval":{"confidence_level":0.95,"lower_bound":7469066.592749994,"upper_bound":7512051.883535715},"point_estimate":7486853.908571428,"standard_error":11218.122378632936},"median":{"confidence_interval":{"confidence_level":0.95,"lower_bound":7449021.0,"upper_bound":7459142.428571428},"point_estimate":7451978.142857143,"standard_error":2316.757318669059},"median_abs_dev":{"confidence_interval":{"confidence_level":0.95,"lower_bound":16170.929712908412,"upper_bound":31367.79124310999},"point_estimate":20703.661432436635,"standard_error":3670.6547862683037},"slope":null,"std_dev":{"confidence_interval":{"confidence_level":0.95,"lower_bound":45622.20014043137,"upper_bound":178296.3961961507},"point_estimate":112541.50292801893,"standard_error":42353.67608896701}}