{"mean":{"confidence_interval":{"confidence_level":0.95,"lower_bound":6483361.151,"upper_bound":6496911.49875},"point_estimate":6489315.3675,"standard_error":3488.8002187212064},"median":{"confidence_interval":{"confidence_level":0.95,"lower_bound":6478997.6875,"upper_bound":6483324.0},"point_estimate":6481036.5625,"standard_error":954.728394128824},"median_abs_dev":{"confidence_interval":{"confidence_level":0.95,"lower_bound":5857.9633031878675,"upper_bound":9961.218573153019},"point_estimate":8581.751960143447,"standard_error":1045.2384713228869},"slope":null,"std_dev":{"confidence_interval":{"confidence_level":0.95,"lower_bound":15340.949472498787,"upper_bound":52326.984345696925},"point_estimate":35070.16185980682,"standard_error":9838.482678256649}}