{"mean":{"confidence_interval":{"confidence_level":0.95,"lower_bound":6513723.97321875,"upper_bound":6520034.74396875},"point_estimate":6516404.28125,"standard_error":1629.7193654335829},"median":{"confidence_interval":{"confidence_level":0.95,"lower_bound":6512442.625,"upper_bound":6515168.875},"point_estimate":6513662.875,"standard_error":633.2652259205205},"median_abs_dev":{"confidence_interval":{"confidence_level":0.95,"lower_bound":5451.334778219461,"upper_bound":8570.632460340858},"point_estimate":7145.483235642314,"standard_error":809.4654379391753},"slope":null,"std_dev":{"confidence_interval":{"confidence_level":0.95,"lower_bound":5560.567409820448,"upper_bound":25446.311721190777},"point_estimate":16398.96113051544,"standard_error":5462.9819207682785}}