{"mean":{"confidence_interval":{"confidence_level":0.95,"lower_bound":7617707.344428573,"upper_bound":7759217.577857141},"point_estimate":7688217.319999998,"standard_error":36228.986189557094},"median":{"confidence_interval":{"confidence_level":0.95,"lower_bound":7577271.857142857,"upper_bound":7742824.0},"point_estimate":7637358.928571429,"standard_error":43621.45472977504},"median_abs_dev":{"confidence_interval":{"confidence_level":0.95,"lower_bound":260788.80587007437,"upper_bound":450392.2684039389},"point_estimate":342456.5546201804,"standard_error":46323.2141916715},"slope":null,"std_dev":{"confidence_interval":{"confidence_level":0.95,"lower_bound":314087.0070479148,"upper_bound":403848.8769871749},"point_estimate":361982.75094512966,"standard_error":22906.132353450015}}