{"mean":{"confidence_interval":{"confidence_level":0.95,"lower_bound":6437315.95696875,"upper_bound":6444773.2581875},"point_estimate":6440720.94,"standard_error":1908.327977786384},"median":{"confidence_interval":{"confidence_level":0.95,"lower_bound":6432594.875,"upper_bound":6438257.375},"point_estimate":6435526.0625,"standard_error":1423.425207783272},"median_abs_dev":{"confidence_interval":{"confidence_level":0.95,"lower_bound":6667.252081632614,"upper_bound":12445.685479044914},"point_estimate":9997.356947511435,"standard_error":1421.020045900928},"slope":null,"std_dev":{"confidence_interval":{"confidence_level":0.95,"lower_bound":10865.263011476056,"upper_bound":26941.193946265827},"point_estimate":19211.688349619137,"standard_error":4184.394655853379}}