{"mean":{"confidence_interval":{"confidence_level":0.95,"lower_bound":8542847.568583336,"upper_bound":8699087.324625},"point_estimate":8617159.993333334,"standard_error":39744.70578789481},"median":{"confidence_interval":{"confidence_level":0.95,"lower_bound":8451368.5,"upper_bound":8558535.333333334},"point_estimate":8507802.0,"standard_error":26373.491561148385},"median_abs_dev":{"confidence_interval":{"confidence_level":0.95,"lower_bound":160045.98763361358,"upper_bound":306013.076189681},"point_estimate":239366.38350039697,"standard_error":37494.40021300794},"slope":null,"std_dev":{"confidence_interval":{"confidence_level":0.95,"lower_bound":311568.2767715424,"upper_bound":475202.4848607257},"point_estimate":399717.65328903735,"standard_error":41830.932255589985}}