{"mean":{"confidence_interval":{"confidence_level":0.95,"lower_bound":10077232.005399998,"upper_bound":10091722.36475},"point_estimate":10084570.452,"standard_error":3698.733228760461},"median":{"confidence_interval":{"confidence_level":0.95,"lower_bound":10077014.4,"upper_bound":10088074.8},"point_estimate":10083782.9,"standard_error":2631.620119835041},"median_abs_dev":{"confidence_interval":{"confidence_level":0.95,"lower_bound":21334.906434728637,"upper_bound":38401.118438245525},"point_estimate":29044.430004358568,"standard_error":4170.842253758539},"slope":null,"std_dev":{"confidence_interval":{"confidence_level":0.95,"lower_bound":30161.168013628947,"upper_bound":43937.120088345415},"point_estimate":37097.08248539481,"standard_error":3527.145493803749}}