{"mean":{"confidence_interval":{"confidence_level":0.95,"lower_bound":7397391.2693214305,"upper_bound":7401194.465892854},"point_estimate":7398870.088571433,"standard_error":1020.0263654487353},"median":{"confidence_interval":{"confidence_level":0.95,"lower_bound":7396454.142857143,"upper_bound":7398455.857142857},"point_estimate":7397564.857142857,"standard_error":535.0244594208067},"median_abs_dev":{"confidence_interval":{"confidence_level":0.95,"lower_bound":2682.0233523831866,"upper_bound":4394.849921975422},"point_estimate":3706.6058341944936,"standard_error":435.87710045210605},"slope":null,"std_dev":{"confidence_interval":{"confidence_level":0.95,"lower_bound":3123.1973821203997,"upper_bound":16965.165406988846},"point_estimate":10262.303487312665,"standard_error":4713.65832632408}}