{"mean":{"confidence_interval":{"confidence_level":0.95,"lower_bound":7407572.003964285,"upper_bound":7409994.878892859},"point_estimate":7408688.442857141,"standard_error":618.3993047664902},"median":{"confidence_interval":{"confidence_level":0.95,"lower_bound":7407198.571428572,"upper_bound":7408955.714285715},"point_estimate":7408270.214285715,"standard_error":474.8576514669482},"median_abs_dev":{"confidence_interval":{"confidence_level":0.95,"lower_bound":2647.3940529984725,"upper_bound":4733.835815957713},"point_estimate":3472.355038353967,"standard_error":533.3170706390016},"slope":null,"std_dev":{"confidence_interval":{"confidence_level":0.95,"lower_bound":3690.6622412043052,"upper_bound":8386.68360036791},"point_estimate":6203.532387824403,"standard_error":1205.458008036628}}