{"mean":{"confidence_interval":{"confidence_level":0.95,"lower_bound":7153802.21003125,"upper_bound":7163734.2696875},"point_estimate":7158859.04375,"standard_error":2533.886574901926},"median":{"confidence_interval":{"confidence_level":0.95,"lower_bound":7153582.25,"upper_bound":7166958.75},"point_estimate":7161238.625,"standard_error":3262.6102927519382},"median_abs_dev":{"confidence_interval":{"confidence_level":0.95,"lower_bound":15308.21537822485,"upper_bound":25797.795516997576},"point_estimate":20719.7052821517,"standard_error":2632.973927144299},"slope":null,"std_dev":{"confidence_interval":{"confidence_level":0.95,"lower_bound":20866.290756523136,"upper_bound":30058.636771723075},"point_estimate":25604.487222143194,"standard_error":2354.68995864439}}