{"mean":{"confidence_interval":{"confidence_level":0.95,"lower_bound":6441874.0013125,"upper_bound":6447121.8344375},"point_estimate":6444288.16625,"standard_error":1340.967664382103},"median":{"confidence_interval":{"confidence_level":0.95,"lower_bound":6439542.375,"upper_bound":6442679.5},"point_estimate":6440752.4375,"standard_error":934.0146462247991},"median_abs_dev":{"confidence_interval":{"confidence_level":0.95,"lower_bound":5029.813073202968,"upper_bound":9108.1676132977},"point_estimate":6556.983708590269,"standard_error":993.9948562185443},"slope":null,"std_dev":{"confidence_interval":{"confidence_level":0.95,"lower_bound":7812.8323985027455,"upper_bound":18059.931325589605},"point_estimate":13492.716908827975,"standard_error":2522.1544940864296}}