{"mean":{"confidence_interval":{"confidence_level":0.95,"lower_bound":6523009.66146875,"upper_bound":6530687.89396875},"point_estimate":6526420.27125,"standard_error":1972.7312510735633},"median":{"confidence_interval":{"confidence_level":0.95,"lower_bound":6518328.125,"upper_bound":6526265.5},"point_estimate":6520330.0,"standard_error":2350.6677245957017},"median_abs_dev":{"confidence_interval":{"confidence_level":0.95,"lower_bound":8886.148267239349,"upper_bound":15631.978147476912},"point_estimate":11852.460164576769,"standard_error":1697.1847016997908},"slope":null,"std_dev":{"confidence_interval":{"confidence_level":0.95,"lower_bound":11040.757112463984,"upper_bound":29687.000561391065},"point_estimate":19965.171027995246,"standard_error":5715.372287523491}}