{"mean":{"confidence_interval":{"confidence_level":0.95,"lower_bound":7403148.357142859,"upper_bound":7412900.124249999},"point_estimate":7406989.624285711,"standard_error":2584.4374295223242},"median":{"confidence_interval":{"confidence_level":0.95,"lower_bound":7401627.571428572,"upper_bound":7403499.071428571},"point_estimate":7402341.857142856,"standard_error":484.1553077311798},"median_abs_dev":{"confidence_interval":{"confidence_level":0.95,"lower_bound":2626.108153378212,"upper_bound":4373.669922351837},"point_estimate":3240.6458424673315,"standard_error":431.8563466835328},"slope":null,"std_dev":{"confidence_interval":{"confidence_level":0.95,"lower_bound":4262.0335951837615,"upper_bound":42587.71930589563},"point_estimate":25972.166161220022,"standard_error":11196.389085551627}}