{"mean":{"confidence_interval":{"confidence_level":0.95,"lower_bound":6438251.61196875,"upper_bound":6444733.58028125},"point_estimate":6441243.7525,"standard_error":1660.0072587516493},"median":{"confidence_interval":{"confidence_level":0.95,"lower_bound":6435180.125,"upper_bound":6439171.25},"point_estimate":6436766.875,"standard_error":921.8717795157718},"median_abs_dev":{"confidence_interval":{"confidence_level":0.95,"lower_bound":4823.639014363289,"upper_bound":8420.982525497675},"point_estimate":6036.12780533731,"standard_error":909.1703212859553},"slope":null,"std_dev":{"confidence_interval":{"confidence_level":0.95,"lower_bound":10204.849712519665,"upper_bound":21803.121822504156},"point_estimate":16690.454773646223,"standard_error":2950.2458265834553}}