{"mean":{"confidence_interval":{"confidence_level":0.95,"lower_bound":6435114.362125,"upper_bound":6439656.8166875},"point_estimate":6437212.7125,"standard_error":1163.5187130736495},"median":{"confidence_interval":{"confidence_level":0.95,"lower_bound":6432824.125,"upper_bound":6436259.875},"point_estimate":6434239.25,"standard_error":981.4291356446645},"median_abs_dev":{"confidence_interval":{"confidence_level":0.95,"lower_bound":4734.497690945864,"upper_bound":8113.713680952787},"point_estimate":6089.779391884804,"standard_error":869.7690797640449},"slope":null,"std_dev":{"confidence_interval":{"confidence_level":0.95,"lower_bound":6982.590135218788,"upper_bound":15511.761138749778},"point_estimate":11647.638086178013,"standard_error":2159.831042318855}}