{"mean":{"confidence_interval":{"confidence_level":0.95,"lower_bound":8424993.593916666,"upper_bound":8457083.486666664},"point_estimate":8441031.723333335,"standard_error":8239.000118683472},"median":{"confidence_interval":{"confidence_level":0.95,"lower_bound":8418010.583333332,"upper_bound":8464425.5},"point_estimate":8437334.666666668,"standard_error":13362.808263469451},"median_abs_dev":{"confidence_interval":{"confidence_level":0.95,"lower_bound":66653.98831665378,"upper_bound":103074.79797005515},"point_estimate":86404.56741601252,"standard_error":9170.083989504596},"slope":null,"std_dev":{"confidence_interval":{"confidence_level":0.95,"lower_bound":69838.668018484,"upper_bound":94194.02490809179},"point_estimate":82355.2467809992,"standard_error":6243.72424112908}}