{"mean":{"confidence_interval":{"confidence_level":0.95,"lower_bound":8466744.728916666,"upper_bound":8486280.002083333},"point_estimate":8476518.618333332,"standard_error":4986.585879895476},"median":{"confidence_interval":{"confidence_level":0.95,"lower_bound":8467831.666666666,"upper_bound":8483289.0},"point_estimate":8478381.416666668,"standard_error":3354.7673395119114},"median_abs_dev":{"confidence_interval":{"confidence_level":0.95,"lower_bound":32550.729522109494,"upper_bound":56567.86069571834},"point_estimate":44887.56745308361,"standard_error":6186.084601866627},"slope":null,"std_dev":{"confidence_interval":{"confidence_level":0.95,"lower_bound":41580.02625670721,"upper_bound":57904.02127978513},"point_estimate":49942.34580537216,"standard_error":4174.44590189108}}