{"mean":{"confidence_interval":{"confidence_level":0.95,"lower_bound":8472635.078041667,"upper_bound":8494154.537375001},"point_estimate":8483390.658333333,"standard_error":5502.485490466725},"median":{"confidence_interval":{"confidence_level":0.95,"lower_bound":8470073.583333332,"upper_bound":8494779.166666666},"point_estimate":8481042.833333332,"standard_error":6734.904302749685},"median_abs_dev":{"confidence_interval":{"confidence_level":0.95,"lower_bound":39986.58614009711,"upper_bound":65310.03306176498},"point_estimate":53451.31200105136,"standard_error":6429.46312236045},"slope":null,"std_dev":{"confidence_interval":{"confidence_level":0.95,"lower_bound":47328.52565196911,"upper_bound":62969.353619462054},"point_estimate":55590.16584566239,"standard_error":3987.0224103518835}}