{"mean":{"confidence_interval":{"confidence_level":0.95,"lower_bound":8291272.178333334,"upper_bound":8351565.265},"point_estimate":8322468.558333336,"standard_error":15355.583799606517},"median":{"confidence_interval":{"confidence_level":0.95,"lower_bound":8342570.0,"upper_bound":8386389.0},"point_estimate":8364515.833333333,"standard_error":10918.150242502174},"median_abs_dev":{"confidence_interval":{"confidence_level":0.95,"lower_bound":64943.8092470176,"upper_bound":122878.9977684617},"point_estimate":89412.63921260972,"standard_error":15949.057518431837},"slope":null,"std_dev":{"confidence_interval":{"confidence_level":0.95,"lower_bound":122457.26619604633,"upper_bound":183154.5210481033},"point_estimate":155170.4190965446,"standard_error":15506.539652464713}}