{"mean":{"confidence_interval":{"confidence_level":0.95,"lower_bound":8481920.439291667,"upper_bound":8508805.470000004},"point_estimate":8495121.418333333,"standard_error":6868.782901517786},"median":{"confidence_interval":{"confidence_level":0.95,"lower_bound":8467610.166666666,"upper_bound":8507061.833333334},"point_estimate":8489540.083333332,"standard_error":9296.30243068264},"median_abs_dev":{"confidence_interval":{"confidence_level":0.95,"lower_bound":54374.60113465832,"upper_bound":88565.58042764849},"point_estimate":72765.51250815576,"standard_error":8557.776311936865},"slope":null,"std_dev":{"confidence_interval":{"confidence_level":0.95,"lower_bound":59170.54192190748,"upper_bound":78160.28096620415},"point_estimate":69187.53985452514,"standard_error":4854.379446789043}}