{"mean":{"confidence_interval":{"confidence_level":0.95,"lower_bound":8480785.981624994,"upper_bound":8510447.16166666},"point_estimate":8495712.554999994,"standard_error":7578.358454879776},"median":{"confidence_interval":{"confidence_level":0.95,"lower_bound":8482231.666666666,"upper_bound":8519763.5},"point_estimate":8502321.666666666,"standard_error":9042.401037635405},"median_abs_dev":{"confidence_interval":{"confidence_level":0.95,"lower_bound":48647.68808633273,"upper_bound":86962.64275610447},"point_estimate":62658.25783759263,"standard_error":10237.119316883927},"slope":null,"std_dev":{"confidence_interval":{"confidence_level":0.95,"lower_bound":62616.72040200453,"upper_bound":89705.93426282948},"point_estimate":75890.59323483628,"standard_error":6971.845542318522}}