{"mean":{"confidence_interval":{"confidence_level":0.95,"lower_bound":8301763.0735,"upper_bound":8317587.739999998},"point_estimate":8309644.6771428585,"standard_error":4027.404117470567},"median":{"confidence_interval":{"confidence_level":0.95,"lower_bound":8303511.0,"upper_bound":8313297.857142857},"point_estimate":8308986.928571429,"standard_error":2560.8887545148873},"median_abs_dev":{"confidence_interval":{"confidence_level":0.95,"lower_bound":26017.405638098717,"upper_bound":50855.82659712889},"point_estimate":38298.204820071245,"standard_error":6586.0422402211425},"slope":null,"std_dev":{"confidence_interval":{"confidence_level":0.95,"lower_bound":33996.95021218292,"upper_bound":46690.89163773729},"point_estimate":40530.82658665395,"standard_error":3248.9835957341293}}