{"mean":{"confidence_interval":{"confidence_level":0.95,"lower_bound":1790551.7098431715,"upper_bound":1801199.6577943272},"point_estimate":1794903.6034390135,"standard_error":2774.5535631997172},"median":{"confidence_interval":{"confidence_level":0.95,"lower_bound":1787556.4968637992,"upper_bound":1791457.2984848483},"point_estimate":1790371.503787879,"standard_error":1158.7498940321786},"median_abs_dev":{"confidence_interval":{"confidence_level":0.95,"lower_bound":4312.165215630462,"upper_bound":6409.645379272977},"point_estimate":5353.937479556374,"standard_error":551.8582904273795},"slope":{"confidence_interval":{"confidence_level":0.95,"lower_bound":1791313.7765989958,"upper_bound":1795245.5459957526},"point_estimate":1793001.4497236589,"standard_error":1010.727680045152},"std_dev":{"confidence_interval":{"confidence_level":0.95,"lower_bound":8459.743667167808,"upper_bound":44585.42261648264},"point_estimate":27821.464732864264,"standard_error":10625.940528649977}}