{"mean":{"confidence_interval":{"confidence_level":0.95,"lower_bound":1769336.0098863826,"upper_bound":1773909.22556657},"point_estimate":1771277.9386404147,"standard_error":1177.2656453921747},"median":{"confidence_interval":{"confidence_level":0.95,"lower_bound":1768228.68852459,"upper_bound":1769715.7727272727},"point_estimate":1768918.2045535082,"standard_error":404.5542602078795},"median_abs_dev":{"confidence_interval":{"confidence_level":0.95,"lower_bound":1914.3522030263448,"upper_bound":3260.312487597431},"point_estimate":2351.532829286343,"standard_error":357.00701406762073},"slope":{"confidence_interval":{"confidence_level":0.95,"lower_bound":1769106.873418322,"upper_bound":1773309.6877384882},"point_estimate":1770845.5813831831,"standard_error":1092.0457100939946},"std_dev":{"confidence_interval":{"confidence_level":0.95,"lower_bound":3650.9576081948853,"upper_bound":18230.478198215216},"point_estimate":11846.210378134343,"standard_error":3922.6399586722855}}