{"mean":{"confidence_interval":{"confidence_level":0.95,"lower_bound":1766922.1668037684,"upper_bound":1776261.1886346417},"point_estimate":1770871.616713903,"standard_error":2424.7407182645265},"median":{"confidence_interval":{"confidence_level":0.95,"lower_bound":1764747.2258064516,"upper_bound":1765639.8371428573},"point_estimate":1764976.7828282828,"standard_error":241.40055118810636},"median_abs_dev":{"confidence_interval":{"confidence_level":0.95,"lower_bound":1558.4492681213678,"upper_bound":3161.235892824364},"point_estimate":2284.088443564538,"standard_error":403.10678937505094},"slope":{"confidence_interval":{"confidence_level":0.95,"lower_bound":1765764.860593372,"upper_bound":1773638.7799955355},"point_estimate":1768686.234298803,"standard_error":2120.716808860237},"std_dev":{"confidence_interval":{"confidence_level":0.95,"lower_bound":6110.482432694051,"upper_bound":37014.08810187465},"point_estimate":24370.454013247494,"standard_error":8358.596392745247}}