{"mean":{"confidence_interval":{"confidence_level":0.95,"lower_bound":-0.0026169353755574054,"upper_bound":0.00015464593861610454},"point_estimate":-0.0014666998180465907,"standard_error":0.0007289573531909031},"median":{"confidence_interval":{"confidence_level":0.95,"lower_bound":-0.002604487786143972,"upper_bound":-0.0016207401381241882},"point_estimate":-0.0019951195135554656,"standard_error":0.00026977241892362576}}