{"mean":{"confidence_interval":{"confidence_level":0.95,"lower_bound":-0.00202816050820907,"upper_bound":0.0008407211583647545},"point_estimate":-0.0005428013066316462,"standard_error":0.0007296817545228186},"median":{"confidence_interval":{"confidence_level":0.95,"lower_bound":-0.0005367274575378556,"upper_bound":0.00026325055958009713},"point_estimate":-0.0003006643483817184,"standard_error":0.00020266857791878887}}