{"mean":{"confidence_interval":{"confidence_level":0.95,"lower_bound":-0.0012577465456313855,"upper_bound":-0.000013475789643124938},"point_estimate":-0.0005893710493838356,"standard_error":0.00031882676053155887},"median":{"confidence_interval":{"confidence_level":0.95,"lower_bound":-0.00095728078965307,"upper_bound":-0.000047769840341493897},"point_estimate":-0.0004904430906826907,"standard_error":0.0002318192173296157}}