{"mean":{"confidence_interval":{"confidence_level":0.95,"lower_bound":0.00035483636702569605,"upper_bound":0.00218893798892778},"point_estimate":0.0011525667505689619,"standard_error":0.00047816267447110713},"median":{"confidence_interval":{"confidence_level":0.95,"lower_bound":0.00008757961841264266,"upper_bound":0.0006749733385531531},"point_estimate":0.0003370113426726107,"standard_error":0.00015258274549636354}}