{"mean":{"confidence_interval":{"confidence_level":0.95,"lower_bound":-0.000604230816932813,"upper_bound":0.001621424540636423},"point_estimate":0.000502355396811538,"standard_error":0.0005654962015652683},"median":{"confidence_interval":{"confidence_level":0.95,"lower_bound":0.00034660548667053703,"upper_bound":0.0010959387126063813},"point_estimate":0.0006780176500347235,"standard_error":0.00018808025905759016}}