{"mean":{"confidence_interval":{"confidence_level":0.95,"lower_bound":-0.000602929643469202,"upper_bound":0.0003415529333289921},"point_estimate":-0.0001388152948987864,"standard_error":0.00024114612801660968},"median":{"confidence_interval":{"confidence_level":0.95,"lower_bound":-0.0007736107800142555,"upper_bound":0.0002630861938053563},"point_estimate":-0.00027589922807325085,"standard_error":0.0002604143323382581}}