{"mean":{"confidence_interval":{"confidence_level":0.95,"lower_bound":-0.001073784162308719,"upper_bound":0.00112260821998123},"point_estimate":0.000028955999869184623,"standard_error":0.0005549254618790884},"median":{"confidence_interval":{"confidence_level":0.95,"lower_bound":-0.0005711632372837894,"upper_bound":0.00021701964178988398},"point_estimate":-0.0002283695309345246,"standard_error":0.00020365347590939567}}