{"mean":{"confidence_interval":{"confidence_level":0.95,"lower_bound":-0.0019180573670853544,"upper_bound":0.0004854161788192143},"point_estimate":-0.0007234558077737763,"standard_error":0.0006069075022372599},"median":{"confidence_interval":{"confidence_level":0.95,"lower_bound":-0.001416485495050468,"upper_bound":-0.0005505457108603284},"point_estimate":-0.0009405343384161213,"standard_error":0.00021786088900593804}}