{"mean":{"confidence_interval":{"confidence_level":0.95,"lower_bound":0.0002329833830217404,"upper_bound":0.0015658245806099865},"point_estimate":0.0008559224866759862,"standard_error":0.00034492927712620426},"median":{"confidence_interval":{"confidence_level":0.95,"lower_bound":0.00039826604060211324,"upper_bound":0.0013370160013785881},"point_estimate":0.0008851363336512819,"standard_error":0.00023343151348495424}}