{"mean":{"confidence_interval":{"confidence_level":0.95,"lower_bound":-0.000751865816793959,"upper_bound":0.0019581329647692983},"point_estimate":0.0005310777001783507,"standard_error":0.0006948791721016824},"median":{"confidence_interval":{"confidence_level":0.95,"lower_bound":-0.0009621144753804156,"upper_bound":0.0001349903565592836},"point_estimate":-0.000504741344851789,"standard_error":0.00028500899429318344}}