{"mean":{"confidence_interval":{"confidence_level":0.95,"lower_bound":-0.00042701770416205264,"upper_bound":0.00044329300423896463},"point_estimate":0.000019719643068905057,"standard_error":0.00022252865353251765},"median":{"confidence_interval":{"confidence_level":0.95,"lower_bound":-0.00026944311251042574,"upper_bound":0.0004058863613627395},"point_estimate":0.00006178159754099966,"standard_error":0.0001802715290245324}}