{"mean":{"confidence_interval":{"confidence_level":0.95,"lower_bound":-0.0019826055404005252,"upper_bound":-0.00019522030309561237},"point_estimate":-0.0010477002331447105,"standard_error":0.00045306640224388036},"median":{"confidence_interval":{"confidence_level":0.95,"lower_bound":-0.0014410831227680276,"upper_bound":-0.00048162748871327654},"point_estimate":-0.0009664400144661078,"standard_error":0.0002450777452983264}}