{"mean":{"confidence_interval":{"confidence_level":0.95,"lower_bound":-0.0022362153700002546,"upper_bound":-0.00035473815293273224},"point_estimate":-0.0011729975359391354,"standard_error":0.00048300027730446664},"median":{"confidence_interval":{"confidence_level":0.95,"lower_bound":-0.0010414995553263973,"upper_bound":-0.00022629888521042741},"point_estimate":-0.0005577710983559747,"standard_error":0.00021005903223505264}}