{"mean":{"confidence_interval":{"confidence_level":0.95,"lower_bound":24378740.84691666,"upper_bound":24590747.91833332},"point_estimate":24484767.243333325,"standard_error":53887.359444183014},"median":{"confidence_interval":{"confidence_level":0.95,"lower_bound":24373443.5,"upper_bound":24724672.0},"point_estimate":24531517.666666664,"standard_error":74736.96360002331},"median_abs_dev":{"confidence_interval":{"confidence_level":0.95,"lower_bound":463687.34246790776,"upper_bound":754693.3008015174},"point_estimate":655541.7094618091,"standard_error":69360.26473558634},"slope":null,"std_dev":{"confidence_interval":{"confidence_level":0.95,"lower_bound":482859.49000148,"upper_bound":593338.8477892198},"point_estimate":541644.2100994197,"standard_error":28128.498128104453}}