{"mean":{"confidence_interval":{"confidence_level":0.95,"lower_bound":24776391.955333333,"upper_bound":25082251.928916655},"point_estimate":24920589.163333327,"standard_error":78097.52019713764},"median":{"confidence_interval":{"confidence_level":0.95,"lower_bound":24829876.5,"upper_bound":25050838.666666668},"point_estimate":24942079.0,"standard_error":48004.65272911019},"median_abs_dev":{"confidence_interval":{"confidence_level":0.95,"lower_bound":458248.6715644598,"upper_bound":716848.7009733897},"point_estimate":607983.3617061395,"standard_error":70273.69668551219},"slope":null,"std_dev":{"confidence_interval":{"confidence_level":0.95,"lower_bound":540623.5075119286,"upper_bound":1009840.0387033162},"point_estimate":782724.2012264681,"standard_error":120490.79514913852}}