{"mean":{"confidence_interval":{"confidence_level":0.95,"lower_bound":24448157.776666667,"upper_bound":24631629.760000005},"point_estimate":24540152.87666666,"standard_error":46902.73151755617},"median":{"confidence_interval":{"confidence_level":0.95,"lower_bound":24440190.0,"upper_bound":24731962.333333332},"point_estimate":24643841.333333332,"standard_error":72606.52525531534},"median_abs_dev":{"confidence_interval":{"confidence_level":0.95,"lower_bound":371375.97320676036,"upper_bound":600636.5846365727},"point_estimate":485501.57718062215,"standard_error":59065.5988216277},"slope":null,"std_dev":{"confidence_interval":{"confidence_level":0.95,"lower_bound":410308.2782263079,"upper_bound":529692.4875629075},"point_estimate":472167.9784968094,"standard_error":30406.807917196475}}