{"mean":{"confidence_interval":{"confidence_level":0.95,"lower_bound":24132476.89491667,"upper_bound":24409597.89525},"point_estimate":24270423.426666666,"standard_error":70868.72237254053},"median":{"confidence_interval":{"confidence_level":0.95,"lower_bound":23899415.833333336,"upper_bound":24492887.333333336},"point_estimate":24090198.0,"standard_error":176295.3499550456},"median_abs_dev":{"confidence_interval":{"confidence_level":0.95,"lower_bound":647790.6767994203,"upper_bound":1038011.4840716114},"point_estimate":809871.4711219054,"standard_error":97089.79051507259},"slope":null,"std_dev":{"confidence_interval":{"confidence_level":0.95,"lower_bound":635497.976100755,"upper_bound":782570.878043992},"point_estimate":714863.7932889969,"standard_error":37567.821373012266}}