{"mean":{"confidence_interval":{"confidence_level":0.95,"lower_bound":25080117.13025,"upper_bound":25368911.035625},"point_estimate":25218951.925,"standard_error":73588.30593787115},"median":{"confidence_interval":{"confidence_level":0.95,"lower_bound":25127240.25,"upper_bound":25364481.0},"point_estimate":25247610.25,"standard_error":55537.57025982711},"median_abs_dev":{"confidence_interval":{"confidence_level":0.95,"lower_bound":368740.7753035426,"upper_bound":820268.8211873174},"point_estimate":548593.866160512,"standard_error":120925.79761903336},"slope":null,"std_dev":{"confidence_interval":{"confidence_level":0.95,"lower_bound":548032.5998658927,"upper_bound":925989.0524750106},"point_estimate":738548.1117791052,"standard_error":97543.58055694886}}