{"mean":{"confidence_interval":{"confidence_level":0.95,"lower_bound":1857814.3876513827,"upper_bound":1861116.0250952293},"point_estimate":1859209.6735928624,"standard_error":856.3629745279342},"median":{"confidence_interval":{"confidence_level":0.95,"lower_bound":1857036.7385416667,"upper_bound":1858018.2581644144},"point_estimate":1857609.587945591,"standard_error":282.61228241175127},"median_abs_dev":{"confidence_interval":{"confidence_level":0.95,"lower_bound":1657.3903644215952,"upper_bound":3218.8605430252037},"point_estimate":2336.7031133833907,"standard_error":377.19256199317505},"slope":{"confidence_interval":{"confidence_level":0.95,"lower_bound":1858558.993072455,"upper_bound":1861181.4994859928},"point_estimate":1859784.3939323185,"standard_error":671.1184342397552},"std_dev":{"confidence_interval":{"confidence_level":0.95,"lower_bound":3381.2778285057043,"upper_bound":13439.561885450183},"point_estimate":8587.116297130171,"standard_error":2972.098817363176}}