{"mean":{"confidence_interval":{"confidence_level":0.95,"lower_bound":1783142.8109320889,"upper_bound":1786893.8917216707},"point_estimate":1784741.5497201257,"standard_error":966.4348182557322},"median":{"confidence_interval":{"confidence_level":0.95,"lower_bound":1781988.9558823528,"upper_bound":1783873.213480129},"point_estimate":1783126.00270453,"standard_error":542.0916645613988},"median_abs_dev":{"confidence_interval":{"confidence_level":0.95,"lower_bound":3051.381459382541,"upper_bound":4711.826266348419},"point_estimate":3863.926031022819,"standard_error":428.2085385378451},"slope":{"confidence_interval":{"confidence_level":0.95,"lower_bound":1783541.855593096,"upper_bound":1786380.5219696853},"point_estimate":1784906.2046017437,"standard_error":726.436955402248},"std_dev":{"confidence_interval":{"confidence_level":0.95,"lower_bound":4401.580194138359,"upper_bound":15002.005167590483},"point_estimate":9697.386901930986,"standard_error":3233.286416722538}}