{"mean":{"confidence_interval":{"confidence_level":0.95,"lower_bound":1854019.3274785718,"upper_bound":1858538.6703985531},"point_estimate":1855674.3468795102,"standard_error":1287.1519840806948},"median":{"confidence_interval":{"confidence_level":0.95,"lower_bound":1853608.2222222222,"upper_bound":1854280.3215350225},"point_estimate":1853861.4139150945,"standard_error":214.91743890028857},"median_abs_dev":{"confidence_interval":{"confidence_level":0.95,"lower_bound":1438.076889556622,"upper_bound":2857.368572065583},"point_estimate":2161.583439643306,"standard_error":365.7860551297652},"slope":{"confidence_interval":{"confidence_level":0.95,"lower_bound":1854138.967000317,"upper_bound":1855343.0183293554},"point_estimate":1854727.841114231,"standard_error":307.0095983296241},"std_dev":{"confidence_interval":{"confidence_level":0.95,"lower_bound":2240.13905410528,"upper_bound":21906.160929453963},"point_estimate":12931.737348084656,"standard_error":6874.834886819053}}