{"mean":{"confidence_interval":{"confidence_level":0.95,"lower_bound":1858147.8367769455,"upper_bound":1861101.5412639566},"point_estimate":1859519.3610495187,"standard_error":758.9381327939617},"median":{"confidence_interval":{"confidence_level":0.95,"lower_bound":1856881.7193813133,"upper_bound":1858379.4736842106},"point_estimate":1857830.4029335636,"standard_error":366.7692246326861},"median_abs_dev":{"confidence_interval":{"confidence_level":0.95,"lower_bound":2544.5074774196823,"upper_bound":4573.371474387661},"point_estimate":3450.954228342336,"standard_error":507.5181431678401},"slope":{"confidence_interval":{"confidence_level":0.95,"lower_bound":1856736.253662181,"upper_bound":1859225.2590594278},"point_estimate":1857886.6112427958,"standard_error":636.0267098918478},"std_dev":{"confidence_interval":{"confidence_level":0.95,"lower_bound":4873.400223453172,"upper_bound":10170.761335719319},"point_estimate":7617.0477756014225,"standard_error":1378.5412748594647}}