{"mean":{"confidence_interval":{"confidence_level":0.95,"lower_bound":1781842.3435049441,"upper_bound":1785258.6544555032},"point_estimate":1783118.2635859589,"standard_error":943.1911131770466},"median":{"confidence_interval":{"confidence_level":0.95,"lower_bound":1781687.7631178512,"upper_bound":1782490.8333333335},"point_estimate":1782080.3475561687,"standard_error":228.4135408312994},"median_abs_dev":{"confidence_interval":{"confidence_level":0.95,"lower_bound":1387.9577889988536,"upper_bound":2531.049247326774},"point_estimate":1868.6052391409137,"standard_error":287.518119448044},"slope":{"confidence_interval":{"confidence_level":0.95,"lower_bound":1782308.1478816662,"upper_bound":1783231.2334178558},"point_estimate":1782755.0690793558,"standard_error":234.7840395121797},"std_dev":{"confidence_interval":{"confidence_level":0.95,"lower_bound":2100.4312864047183,"upper_bound":15919.874991829276},"point_estimate":9464.281231128842,"standard_error":4750.507777677382}}