{"mean":{"confidence_interval":{"confidence_level":0.95,"lower_bound":2606668.221412498,"upper_bound":2607938.0310374987},"point_estimate":2607257.426499997,"standard_error":324.5254655460048},"median":{"confidence_interval":{"confidence_level":0.95,"lower_bound":2606097.25,"upper_bound":2606797.25},"point_estimate":2606364.7,"standard_error":203.2023474337868},"median_abs_dev":{"confidence_interval":{"confidence_level":0.95,"lower_bound":1119.288850128927,"upper_bound":2079.420593082629},"point_estimate":1530.821537822347,"standard_error":243.2059764827935},"slope":null,"std_dev":{"confidence_interval":{"confidence_level":0.95,"lower_bound":2118.5949325662123,"upper_bound":4445.81266276284},"point_estimate":3264.8143528318597,"standard_error":620.8384002957464}}