{"mean":{"confidence_interval":{"confidence_level":0.95,"lower_bound":1887501.2828408051,"upper_bound":1890598.4867383672},"point_estimate":1888732.4538032857,"standard_error":816.9197623355343},"median":{"confidence_interval":{"confidence_level":0.95,"lower_bound":1886958.5478053018,"upper_bound":1887735.101010101},"point_estimate":1887272.5089012766,"standard_error":227.49483393183039},"median_abs_dev":{"confidence_interval":{"confidence_level":0.95,"lower_bound":1689.2567027189912,"upper_bound":2592.4206162014416},"point_estimate":2243.2674171953695,"standard_error":230.3726477180214},"slope":{"confidence_interval":{"confidence_level":0.95,"lower_bound":1887578.544702598,"upper_bound":1889345.4549753193},"point_estimate":1888390.7011910744,"standard_error":451.9730390744998},"std_dev":{"confidence_interval":{"confidence_level":0.95,"lower_bound":2381.1869020852682,"upper_bound":13446.34278501662},"point_estimate":8226.06624052613,"standard_error":3518.450791841398}}