{"mean":{"confidence_interval":{"confidence_level":0.95,"lower_bound":2581644.1829625005,"upper_bound":2586988.203425002},"point_estimate":2583790.7575000003,"standard_error":1413.3434167119062},"median":{"confidence_interval":{"confidence_level":0.95,"lower_bound":2581149.375,"upper_bound":2581906.9},"point_estimate":2581566.875,"standard_error":183.0914166619442},"median_abs_dev":{"confidence_interval":{"confidence_level":0.95,"lower_bound":974.846547692876,"upper_bound":1690.2010349927953},"point_estimate":1401.0940401254704,"standard_error":184.08129491118328},"slope":null,"std_dev":{"confidence_interval":{"confidence_level":0.95,"lower_bound":1642.2854384668785,"upper_bound":22774.724515763162},"point_estimate":14250.156973633666,"standard_error":5796.003333993107}}