{"mean":{"confidence_interval":{"confidence_level":0.95,"lower_bound":1877109.1009987092,"upper_bound":1882975.762143912},"point_estimate":1879316.0395215454,"standard_error":1598.4198412761039},"median":{"confidence_interval":{"confidence_level":0.95,"lower_bound":1876047.1382978724,"upper_bound":1877226.7647058824},"point_estimate":1876780.7754010695,"standard_error":355.9996838019882},"median_abs_dev":{"confidence_interval":{"confidence_level":0.95,"lower_bound":1460.4046061447284,"upper_bound":2737.8227404023737},"point_estimate":1842.6762642540396,"standard_error":310.97749180046173},"slope":{"confidence_interval":{"confidence_level":0.95,"lower_bound":1876959.5247196888,"upper_bound":1878650.2444358799},"point_estimate":1877736.79246047,"standard_error":433.9472833350847},"std_dev":{"confidence_interval":{"confidence_level":0.95,"lower_bound":3427.7223888054264,"upper_bound":26736.07339480724},"point_estimate":16006.616207635518,"standard_error":7776.745070028345}}