{"mean":{"confidence_interval":{"confidence_level":0.95,"lower_bound":3527692.650216666,"upper_bound":3619644.268649999},"point_estimate":3572924.765999998,"standard_error":23530.393793924075},"median":{"confidence_interval":{"confidence_level":0.95,"lower_bound":3485098.533333333,"upper_bound":3584946.1333333333},"point_estimate":3539615.3,"standard_error":26467.197791322644},"median_abs_dev":{"confidence_interval":{"confidence_level":0.95,"lower_bound":148577.07608222967,"upper_bound":259848.0820667743},"point_estimate":207832.74227023116,"standard_error":29103.80398246206},"slope":null,"std_dev":{"confidence_interval":{"confidence_level":0.95,"lower_bound":199740.5651324986,"upper_bound":267703.9378899283},"point_estimate":236188.21628800358,"standard_error":17327.90572738544}}