{"mean":{"confidence_interval":{"confidence_level":0.95,"lower_bound":2562580.477700002,"upper_bound":2567846.851425001},"point_estimate":2564695.171000002,"standard_error":1387.7265055990945},"median":{"confidence_interval":{"confidence_level":0.95,"lower_bound":2561852.8,"upper_bound":2562757.925},"point_estimate":2562330.85,"standard_error":217.74343077038893},"median_abs_dev":{"confidence_interval":{"confidence_level":0.95,"lower_bound":1085.2993191072962,"upper_bound":1723.5224694013596},"point_estimate":1409.3224699798009,"standard_error":168.24605810427036},"slope":null,"std_dev":{"confidence_interval":{"confidence_level":0.95,"lower_bound":1916.3975455680916,"upper_bound":22507.41197374919},"point_estimate":13986.660351675811,"standard_error":5708.802134816751}}