{"mean":{"confidence_interval":{"confidence_level":0.95,"lower_bound":1907856.4721202801,"upper_bound":1910981.106031767},"point_estimate":1909250.4376229763,"standard_error":801.2594510652161},"median":{"confidence_interval":{"confidence_level":0.95,"lower_bound":1906764.3510526316,"upper_bound":1909108.2162162163},"point_estimate":1907996.1379472692,"standard_error":611.4273685879333},"median_abs_dev":{"confidence_interval":{"confidence_level":0.95,"lower_bound":3011.0474917477495,"upper_bound":4523.471804094293},"point_estimate":3949.514035988837,"standard_error":390.85519856357337},"slope":{"confidence_interval":{"confidence_level":0.95,"lower_bound":1907142.1024968731,"upper_bound":1909095.0771885384},"point_estimate":1908063.939101522,"standard_error":497.9613304043407},"std_dev":{"confidence_interval":{"confidence_level":0.95,"lower_bound":3689.2721834000185,"upper_bound":11657.196677294438},"point_estimate":8051.597214033636,"standard_error":2063.7980110311946}}