{"mean":{"confidence_interval":{"confidence_level":0.95,"lower_bound":3029402.5958382366,"upper_bound":3031880.132529413},"point_estimate":3030556.3635294125,"standard_error":632.3973082913325},"median":{"confidence_interval":{"confidence_level":0.95,"lower_bound":3028619.1764705884,"upper_bound":3030525.117647059},"point_estimate":3030233.852941177,"standard_error":606.7964783567035},"median_abs_dev":{"confidence_interval":{"confidence_level":0.95,"lower_bound":3235.5564131458495,"upper_bound":5250.235353848096},"point_estimate":4404.237645338523,"standard_error":519.2160963993177},"slope":null,"std_dev":{"confidence_interval":{"confidence_level":0.95,"lower_bound":4151.474234829395,"upper_bound":8718.390427503264},"point_estimate":6379.640641245515,"standard_error":1216.4671799065502}}