{"mean":{"confidence_interval":{"confidence_level":0.95,"lower_bound":1856196.8146005967,"upper_bound":1863730.601175942},"point_estimate":1858992.062891145,"standard_error":2095.5015224743365},"median":{"confidence_interval":{"confidence_level":0.95,"lower_bound":1854791.6956521738,"upper_bound":1856741.4819277108},"point_estimate":1855661.898989899,"standard_error":493.86548756208776},"median_abs_dev":{"confidence_interval":{"confidence_level":0.95,"lower_bound":2464.3030033786913,"upper_bound":4569.313882577131},"point_estimate":3310.283476977345,"standard_error":550.1724809812436},"slope":{"confidence_interval":{"confidence_level":0.95,"lower_bound":1856052.233893485,"upper_bound":1858222.9627480689},"point_estimate":1857084.9692891976,"standard_error":553.0785718873811},"std_dev":{"confidence_interval":{"confidence_level":0.95,"lower_bound":4315.717440726184,"upper_bound":35430.52510418948},"point_estimate":21053.671342292175,"standard_error":10748.078623930916}}