{"mean":{"confidence_interval":{"confidence_level":0.95,"lower_bound":1890159.999929589,"upper_bound":1894281.4548946426},"point_estimate":1892016.3469054573,"standard_error":1058.343303743684},"median":{"confidence_interval":{"confidence_level":0.95,"lower_bound":1888841.2436440678,"upper_bound":1889906.5},"point_estimate":1889440.8379917184,"standard_error":272.57142458126214},"median_abs_dev":{"confidence_interval":{"confidence_level":0.95,"lower_bound":2095.577402796033,"upper_bound":3861.0868889473436},"point_estimate":2889.7124115544843,"standard_error":447.2879730654187},"slope":{"confidence_interval":{"confidence_level":0.95,"lower_bound":1889770.3234914697,"upper_bound":1892434.7045544726},"point_estimate":1890984.0207093246,"standard_error":681.8697802595425},"std_dev":{"confidence_interval":{"confidence_level":0.95,"lower_bound":5485.543946193447,"upper_bound":14627.107707520994},"point_estimate":10671.642804310164,"standard_error":2301.533945797181}}