{"mean":{"confidence_interval":{"confidence_level":0.95,"lower_bound":2391048.904440475,"upper_bound":2394501.224},"point_estimate":2392690.3109523808,"standard_error":879.5261519450517},"median":{"confidence_interval":{"confidence_level":0.95,"lower_bound":2388827.7857142854,"upper_bound":2392137.380952381},"point_estimate":2390068.6904761903,"standard_error":824.5532808842722},"median_abs_dev":{"confidence_interval":{"confidence_level":0.95,"lower_bound":5052.170327806524,"upper_bound":8621.678906934972},"point_estimate":7010.685775535595,"standard_error":902.7217512246197},"slope":null,"std_dev":{"confidence_interval":{"confidence_level":0.95,"lower_bound":6761.626237951979,"upper_bound":10712.086519987148},"point_estimate":8788.168002088389,"standard_error":1012.7748479814763}}