{"mean":{"confidence_interval":{"confidence_level":0.95,"lower_bound":1850674.3933251682,"upper_bound":1856016.9939484585},"point_estimate":1852677.9209772947,"standard_error":1469.6176184281292},"median":{"confidence_interval":{"confidence_level":0.95,"lower_bound":1850119.4598214286,"upper_bound":1851171.8333333333},"point_estimate":1850694.5649038462,"standard_error":297.6046978791066},"median_abs_dev":{"confidence_interval":{"confidence_level":0.95,"lower_bound":1820.0348410088454,"upper_bound":3016.801275285804},"point_estimate":2428.326409829854,"standard_error":309.53345029514827},"slope":{"confidence_interval":{"confidence_level":0.95,"lower_bound":1850083.2278871527,"upper_bound":1851370.6067275547},"point_estimate":1850689.5350967932,"standard_error":328.681685021877},"std_dev":{"confidence_interval":{"confidence_level":0.95,"lower_bound":2542.024484961374,"upper_bound":24760.00788190636},"point_estimate":14746.787884876896,"standard_error":7321.775151104693}}