{"mean":{"confidence_interval":{"confidence_level":0.95,"lower_bound":5365595.43,"upper_bound":5458847.156350003},"point_estimate":5411304.790000001,"standard_error":23914.200956791457},"median":{"confidence_interval":{"confidence_level":0.95,"lower_bound":5295139.8,"upper_bound":5414850.3},"point_estimate":5368870.3,"standard_error":26642.129163409085},"median_abs_dev":{"confidence_interval":{"confidence_level":0.95,"lower_bound":157178.42924952492,"upper_bound":277595.64389169175},"point_estimate":229811.29848003402,"standard_error":30059.800694696838},"slope":null,"std_dev":{"confidence_interval":{"confidence_level":0.95,"lower_bound":199320.68131981452,"upper_bound":276078.2542712631},"point_estimate":239930.69662552935,"standard_error":19559.751820279304}}