{"mean":{"confidence_interval":{"confidence_level":0.95,"lower_bound":3288316.68290625,"upper_bound":3343510.7134531247},"point_estimate":3313983.959375,"standard_error":14034.758817772452},"median":{"confidence_interval":{"confidence_level":0.95,"lower_bound":3260320.625,"upper_bound":3302986.3125},"point_estimate":3287695.5625,"standard_error":11762.781867052605},"median_abs_dev":{"confidence_interval":{"confidence_level":0.95,"lower_bound":54564.09787426241,"upper_bound":98556.29656277597},"point_estimate":74838.95945884287,"standard_error":11361.268024734909},"slope":null,"std_dev":{"confidence_interval":{"confidence_level":0.95,"lower_bound":91669.85236932038,"upper_bound":189959.97358821574},"point_estimate":140894.94614193766,"standard_error":25801.634729015386}}