{"mean":{"confidence_interval":{"confidence_level":0.95,"lower_bound":2870667.6649027783,"upper_bound":2871559.34473611},"point_estimate":2871082.6972222216,"standard_error":227.9363974867399},"median":{"confidence_interval":{"confidence_level":0.95,"lower_bound":2870438.6944444445,"upper_bound":2871144.25},"point_estimate":2870885.333333333,"standard_error":189.54025645601382},"median_abs_dev":{"confidence_interval":{"confidence_level":0.95,"lower_bound":1218.120611707216,"upper_bound":1908.8958565272806},"point_estimate":1572.3384554187073,"standard_error":172.97971542081976},"slope":null,"std_dev":{"confidence_interval":{"confidence_level":0.95,"lower_bound":1486.8057250553645,"upper_bound":3235.1508657275663},"point_estimate":2291.582680872699,"standard_error":516.7340974295278}}