{"mean":{"confidence_interval":{"confidence_level":0.95,"lower_bound":3281226.83196875,"upper_bound":3446372.2797187497},"point_estimate":3355961.61,"standard_error":42185.60994991448},"median":{"confidence_interval":{"confidence_level":0.95,"lower_bound":3206859.1875,"upper_bound":3298958.3125},"point_estimate":3250716.5,"standard_error":23271.332840838368},"median_abs_dev":{"confidence_interval":{"confidence_level":0.95,"lower_bound":121335.3795396164,"upper_bound":226811.10917329788},"point_estimate":174863.21532055736,"standard_error":27572.506030632478},"slope":null,"std_dev":{"confidence_interval":{"confidence_level":0.95,"lower_bound":216532.5427435144,"upper_bound":584013.9728791637},"point_estimate":423953.2090184695,"standard_error":91795.728829802}}