{"mean":{"confidence_interval":{"confidence_level":0.95,"lower_bound":2683390.303197368,"upper_bound":2684881.947144736},"point_estimate":2684121.5657894732,"standard_error":381.26631379757066},"median":{"confidence_interval":{"confidence_level":0.95,"lower_bound":2684276.052631579,"upper_bound":2684839.2105263155},"point_estimate":2684654.736842105,"standard_error":147.7050028512706},"median_abs_dev":{"confidence_interval":{"confidence_level":0.95,"lower_bound":1463.1310950767895,"upper_bound":2426.8600937566075},"point_estimate":1884.852756010895,"standard_error":243.43966799777488},"slope":null,"std_dev":{"confidence_interval":{"confidence_level":0.95,"lower_bound":2918.3260474140175,"upper_bound":4716.521926160407},"point_estimate":3832.3477030627428,"standard_error":461.6346664398494}}