{"mean":{"confidence_interval":{"confidence_level":0.95,"lower_bound":3638760.956375001,"upper_bound":3673722.4724642867},"point_estimate":3655115.6935714292,"standard_error":8959.60273415771},"median":{"confidence_interval":{"confidence_level":0.95,"lower_bound":3621748.6428571427,"upper_bound":3654527.285714286},"point_estimate":3636527.25,"standard_error":8273.219598040449},"median_abs_dev":{"confidence_interval":{"confidence_level":0.95,"lower_bound":51091.55999294379,"upper_bound":86975.77435587153},"point_estimate":69608.17466420776,"standard_error":8706.100126180114},"slope":null,"std_dev":{"confidence_interval":{"confidence_level":0.95,"lower_bound":60468.471742056965,"upper_bound":121693.55631977697},"point_estimate":90365.33641301253,"standard_error":16278.995657622843}}