{"mean":{"confidence_interval":{"confidence_level":0.95,"lower_bound":1865172.6808435402,"upper_bound":1906893.3342602563},"point_estimate":1883408.6399750144,"standard_error":10473.784701191475},"median":{"confidence_interval":{"confidence_level":0.95,"lower_bound":1860807.5665280665,"upper_bound":1862387.7564102565},"point_estimate":1861579.0187132042,"standard_error":423.6392999309537},"median_abs_dev":{"confidence_interval":{"confidence_level":0.95,"lower_bound":2524.3404631444764,"upper_bound":4514.862099537517},"point_estimate":3631.6404273288836,"standard_error":511.9671901511939},"slope":{"confidence_interval":{"confidence_level":0.95,"lower_bound":1862124.1222687112,"upper_bound":1927500.212705571},"point_estimate":1887233.344483523,"standard_error":17588.19211889665},"std_dev":{"confidence_interval":{"confidence_level":0.95,"lower_bound":13425.470579135861,"upper_bound":155212.65821636314},"point_estimate":105038.11608370219,"standard_error":32121.205659673993}}