{"mean":{"confidence_interval":{"confidence_level":0.95,"lower_bound":-0.05612729807849166,"upper_bound":-0.055597904273376214},"point_estimate":-0.05586861157981837,"standard_error":0.00013509160197657536},"median":{"confidence_interval":{"confidence_level":0.95,"lower_bound":-0.056294773179488056,"upper_bound":-0.05573932999374266},"point_estimate":-0.05611861178642841,"standard_error":0.00014537045250593035}}