{"mean":{"confidence_interval":{"confidence_level":0.95,"lower_bound":-0.082012412837179,"upper_bound":-0.06415065460900661},"point_estimate":-0.07276738044054609,"standard_error":0.004549624836619907},"median":{"confidence_interval":{"confidence_level":0.95,"lower_bound":-0.06508686685747767,"upper_bound":-0.046298617677177245},"point_estimate":-0.05625265647048938,"standard_error":0.005115071211049608}}