{"mean":{"confidence_interval":{"confidence_level":0.95,"lower_bound":-0.17438403724784313,"upper_bound":-0.14620610150382718},"point_estimate":-0.16037838841875285,"standard_error":0.007193421119799287},"median":{"confidence_interval":{"confidence_level":0.95,"lower_bound":-0.18507694766623228,"upper_bound":-0.13274674848735024},"point_estimate":-0.16541799308104488,"standard_error":0.011921624880005706}}