{"mean":{"confidence_interval":{"confidence_level":0.95,"lower_bound":-0.0025763347993460473,"upper_bound":0.0017169358182147752},"point_estimate":-0.0005012553528276342,"standard_error":0.0010958589510407053},"median":{"confidence_interval":{"confidence_level":0.95,"lower_bound":-0.000834605048300574,"upper_bound":0.00037638432388376053},"point_estimate":-0.00017444815956335624,"standard_error":0.0003079007054611741}}