{"mean":{"confidence_interval":{"confidence_level":0.95,"lower_bound":-0.0017638620088009527,"upper_bound":0.005266406959877246},"point_estimate":0.0020122105067807983,"standard_error":0.001780760402986001},"median":{"confidence_interval":{"confidence_level":0.95,"lower_bound":0.002227922224983553,"upper_bound":0.003244749304497141},"point_estimate":0.002660266895387897,"standard_error":0.0002470745370024733}}