{"mean":{"confidence_interval":{"confidence_level":0.95,"lower_bound":-0.002703327195704985,"upper_bound":0.0023292588530185094},"point_estimate":-0.00011693530953349462,"standard_error":0.001276216145881267},"median":{"confidence_interval":{"confidence_level":0.95,"lower_bound":2.7752246696266525e-6,"upper_bound":0.0013271055383754504},"point_estimate":0.0005905798933363293,"standard_error":0.0003444495803589599}}