{"mean":{"confidence_interval":{"confidence_level":0.95,"lower_bound":-0.0038481618004301277,"upper_bound":0.000409831450651803},"point_estimate":-0.0019341237596330885,"standard_error":0.001075265955469953},"median":{"confidence_interval":{"confidence_level":0.95,"lower_bound":-0.0037012913510570122,"upper_bound":-0.002137460202553121},"point_estimate":-0.002984925788592885,"standard_error":0.0003973020634690973}}