{"mean":{"confidence_interval":{"confidence_level":0.95,"lower_bound":-0.15425066325480746,"upper_bound":-0.13454594999852598},"point_estimate":-0.1442309753373069,"standard_error":0.005037895891389818},"median":{"confidence_interval":{"confidence_level":0.95,"lower_bound":-0.14860575995313574,"upper_bound":-0.12821287965359274},"point_estimate":-0.13884185781187852,"standard_error":0.005035456277090632}}