{"mean":{"confidence_interval":{"confidence_level":0.95,"lower_bound":-0.1680309552882104,"upper_bound":-0.1622787402367373},"point_estimate":-0.16502617392565955,"standard_error":0.0014719833838992937},"median":{"confidence_interval":{"confidence_level":0.95,"lower_bound":-0.16567474763307122,"upper_bound":-0.1598793015589307},"point_estimate":-0.16178281246784898,"standard_error":0.0015079804077111634}}