{"mean":{"confidence_interval":{"confidence_level":0.95,"lower_bound":-0.010176040047560786,"upper_bound":-0.0035939805962772195},"point_estimate":-0.007119248675525602,"standard_error":0.0016250462841147905},"median":{"confidence_interval":{"confidence_level":0.95,"lower_bound":-0.00770424000136923,"upper_bound":-0.006539615478944105},"point_estimate":-0.007084348826657649,"standard_error":0.0003029968064787587}}