{"mean":{"confidence_interval":{"confidence_level":0.95,"lower_bound":-0.08715992875417902,"upper_bound":-0.08606350294638494},"point_estimate":-0.08666650907663143,"standard_error":0.00027853016931610484},"median":{"confidence_interval":{"confidence_level":0.95,"lower_bound":-0.0871809556468786,"upper_bound":-0.08634980508120094},"point_estimate":-0.08670540404241367,"standard_error":0.00021224933052233435}}