{"mean":{"confidence_interval":{"confidence_level":0.95,"lower_bound":0.1661672744173705,"upper_bound":0.18340738954382874},"point_estimate":0.1751060788037424,"standard_error":0.004391770931828189},"median":{"confidence_interval":{"confidence_level":0.95,"lower_bound":0.16207168648989412,"upper_bound":0.18283455828403028},"point_estimate":0.17369859910123586,"standard_error":0.005667308657982661}}