{"mean":{"confidence_interval":{"confidence_level":0.95,"lower_bound":-0.17680119597463007,"upper_bound":-0.17311570763959636},"point_estimate":-0.17499755536409523,"standard_error":0.0009414880280950543},"median":{"confidence_interval":{"confidence_level":0.95,"lower_bound":-0.177481620482269,"upper_bound":-0.17477720927312068},"point_estimate":-0.1763501611391911,"standard_error":0.0007315754482172492}}