{"mean":{"confidence_interval":{"confidence_level":0.95,"lower_bound":0.00545917183368736,"upper_bound":0.006962869705596669},"point_estimate":0.0062386139445465005,"standard_error":0.0003840621915950459},"median":{"confidence_interval":{"confidence_level":0.95,"lower_bound":0.0063573794441158515,"upper_bound":0.008040984607333712},"point_estimate":0.007195721897183205,"standard_error":0.00039845184109144283}}