{"mean":{"confidence_interval":{"confidence_level":0.95,"lower_bound":-0.006708399826976024,"upper_bound":0.0005448267215497403},"point_estimate":-0.002815211369944559,"standard_error":0.0018619742023375482},"median":{"confidence_interval":{"confidence_level":0.95,"lower_bound":-0.0008496395066310836,"upper_bound":0.00045471849467793035},"point_estimate":-0.0004436867868173877,"standard_error":0.00034258418852686935}}