{"mean":{"confidence_interval":{"confidence_level":0.95,"lower_bound":-0.0014430167528985541,"upper_bound":0.0006293974002152756},"point_estimate":-0.00042129873263918594,"standard_error":0.0005274228219977642},"median":{"confidence_interval":{"confidence_level":0.95,"lower_bound":-0.0007425287224865906,"upper_bound":0.0012353907038127332},"point_estimate":0.000010137053149561481,"standard_error":0.0004680302845909204}}