{"mean":{"confidence_interval":{"confidence_level":0.95,"lower_bound":-0.07639811416100363,"upper_bound":-0.05739236606592152},"point_estimate":-0.0668418355177175,"standard_error":0.00475771769534603},"median":{"confidence_interval":{"confidence_level":0.95,"lower_bound":-0.07636847578499556,"upper_bound":-0.058318578713951075},"point_estimate":-0.06543859774171579,"standard_error":0.004690999136150299}}