{"mean":{"confidence_interval":{"confidence_level":0.95,"lower_bound":0.03780320707988834,"upper_bound":0.03941339195742335},"point_estimate":0.03861311293434011,"standard_error":0.00040984657621407033},"median":{"confidence_interval":{"confidence_level":0.95,"lower_bound":0.03615804878225859,"upper_bound":0.03867942102255029},"point_estimate":0.03725596775080664,"standard_error":0.0007199183032760154}}