{"mean":{"confidence_interval":{"confidence_level":0.95,"lower_bound":-0.12591198202303108,"upper_bound":-0.10526882991066534},"point_estimate":-0.11515150479601122,"standard_error":0.0052794830937891776},"median":{"confidence_interval":{"confidence_level":0.95,"lower_bound":-0.10772687861049346,"upper_bound":-0.09173147342483612},"point_estimate":-0.09746293946121642,"standard_error":0.004844848231966838}}