{"mean":{"confidence_interval":{"confidence_level":0.95,"lower_bound":-0.00020481660486183198,"upper_bound":0.001888053688851326},"point_estimate":0.0008034055610608437,"standard_error":0.0005262891389561097},"median":{"confidence_interval":{"confidence_level":0.95,"lower_bound":-0.0003420476923747806,"upper_bound":0.0006382003819620393},"point_estimate":0.0002455726497607724,"standard_error":0.0002557813346804368}}