{"mean":{"confidence_interval":{"confidence_level":0.95,"lower_bound":-0.054912312456228206,"upper_bound":-0.0473882240296559},"point_estimate":-0.051255106051300015,"standard_error":0.0019112102313955286},"median":{"confidence_interval":{"confidence_level":0.95,"lower_bound":-0.058628707756747,"upper_bound":-0.051752477716743094},"point_estimate":-0.05529522685114707,"standard_error":0.0018961244688766772}}