{"mean":{"confidence_interval":{"confidence_level":0.95,"lower_bound":-0.011046764232353734,"upper_bound":0.0006999828269090869},"point_estimate":-0.004197052997130024,"standard_error":0.003058644024147874},"median":{"confidence_interval":{"confidence_level":0.95,"lower_bound":-0.0017078456813218734,"upper_bound":-0.0006485340603936685},"point_estimate":-0.0010895336734867422,"standard_error":0.0002727146107848752}}