{"mean":{"confidence_interval":{"confidence_level":0.95,"lower_bound":-0.12753827927776604,"upper_bound":-0.12668888571164574},"point_estimate":-0.12712562569165675,"standard_error":0.00021516336717205403},"median":{"confidence_interval":{"confidence_level":0.95,"lower_bound":-0.12773525468556568,"upper_bound":-0.1267855969721372},"point_estimate":-0.12731359145882182,"standard_error":0.00024837430333587464}}