{"mean":{"confidence_interval":{"confidence_level":0.95,"lower_bound":-0.032585381659525556,"upper_bound":-0.02739362710596228},"point_estimate":-0.030087361158050663,"standard_error":0.001316732719116788},"median":{"confidence_interval":{"confidence_level":0.95,"lower_bound":-0.0325424228527601,"upper_bound":-0.030382202962130678},"point_estimate":-0.031062672366363286,"standard_error":0.0005868972145493639}}