{"mean":{"confidence_interval":{"confidence_level":0.95,"lower_bound":0.21391116683473743,"upper_bound":0.2429807424203369},"point_estimate":0.22969918383893373,"standard_error":0.007534639410197239},"median":{"confidence_interval":{"confidence_level":0.95,"lower_bound":0.19156278076283306,"upper_bound":0.23230041734052542},"point_estimate":0.21106458928528138,"standard_error":0.01195464908483915}}