{"mean":{"confidence_interval":{"confidence_level":0.95,"lower_bound":-0.0023708385287513067,"upper_bound":0.0011599041737543653},"point_estimate":-0.0007518328166132848,"standard_error":0.0009099274436377454},"median":{"confidence_interval":{"confidence_level":0.95,"lower_bound":-0.0014321111673721854,"upper_bound":-0.0006245799526133355},"point_estimate":-0.0011170009009122683,"standard_error":0.0002017701126938267}}