{"mean":{"confidence_interval":{"confidence_level":0.95,"lower_bound":-0.22689613526269006,"upper_bound":-0.15907579494014693},"point_estimate":-0.19221058678022318,"standard_error":0.01729227216096968},"median":{"confidence_interval":{"confidence_level":0.95,"lower_bound":-0.161009373318453,"upper_bound":-0.12676259201626816},"point_estimate":-0.146663289953471,"standard_error":0.009727864335568935}}