{"mean":{"confidence_interval":{"confidence_level":0.95,"lower_bound":0.16192017061859953,"upper_bound":0.18459269605385212},"point_estimate":0.1724355696892219,"standard_error":0.005860832463259891},"median":{"confidence_interval":{"confidence_level":0.95,"lower_bound":0.1499495490044085,"upper_bound":0.16566606852207344},"point_estimate":0.15641787895894188,"standard_error":0.004033625107082851}}