{"mean":{"confidence_interval":{"confidence_level":0.95,"lower_bound":0.006266053920948423,"upper_bound":0.011779321850264646},"point_estimate":0.009038024183140037,"standard_error":0.0014056441320322612},"median":{"confidence_interval":{"confidence_level":0.95,"lower_bound":0.00413076950551349,"upper_bound":0.012791023328482476},"point_estimate":0.008816201761157716,"standard_error":0.002169335558216768}}