{"mean":{"confidence_interval":{"confidence_level":0.95,"lower_bound":0.00033909135868289705,"upper_bound":0.005155572238666244},"point_estimate":0.0028130522545626313,"standard_error":0.001224446746970523},"median":{"confidence_interval":{"confidence_level":0.95,"lower_bound":0.0026291760542931364,"upper_bound":0.004334192747572629},"point_estimate":0.003325287097803553,"standard_error":0.0004443408724322649}}