{"mean":{"confidence_interval":{"confidence_level":0.95,"lower_bound":-0.03149117342508533,"upper_bound":-0.021407508328320116},"point_estimate":-0.026630443537937754,"standard_error":0.0025709383816745995},"median":{"confidence_interval":{"confidence_level":0.95,"lower_bound":-0.03594972207025293,"upper_bound":-0.024693223223114846},"point_estimate":-0.03130742940102271,"standard_error":0.0024571461764754158}}