{"mean":{"confidence_interval":{"confidence_level":0.95,"lower_bound":0.007975192599698321,"upper_bound":0.0160119816558855},"point_estimate":0.010967496560105428,"standard_error":0.0021788502437077744},"median":{"confidence_interval":{"confidence_level":0.95,"lower_bound":0.009468260151140662,"upper_bound":0.009989707820883043},"point_estimate":0.009793524486550131,"standard_error":0.00012945305192176698}}