{"mean":{"confidence_interval":{"confidence_level":0.95,"lower_bound":-0.050819452741663516,"upper_bound":-0.047756492559549384},"point_estimate":-0.049257791057340294,"standard_error":0.0008081424693931144},"median":{"confidence_interval":{"confidence_level":0.95,"lower_bound":-0.05191909926629952,"upper_bound":-0.04968821987673311},"point_estimate":-0.050857972013522934,"standard_error":0.0005540290143538672}}