{"mean":{"confidence_interval":{"confidence_level":0.95,"lower_bound":-0.008241791720764835,"upper_bound":-0.00240717849010287},"point_estimate":-0.005268879912633584,"standard_error":0.0014979862405321218},"median":{"confidence_interval":{"confidence_level":0.95,"lower_bound":-0.0073568851227323595,"upper_bound":-0.005900008787574351},"point_estimate":-0.006564709565084814,"standard_error":0.00037172871364013943}}