{"mean":{"confidence_interval":{"confidence_level":0.95,"lower_bound":-0.0005552065296742318,"upper_bound":0.0031537815043389417},"point_estimate":0.0013983501973242607,"standard_error":0.0009444421724058837},"median":{"confidence_interval":{"confidence_level":0.95,"lower_bound":0.0006274482362007561,"upper_bound":0.002324825933098351},"point_estimate":0.0016244555457620713,"standard_error":0.0004388689242814164}}