{"mean":{"confidence_interval":{"confidence_level":0.95,"lower_bound":-0.019723812448733894,"upper_bound":0.0038470438700954437},"point_estimate":-0.0065022351530177325,"standard_error":0.0060558499087648866},"median":{"confidence_interval":{"confidence_level":0.95,"lower_bound":-0.0019762895832832195,"upper_bound":-0.0008284440052916953},"point_estimate":-0.0013624940031857768,"standard_error":0.0002985039407897218}}