{"mean":{"confidence_interval":{"confidence_level":0.95,"lower_bound":0.08792619291018243,"upper_bound":0.08975590331061456},"point_estimate":0.08879514058899773,"standard_error":0.0004568084776920523},"median":{"confidence_interval":{"confidence_level":0.95,"lower_bound":0.08714090843672095,"upper_bound":0.08886456078784799},"point_estimate":0.08758360819401734,"standard_error":0.0004197696686305057}}