{"mean":{"confidence_interval":{"confidence_level":0.95,"lower_bound":0.12279113763073583,"upper_bound":0.1246276444755806},"point_estimate":0.12369828707179198,"standard_error":0.00046780890396773514},"median":{"confidence_interval":{"confidence_level":0.95,"lower_bound":0.12165455946604187,"upper_bound":0.12418806268496468},"point_estimate":0.12351837970628043,"standard_error":0.0006969096113607096}}