{"mean":{"confidence_interval":{"confidence_level":0.95,"lower_bound":0.2391097225139958,"upper_bound":0.2432522300899974},"point_estimate":0.24065010791757535,"standard_error":0.0010928146520815555},"median":{"confidence_interval":{"confidence_level":0.95,"lower_bound":0.2395238640936772,"upper_bound":0.240891297427134},"point_estimate":0.2402654550577734,"standard_error":0.00035469101419206443}}