{"mean":{"confidence_interval":{"confidence_level":0.95,"lower_bound":-0.13112107395844302,"upper_bound":-0.10785102722706408},"point_estimate":-0.11961563872931902,"standard_error":0.005940980120847408},"median":{"confidence_interval":{"confidence_level":0.95,"lower_bound":-0.13436292627974866,"upper_bound":-0.10292772858089527},"point_estimate":-0.11582002511027856,"standard_error":0.007970024960019603}}