{"mean":{"confidence_interval":{"confidence_level":0.95,"lower_bound":-0.025803000307245645,"upper_bound":-0.02356511524017884},"point_estimate":-0.0245582085035585,"standard_error":0.000574051045702041},"median":{"confidence_interval":{"confidence_level":0.95,"lower_bound":-0.025130482665364554,"upper_bound":-0.02292809637891724},"point_estimate":-0.0239049617251037,"standard_error":0.0005828247102795188}}