{"mean":{"confidence_interval":{"confidence_level":0.95,"lower_bound":-0.03073898025671996,"upper_bound":-0.014153507253718818},"point_estimate":-0.022286242533351208,"standard_error":0.004229320154797428},"median":{"confidence_interval":{"confidence_level":0.95,"lower_bound":-0.028623604434479977,"upper_bound":-0.007162983316375749},"point_estimate":-0.02078968846399787,"standard_error":0.005704262450788758}}