{"mean":{"confidence_interval":{"confidence_level":0.95,"lower_bound":40042327.51925,"upper_bound":40154024.533625},"point_estimate":40097826.775,"standard_error":28521.03821374199},"median":{"confidence_interval":{"confidence_level":0.95,"lower_bound":40034347.0,"upper_bound":40163062.0},"point_estimate":40101419.0,"standard_error":32300.454267097746},"median_abs_dev":{"confidence_interval":{"confidence_level":0.95,"lower_bound":171811.09794974327,"upper_bound":259430.0599154456},"point_estimate":216086.7222636938,"standard_error":22897.40478081381},"slope":null,"std_dev":{"confidence_interval":{"confidence_level":0.95,"lower_bound":230049.47934682856,"upper_bound":337016.0196082763},"point_estimate":286284.08671260544,"standard_error":27338.354657800417}}