{"mean":{"confidence_interval":{"confidence_level":0.95,"lower_bound":41361915.048875,"upper_bound":41498706.115125},"point_estimate":41429782.345,"standard_error":34823.229033449694},"median":{"confidence_interval":{"confidence_level":0.95,"lower_bound":41484765.75,"upper_bound":41508969.5},"point_estimate":41497840.75,"standard_error":7003.2429933780395},"median_abs_dev":{"confidence_interval":{"confidence_level":0.95,"lower_bound":38504.60391640663,"upper_bound":243875.0935703516},"point_estimate":64845.95764875412,"standard_error":65393.292632517514},"slope":null,"std_dev":{"confidence_interval":{"confidence_level":0.95,"lower_bound":273594.57420307636,"upper_bound":416210.0035497443},"point_estimate":349657.4351767271,"standard_error":36437.97809775628}}