{"mean":{"confidence_interval":{"confidence_level":0.95,"lower_bound":26993169.430125,"upper_bound":27293866.208},"point_estimate":27152453.81,"standard_error":76786.60846298558},"median":{"confidence_interval":{"confidence_level":0.95,"lower_bound":27206837.75,"upper_bound":27621182.5},"point_estimate":27271604.0,"standard_error":85764.10764769644},"median_abs_dev":{"confidence_interval":{"confidence_level":0.95,"lower_bound":253960.4798913002,"upper_bound":678886.8645523487},"point_estimate":574974.1381421685,"standard_error":92281.74218525527},"slope":null,"std_dev":{"confidence_interval":{"confidence_level":0.95,"lower_bound":536806.1997115103,"upper_bound":968746.2701946602},"point_estimate":770161.4467198189,"standard_error":110343.14479842548}}