{"mean":{"confidence_interval":{"confidence_level":0.95,"lower_bound":40489070.76275,"upper_bound":40616533.648125},"point_estimate":40552392.255,"standard_error":32457.296654992904},"median":{"confidence_interval":{"confidence_level":0.95,"lower_bound":40484503.75,"upper_bound":40696110.0},"point_estimate":40619870.75,"standard_error":53258.77238295126},"median_abs_dev":{"confidence_interval":{"confidence_level":0.95,"lower_bound":244925.14500170946,"upper_bound":410417.4018636346},"point_estimate":338983.8818818331,"standard_error":41791.875360610116},"slope":null,"std_dev":{"confidence_interval":{"confidence_level":0.95,"lower_bound":279480.36537481745,"upper_bound":373844.15296199697},"point_estimate":326361.8697440631,"standard_error":24172.44196574}}