{"mean":{"confidence_interval":{"confidence_level":0.95,"lower_bound":25695105.29,"upper_bound":26016358.984375},"point_estimate":25859260.035,"standard_error":81596.19380495833},"median":{"confidence_interval":{"confidence_level":0.95,"lower_bound":25782534.0,"upper_bound":26197759.5},"point_estimate":25919395.75,"standard_error":140228.4587314192},"median_abs_dev":{"confidence_interval":{"confidence_level":0.95,"lower_bound":512184.1760069132,"upper_bound":899931.5123230219},"point_estimate":639828.9913907647,"standard_error":99603.47735026736},"slope":null,"std_dev":{"confidence_interval":{"confidence_level":0.95,"lower_bound":677598.5915827552,"upper_bound":949603.4736856123},"point_estimate":819191.2597776802,"standard_error":69737.2951980392}}