{"mean":{"confidence_interval":{"confidence_level":0.95,"lower_bound":24036505.106666673,"upper_bound":24436513.51183333},"point_estimate":24238573.55000001,"standard_error":102080.04559518861},"median":{"confidence_interval":{"confidence_level":0.95,"lower_bound":24101629.666666668,"upper_bound":24502401.666666668},"point_estimate":24208598.5,"standard_error":128663.59760964088},"median_abs_dev":{"confidence_interval":{"confidence_level":0.95,"lower_bound":767548.1838732949,"upper_bound":1241130.8742330226},"point_estimate":1028027.9029488545,"standard_error":124741.78921441777},"slope":null,"std_dev":{"confidence_interval":{"confidence_level":0.95,"lower_bound":884754.1785296488,"upper_bound":1156158.3808731267},"point_estimate":1028588.3082850721,"standard_error":69275.40036901312}}