{"mean":{"confidence_interval":{"confidence_level":0.95,"lower_bound":39974586.9085,"upper_bound":40031234.97},"point_estimate":40003112.175,"standard_error":14421.528605094709},"median":{"confidence_interval":{"confidence_level":0.95,"lower_bound":39970028.0,"upper_bound":40015961.5},"point_estimate":39998483.5,"standard_error":13508.61811835557},"median_abs_dev":{"confidence_interval":{"confidence_level":0.95,"lower_bound":69708.51491242647,"upper_bound":116204.70333695412},"point_estimate":94770.75551748276,"standard_error":11243.178791824712},"slope":null,"std_dev":{"confidence_interval":{"confidence_level":0.95,"lower_bound":99462.32674993256,"upper_bound":186384.24039220813},"point_estimate":144947.27594430197,"standard_error":22220.497421895354}}