{"mean":{"confidence_interval":{"confidence_level":0.95,"lower_bound":40003013.3905,"upper_bound":40063120.11475},"point_estimate":40030795.845,"standard_error":15375.238788773164},"median":{"confidence_interval":{"confidence_level":0.95,"lower_bound":39975356.0,"upper_bound":40018957.75},"point_estimate":40002820.0,"standard_error":8879.672288866414},"median_abs_dev":{"confidence_interval":{"confidence_level":0.95,"lower_bound":70856.0472920537,"upper_bound":107337.27289438248},"point_estimate":92695.48620432615,"standard_error":9044.57969270474},"slope":null,"std_dev":{"confidence_interval":{"confidence_level":0.95,"lower_bound":93221.72586844786,"upper_bound":208765.96564187697},"point_estimate":154115.36635880132,"standard_error":29683.037561415666}}