{"mean":{"confidence_interval":{"confidence_level":0.95,"lower_bound":40244727.740499996,"upper_bound":40288255.68275},"point_estimate":40266356.805,"standard_error":11104.179425982504},"median":{"confidence_interval":{"confidence_level":0.95,"lower_bound":40212191.0,"upper_bound":40299296.75},"point_estimate":40267174.5,"standard_error":24681.045588336234},"median_abs_dev":{"confidence_interval":{"confidence_level":0.95,"lower_bound":95143.53674836458,"upper_bound":142901.88106298447},"point_estimate":121252.95624732971,"standard_error":12463.212608207075},"slope":null,"std_dev":{"confidence_interval":{"confidence_level":0.95,"lower_bound":96183.23597967719,"upper_bound":125511.58151793969},"point_estimate":111494.3409403215,"standard_error":7469.099250156644}}