{"mean":{"confidence_interval":{"confidence_level":0.95,"lower_bound":6516620.66215625,"upper_bound":6532853.83965625},"point_estimate":6523578.78625,"standard_error":4183.946451740076},"median":{"confidence_interval":{"confidence_level":0.95,"lower_bound":6511851.25,"upper_bound":6516590.875},"point_estimate":6513980.3125,"standard_error":1211.0358643975067},"median_abs_dev":{"confidence_interval":{"confidence_level":0.95,"lower_bound":4460.772670805454,"upper_bound":8950.085391104221},"point_estimate":6534.374058991671,"standard_error":1052.2026436683493},"slope":null,"std_dev":{"confidence_interval":{"confidence_level":0.95,"lower_bound":15475.235020929462,"upper_bound":64512.73610790962},"point_estimate":42017.41030743792,"standard_error":13326.748539426513}}