{"mean":{"confidence_interval":{"confidence_level":0.95,"lower_bound":6513636.039375,"upper_bound":6522856.55075},"point_estimate":6517617.0075,"standard_error":2386.2766118903933},"median":{"confidence_interval":{"confidence_level":0.95,"lower_bound":6511254.0,"upper_bound":6513549.4375},"point_estimate":6512269.9375,"standard_error":595.9661693019646},"median_abs_dev":{"confidence_interval":{"confidence_level":0.95,"lower_bound":3952.518867328763,"upper_bound":6827.187553793192},"point_estimate":5175.663845613599,"standard_error":759.1311402756944},"slope":null,"std_dev":{"confidence_interval":{"confidence_level":0.95,"lower_bound":7417.681547757074,"upper_bound":35790.614858246096},"point_estimate":23976.590483385266,"standard_error":7454.313372788852}}