{"mean":{"confidence_interval":{"confidence_level":0.95,"lower_bound":6506103.73125,"upper_bound":6545713.4186875},"point_estimate":6520265.67875,"standard_error":11711.9080763598},"median":{"confidence_interval":{"confidence_level":0.95,"lower_bound":6503304.625,"upper_bound":6506922.625},"point_estimate":6505510.0,"standard_error":856.0792302849735},"median_abs_dev":{"confidence_interval":{"confidence_level":0.95,"lower_bound":7823.216748610139,"upper_bound":12449.021328985691},"point_estimate":10486.892926320434,"standard_error":1164.8052765749349},"slope":null,"std_dev":{"confidence_interval":{"confidence_level":0.95,"lower_bound":11039.604130248274,"upper_bound":202702.14086589843},"point_estimate":118943.03294601385,"standard_error":66580.67362559657}}