{"mean":{"confidence_interval":{"confidence_level":0.95,"lower_bound":6524702.6132499995,"upper_bound":6532469.448625},"point_estimate":6528165.98875,"standard_error":1992.6385206849677},"median":{"confidence_interval":{"confidence_level":0.95,"lower_bound":6523261.5,"upper_bound":6526210.1875},"point_estimate":6524519.5625,"standard_error":832.6605552984558},"median_abs_dev":{"confidence_interval":{"confidence_level":0.95,"lower_bound":6048.173930123448,"upper_bound":9397.7379206568},"point_estimate":7920.697696879506,"standard_error":851.3041638053235},"slope":null,"std_dev":{"confidence_interval":{"confidence_level":0.95,"lower_bound":8243.93420806215,"upper_bound":28012.96600555274},"point_estimate":19877.800292268515,"standard_error":4804.9177232136035}}