{"mean":{"confidence_interval":{"confidence_level":0.95,"lower_bound":6522208.52515625,"upper_bound":6530871.00325},"point_estimate":6526026.16,"standard_error":2228.2325616568664},"median":{"confidence_interval":{"confidence_level":0.95,"lower_bound":6517754.75,"upper_bound":6521782.375},"point_estimate":6519888.875,"standard_error":850.91628721965},"median_abs_dev":{"confidence_interval":{"confidence_level":0.95,"lower_bound":4590.0322228856385,"upper_bound":9204.907261580229},"point_estimate":6723.96153062582,"standard_error":1230.9033868299832},"slope":null,"std_dev":{"confidence_interval":{"confidence_level":0.95,"lower_bound":10782.279649986096,"upper_bound":33296.78125240038},"point_estimate":22300.8204317819,"standard_error":6215.01654978167}}