{"mean":{"confidence_interval":{"confidence_level":0.95,"lower_bound":0.07989660803525761,"upper_bound":0.08084245376944812},"point_estimate":0.08043330525818115,"standard_error":0.00024308186715116893},"median":{"confidence_interval":{"confidence_level":0.95,"lower_bound":0.08030836028874622,"upper_bound":0.08076131067731573},"point_estimate":0.08046835856613876,"standard_error":0.00012199210706294932}}