{"mean":{"confidence_interval":{"confidence_level":0.95,"lower_bound":0.22634820787794815,"upper_bound":0.24723621768479287},"point_estimate":0.23743975651432692,"standard_error":0.005404887228839686},"median":{"confidence_interval":{"confidence_level":0.95,"lower_bound":0.2271918027066102,"upper_bound":0.237086393345864},"point_estimate":0.23432990437149281,"standard_error":0.002671374918517351}}