{"mean":{"confidence_interval":{"confidence_level":0.95,"lower_bound":-0.16965707057925283,"upper_bound":-0.1689094547801078},"point_estimate":-0.16927714960774765,"standard_error":0.00019181397602722978},"median":{"confidence_interval":{"confidence_level":0.95,"lower_bound":-0.1693149279683942,"upper_bound":-0.168641617039053},"point_estimate":-0.16892884124022067,"standard_error":0.00017075567700620137}}