{"mean":{"confidence_interval":{"confidence_level":0.95,"lower_bound":-0.0013719672372376384,"upper_bound":0.006594978007733526},"point_estimate":0.002261051452784768,"standard_error":0.0020773518333264884},"median":{"confidence_interval":{"confidence_level":0.95,"lower_bound":0.001258479832564441,"upper_bound":0.001972824575170007},"point_estimate":0.0016528090666905193,"standard_error":0.00018176267509489782}}