{"mean":{"confidence_interval":{"confidence_level":0.95,"lower_bound":-0.003593609805306441,"upper_bound":0.00014737406454661773},"point_estimate":-0.0014283650380775281,"standard_error":0.0009598129420674982},"median":{"confidence_interval":{"confidence_level":0.95,"lower_bound":-0.0015285163120053458,"upper_bound":-0.00041364450263381425},"point_estimate":-0.001007345417134542,"standard_error":0.00028119817689336766}}