{"mean":{"confidence_interval":{"confidence_level":0.95,"lower_bound":0.07334398418415265,"upper_bound":0.07848973309703562},"point_estimate":0.07592426684884734,"standard_error":0.0013044971412446904},"median":{"confidence_interval":{"confidence_level":0.95,"lower_bound":0.07505923807543069,"upper_bound":0.07960913586474527},"point_estimate":0.07770023020578742,"standard_error":0.0013603455817677366}}