{"mean":{"confidence_interval":{"confidence_level":0.95,"lower_bound":-0.11537295584099015,"upper_bound":-0.10547078954205484},"point_estimate":-0.11007273081063584,"standard_error":0.002550682750085008},"median":{"confidence_interval":{"confidence_level":0.95,"lower_bound":-0.10462326317321491,"upper_bound":-0.09966609591367173},"point_estimate":-0.10124555617117659,"standard_error":0.0010208414509365752}}