{"mean":{"confidence_interval":{"confidence_level":0.95,"lower_bound":0.10846794569406976,"upper_bound":0.11179915161297502},"point_estimate":0.11035953866110804,"standard_error":0.0008560281329501027},"median":{"confidence_interval":{"confidence_level":0.95,"lower_bound":0.10951491214546216,"upper_bound":0.1103715600058286},"point_estimate":0.10994475430187323,"standard_error":0.0002185327339888263}}