{"mean":{"confidence_interval":{"confidence_level":0.95,"lower_bound":-0.2565821224572205,"upper_bound":-0.2529162148753695},"point_estimate":-0.2548929501400653,"standard_error":0.0009190628221989159},"median":{"confidence_interval":{"confidence_level":0.95,"lower_bound":-0.25717655458211863,"upper_bound":-0.2531311097960375},"point_estimate":-0.25538649923875556,"standard_error":0.0010316132659956491}}