{"mean":{"confidence_interval":{"confidence_level":0.95,"lower_bound":0.16308651556452322,"upper_bound":0.18557317262694667},"point_estimate":0.1733562921377374,"standard_error":0.006018732884788699},"median":{"confidence_interval":{"confidence_level":0.95,"lower_bound":0.15107031909599633,"upper_bound":0.16994695086771028},"point_estimate":0.16069115855538674,"standard_error":0.004658280217354504}}