{"mean":{"confidence_interval":{"confidence_level":0.95,"lower_bound":-0.07986385175950962,"upper_bound":-0.056791849217829114},"point_estimate":-0.06829356915613172,"standard_error":0.005892264985286487},"median":{"confidence_interval":{"confidence_level":0.95,"lower_bound":-0.07349490127824103,"upper_bound":-0.0473375615999784},"point_estimate":-0.061297631184828894,"standard_error":0.006655573235136109}}