{"mean":{"confidence_interval":{"confidence_level":0.95,"lower_bound":-0.0001132775918979254,"upper_bound":0.00810561982350544},"point_estimate":0.0032433823589652633,"standard_error":0.0020849958833388553},"median":{"confidence_interval":{"confidence_level":0.95,"lower_bound":0.001012511311501152,"upper_bound":0.0019074998764285755},"point_estimate":0.001449456174048569,"standard_error":0.00021257961451391687}}