{"mean":{"confidence_interval":{"confidence_level":0.95,"lower_bound":-0.0022614764414261718,"upper_bound":0.002309743952692633},"point_estimate":0.00001576585373430639,"standard_error":0.0011598648154154867},"median":{"confidence_interval":{"confidence_level":0.95,"lower_bound":-0.0011779363239965424,"upper_bound":-0.00012636767196028131},"point_estimate":-0.0006720087464884283,"standard_error":0.00026542884553542836}}