{"mean":{"confidence_interval":{"confidence_level":0.95,"lower_bound":0.004128535482319746,"upper_bound":0.010277320247233754},"point_estimate":0.0071379566646048165,"standard_error":0.0015526526902829728},"median":{"confidence_interval":{"confidence_level":0.95,"lower_bound":0.0057928732034637775,"upper_bound":0.007494486633165209},"point_estimate":0.006552335919071339,"standard_error":0.00046342861627799467}}