{"mean":{"confidence_interval":{"confidence_level":0.95,"lower_bound":0.0019192376398610947,"upper_bound":0.00729633502417748},"point_estimate":0.004857158156159613,"standard_error":0.0013659386400129614},"median":{"confidence_interval":{"confidence_level":0.95,"lower_bound":0.004754914940690247,"upper_bound":0.006142078831901321},"point_estimate":0.005468665623356683,"standard_error":0.00036627090091500143}}