{"mean":{"confidence_interval":{"confidence_level":0.95,"lower_bound":0.11810210820162505,"upper_bound":0.12069596078617274},"point_estimate":0.11932659563062908,"standard_error":0.0006745328759408836},"median":{"confidence_interval":{"confidence_level":0.95,"lower_bound":0.11694112858288275,"upper_bound":0.11890366205629},"point_estimate":0.1180944972065836,"standard_error":0.0005772986432392012}}