{"mean":{"confidence_interval":{"confidence_level":0.95,"lower_bound":-0.00849225933617348,"upper_bound":-0.00785237234198364},"point_estimate":-0.008169723427635445,"standard_error":0.00016315558806930468},"median":{"confidence_interval":{"confidence_level":0.95,"lower_bound":-0.008251256143553487,"upper_bound":-0.007887124850568639},"point_estimate":-0.00806803181626825,"standard_error":0.00009369811447692647}}