{"mean":{"confidence_interval":{"confidence_level":0.95,"lower_bound":0.18395842581790434,"upper_bound":0.18732195764838938},"point_estimate":0.1855596390706855,"standard_error":0.0008409115396380763},"median":{"confidence_interval":{"confidence_level":0.95,"lower_bound":0.18501955851310226,"upper_bound":0.18934301623555427},"point_estimate":0.18767712184462626,"standard_error":0.0009332044236424383}}