{"mean":{"confidence_interval":{"confidence_level":0.95,"lower_bound":-0.007564915115684165,"upper_bound":-0.003700549851854921},"point_estimate":-0.005564759341462833,"standard_error":0.0009851520687026614},"median":{"confidence_interval":{"confidence_level":0.95,"lower_bound":-0.004127609549232414,"upper_bound":-0.003453520511005559},"point_estimate":-0.0037353643054879315,"standard_error":0.00016497769649208787}}