{"mean":{"confidence_interval":{"confidence_level":0.95,"lower_bound":-0.10867306973745079,"upper_bound":-0.09259608687006123},"point_estimate":-0.10042560288669633,"standard_error":0.004109649668761009},"median":{"confidence_interval":{"confidence_level":0.95,"lower_bound":-0.10258190428246185,"upper_bound":-0.08447384072056274},"point_estimate":-0.09686295177637883,"standard_error":0.005163056578096948}}