{"mean":{"confidence_interval":{"confidence_level":0.95,"lower_bound":-0.0037541075816883373,"upper_bound":0.00010010907016207763},"point_estimate":-0.0017865134862151688,"standard_error":0.0009995766036665055},"median":{"confidence_interval":{"confidence_level":0.95,"lower_bound":0.0010063475351973494,"upper_bound":0.004064248241026913},"point_estimate":0.0028578041195672643,"standard_error":0.0007866625774257268}}