{"mean":{"confidence_interval":{"confidence_level":0.95,"lower_bound":-0.20366535337902092,"upper_bound":-0.1896752806656799},"point_estimate":-0.19670095909833984,"standard_error":0.0035789891962205783},"median":{"confidence_interval":{"confidence_level":0.95,"lower_bound":-0.20782400589084332,"upper_bound":-0.18771189072924566},"point_estimate":-0.19795783391652233,"standard_error":0.004815701167600875}}