{"mean":{"confidence_interval":{"confidence_level":0.95,"lower_bound":0.009140286585153663,"upper_bound":0.01118032880069419},"point_estimate":0.010045082691075402,"standard_error":0.0005220599730068959},"median":{"confidence_interval":{"confidence_level":0.95,"lower_bound":0.009282341237881325,"upper_bound":0.009867299762762238},"point_estimate":0.00958607050887128,"standard_error":0.0001474787347434161}}