{"mean":{"confidence_interval":{"confidence_level":0.95,"lower_bound":-0.02088843966370204,"upper_bound":-0.020089393096525694},"point_estimate":-0.02045009684063437,"standard_error":0.00020495614457412772},"median":{"confidence_interval":{"confidence_level":0.95,"lower_bound":-0.0201931329146553,"upper_bound":-0.019676702964636417},"point_estimate":-0.01994340896389457,"standard_error":0.0001370857754558331}}