{"mean":{"confidence_interval":{"confidence_level":0.95,"lower_bound":-0.02039859692561955,"upper_bound":-0.01991669024254284},"point_estimate":-0.020147591621635375,"standard_error":0.00012305895862296104},"median":{"confidence_interval":{"confidence_level":0.95,"lower_bound":-0.02040088458098188,"upper_bound":-0.01996780181738056},"point_estimate":-0.020197264620731126,"standard_error":0.00011725286819112207}}