{"mean":{"confidence_interval":{"confidence_level":0.95,"lower_bound":0.2346007297688991,"upper_bound":0.23518890242676438},"point_estimate":0.23489566887277524,"standard_error":0.0001493183804516555},"median":{"confidence_interval":{"confidence_level":0.95,"lower_bound":0.23458204472876032,"upper_bound":0.23523394170310352},"point_estimate":0.23490915289477932,"standard_error":0.00016807164113483315}}