{"mean":{"confidence_interval":{"confidence_level":0.95,"lower_bound":0.0474730219765337,"upper_bound":0.049841135979906706},"point_estimate":0.048819621626499776,"standard_error":0.0006048137691527162},"median":{"confidence_interval":{"confidence_level":0.95,"lower_bound":0.0497680449927067,"upper_bound":0.050776908611436244},"point_estimate":0.050225903347115075,"standard_error":0.0002505412475441607}}