{"mean":{"confidence_interval":{"confidence_level":0.95,"lower_bound":-0.011341013214464096,"upper_bound":0.008109224147640058},"point_estimate":-0.00016734203591062258,"standard_error":0.005046707105847458},"median":{"confidence_interval":{"confidence_level":0.95,"lower_bound":0.002048366597195539,"upper_bound":0.0036040391291023433},"point_estimate":0.002898654985527216,"standard_error":0.000394517401364706}}