{"mean":{"confidence_interval":{"confidence_level":0.95,"lower_bound":0.06347724541395927,"upper_bound":0.06932448117397297},"point_estimate":0.06648518101228462,"standard_error":0.0015060536139878732},"median":{"confidence_interval":{"confidence_level":0.95,"lower_bound":0.061093655575016115,"upper_bound":0.06847671871832839},"point_estimate":0.0648996648379423,"standard_error":0.00219246743094378}}