{"mean":{"confidence_interval":{"confidence_level":0.95,"lower_bound":-0.022856692723122605,"upper_bound":-0.02114606865714125},"point_estimate":-0.021958926804129364,"standard_error":0.00043775624638291654},"median":{"confidence_interval":{"confidence_level":0.95,"lower_bound":-0.022394542541912976,"upper_bound":-0.02040881460801125},"point_estimate":-0.021206154460302495,"standard_error":0.0005035022252526275}}