{"mean":{"confidence_interval":{"confidence_level":0.95,"lower_bound":-0.053550944842063325,"upper_bound":-0.05271328704239394},"point_estimate":-0.05316625803949104,"standard_error":0.00020893767194060455},"median":{"confidence_interval":{"confidence_level":0.95,"lower_bound":-0.0540153838714319,"upper_bound":-0.05303376444469955},"point_estimate":-0.05351528409916928,"standard_error":0.0002642782130589934}}