{"mean":{"confidence_interval":{"confidence_level":0.95,"lower_bound":0.3615220247440998,"upper_bound":0.3893127499505947},"point_estimate":0.37551688663306093,"standard_error":0.006979271924650502},"median":{"confidence_interval":{"confidence_level":0.95,"lower_bound":0.3512852523863573,"upper_bound":0.38364379227147727},"point_estimate":0.3641280575254413,"standard_error":0.007664765016155295}}