{"mean":{"confidence_interval":{"confidence_level":0.95,"lower_bound":-0.0022648113030731385,"upper_bound":0.0003705350080498254},"point_estimate":-0.0009149732875063377,"standard_error":0.0006698628051311417},"median":{"confidence_interval":{"confidence_level":0.95,"lower_bound":-0.0010000459489335478,"upper_bound":-0.0002563743868418099},"point_estimate":-0.0006559192841092409,"standard_error":0.00018576871693112704}}