{"mean":{"confidence_interval":{"confidence_level":0.95,"lower_bound":-0.0511950918529934,"upper_bound":-0.028803188006121024},"point_estimate":-0.04061003776353633,"standard_error":0.005381236535685323},"median":{"confidence_interval":{"confidence_level":0.95,"lower_bound":-0.06303152854355676,"upper_bound":-0.04500469235650484},"point_estimate":-0.049382107730235214,"standard_error":0.005444444173862469}}