{"mean":{"confidence_interval":{"confidence_level":0.95,"lower_bound":-0.1627721173340345,"upper_bound":-0.158980373357098},"point_estimate":-0.16087355165618844,"standard_error":0.0009686806772454897},"median":{"confidence_interval":{"confidence_level":0.95,"lower_bound":-0.16399825299815607,"upper_bound":-0.15742757241083113},"point_estimate":-0.16046540514212115,"standard_error":0.0016624430790323596}}