{"mean":{"confidence_interval":{"confidence_level":0.95,"lower_bound":-0.11670945756385183,"upper_bound":-0.1160169997557069},"point_estimate":-0.1163665165345692,"standard_error":0.00017652441507564956},"median":{"confidence_interval":{"confidence_level":0.95,"lower_bound":-0.11699951200227743,"upper_bound":-0.11616981573111099},"point_estimate":-0.11671718290532007,"standard_error":0.00020894966445788194}}