{"mean":{"confidence_interval":{"confidence_level":0.95,"lower_bound":0.00259683697670367,"upper_bound":0.003211768650127622},"point_estimate":0.0029114956575382323,"standard_error":0.00015799802327158097},"median":{"confidence_interval":{"confidence_level":0.95,"lower_bound":0.002642991835803743,"upper_bound":0.0031597593567034288},"point_estimate":0.0029467384967074572,"standard_error":0.00013650067322588385}}