{"mean":{"confidence_interval":{"confidence_level":0.95,"lower_bound":0.16437785740217795,"upper_bound":0.18103002247516267},"point_estimate":0.1728194097845368,"standard_error":0.004573118640733301},"median":{"confidence_interval":{"confidence_level":0.95,"lower_bound":0.15327129955194518,"upper_bound":0.1689979162476778},"point_estimate":0.16235234096032336,"standard_error":0.003986867889298286}}