{"mean":{"confidence_interval":{"confidence_level":0.95,"lower_bound":0.002360094413563979,"upper_bound":0.004552262018171464},"point_estimate":0.0034423593730077418,"standard_error":0.0005631574834174223},"median":{"confidence_interval":{"confidence_level":0.95,"lower_bound":0.002519678555235716,"upper_bound":0.0032056312627419814},"point_estimate":0.0028823755383742267,"standard_error":0.00017280640525069385}}