{"mean":{"confidence_interval":{"confidence_level":0.95,"lower_bound":-0.0019826029327094513,"upper_bound":0.0042427277071034825},"point_estimate":0.0011488940771093858,"standard_error":0.0015410461242978354},"median":{"confidence_interval":{"confidence_level":0.95,"lower_bound":-0.0002870211424652602,"upper_bound":0.0009396727211455766},"point_estimate":0.00040632513931004866,"standard_error":0.0003181365960824685}}