{"mean":{"confidence_interval":{"confidence_level":0.95,"lower_bound":0.01933510296091634,"upper_bound":0.026114052655258516},"point_estimate":0.022801338610101585,"standard_error":0.0017228626000959193},"median":{"confidence_interval":{"confidence_level":0.95,"lower_bound":0.020604036500817546,"upper_bound":0.029525804427118885},"point_estimate":0.02532395582604896,"standard_error":0.0020586149843033097}}