{"mean":{"confidence_interval":{"confidence_level":0.95,"lower_bound":-0.005872572177875495,"upper_bound":-0.002209657713135777},"point_estimate":-0.004005370777085959,"standard_error":0.0009217612971087305},"median":{"confidence_interval":{"confidence_level":0.95,"lower_bound":-0.004246054799276977,"upper_bound":-0.003034703642749159},"point_estimate":-0.0036137480973055247,"standard_error":0.0003071881019032821}}