{"mean":{"confidence_interval":{"confidence_level":0.95,"lower_bound":-0.06871532436848389,"upper_bound":-0.06741397623399979},"point_estimate":-0.06809427699709336,"standard_error":0.00033318835228560053},"median":{"confidence_interval":{"confidence_level":0.95,"lower_bound":-0.06804569377997394,"upper_bound":-0.06711342116008323},"point_estimate":-0.06757510514540865,"standard_error":0.0002189822514697301}}