{"mean":{"confidence_interval":{"confidence_level":0.95,"lower_bound":9215.375903445207,"upper_bound":9299.439887433851},"point_estimate":9256.89082848947,"standard_error":21.490539822747454},"median":{"confidence_interval":{"confidence_level":0.95,"lower_bound":9157.199326923077,"upper_bound":9211.632478632479},"point_estimate":9192.99721469437,"standard_error":14.927981784126422},"median_abs_dev":{"confidence_interval":{"confidence_level":0.95,"lower_bound":82.97847694993966,"upper_bound":197.77952880645518},"point_estimate":142.79565901716327,"standard_error":31.402821861447837},"slope":{"confidence_interval":{"confidence_level":0.95,"lower_bound":9149.979346325104,"upper_bound":9188.994974129937},"point_estimate":9168.759863364063,"standard_error":9.939296644514794},"std_dev":{"confidence_interval":{"confidence_level":0.95,"lower_bound":185.46579536479933,"upper_bound":241.87250734811462},"point_estimate":215.56319400139643,"standard_error":14.38728199069758}}