{"mean":{"confidence_interval":{"confidence_level":0.95,"lower_bound":9063.391332106476,"upper_bound":9188.345806811876},"point_estimate":9122.669674796898,"standard_error":31.894255462445447},"median":{"confidence_interval":{"confidence_level":0.95,"lower_bound":8957.302254689756,"upper_bound":9151.610863095239},"point_estimate":9104.72191250484,"standard_error":57.19085382059794},"median_abs_dev":{"confidence_interval":{"confidence_level":0.95,"lower_bound":185.43422805593363,"upper_bound":336.98797114338265},"point_estimate":288.5772151548142,"standard_error":43.93210792552541},"slope":{"confidence_interval":{"confidence_level":0.95,"lower_bound":9046.207695303754,"upper_bound":9221.824276778665},"point_estimate":9118.813734932128,"standard_error":46.825599168319314},"std_dev":{"confidence_interval":{"confidence_level":0.95,"lower_bound":227.60594411729315,"upper_bound":405.96480463564484},"point_estimate":319.9550471640715,"standard_error":45.85069104582066}}