{"mean":{"confidence_interval":{"confidence_level":0.95,"lower_bound":8900.301018113521,"upper_bound":9079.492479945786},"point_estimate":8975.125545724313,"standard_error":46.60038523391462},"median":{"confidence_interval":{"confidence_level":0.95,"lower_bound":8869.277956674472,"upper_bound":8984.995290423862},"point_estimate":8966.532978959025,"standard_error":29.69145186220885},"median_abs_dev":{"confidence_interval":{"confidence_level":0.95,"lower_bound":191.16311232046186,"upper_bound":299.3606253843744},"point_estimate":257.1938971501428,"standard_error":27.047275109910807},"slope":{"confidence_interval":{"confidence_level":0.95,"lower_bound":8887.074532477885,"upper_bound":8969.981535994522},"point_estimate":8926.078961346027,"standard_error":21.061519914278225},"std_dev":{"confidence_interval":{"confidence_level":0.95,"lower_bound":185.54050467498135,"upper_bound":744.4570523692286},"point_estimate":468.8033176173348,"standard_error":173.64624974504363}}