{"mean":{"confidence_interval":{"confidence_level":0.95,"lower_bound":9339.358408645427,"upper_bound":9423.625305320376},"point_estimate":9380.886929335886,"standard_error":21.59724447352722},"median":{"confidence_interval":{"confidence_level":0.95,"lower_bound":9293.822913665612,"upper_bound":9348.31968988219},"point_estimate":9317.157700964468,"standard_error":14.023790751465025},"median_abs_dev":{"confidence_interval":{"confidence_level":0.95,"lower_bound":105.26015017626881,"upper_bound":215.60576474108638},"point_estimate":150.84405893362637,"standard_error":28.516812285666415},"slope":{"confidence_interval":{"confidence_level":0.95,"lower_bound":9268.899182007632,"upper_bound":9311.549156219617},"point_estimate":9288.842603130577,"standard_error":10.91933648728563},"std_dev":{"confidence_interval":{"confidence_level":0.95,"lower_bound":183.58203320247225,"upper_bound":246.12959142764777},"point_estimate":216.87428923297503,"standard_error":15.933133374273499}}