{"mean":{"confidence_interval":{"confidence_level":0.95,"lower_bound":11281.632037367093,"upper_bound":11409.639492132988},"point_estimate":11344.77666783334,"standard_error":32.59857333526198},"median":{"confidence_interval":{"confidence_level":0.95,"lower_bound":11083.587144352055,"upper_bound":11584.817592592593},"point_estimate":11129.438063063062,"standard_error":192.97175988063574},"median_abs_dev":{"confidence_interval":{"confidence_level":0.95,"lower_bound":116.06358515194717,"upper_bound":624.0401736348497},"point_estimate":299.9411658693352,"standard_error":136.8947458519987},"slope":{"confidence_interval":{"confidence_level":0.95,"lower_bound":11243.127107710763,"upper_bound":11386.34557912044},"point_estimate":11317.999486232206,"standard_error":36.74668022892237},"std_dev":{"confidence_interval":{"confidence_level":0.95,"lower_bound":304.6988609544756,"upper_bound":348.4005440468696},"point_estimate":328.10292036909044,"standard_error":11.107754562431237}}