{"mean":{"confidence_interval":{"confidence_level":0.95,"lower_bound":8789.319036500916,"upper_bound":9049.371772290962},"point_estimate":8909.047412530019,"standard_error":66.59482918165448},"median":{"confidence_interval":{"confidence_level":0.95,"lower_bound":8797.362157534246,"upper_bound":8845.803977272728},"point_estimate":8820.838687241201,"standard_error":11.939439811793246},"median_abs_dev":{"confidence_interval":{"confidence_level":0.95,"lower_bound":173.8299049139013,"upper_bound":484.4996292593127},"point_estimate":317.70860353073954,"standard_error":75.80949729741184},"slope":{"confidence_interval":{"confidence_level":0.95,"lower_bound":8760.803570678576,"upper_bound":8916.075301885028},"point_estimate":8830.83974213093,"standard_error":39.79996222177044},"std_dev":{"confidence_interval":{"confidence_level":0.95,"lower_bound":408.4011283808981,"upper_bound":883.3237616482518},"point_estimate":670.5808938201876,"standard_error":121.2519381896096}}