{"mean":{"confidence_interval":{"confidence_level":0.95,"lower_bound":17560.70735829475,"upper_bound":17850.184368559498},"point_estimate":17700.990532647644,"standard_error":73.98283042493202},"median":{"confidence_interval":{"confidence_level":0.95,"lower_bound":17423.955956741673,"upper_bound":17603.420289855072},"point_estimate":17519.649153439153,"standard_error":52.15325350288634},"median_abs_dev":{"confidence_interval":{"confidence_level":0.95,"lower_bound":386.2409300281729,"upper_bound":687.739818851016},"point_estimate":528.9672714265625,"standard_error":72.14799735950776},"slope":{"confidence_interval":{"confidence_level":0.95,"lower_bound":17307.32366935515,"upper_bound":17499.57200857},"point_estimate":17399.62694711262,"standard_error":49.073889050067926},"std_dev":{"confidence_interval":{"confidence_level":0.95,"lower_bound":590.320296461568,"upper_bound":877.4148582255281},"point_estimate":743.0419939049468,"standard_error":73.31758518641482}}