{"mean":{"confidence_interval":{"confidence_level":0.95,"lower_bound":8705.702947734088,"upper_bound":8805.93424709809},"point_estimate":8755.857795531818,"standard_error":25.59278430122729},"median":{"confidence_interval":{"confidence_level":0.95,"lower_bound":8804.401098901099,"upper_bound":8862.083188115043},"point_estimate":8839.622959183675,"standard_error":22.561858046351396},"median_abs_dev":{"confidence_interval":{"confidence_level":0.95,"lower_bound":101.23026846963955,"upper_bound":429.2813286113192},"point_estimate":282.8900503794818,"standard_error":79.37016042311548},"slope":{"confidence_interval":{"confidence_level":0.95,"lower_bound":8737.81208694826,"upper_bound":8817.00896238896},"point_estimate":8779.855115634698,"standard_error":20.185908773945954},"std_dev":{"confidence_interval":{"confidence_level":0.95,"lower_bound":229.81211967303088,"upper_bound":281.74420156215797},"point_estimate":257.2248707981373,"standard_error":13.24175788586237}}