{"mean":{"confidence_interval":{"confidence_level":0.95,"lower_bound":9235.176058093843,"upper_bound":9474.420932502297},"point_estimate":9335.87592665576,"standard_error":61.978845539972006},"median":{"confidence_interval":{"confidence_level":0.95,"lower_bound":9151.558404558404,"upper_bound":9297.533989266547},"point_estimate":9271.06475006475,"standard_error":36.003050659890334},"median_abs_dev":{"confidence_interval":{"confidence_level":0.95,"lower_bound":182.14950531320875,"upper_bound":316.99226038332165},"point_estimate":251.6788676957541,"standard_error":34.88889751441768},"slope":{"confidence_interval":{"confidence_level":0.95,"lower_bound":9212.908101181356,"upper_bound":9467.19838125051},"point_estimate":9325.56449216219,"standard_error":65.11607304134206},"std_dev":{"confidence_interval":{"confidence_level":0.95,"lower_bound":208.72189057830542,"upper_bound":983.5239708628031},"point_estimate":624.5257636833543,"standard_error":217.9492485876287}}