{"mean":{"confidence_interval":{"confidence_level":0.95,"lower_bound":9139.241948223631,"upper_bound":9211.806138596625},"point_estimate":9174.826181077247,"standard_error":18.547045270541105},"median":{"confidence_interval":{"confidence_level":0.95,"lower_bound":9088.956607495069,"upper_bound":9142.838108840762},"point_estimate":9114.392191142191,"standard_error":14.259666555907728},"median_abs_dev":{"confidence_interval":{"confidence_level":0.95,"lower_bound":64.56439985093431,"upper_bound":153.64669231423002},"point_estimate":95.78271712282923,"standard_error":20.065499319140276},"slope":{"confidence_interval":{"confidence_level":0.95,"lower_bound":9093.688063578225,"upper_bound":9127.367701130841},"point_estimate":9109.784476247854,"standard_error":8.594495835236671},"std_dev":{"confidence_interval":{"confidence_level":0.95,"lower_bound":153.21913129716694,"upper_bound":217.9200056143503},"point_estimate":187.15399003546648,"standard_error":16.582318236845495}}