{"mean":{"confidence_interval":{"confidence_level":0.95,"lower_bound":13278.75813061313,"upper_bound":13444.153602764825},"point_estimate":13359.457896362741,"standard_error":42.242498123681294},"median":{"confidence_interval":{"confidence_level":0.95,"lower_bound":13217.271428571428,"upper_bound":13278.567391304348},"point_estimate":13255.610970464135,"standard_error":13.884491821532917},"median_abs_dev":{"confidence_interval":{"confidence_level":0.95,"lower_bound":124.11807009816964,"upper_bound":338.2706743132007},"point_estimate":184.09043400760427,"standard_error":65.5963052443768},"slope":{"confidence_interval":{"confidence_level":0.95,"lower_bound":13202.349186576594,"upper_bound":13258.896712690203},"point_estimate":13232.086923895375,"standard_error":14.433345151813654},"std_dev":{"confidence_interval":{"confidence_level":0.95,"lower_bound":351.9716765085007,"upper_bound":485.9021923479854},"point_estimate":425.71113473133545,"standard_error":34.109491720739335}}