{"mean":{"confidence_interval":{"confidence_level":0.95,"lower_bound":9105.913744739522,"upper_bound":9334.16840848194},"point_estimate":9197.636582409279,"standard_error":60.09456879118071},"median":{"confidence_interval":{"confidence_level":0.95,"lower_bound":8989.167705627706,"upper_bound":9235.722737579881},"point_estimate":9200.002344344006,"standard_error":76.20585925583107},"median_abs_dev":{"confidence_interval":{"confidence_level":0.95,"lower_bound":174.65331122565993,"upper_bound":385.3734755145605},"point_estimate":344.02086281084263,"standard_error":53.47094007259793},"slope":{"confidence_interval":{"confidence_level":0.95,"lower_bound":9125.549364967872,"upper_bound":9272.934953098322},"point_estimate":9193.206315945028,"standard_error":37.74444906041863},"std_dev":{"confidence_interval":{"confidence_level":0.95,"lower_bound":217.47005812759005,"upper_bound":983.6244029238864},"point_estimate":604.8508131018544,"standard_error":254.88414763080686}}