{"mean":{"confidence_interval":{"confidence_level":0.95,"lower_bound":9233.964829005652,"upper_bound":9350.309807443267},"point_estimate":9290.480096871244,"standard_error":29.73461055605148},"median":{"confidence_interval":{"confidence_level":0.95,"lower_bound":9166.442264957266,"upper_bound":9207.196658545075},"point_estimate":9180.310363247863,"standard_error":10.154941701775126},"median_abs_dev":{"confidence_interval":{"confidence_level":0.95,"lower_bound":88.60865376414105,"upper_bound":197.2312153596472},"point_estimate":114.8824132855683,"standard_error":26.513682994250043},"slope":{"confidence_interval":{"confidence_level":0.95,"lower_bound":9153.032330237504,"upper_bound":9185.463427683484},"point_estimate":9169.337427334009,"standard_error":8.261143922770609},"std_dev":{"confidence_interval":{"confidence_level":0.95,"lower_bound":240.25711934416495,"upper_bound":357.79358897914904},"point_estimate":299.04207350721623,"standard_error":30.305169374099904}}