{"mean":{"confidence_interval":{"confidence_level":0.95,"lower_bound":8765.03031593736,"upper_bound":8864.402301658864},"point_estimate":8814.594771910723,"standard_error":25.340582906941638},"median":{"confidence_interval":{"confidence_level":0.95,"lower_bound":8818.438017598342,"upper_bound":8849.525865384614},"point_estimate":8832.191235935303,"standard_error":8.405658562254777},"median_abs_dev":{"confidence_interval":{"confidence_level":0.95,"lower_bound":133.5768237165008,"upper_bound":372.3221698101806},"point_estimate":301.1461551789841,"standard_error":74.3888858655109},"slope":{"confidence_interval":{"confidence_level":0.95,"lower_bound":8770.89334844254,"upper_bound":8839.684083207227},"point_estimate":8806.183838296143,"standard_error":17.459900759542702},"std_dev":{"confidence_interval":{"confidence_level":0.95,"lower_bound":215.0489184934603,"upper_bound":294.22818299576403},"point_estimate":254.97354505673636,"standard_error":20.228558474739682}}