{"mean":{"confidence_interval":{"confidence_level":0.95,"lower_bound":9276.498826324378,"upper_bound":9645.61295302903},"point_estimate":9450.444394614466,"standard_error":94.25433517472757},"median":{"confidence_interval":{"confidence_level":0.95,"lower_bound":9067.716440422322,"upper_bound":9188.794805194804},"point_estimate":9144.821252465485,"standard_error":30.019700500001274},"median_abs_dev":{"confidence_interval":{"confidence_level":0.95,"lower_bound":170.3704723798754,"upper_bound":302.75797624440423},"point_estimate":250.1148267561551,"standard_error":34.4003066890162},"slope":{"confidence_interval":{"confidence_level":0.95,"lower_bound":9078.632776625967,"upper_bound":9136.982928941257},"point_estimate":9108.752948357982,"standard_error":14.84991651678887},"std_dev":{"confidence_interval":{"confidence_level":0.95,"lower_bound":677.6502254613177,"upper_bound":1156.3425437006863},"point_estimate":947.5225386587139,"standard_error":122.029719447591}}