{"mean":{"confidence_interval":{"confidence_level":0.95,"lower_bound":8744.413619649224,"upper_bound":8864.14964683259},"point_estimate":8802.055099327605,"standard_error":30.497731418079816},"median":{"confidence_interval":{"confidence_level":0.95,"lower_bound":8801.846264367816,"upper_bound":8860.131670617484},"point_estimate":8830.983673007246,"standard_error":19.850362964881},"median_abs_dev":{"confidence_interval":{"confidence_level":0.95,"lower_bound":199.98099844275384,"upper_bound":373.35688044751225},"point_estimate":293.15558504907284,"standard_error":46.90443623096427},"slope":{"confidence_interval":{"confidence_level":0.95,"lower_bound":8776.33336810923,"upper_bound":8953.830031940892},"point_estimate":8855.39724656421,"standard_error":45.92812837577472},"std_dev":{"confidence_interval":{"confidence_level":0.95,"lower_bound":228.01886776453523,"upper_bound":396.15350260472275},"point_estimate":307.253897863069,"standard_error":45.31670987689665}}