{"mean":{"confidence_interval":{"confidence_level":0.95,"lower_bound":9197.212039052401,"upper_bound":9275.068605407609},"point_estimate":9235.313800169639,"standard_error":19.904290394090417},"median":{"confidence_interval":{"confidence_level":0.95,"lower_bound":9126.042582417584,"upper_bound":9184.49749970323},"point_estimate":9157.75259331386,"standard_error":14.63787498299332},"median_abs_dev":{"confidence_interval":{"confidence_level":0.95,"lower_bound":70.58705111558213,"upper_bound":156.05237425996287},"point_estimate":102.09241827839652,"standard_error":21.33219162121476},"slope":{"confidence_interval":{"confidence_level":0.95,"lower_bound":9115.758043140859,"upper_bound":9142.421367571824},"point_estimate":9128.415375294131,"standard_error":6.801222361061062},"std_dev":{"confidence_interval":{"confidence_level":0.95,"lower_bound":172.84986835629883,"upper_bound":222.7838283472997},"point_estimate":200.49877248539264,"standard_error":12.687952435013239}}