{"mean":{"confidence_interval":{"confidence_level":0.95,"lower_bound":9234.02520405432,"upper_bound":9518.343704579434},"point_estimate":9348.251144120848,"standard_error":74.78350044171638},"median":{"confidence_interval":{"confidence_level":0.95,"lower_bound":9159.924615384616,"upper_bound":9220.789391096707},"point_estimate":9184.535449490268,"standard_error":14.827098831975661},"median_abs_dev":{"confidence_interval":{"confidence_level":0.95,"lower_bound":90.97391809515437,"upper_bound":204.09584796434595},"point_estimate":125.62333986674366,"standard_error":28.33342277816528},"slope":{"confidence_interval":{"confidence_level":0.95,"lower_bound":9152.28506509922,"upper_bound":9750.247523011383},"point_estimate":9370.608769253504,"standard_error":164.03502111137712},"std_dev":{"confidence_interval":{"confidence_level":0.95,"lower_bound":196.26090255548485,"upper_bound":1231.2726957750303},"point_estimate":756.1293824478379,"standard_error":312.0572522378997}}