{"mean":{"confidence_interval":{"confidence_level":0.95,"lower_bound":9111.99344260425,"upper_bound":9377.15723492353},"point_estimate":9212.995896864513,"standard_error":72.01417595819217},"median":{"confidence_interval":{"confidence_level":0.95,"lower_bound":9033.846153846154,"upper_bound":9247.618492618492},"point_estimate":9177.148428093646,"standard_error":53.18253843956049},"median_abs_dev":{"confidence_interval":{"confidence_level":0.95,"lower_bound":202.3660816340576,"upper_bound":313.50906981871634},"point_estimate":278.2935211593332,"standard_error":28.583879475085414},"slope":{"confidence_interval":{"confidence_level":0.95,"lower_bound":9133.509642133062,"upper_bound":9435.754657663625},"point_estimate":9250.798825067352,"standard_error":81.98472982546474},"std_dev":{"confidence_interval":{"confidence_level":0.95,"lower_bound":195.90164363377215,"upper_bound":1209.5937198390066},"point_estimate":724.2248933873739,"standard_error":349.7697808612347}}