{"mean":{"confidence_interval":{"confidence_level":0.95,"lower_bound":9346.999301073218,"upper_bound":9491.04213135375},"point_estimate":9413.180447817896,"standard_error":36.91938264423321},"median":{"confidence_interval":{"confidence_level":0.95,"lower_bound":9265.604166666666,"upper_bound":9374.031894934335},"point_estimate":9340.072090729784,"standard_error":24.206876907970823},"median_abs_dev":{"confidence_interval":{"confidence_level":0.95,"lower_bound":140.67848125942965,"upper_bound":279.0738329854751},"point_estimate":213.61328278188282,"standard_error":35.40045653962506},"slope":{"confidence_interval":{"confidence_level":0.95,"lower_bound":9293.521165399494,"upper_bound":9369.453178403019},"point_estimate":9329.008136999693,"standard_error":19.28103231470805},"std_dev":{"confidence_interval":{"confidence_level":0.95,"lower_bound":232.8162560731291,"upper_bound":529.655489467482},"point_estimate":371.04878680157714,"standard_error":89.22084467815012}}