{"mean":{"confidence_interval":{"confidence_level":0.95,"lower_bound":9015.22478635388,"upper_bound":9109.789939814043},"point_estimate":9061.249316927784,"standard_error":24.05202462373712},"median":{"confidence_interval":{"confidence_level":0.95,"lower_bound":8961.527210884355,"upper_bound":9155.550793235052},"point_estimate":9125.606216176144,"standard_error":50.05924973398845},"median_abs_dev":{"confidence_interval":{"confidence_level":0.95,"lower_bound":188.42059836294104,"upper_bound":316.810639885985},"point_estimate":273.2785680430722,"standard_error":32.83996180120986},"slope":{"confidence_interval":{"confidence_level":0.95,"lower_bound":9028.27750822722,"upper_bound":9098.547617381186},"point_estimate":9066.30967679284,"standard_error":17.91370124238678},"std_dev":{"confidence_interval":{"confidence_level":0.95,"lower_bound":189.86137644720978,"upper_bound":302.51645826510054},"point_estimate":241.38744738895392,"standard_error":30.038317251719324}}