{"mean":{"confidence_interval":{"confidence_level":0.95,"lower_bound":8840.759616337982,"upper_bound":9083.353994583953},"point_estimate":8951.176643394776,"standard_error":62.1134432248135},"median":{"confidence_interval":{"confidence_level":0.95,"lower_bound":8909.4725,"upper_bound":8964.984797297297},"point_estimate":8945.521419270834,"standard_error":19.593798189627414},"median_abs_dev":{"confidence_interval":{"confidence_level":0.95,"lower_bound":178.63316055458913,"upper_bound":541.671981804656},"point_estimate":397.68050036518514,"standard_error":100.9667173474628},"slope":{"confidence_interval":{"confidence_level":0.95,"lower_bound":8839.843968477764,"upper_bound":8987.30863447843},"point_estimate":8907.078921235407,"standard_error":37.965545178394564},"std_dev":{"confidence_interval":{"confidence_level":0.95,"lower_bound":325.92703916951575,"upper_bound":871.4198970869106},"point_estimate":624.1577628077083,"standard_error":141.36279861209695}}