{"mean":{"confidence_interval":{"confidence_level":0.95,"lower_bound":9169.074592019351,"upper_bound":9317.07418937774},"point_estimate":9235.753290642075,"standard_error":37.758036099209356},"median":{"confidence_interval":{"confidence_level":0.95,"lower_bound":9056.045733836057,"upper_bound":9289.906871609403},"point_estimate":9255.3138740052,"standard_error":80.99097080482139},"median_abs_dev":{"confidence_interval":{"confidence_level":0.95,"lower_bound":165.64670931475592,"upper_bound":363.75940565393887},"point_estimate":347.0907146254862,"standard_error":55.443482204383486},"slope":{"confidence_interval":{"confidence_level":0.95,"lower_bound":9178.018585388483,"upper_bound":9372.00763393988},"point_estimate":9256.742186028838,"standard_error":52.05952563973171},"std_dev":{"confidence_interval":{"confidence_level":0.95,"lower_bound":220.77130479625427,"upper_bound":549.7157701522783},"point_estimate":379.756552062399,"standard_error":92.24734236839292}}