{"mean":{"confidence_interval":{"confidence_level":0.95,"lower_bound":8780.72410611773,"upper_bound":9070.616371673877},"point_estimate":8906.77278283565,"standard_error":74.68375214805563},"median":{"confidence_interval":{"confidence_level":0.95,"lower_bound":8838.113472072557,"upper_bound":8888.09108877234},"point_estimate":8868.60338718821,"standard_error":15.49081552667782},"median_abs_dev":{"confidence_interval":{"confidence_level":0.95,"lower_bound":126.0337131492639,"upper_bound":536.0602553852419},"point_estimate":400.36284707630944,"standard_error":85.92316294269985},"slope":{"confidence_interval":{"confidence_level":0.95,"lower_bound":8805.821749059354,"upper_bound":9093.097765432747},"point_estimate":8934.114908563617,"standard_error":73.81293999103549},"std_dev":{"confidence_interval":{"confidence_level":0.95,"lower_bound":317.0592200675028,"upper_bound":1149.1850447295544},"point_estimate":751.8006572904965,"standard_error":228.8585284004605}}