{"mean":{"confidence_interval":{"confidence_level":0.95,"lower_bound":9069.680648011186,"upper_bound":9167.618692177502},"point_estimate":9117.682487922348,"standard_error":25.131517712898138},"median":{"confidence_interval":{"confidence_level":0.95,"lower_bound":9020.627654804124,"upper_bound":9166.892628205129},"point_estimate":9111.081470622852,"standard_error":37.74677492221868},"median_abs_dev":{"confidence_interval":{"confidence_level":0.95,"lower_bound":195.70556935393316,"upper_bound":298.19278922719275},"point_estimate":265.6366639002399,"standard_error":27.46568211887476},"slope":{"confidence_interval":{"confidence_level":0.95,"lower_bound":9044.68689534175,"upper_bound":9119.751212065095},"point_estimate":9083.20425617533,"standard_error":19.140210965435298},"std_dev":{"confidence_interval":{"confidence_level":0.95,"lower_bound":209.11774585323923,"upper_bound":292.58060166711175},"point_estimate":253.07522003262648,"standard_error":21.317940514101316}}