{"mean":{"confidence_interval":{"confidence_level":0.95,"lower_bound":9011.65703244957,"upper_bound":9125.370358922068},"point_estimate":9065.680216660276,"standard_error":28.99455882734116},"median":{"confidence_interval":{"confidence_level":0.95,"lower_bound":8927.446695095949,"upper_bound":9151.44356261023},"point_estimate":9114.48027825588,"standard_error":56.38800074932021},"median_abs_dev":{"confidence_interval":{"confidence_level":0.95,"lower_bound":201.761389206481,"upper_bound":365.68372173968993},"point_estimate":321.6109681174554,"standard_error":41.86524214487401},"slope":{"confidence_interval":{"confidence_level":0.95,"lower_bound":9017.465512207365,"upper_bound":9101.22314712774},"point_estimate":9062.29046549431,"standard_error":21.413129810473848},"std_dev":{"confidence_interval":{"confidence_level":0.95,"lower_bound":215.89468087744004,"upper_bound":386.1620676608077},"point_estimate":292.3869156886164,"standard_error":48.37126579499197}}