{"mean":{"confidence_interval":{"confidence_level":0.95,"lower_bound":16946585.648166664,"upper_bound":17067591.73616667},"point_estimate":17004998.066666666,"standard_error":30818.474571241433},"median":{"confidence_interval":{"confidence_level":0.95,"lower_bound":16898034.0,"upper_bound":17011618.5},"point_estimate":16958368.0,"standard_error":31258.310608195785},"median_abs_dev":{"confidence_interval":{"confidence_level":0.95,"lower_bound":233310.0985129154,"upper_bound":364278.88450525515},"point_estimate":323259.42656099796,"standard_error":34934.38044854431},"slope":null,"std_dev":{"confidence_interval":{"confidence_level":0.95,"lower_bound":248286.60243278623,"upper_bound":368057.8093632093},"point_estimate":310248.27694524004,"standard_error":30661.852151468098}}