{"mean":{"confidence_interval":{"confidence_level":0.95,"lower_bound":40778600.216,"upper_bound":41666788.451124996},"point_estimate":41211391.335,"standard_error":227977.18700333693},"median":{"confidence_interval":{"confidence_level":0.95,"lower_bound":40051048.25,"upper_bound":41202290.0},"point_estimate":40567091.0,"standard_error":308906.6719973112},"median_abs_dev":{"confidence_interval":{"confidence_level":0.95,"lower_bound":1405227.2786634797,"upper_bound":2570486.61506474},"point_estimate":1941707.8119277954,"standard_error":300777.92717949103},"slope":null,"std_dev":{"confidence_interval":{"confidence_level":0.95,"lower_bound":1901808.73932037,"upper_bound":2653411.5693841144},"point_estimate":2299973.1854587398,"standard_error":191993.54092500577}}