{"mean":{"confidence_interval":{"confidence_level":0.95,"lower_bound":35632456.333000004,"upper_bound":36483359.708625},"point_estimate":36049734.035,"standard_error":217657.3752383097},"median":{"confidence_interval":{"confidence_level":0.95,"lower_bound":35254979.0,"upper_bound":36212249.0},"point_estimate":35564168.25,"standard_error":261064.90743168924},"median_abs_dev":{"confidence_interval":{"confidence_level":0.95,"lower_bound":1540365.8214842905,"upper_bound":2760236.4313960075},"point_estimate":2126835.993491113,"standard_error":285553.5115074903},"slope":null,"std_dev":{"confidence_interval":{"confidence_level":0.95,"lower_bound":1810371.5546668505,"upper_bound":2518640.4643358327},"point_estimate":2183177.3142859745,"standard_error":181709.21279199613}}