{"mean":{"confidence_interval":{"confidence_level":0.95,"lower_bound":20250988.008166663,"upper_bound":20596573.75641667},"point_estimate":20407400.986666657,"standard_error":88623.85975346838},"median":{"confidence_interval":{"confidence_level":0.95,"lower_bound":20091098.666666664,"upper_bound":20358197.666666668},"point_estimate":20187904.5,"standard_error":66642.03768545759},"median_abs_dev":{"confidence_interval":{"confidence_level":0.95,"lower_bound":330067.9024676246,"upper_bound":678156.301060318},"point_estimate":456124.1058021784,"standard_error":93017.27875377095},"slope":null,"std_dev":{"confidence_interval":{"confidence_level":0.95,"lower_bound":508235.88944767305,"upper_bound":1304019.2032920094},"point_estimate":890039.9742039623,"standard_error":235134.98227003988}}