{"mean":{"confidence_interval":{"confidence_level":0.95,"lower_bound":47597022.517,"upper_bound":47708194.52375},"point_estimate":47650684.44,"standard_error":28341.68687688659},"median":{"confidence_interval":{"confidence_level":0.95,"lower_bound":47528191.5,"upper_bound":47667520.0},"point_estimate":47583367.0,"standard_error":33068.29523911355},"median_abs_dev":{"confidence_interval":{"confidence_level":0.95,"lower_bound":141172.02974494602,"upper_bound":275883.6857020855},"point_estimate":210314.96056616306,"standard_error":33182.76573781736},"slope":null,"std_dev":{"confidence_interval":{"confidence_level":0.95,"lower_bound":220759.37204913422,"upper_bound":355320.2593649527},"point_estimate":285062.68014655967,"standard_error":35268.91796593394}}