{"mean":{"confidence_interval":{"confidence_level":0.95,"lower_bound":14911783.0565,"upper_bound":14929190.877812501},"point_estimate":14920196.905,"standard_error":4425.08104430972},"median":{"confidence_interval":{"confidence_level":0.95,"lower_bound":14904394.25,"upper_bound":14922442.75},"point_estimate":14913857.25,"standard_error":5589.1398815179255},"median_abs_dev":{"confidence_interval":{"confidence_level":0.95,"lower_bound":28615.476766973734,"upper_bound":50651.54550075531},"point_estimate":35991.59696102142,"standard_error":5453.416619132036},"slope":null,"std_dev":{"confidence_interval":{"confidence_level":0.95,"lower_bound":35398.35709849849,"upper_bound":53636.94365907806},"point_estimate":44522.088671908896,"standard_error":4674.5060817908125}}