{"mean":{"confidence_interval":{"confidence_level":0.95,"lower_bound":14747331.582625,"upper_bound":14769140.136500001},"point_estimate":14758143.3825,"standard_error":5566.862565954514},"median":{"confidence_interval":{"confidence_level":0.95,"lower_bound":14736151.5,"upper_bound":14766326.5},"point_estimate":14748951.375,"standard_error":7294.250470259231},"median_abs_dev":{"confidence_interval":{"confidence_level":0.95,"lower_bound":43366.234555095434,"upper_bound":74445.23650333285},"point_estimate":60063.83143365383,"standard_error":7761.511384543301},"slope":null,"std_dev":{"confidence_interval":{"confidence_level":0.95,"lower_bound":48236.05476930448,"upper_bound":62389.461635891865},"point_estimate":55715.61027253474,"standard_error":3613.361042903719}}