{"mean":{"confidence_interval":{"confidence_level":0.95,"lower_bound":8797370.363333333,"upper_bound":8828358.71},"point_estimate":8810165.958333332,"standard_error":8086.585929023447},"median":{"confidence_interval":{"confidence_level":0.95,"lower_bound":8789816.333333334,"upper_bound":8800888.666666666},"point_estimate":8793746.083333334,"standard_error":3250.3665026456024},"median_abs_dev":{"confidence_interval":{"confidence_level":0.95,"lower_bound":15775.975669920444,"upper_bound":26561.479674691225},"point_estimate":20625.683733820453,"standard_error":2709.557408109511},"slope":null,"std_dev":{"confidence_interval":{"confidence_level":0.95,"lower_bound":27205.520219607428,"upper_bound":128946.61986046648},"point_estimate":81144.88169442855,"standard_error":30131.193803657075}}