{"mean":{"confidence_interval":{"confidence_level":0.95,"lower_bound":37736757.421875,"upper_bound":37902281.59625},"point_estimate":37815682.95,"standard_error":42117.23552370969},"median":{"confidence_interval":{"confidence_level":0.95,"lower_bound":37638790.0,"upper_bound":37726241.25},"point_estimate":37688511.5,"standard_error":26075.194498707137},"median_abs_dev":{"confidence_interval":{"confidence_level":0.95,"lower_bound":148620.25989521295,"upper_bound":245219.07044649124},"point_estimate":194662.04069405794,"standard_error":23912.508099297775},"slope":null,"std_dev":{"confidence_interval":{"confidence_level":0.95,"lower_bound":328082.998076269,"upper_bound":498121.9524864017},"point_estimate":423273.55797393207,"standard_error":43341.08599680811}}