{"mean":{"confidence_interval":{"confidence_level":0.95,"lower_bound":16653842.014416665,"upper_bound":16683586.003333332},"point_estimate":16668190.616666665,"standard_error":7623.911542535622},"median":{"confidence_interval":{"confidence_level":0.95,"lower_bound":16626784.5,"upper_bound":16666918.333333334},"point_estimate":16653668.166666668,"standard_error":10096.014291495541},"median_abs_dev":{"confidence_interval":{"confidence_level":0.95,"lower_bound":44181.9734156141,"upper_bound":78479.45280671166},"point_estimate":62195.810195805025,"standard_error":8011.380269475589},"slope":null,"std_dev":{"confidence_interval":{"confidence_level":0.95,"lower_bound":60290.068149897554,"upper_bound":90997.21106783023},"point_estimate":76590.75880403697,"standard_error":7825.600120145832}}