{"mean":{"confidence_interval":{"confidence_level":0.95,"lower_bound":20471487.341999993,"upper_bound":20871056.089499995},"point_estimate":20668691.06333333,"standard_error":102234.40812979953},"median":{"confidence_interval":{"confidence_level":0.95,"lower_bound":20413844.833333332,"upper_bound":20786081.666666668},"point_estimate":20664262.333333336,"standard_error":103218.83255409513},"median_abs_dev":{"confidence_interval":{"confidence_level":0.95,"lower_bound":802332.6973557472,"upper_bound":1203577.376732234},"point_estimate":1051837.9643261433,"standard_error":104348.49681210514},"slope":null,"std_dev":{"confidence_interval":{"confidence_level":0.95,"lower_bound":867864.0910021727,"upper_bound":1171000.2174648466},"point_estimate":1025913.3480376487,"standard_error":77327.24190330082}}