{"mean":{"confidence_interval":{"confidence_level":0.95,"lower_bound":6742378.508125,"upper_bound":6788190.09809375},"point_estimate":6762813.205,"standard_error":11694.259748281218},"median":{"confidence_interval":{"confidence_level":0.95,"lower_bound":6722290.375,"upper_bound":6748203.8125},"point_estimate":6735652.1875,"standard_error":5797.318007030051},"median_abs_dev":{"confidence_interval":{"confidence_level":0.95,"lower_bound":41614.17203620076,"upper_bound":71627.09194086492},"point_estimate":57055.54342456162,"standard_error":7250.592017465742},"slope":null,"std_dev":{"confidence_interval":{"confidence_level":0.95,"lower_bound":65407.41539623284,"upper_bound":173624.22017453975},"point_estimate":118027.15774444396,"standard_error":32030.433583428236}}