{"mean":{"confidence_interval":{"confidence_level":0.95,"lower_bound":20187416.72408333,"upper_bound":20377030.674416658},"point_estimate":20276244.979999997,"standard_error":48518.41649196553},"median":{"confidence_interval":{"confidence_level":0.95,"lower_bound":20085235.333333332,"upper_bound":20273173.666666668},"point_estimate":20171388.0,"standard_error":48747.628579740114},"median_abs_dev":{"confidence_interval":{"confidence_level":0.95,"lower_bound":242428.81729603367,"upper_bound":482340.1118842458},"point_estimate":356690.82046747394,"standard_error":61092.380010439454},"slope":null,"std_dev":{"confidence_interval":{"confidence_level":0.95,"lower_bound":333390.5338192272,"upper_bound":665528.8553361743},"point_estimate":487576.69349218474,"standard_error":92847.35947806442}}