{"mean":{"confidence_interval":{"confidence_level":0.95,"lower_bound":7398267.248107144,"upper_bound":7421019.031428575},"point_estimate":7409363.121428571,"standard_error":5827.765958282462},"median":{"confidence_interval":{"confidence_level":0.95,"lower_bound":7385257.714285715,"upper_bound":7414436.714285715},"point_estimate":7398873.928571429,"standard_error":7950.99870022436},"median_abs_dev":{"confidence_interval":{"confidence_level":0.95,"lower_bound":36935.16594427051,"upper_bound":61355.07011072986},"point_estimate":47490.96005686731,"standard_error":6417.089519879027},"slope":null,"std_dev":{"confidence_interval":{"confidence_level":0.95,"lower_bound":46356.498999277224,"upper_bound":69342.04756479729},"point_estimate":58343.0037371061,"standard_error":5892.168691108151}}