{"mean":{"confidence_interval":{"confidence_level":0.95,"lower_bound":19484364.494916666,"upper_bound":19646003.51833333},"point_estimate":19559958.846666664,"standard_error":41167.62163143852},"median":{"confidence_interval":{"confidence_level":0.95,"lower_bound":19393133.0,"upper_bound":19502168.166666668},"point_estimate":19456767.166666668,"standard_error":30826.188998017464},"median_abs_dev":{"confidence_interval":{"confidence_level":0.95,"lower_bound":174352.27430462837,"upper_bound":312095.76381169603},"point_estimate":261339.87416028793,"standard_error":36519.207852191204},"slope":null,"std_dev":{"confidence_interval":{"confidence_level":0.95,"lower_bound":278499.09118050506,"upper_bound":555541.9641240061},"point_estimate":412789.9055351879,"standard_error":73668.91263317523}}