{"mean":{"confidence_interval":{"confidence_level":0.95,"lower_bound":7731302.037142861,"upper_bound":7761651.954321433},"point_estimate":7745223.500000003,"standard_error":7759.743774658158},"median":{"confidence_interval":{"confidence_level":0.95,"lower_bound":7715676.571428572,"upper_bound":7732564.142857143},"point_estimate":7724101.071428571,"standard_error":4013.451380101316},"median_abs_dev":{"confidence_interval":{"confidence_level":0.95,"lower_bound":25019.08635582154,"upper_bound":47070.11346433864},"point_estimate":33226.018510120055,"standard_error":5681.559488469635},"slope":null,"std_dev":{"confidence_interval":{"confidence_level":0.95,"lower_bound":46202.512901505244,"upper_bound":107095.77323156742},"point_estimate":78052.19884715811,"standard_error":15722.823884043913}}