{"mean":{"confidence_interval":{"confidence_level":0.95,"lower_bound":8757859.819291668,"upper_bound":8799038.551666668},"point_estimate":8777750.571666664,"standard_error":10468.999808011371},"median":{"confidence_interval":{"confidence_level":0.95,"lower_bound":8725818.166666666,"upper_bound":8767941.166666666},"point_estimate":8742657.083333332,"standard_error":9626.510504173717},"median_abs_dev":{"confidence_interval":{"confidence_level":0.95,"lower_bound":50817.59052030741,"upper_bound":94832.2834163918},"point_estimate":71774.7650757409,"standard_error":10941.55596693425},"slope":null,"std_dev":{"confidence_interval":{"confidence_level":0.95,"lower_bound":86698.48181035965,"upper_bound":120781.8154915697},"point_estimate":105241.19674063401,"standard_error":8697.368281796967}}