{"mean":{"confidence_interval":{"confidence_level":0.95,"lower_bound":14927052.0909375,"upper_bound":14934869.4329375},"point_estimate":14930953.6325,"standard_error":1991.8489337469612},"median":{"confidence_interval":{"confidence_level":0.95,"lower_bound":14927014.75,"upper_bound":14932914.75},"point_estimate":14929175.125,"standard_error":1692.8088420611973},"median_abs_dev":{"confidence_interval":{"confidence_level":0.95,"lower_bound":14124.915274232626,"upper_bound":23870.2302262187},"point_estimate":18329.012824594975,"standard_error":2405.24870982406},"slope":null,"std_dev":{"confidence_interval":{"confidence_level":0.95,"lower_bound":17188.833814920057,"upper_bound":22497.542071756496},"point_estimate":20024.557193128578,"standard_error":1356.6661955445802}}