{"mean":{"confidence_interval":{"confidence_level":0.95,"lower_bound":6633406.743125,"upper_bound":6644676.9808125},"point_estimate":6638612.92,"standard_error":2892.5492060672273},"median":{"confidence_interval":{"confidence_level":0.95,"lower_bound":6629186.0,"upper_bound":6632308.8125},"point_estimate":6630853.5625,"standard_error":698.788042215995},"median_abs_dev":{"confidence_interval":{"confidence_level":0.95,"lower_bound":4747.632600087674,"upper_bound":7858.613822981715},"point_estimate":6437.171098217368,"standard_error":780.3291925848358},"slope":null,"std_dev":{"confidence_interval":{"confidence_level":0.95,"lower_bound":17299.407137445352,"upper_bound":38430.42411957133},"point_estimate":29194.726605408698,"standard_error":5355.353990369342}}