{"mean":{"confidence_interval":{"confidence_level":0.95,"lower_bound":6615625.661499999,"upper_bound":6662698.572},"point_estimate":6635586.32375,"standard_error":12243.477507512922},"median":{"confidence_interval":{"confidence_level":0.95,"lower_bound":6607937.0,"upper_bound":6610077.375},"point_estimate":6608903.5625,"standard_error":555.3723031668443},"median_abs_dev":{"confidence_interval":{"confidence_level":0.95,"lower_bound":3789.710857719183,"upper_bound":7537.723591178656},"point_estimate":5973.4879564493895,"standard_error":923.8163757318567},"slope":null,"std_dev":{"confidence_interval":{"confidence_level":0.95,"lower_bound":29141.943609494694,"upper_bound":193297.14075330432},"point_estimate":123487.8073610738,"standard_error":42387.82262259822}}