{"mean":{"confidence_interval":{"confidence_level":0.95,"lower_bound":6608357.28778125,"upper_bound":6617193.0344375},"point_estimate":6612222.06375,"standard_error":2274.8098667857785},"median":{"confidence_interval":{"confidence_level":0.95,"lower_bound":6605358.3125,"upper_bound":6608574.3125},"point_estimate":6607038.25,"standard_error":868.2102824656747},"median_abs_dev":{"confidence_interval":{"confidence_level":0.95,"lower_bound":4434.68817751855,"upper_bound":7872.585011171161},"point_estimate":5743.684960529208,"standard_error":876.3961816940991},"slope":null,"std_dev":{"confidence_interval":{"confidence_level":0.95,"lower_bound":9851.995434145978,"upper_bound":33597.79076101957},"point_estimate":22770.667815386503,"standard_error":6177.343423266016}}