{"mean":{"confidence_interval":{"confidence_level":0.95,"lower_bound":6629303.607000001,"upper_bound":6716666.62653125},"point_estimate":6659386.7475,"standard_error":27383.710271497333},"median":{"confidence_interval":{"confidence_level":0.95,"lower_bound":6625396.0,"upper_bound":6629005.8125},"point_estimate":6627037.125,"standard_error":841.696163019411},"median_abs_dev":{"confidence_interval":{"confidence_level":0.95,"lower_bound":5304.928030818701,"upper_bound":9247.439348325133},"point_estimate":7024.929325282574,"standard_error":999.0527965050087},"slope":null,"std_dev":{"confidence_interval":{"confidence_level":0.95,"lower_bound":10202.23531885934,"upper_bound":470062.18120530824},"point_estimate":274517.25669197465,"standard_error":164172.8078085982}}