{"mean":{"confidence_interval":{"confidence_level":0.95,"lower_bound":6606802.6118125,"upper_bound":6615703.807625},"point_estimate":6610776.1575,"standard_error":2300.929238966045},"median":{"confidence_interval":{"confidence_level":0.95,"lower_bound":6605033.875,"upper_bound":6607023.875},"point_estimate":6606243.0625,"standard_error":510.3857565648492},"median_abs_dev":{"confidence_interval":{"confidence_level":0.95,"lower_bound":3587.057973816991,"upper_bound":5880.362145602703},"point_estimate":4655.9198923408985,"standard_error":581.4831510842115},"slope":null,"std_dev":{"confidence_interval":{"confidence_level":0.95,"lower_bound":12067.791700384898,"upper_bound":31664.035281063054},"point_estimate":23020.15684173738,"standard_error":5439.194287062492}}