{"mean":{"confidence_interval":{"confidence_level":0.95,"lower_bound":18775301.075499997,"upper_bound":18800344.777333334},"point_estimate":18784015.263333324,"standard_error":7755.472029096945},"median":{"confidence_interval":{"confidence_level":0.95,"lower_bound":18773394.0,"upper_bound":18775644.666666668},"point_estimate":18774327.5,"standard_error":526.4901335097989},"median_abs_dev":{"confidence_interval":{"confidence_level":0.95,"lower_bound":3016.102546457158,"upper_bound":5535.2931792315},"point_estimate":4472.509920596156,"standard_error":692.3716941297631},"slope":null,"std_dev":{"confidence_interval":{"confidence_level":0.95,"lower_bound":5148.648874511314,"upper_bound":133035.20723915045},"point_estimate":77728.55069266261,"standard_error":45864.25149364769}}