{"mean":{"confidence_interval":{"confidence_level":0.95,"lower_bound":6613683.68734375,"upper_bound":6625086.74534375},"point_estimate":6618837.15125,"standard_error":2923.5682140532685},"median":{"confidence_interval":{"confidence_level":0.95,"lower_bound":6607276.0,"upper_bound":6612987.875},"point_estimate":6611647.3125,"standard_error":1476.465231097505},"median_abs_dev":{"confidence_interval":{"confidence_level":0.95,"lower_bound":5871.744533255696,"upper_bound":10885.017350502301},"point_estimate":9145.232612639666,"standard_error":1378.3934422617267},"slope":null,"std_dev":{"confidence_interval":{"confidence_level":0.95,"lower_bound":15281.74110451215,"upper_bound":40794.58972865729},"point_estimate":29436.2421139454,"standard_error":6496.160629246948}}