{"mean":{"confidence_interval":{"confidence_level":0.95,"lower_bound":14973015.741,"upper_bound":14982481.2540625},"point_estimate":14977690.795,"standard_error":2415.639078417367},"median":{"confidence_interval":{"confidence_level":0.95,"lower_bound":14973466.25,"upper_bound":14982666.375},"point_estimate":14978591.5,"standard_error":2276.459105726163},"median_abs_dev":{"confidence_interval":{"confidence_level":0.95,"lower_bound":14381.043685935452,"upper_bound":26524.454829096794},"point_estimate":19540.48232808709,"standard_error":2986.6565835169104},"slope":null,"std_dev":{"confidence_interval":{"confidence_level":0.95,"lower_bound":19394.25028898273,"upper_bound":29326.11783218567},"point_estimate":24249.86613431186,"standard_error":2583.3115913198562}}