{"mean":{"confidence_interval":{"confidence_level":0.95,"lower_bound":17936658.952166673,"upper_bound":18008744.93891667},"point_estimate":17966985.78000001,"standard_error":18733.097877781063},"median":{"confidence_interval":{"confidence_level":0.95,"lower_bound":17947658.666666668,"upper_bound":17964793.333333336},"point_estimate":17957742.666666664,"standard_error":5228.884756581898},"median_abs_dev":{"confidence_interval":{"confidence_level":0.95,"lower_bound":19891.549646859003,"upper_bound":36946.391344070435},"point_estimate":27183.223417399473,"standard_error":4778.026682978312},"slope":null,"std_dev":{"confidence_interval":{"confidence_level":0.95,"lower_bound":44322.697860788045,"upper_bound":290547.6170398491},"point_estimate":189043.5155838142,"standard_error":66259.06209425947}}