{"mean":{"confidence_interval":{"confidence_level":0.95,"lower_bound":6608510.851718751,"upper_bound":6624355.15678125},"point_estimate":6615020.8825,"standard_error":4141.0278742152095},"median":{"confidence_interval":{"confidence_level":0.95,"lower_bound":6605289.625,"upper_bound":6609228.25},"point_estimate":6606562.0,"standard_error":950.7536855332695},"median_abs_dev":{"confidence_interval":{"confidence_level":0.95,"lower_bound":4881.275088340044,"upper_bound":8178.85541729629},"point_estimate":5798.541159555316,"standard_error":839.2596079873722},"slope":null,"std_dev":{"confidence_interval":{"confidence_level":0.95,"lower_bound":10305.401633776053,"upper_bound":66420.23331406376},"point_estimate":41478.98419377097,"standard_error":15880.719045885402}}