{"mean":{"confidence_interval":{"confidence_level":0.95,"lower_bound":17987985.22783333,"upper_bound":17997503.611750003},"point_estimate":17992916.250000007,"standard_error":2424.122880242763},"median":{"confidence_interval":{"confidence_level":0.95,"lower_bound":17991957.333333332,"upper_bound":18000108.0},"point_estimate":17997391.166666664,"standard_error":2558.27682636105},"median_abs_dev":{"confidence_interval":{"confidence_level":0.95,"lower_bound":13640.16685783771,"upper_bound":23329.451885819435},"point_estimate":19251.560658222,"standard_error":2494.538830051003},"slope":null,"std_dev":{"confidence_interval":{"confidence_level":0.95,"lower_bound":18362.771589013333,"upper_bound":30553.098880558897},"point_estimate":24433.91520758009,"standard_error":3162.058475450171}}