{"mean":{"confidence_interval":{"confidence_level":0.95,"lower_bound":30907425.52025,"upper_bound":31707740.257999998},"point_estimate":31314823.31,"standard_error":204667.09358484767},"median":{"confidence_interval":{"confidence_level":0.95,"lower_bound":31073960.5,"upper_bound":32080544.5},"point_estimate":31666558.5,"standard_error":296115.81605906255},"median_abs_dev":{"confidence_interval":{"confidence_level":0.95,"lower_bound":1692208.8460072875,"upper_bound":2616842.97577925},"point_estimate":2174031.2278032303,"standard_error":247706.79160178},"slope":null,"std_dev":{"confidence_interval":{"confidence_level":0.95,"lower_bound":1735182.170846174,"upper_bound":2337447.570737604},"point_estimate":2057054.4186003248,"standard_error":153716.69655929174}}