{"mean":{"confidence_interval":{"confidence_level":0.95,"lower_bound":30281255.765,"upper_bound":30992398.213875},"point_estimate":30647509.12,"standard_error":182234.14260924794},"median":{"confidence_interval":{"confidence_level":0.95,"lower_bound":30407225.0,"upper_bound":31365726.5},"point_estimate":30846424.5,"standard_error":243083.30879110028},"median_abs_dev":{"confidence_interval":{"confidence_level":0.95,"lower_bound":1423293.398713991,"upper_bound":2088123.4549283981},"point_estimate":1866150.0694692135,"standard_error":161170.83230860092},"slope":null,"std_dev":{"confidence_interval":{"confidence_level":0.95,"lower_bound":1488492.7465028632,"upper_bound":2127267.395268262},"point_estimate":1828649.4981094478,"standard_error":164098.2995013639}}