{"mean":{"confidence_interval":{"confidence_level":0.95,"lower_bound":30936268.209625,"upper_bound":31622393.035},"point_estimate":31286008.235,"standard_error":175379.140432429},"median":{"confidence_interval":{"confidence_level":0.95,"lower_bound":31145383.0,"upper_bound":32012363.0},"point_estimate":31604487.25,"standard_error":218673.0819079485},"median_abs_dev":{"confidence_interval":{"confidence_level":0.95,"lower_bound":1336917.4763649702,"upper_bound":2106188.9356076717},"point_estimate":1742647.63841182,"standard_error":181600.17220522082},"slope":null,"std_dev":{"confidence_interval":{"confidence_level":0.95,"lower_bound":1465494.478974694,"upper_bound":2016823.1599875856},"point_estimate":1756641.9647237598,"standard_error":141057.52107743587}}