{"mean":{"confidence_interval":{"confidence_level":0.95,"lower_bound":6509.9402386987485,"upper_bound":6562.588839387849},"point_estimate":6532.599358817171,"standard_error":13.584728591146279},"median":{"confidence_interval":{"confidence_level":0.95,"lower_bound":6493.055555555556,"upper_bound":6527.150617283951},"point_estimate":6509.100658303316,"standard_error":10.411625840974212},"median_abs_dev":{"confidence_interval":{"confidence_level":0.95,"lower_bound":42.64228717945556,"upper_bound":63.387558163802716},"point_estimate":51.712598474413404,"standard_error":5.131411081543907},"slope":{"confidence_interval":{"confidence_level":0.95,"lower_bound":6523.2764219775045,"upper_bound":6580.302984980303},"point_estimate":6546.750836116447,"standard_error":14.898065924940061},"std_dev":{"confidence_interval":{"confidence_level":0.95,"lower_bound":46.6464328910719,"upper_bound":204.46001411567093},"point_estimate":136.16976073974507,"standard_error":40.96539698528195}}