{"mean":{"confidence_interval":{"confidence_level":0.95,"lower_bound":6650.180712148645,"upper_bound":6692.859469818425},"point_estimate":6668.088679683543,"standard_error":10.979946168509993},"median":{"confidence_interval":{"confidence_level":0.95,"lower_bound":6644.4772405372405,"upper_bound":6670.421383647798},"point_estimate":6656.22349726776,"standard_error":7.650997268832017},"median_abs_dev":{"confidence_interval":{"confidence_level":0.95,"lower_bound":42.790448251811654,"upper_bound":73.73586360941493},"point_estimate":60.293464851145536,"standard_error":7.917850806273046},"slope":{"confidence_interval":{"confidence_level":0.95,"lower_bound":6629.803753798976,"upper_bound":6652.759158096429},"point_estimate":6640.656660854145,"standard_error":5.8412551799969235},"std_dev":{"confidence_interval":{"confidence_level":0.95,"lower_bound":50.12648306649388,"upper_bound":173.280695285512},"point_estimate":110.3041911089371,"standard_error":39.87328462992437}}