{"mean":{"confidence_interval":{"confidence_level":0.95,"lower_bound":6600.042959204575,"upper_bound":6624.015953273365},"point_estimate":6612.018483870408,"standard_error":6.11627775199548},"median":{"confidence_interval":{"confidence_level":0.95,"lower_bound":6600.058479532164,"upper_bound":6623.359013605443},"point_estimate":6609.980158730159,"standard_error":6.531300159652416},"median_abs_dev":{"confidence_interval":{"confidence_level":0.95,"lower_bound":36.7377065493663,"upper_bound":64.16764215027032},"point_estimate":49.5124589850831,"standard_error":7.133739363481801},"slope":{"confidence_interval":{"confidence_level":0.95,"lower_bound":6585.587556214016,"upper_bound":6619.993789457801},"point_estimate":6602.534517117383,"standard_error":8.775377355919252},"std_dev":{"confidence_interval":{"confidence_level":0.95,"lower_bound":52.00183172262995,"upper_bound":70.63591038525992},"point_estimate":61.85202063983955,"standard_error":4.762553140733064}}