{"mean":{"confidence_interval":{"confidence_level":0.95,"lower_bound":8931.021448916477,"upper_bound":8996.080926790166},"point_estimate":8957.102296580393,"standard_error":17.133049099928293},"median":{"confidence_interval":{"confidence_level":0.95,"lower_bound":8933.408869082406,"upper_bound":8960.137878787878},"point_estimate":8944.259215686274,"standard_error":7.328122627558862},"median_abs_dev":{"confidence_interval":{"confidence_level":0.95,"lower_bound":40.11519316712355,"upper_bound":67.93293671061646},"point_estimate":55.92478910668249,"standard_error":6.90820742270852},"slope":{"confidence_interval":{"confidence_level":0.95,"lower_bound":8941.895026340399,"upper_bound":8963.936820547795},"point_estimate":8953.043447022314,"standard_error":5.608946892899173},"std_dev":{"confidence_interval":{"confidence_level":0.95,"lower_bound":55.32039751473087,"upper_bound":284.7841811348443},"point_estimate":173.19282647595708,"standard_error":75.64667414040129}}