{"mean":{"confidence_interval":{"confidence_level":0.95,"lower_bound":4087.954115368185,"upper_bound":4113.616101603891},"point_estimate":4100.628292385221,"standard_error":6.532084383401274},"median":{"confidence_interval":{"confidence_level":0.95,"lower_bound":4086.714285714286,"upper_bound":4112.989795918367},"point_estimate":4097.870855335141,"standard_error":6.808218802344751},"median_abs_dev":{"confidence_interval":{"confidence_level":0.95,"lower_bound":40.04871738814532,"upper_bound":67.95393795986153},"point_estimate":52.74440971207575,"standard_error":7.069080650564899},"slope":{"confidence_interval":{"confidence_level":0.95,"lower_bound":4053.2124171118658,"upper_bound":4078.826855003871},"point_estimate":4065.6467789060357,"standard_error":6.5447511163447},"std_dev":{"confidence_interval":{"confidence_level":0.95,"lower_bound":53.70780308564574,"upper_bound":76.94713102471019},"point_estimate":65.57937796063014,"standard_error":5.9585778963922245}}