{"mean":{"confidence_interval":{"confidence_level":0.95,"lower_bound":4045.282330422136,"upper_bound":4068.737607992314},"point_estimate":4056.62038223349,"standard_error":5.9466706792806},"median":{"confidence_interval":{"confidence_level":0.95,"lower_bound":4041.116724738676,"upper_bound":4072.6059588632747},"point_estimate":4058.547193877551,"standard_error":7.071378695903545},"median_abs_dev":{"confidence_interval":{"confidence_level":0.95,"lower_bound":42.07285537953961,"upper_bound":68.33690203353017},"point_estimate":56.382482749010876,"standard_error":6.867700147377469},"slope":{"confidence_interval":{"confidence_level":0.95,"lower_bound":4016.5203465078625,"upper_bound":4039.6382089908666},"point_estimate":4027.560927188668,"standard_error":5.907282154033748},"std_dev":{"confidence_interval":{"confidence_level":0.95,"lower_bound":47.27288185939001,"upper_bound":74.1420406222828},"point_estimate":60.24638035969601,"standard_error":7.0491634045906615}}