{"mean":{"confidence_interval":{"confidence_level":0.95,"lower_bound":6632.104924014691,"upper_bound":6796.037588509145},"point_estimate":6699.341178929608,"standard_error":43.410271210201216},"median":{"confidence_interval":{"confidence_level":0.95,"lower_bound":6627.408333333334,"upper_bound":6650.052191894127},"point_estimate":6635.449992615566,"standard_error":6.220766639254011},"median_abs_dev":{"confidence_interval":{"confidence_level":0.95,"lower_bound":40.08825033034595,"upper_bound":64.60908761649871},"point_estimate":54.841933085634565,"standard_error":6.250426233287992},"slope":{"confidence_interval":{"confidence_level":0.95,"lower_bound":6606.500399887652,"upper_bound":6865.173611756152},"point_estimate":6707.504304418501,"standard_error":69.09682475630692},"std_dev":{"confidence_interval":{"confidence_level":0.95,"lower_bound":68.4503080454111,"upper_bound":697.2849063415613},"point_estimate":434.437373417378,"standard_error":171.10131933379552}}