{"mean":{"confidence_interval":{"confidence_level":0.95,"lower_bound":5372.708273607633,"upper_bound":5379.486609319589},"point_estimate":5375.613186897526,"standard_error":1.7525206864603744},"median":{"confidence_interval":{"confidence_level":0.95,"lower_bound":5372.29476861167,"upper_bound":5376.938293650794},"point_estimate":5373.672506738545,"standard_error":1.3504659507161976},"median_abs_dev":{"confidence_interval":{"confidence_level":0.95,"lower_bound":9.12063116674816,"upper_bound":13.650496250002348},"point_estimate":11.380970944192661,"standard_error":1.1911000949798265},"slope":{"confidence_interval":{"confidence_level":0.95,"lower_bound":5375.637048133514,"upper_bound":5379.6386890821195},"point_estimate":5377.711936709662,"standard_error":1.019074422034361},"std_dev":{"confidence_interval":{"confidence_level":0.95,"lower_bound":8.820618036586266,"upper_bound":27.22223699675264},"point_estimate":17.56270748826158,"standard_error":6.0094589575027415}}