{"mean":{"confidence_interval":{"confidence_level":0.95,"lower_bound":6658.451286118741,"upper_bound":6692.980595480787},"point_estimate":6673.414180111881,"standard_error":8.868774399134804},"median":{"confidence_interval":{"confidence_level":0.95,"lower_bound":6655.40783860647,"upper_bound":6682.193710691824},"point_estimate":6671.7875853825135,"standard_error":6.187925252540279},"median_abs_dev":{"confidence_interval":{"confidence_level":0.95,"lower_bound":42.54929549459943,"upper_bound":64.02329018280359},"point_estimate":52.166710652803154,"standard_error":5.61370679884093},"slope":{"confidence_interval":{"confidence_level":0.95,"lower_bound":6629.586055712196,"upper_bound":6666.970102618745},"point_estimate":6645.899220925077,"standard_error":9.532508702851807},"std_dev":{"confidence_interval":{"confidence_level":0.95,"lower_bound":45.15881003107278,"upper_bound":136.4542850477826},"point_estimate":89.1795033767582,"standard_error":28.266517460278557}}