{"mean":{"confidence_interval":{"confidence_level":0.95,"lower_bound":6610.144006939036,"upper_bound":6634.640509564658},"point_estimate":6622.123591739411,"standard_error":6.2186411972781075},"median":{"confidence_interval":{"confidence_level":0.95,"lower_bound":6616.279279279279,"upper_bound":6640.70422979798},"point_estimate":6629.590789473685,"standard_error":7.442253187677021},"median_abs_dev":{"confidence_interval":{"confidence_level":0.95,"lower_bound":39.33240813557938,"upper_bound":70.07864890291349},"point_estimate":54.17514808732087,"standard_error":7.76704557951924},"slope":{"confidence_interval":{"confidence_level":0.95,"lower_bound":6587.616597904396,"upper_bound":6617.0679707342415},"point_estimate":6601.873810157135,"standard_error":7.496329503985163},"std_dev":{"confidence_interval":{"confidence_level":0.95,"lower_bound":49.71322614353359,"upper_bound":76.3678855742692},"point_estimate":62.58010307816294,"standard_error":6.9247497580845305}}