{"mean":{"confidence_interval":{"confidence_level":0.95,"lower_bound":4005.728346720011,"upper_bound":4032.2339746354037},"point_estimate":4018.3585361234104,"standard_error":6.746534200161425},"median":{"confidence_interval":{"confidence_level":0.95,"lower_bound":3988.479094076655,"upper_bound":4025.234693877551},"point_estimate":4008.8933901918977,"standard_error":9.398925792254913},"median_abs_dev":{"confidence_interval":{"confidence_level":0.95,"lower_bound":44.082380117937426,"upper_bound":66.67989779578686},"point_estimate":55.55801110702735,"standard_error":5.5934810548544345},"slope":{"confidence_interval":{"confidence_level":0.95,"lower_bound":3987.421697864182,"upper_bound":4011.1443791303077},"point_estimate":3998.485441322384,"standard_error":6.027575442078682},"std_dev":{"confidence_interval":{"confidence_level":0.95,"lower_bound":49.500755391809456,"upper_bound":87.08294692278633},"point_estimate":67.80070455876958,"standard_error":9.789534049812984}}