{"mean":{"confidence_interval":{"confidence_level":0.95,"lower_bound":4103.019136730611,"upper_bound":4164.929621279531},"point_estimate":4131.37817223075,"standard_error":15.84181760767516},"median":{"confidence_interval":{"confidence_level":0.95,"lower_bound":4105.771103896104,"upper_bound":4132.726785714285},"point_estimate":4121.865681444991,"standard_error":7.283524095155633},"median_abs_dev":{"confidence_interval":{"confidence_level":0.95,"lower_bound":54.13414266415335,"upper_bound":87.59986621832292},"point_estimate":73.77831743926886,"standard_error":8.463259480651583},"slope":{"confidence_interval":{"confidence_level":0.95,"lower_bound":4052.0748093307175,"upper_bound":4097.497250092365},"point_estimate":4072.7508674449537,"standard_error":11.538210396807855},"std_dev":{"confidence_interval":{"confidence_level":0.95,"lower_bound":89.25905944116958,"upper_bound":224.93296653759066},"point_estimate":159.44665657173167,"standard_error":35.559531526182326}}