{"mean":{"confidence_interval":{"confidence_level":0.95,"lower_bound":6499.9750004350535,"upper_bound":6536.7470077725775},"point_estimate":6517.705415384878,"standard_error":9.377694534636314},"median":{"confidence_interval":{"confidence_level":0.95,"lower_bound":6482.13669255581,"upper_bound":6511.216806722689},"point_estimate":6497.724920117162,"standard_error":7.4890849621828055},"median_abs_dev":{"confidence_interval":{"confidence_level":0.95,"lower_bound":45.44474813880524,"upper_bound":81.96261030383481},"point_estimate":65.31752957275287,"standard_error":9.280480239338342},"slope":{"confidence_interval":{"confidence_level":0.95,"lower_bound":6494.247684704029,"upper_bound":6541.440125332452},"point_estimate":6516.557100213219,"standard_error":12.057422124053097},"std_dev":{"confidence_interval":{"confidence_level":0.95,"lower_bound":71.59024984814407,"upper_bound":115.31172374179197},"point_estimate":93.758028619438,"standard_error":11.242842225726013}}