{"mean":{"confidence_interval":{"confidence_level":0.95,"lower_bound":4007.278393411207,"upper_bound":4024.555013299779},"point_estimate":4016.0323977408866,"standard_error":4.409754381331148},"median":{"confidence_interval":{"confidence_level":0.95,"lower_bound":4006.0,"upper_bound":4025.9687924016284},"point_estimate":4017.288367546432,"standard_error":5.2561027763571495},"median_abs_dev":{"confidence_interval":{"confidence_level":0.95,"lower_bound":26.037713764385,"upper_bound":40.90408693020691},"point_estimate":33.6040052098607,"standard_error":3.7199001801619422},"slope":{"confidence_interval":{"confidence_level":0.95,"lower_bound":3992.671506862427,"upper_bound":4027.5124422181434},"point_estimate":4009.9354001370284,"standard_error":8.879752133430234},"std_dev":{"confidence_interval":{"confidence_level":0.95,"lower_bound":36.18892907026445,"upper_bound":51.63370123691686},"point_estimate":44.34743788639778,"standard_error":3.9409945846637355}}