{"mean":{"confidence_interval":{"confidence_level":0.95,"lower_bound":24521.039069908737,"upper_bound":25343.20989264114},"point_estimate":24912.15930585074,"standard_error":210.76267314054206},"median":{"confidence_interval":{"confidence_level":0.95,"lower_bound":24011.216478404705,"upper_bound":24654.70062937063},"point_estimate":24407.743058350097,"standard_error":173.27849146472695},"median_abs_dev":{"confidence_interval":{"confidence_level":0.95,"lower_bound":988.3885371803578,"upper_bound":1789.3488568981472},"point_estimate":1476.0440268222178,"standard_error":214.87000644912422},"slope":{"confidence_interval":{"confidence_level":0.95,"lower_bound":24264.245897514647,"upper_bound":24937.567782218615},"point_estimate":24576.472554455446,"standard_error":171.7134261021546},"std_dev":{"confidence_interval":{"confidence_level":0.95,"lower_bound":1520.7858939058326,"upper_bound":2655.666438050554},"point_estimate":2123.3279943297453,"standard_error":290.96578745633997}}