{"mean":{"confidence_interval":{"confidence_level":0.95,"lower_bound":4044.6595556076722,"upper_bound":4079.5346238814977},"point_estimate":4061.3006302639346,"standard_error":8.86212590675581},"median":{"confidence_interval":{"confidence_level":0.95,"lower_bound":4040.7493506493506,"upper_bound":4070.4955063439847},"point_estimate":4056.253886554622,"standard_error":6.979709445191839},"median_abs_dev":{"confidence_interval":{"confidence_level":0.95,"lower_bound":50.081464378733216,"upper_bound":74.11438970069437},"point_estimate":62.27268192665097,"standard_error":6.019882433228912},"slope":{"confidence_interval":{"confidence_level":0.95,"lower_bound":4008.8186528519686,"upper_bound":4051.5829412443377},"point_estimate":4028.221510692647,"standard_error":10.940077096866396},"std_dev":{"confidence_interval":{"confidence_level":0.95,"lower_bound":62.55445531718225,"upper_bound":113.39713452440913},"point_estimate":89.06016605465243,"standard_error":13.049114869354787}}