{"mean":{"confidence_interval":{"confidence_level":0.95,"lower_bound":4016.4676581057474,"upper_bound":4044.3856097058206},"point_estimate":4030.002661759693,"standard_error":7.0951063588691055},"median":{"confidence_interval":{"confidence_level":0.95,"lower_bound":4000.4843253066797,"upper_bound":4031.109176107885},"point_estimate":4013.6744157848325,"standard_error":8.17950222836822},"median_abs_dev":{"confidence_interval":{"confidence_level":0.95,"lower_bound":39.42460434021621,"upper_bound":68.44959222739975},"point_estimate":55.162572325016654,"standard_error":7.170641697421084},"slope":{"confidence_interval":{"confidence_level":0.95,"lower_bound":3996.004154490424,"upper_bound":4025.5673517801856},"point_estimate":4010.196173868986,"standard_error":7.579476005974821},"std_dev":{"confidence_interval":{"confidence_level":0.95,"lower_bound":56.29565335592491,"upper_bound":83.78963617209553},"point_estimate":70.9395865377793,"standard_error":7.033935697702956}}