{"mean":{"confidence_interval":{"confidence_level":0.95,"lower_bound":4056.973303413916,"upper_bound":4081.8859339065452},"point_estimate":4068.7927534027417,"standard_error":6.36304102970534},"median":{"confidence_interval":{"confidence_level":0.95,"lower_bound":4049.286031042129,"upper_bound":4075.07949292618},"point_estimate":4062.1417179311916,"standard_error":6.146546137773772},"median_abs_dev":{"confidence_interval":{"confidence_level":0.95,"lower_bound":32.767375896330186,"upper_bound":55.85388282010706},"point_estimate":41.058605769671644,"standard_error":6.101606559099104},"slope":{"confidence_interval":{"confidence_level":0.95,"lower_bound":4062.9336382956744,"upper_bound":4097.38535413969},"point_estimate":4078.4143576447195,"standard_error":8.827311463191036},"std_dev":{"confidence_interval":{"confidence_level":0.95,"lower_bound":45.69011765849021,"upper_bound":81.06603460039247},"point_estimate":63.99140173872701,"standard_error":9.038324806153067}}