{"mean":{"confidence_interval":{"confidence_level":0.95,"lower_bound":6393.586628419283,"upper_bound":6419.081961523714},"point_estimate":6405.545640715916,"standard_error":6.518749886446821},"median":{"confidence_interval":{"confidence_level":0.95,"lower_bound":6382.599326599327,"upper_bound":6406.742387549113},"point_estimate":6393.956000840222,"standard_error":5.785817766461284},"median_abs_dev":{"confidence_interval":{"confidence_level":0.95,"lower_bound":34.02368813113689,"upper_bound":52.054591313315356},"point_estimate":42.00303757810275,"standard_error":4.716897025609944},"slope":{"confidence_interval":{"confidence_level":0.95,"lower_bound":6399.616832191981,"upper_bound":6423.229395841069},"point_estimate":6410.81397315851,"standard_error":6.030008335652214},"std_dev":{"confidence_interval":{"confidence_level":0.95,"lower_bound":45.670653556793596,"upper_bound":82.42681008575421},"point_estimate":65.46160288040466,"standard_error":9.428237188246463}}