{"mean":{"confidence_interval":{"confidence_level":0.95,"lower_bound":3999.698059205147,"upper_bound":4029.6157196774034},"point_estimate":4013.208603130164,"standard_error":7.657281893143131},"median":{"confidence_interval":{"confidence_level":0.95,"lower_bound":3982.705266955267,"upper_bound":4009.127551020408},"point_estimate":3999.7823545655374,"standard_error":8.365098811792826},"median_abs_dev":{"confidence_interval":{"confidence_level":0.95,"lower_bound":37.11455671546868,"upper_bound":63.66597500888513},"point_estimate":52.33351785055011,"standard_error":6.971543943932367},"slope":{"confidence_interval":{"confidence_level":0.95,"lower_bound":3982.993568696899,"upper_bound":4038.6283585236056},"point_estimate":4003.7938822858832,"standard_error":15.048639838486476},"std_dev":{"confidence_interval":{"confidence_level":0.95,"lower_bound":45.432014185477044,"upper_bound":112.10193144392039},"point_estimate":77.26765098887572,"standard_error":19.77482703839147}}