{"mean":{"confidence_interval":{"confidence_level":0.95,"lower_bound":9535.759218969533,"upper_bound":9807.317740032284},"point_estimate":9655.454399427217,"standard_error":69.54430983284794},"median":{"confidence_interval":{"confidence_level":0.95,"lower_bound":9455.734011627907,"upper_bound":9558.754419975186},"point_estimate":9507.647370388833,"standard_error":26.798512795042022},"median_abs_dev":{"confidence_interval":{"confidence_level":0.95,"lower_bound":199.72301242194993,"upper_bound":350.1468295840386},"point_estimate":274.22866807264444,"standard_error":37.98229189613779},"slope":{"confidence_interval":{"confidence_level":0.95,"lower_bound":9571.095411970306,"upper_bound":9832.841139361508},"point_estimate":9696.766587483375,"standard_error":66.6692862663347},"std_dev":{"confidence_interval":{"confidence_level":0.95,"lower_bound":364.5289298456452,"upper_bound":1040.0635339735827},"point_estimate":697.2366311819504,"standard_error":199.17466740210614}}