{"mean":{"confidence_interval":{"confidence_level":0.95,"lower_bound":4008.2124908909277,"upper_bound":4020.303593230819},"point_estimate":4014.147815741675,"standard_error":3.0881479335722375},"median":{"confidence_interval":{"confidence_level":0.95,"lower_bound":4001.2561983471073,"upper_bound":4017.710966306421},"point_estimate":4013.444294469575,"standard_error":4.201726497548039},"median_abs_dev":{"confidence_interval":{"confidence_level":0.95,"lower_bound":22.63211323456329,"upper_bound":36.6709658654184},"point_estimate":31.50929289514368,"standard_error":3.5152094194680745},"slope":{"confidence_interval":{"confidence_level":0.95,"lower_bound":4007.570232040806,"upper_bound":4027.414309503556},"point_estimate":4017.135321681422,"standard_error":5.053961493350218},"std_dev":{"confidence_interval":{"confidence_level":0.95,"lower_bound":25.583126743437408,"upper_bound":36.23069126306713},"point_estimate":31.12691952672831,"standard_error":2.731321839734384}}