{"mean":{"confidence_interval":{"confidence_level":0.95,"lower_bound":4002.4303088038114,"upper_bound":4029.861057813218},"point_estimate":4015.9055876048906,"standard_error":6.9909417399696485},"median":{"confidence_interval":{"confidence_level":0.95,"lower_bound":4001.0353535353534,"upper_bound":4025.6408345752607},"point_estimate":4013.7773955773955,"standard_error":5.6607703942074945},"median_abs_dev":{"confidence_interval":{"confidence_level":0.95,"lower_bound":33.09358759143728,"upper_bound":62.76259584215085},"point_estimate":40.857277190214774,"standard_error":7.675628848004467},"slope":{"confidence_interval":{"confidence_level":0.95,"lower_bound":3967.5724185895297,"upper_bound":3999.7420507820448},"point_estimate":3984.033630586939,"standard_error":8.213949536666709},"std_dev":{"confidence_interval":{"confidence_level":0.95,"lower_bound":52.713515517804886,"upper_bound":86.76534411611836},"point_estimate":70.39631450050692,"standard_error":8.675662968434274}}