{"mean":{"confidence_interval":{"confidence_level":0.95,"lower_bound":4051.2133002214587,"upper_bound":4070.976509082567},"point_estimate":4060.8219238135393,"standard_error":5.027064700142197},"median":{"confidence_interval":{"confidence_level":0.95,"lower_bound":4045.620991253644,"upper_bound":4066.714285714286},"point_estimate":4057.2402597402597,"standard_error":5.504250422254067},"median_abs_dev":{"confidence_interval":{"confidence_level":0.95,"lower_bound":36.450821882989125,"upper_bound":57.97585524731861},"point_estimate":48.00723390294611,"standard_error":5.431482986067407},"slope":{"confidence_interval":{"confidence_level":0.95,"lower_bound":4037.978114727216,"upper_bound":4060.5753890226365},"point_estimate":4048.6117836559774,"standard_error":5.785671936976633},"std_dev":{"confidence_interval":{"confidence_level":0.95,"lower_bound":40.78105304839777,"upper_bound":59.89705016308175},"point_estimate":50.67088803268193,"standard_error":4.86994990742512}}