{"mean":{"confidence_interval":{"confidence_level":0.95,"lower_bound":6958.238747782328,"upper_bound":7214.424888502272},"point_estimate":7081.465659837212,"standard_error":65.2918384533253},"median":{"confidence_interval":{"confidence_level":0.95,"lower_bound":6840.413101604278,"upper_bound":7111.893595041322},"point_estimate":6968.746061912226,"standard_error":65.16694257879018},"median_abs_dev":{"confidence_interval":{"confidence_level":0.95,"lower_bound":362.2003451268328,"upper_bound":633.4758555984755},"point_estimate":474.6544647718525,"standard_error":69.64808933636478},"slope":{"confidence_interval":{"confidence_level":0.95,"lower_bound":7020.4429208884485,"upper_bound":7263.929038230587},"point_estimate":7136.697961228959,"standard_error":61.854684611881275},"std_dev":{"confidence_interval":{"confidence_level":0.95,"lower_bound":514.210308077901,"upper_bound":802.7345528925405},"point_estimate":655.184808078583,"standard_error":75.11670173549378}}