{"mean":{"confidence_interval":{"confidence_level":0.95,"lower_bound":3317938.6353666657,"upper_bound":3353739.8471166664},"point_estimate":3335508.4486666666,"standard_error":9127.421077445564},"median":{"confidence_interval":{"confidence_level":0.95,"lower_bound":3300882.0,"upper_bound":3340888.7666666666},"point_estimate":3327855.4,"standard_error":7746.118016889819},"median_abs_dev":{"confidence_interval":{"confidence_level":0.95,"lower_bound":61838.700046643644,"upper_bound":98425.16677260335},"point_estimate":76487.57974207378,"standard_error":9182.695912909832},"slope":null,"std_dev":{"confidence_interval":{"confidence_level":0.95,"lower_bound":74214.45084880255,"upper_bound":108059.16904772521},"point_estimate":91681.07801385332,"standard_error":8634.666710371746}}