{"mean":{"confidence_interval":{"confidence_level":0.95,"lower_bound":2777587.612680556,"upper_bound":2778423.0111944447},"point_estimate":2777989.1177777783,"standard_error":214.47155013677576},"median":{"confidence_interval":{"confidence_level":0.95,"lower_bound":2777349.777777778,"upper_bound":2778182.6666666665},"point_estimate":2777866.388888889,"standard_error":241.02759126117408},"median_abs_dev":{"confidence_interval":{"confidence_level":0.95,"lower_bound":1330.509926378842,"upper_bound":2067.0800074690196},"point_estimate":1725.581636031277,"standard_error":190.29705459968554},"slope":null,"std_dev":{"confidence_interval":{"confidence_level":0.95,"lower_bound":1582.0737691564411,"upper_bound":2788.182786963504},"point_estimate":2155.996250397851,"standard_error":321.0389830515067}}