{"mean":{"confidence_interval":{"confidence_level":0.95,"lower_bound":1889584.3031129078,"upper_bound":1893292.0765021916},"point_estimate":1891259.798309922,"standard_error":951.232550684953},"median":{"confidence_interval":{"confidence_level":0.95,"lower_bound":1888401.1500978475,"upper_bound":1889568.0897435897},"point_estimate":1888846.1,"standard_error":317.42475398895533},"median_abs_dev":{"confidence_interval":{"confidence_level":0.95,"lower_bound":1936.2540536497102,"upper_bound":3192.9120971606417},"point_estimate":2421.367437271749,"standard_error":317.08161166353847},"slope":{"confidence_interval":{"confidence_level":0.95,"lower_bound":1889607.6151243285,"upper_bound":1891646.3735913709},"point_estimate":1890519.574121472,"standard_error":520.7864122233754},"std_dev":{"confidence_interval":{"confidence_level":0.95,"lower_bound":5048.55744037732,"upper_bound":13223.177727102457},"point_estimate":9564.077989254669,"standard_error":2087.241557072999}}