{"mean":{"confidence_interval":{"confidence_level":0.95,"lower_bound":1847704.637489953,"upper_bound":1852206.880318727},"point_estimate":1849681.5135280131,"standard_error":1162.587682134835},"median":{"confidence_interval":{"confidence_level":0.95,"lower_bound":1847243.3606557378,"upper_bound":1848451.8484848484},"point_estimate":1847871.4117436446,"standard_error":286.9297758307393},"median_abs_dev":{"confidence_interval":{"confidence_level":0.95,"lower_bound":2219.4694204170733,"upper_bound":3644.3658711241264},"point_estimate":2937.4514699189353,"standard_error":367.8389209902082},"slope":{"confidence_interval":{"confidence_level":0.95,"lower_bound":1848387.7254508864,"upper_bound":1850111.743869858},"point_estimate":1849204.363892419,"standard_error":439.9212565875302},"std_dev":{"confidence_interval":{"confidence_level":0.95,"lower_bound":4298.610182973348,"upper_bound":17483.836056581535},"point_estimate":11722.732711035955,"standard_error":3444.7640220406956}}