{"mean":{"confidence_interval":{"confidence_level":0.95,"lower_bound":2594600.926000001,"upper_bound":2595735.325225},"point_estimate":2595133.880999999,"standard_error":289.6248895470176},"median":{"confidence_interval":{"confidence_level":0.95,"lower_bound":2593989.6,"upper_bound":2594862.1},"point_estimate":2594392.075,"standard_error":245.55322782965837},"median_abs_dev":{"confidence_interval":{"confidence_level":0.95,"lower_bound":1204.6495436134026,"upper_bound":1871.8195317687675},"point_estimate":1571.5930370985081,"standard_error":166.3406755387243},"slope":null,"std_dev":{"confidence_interval":{"confidence_level":0.95,"lower_bound":1997.1340467444463,"upper_bound":3690.7656366955343},"point_estimate":2903.9231021970813,"standard_error":433.8174697858764}}