{"mean":{"confidence_interval":{"confidence_level":0.95,"lower_bound":1851987.301535065,"upper_bound":1856172.3978996403},"point_estimate":1853622.200265946,"standard_error":1109.551873966532},"median":{"confidence_interval":{"confidence_level":0.95,"lower_bound":1850846.645273632,"upper_bound":1852194.6833333333},"point_estimate":1851470.7753205127,"standard_error":348.5992867881791},"median_abs_dev":{"confidence_interval":{"confidence_level":0.95,"lower_bound":1953.087133390441,"upper_bound":3410.844287809374},"point_estimate":2680.537957161891,"standard_error":365.4245533665955},"slope":{"confidence_interval":{"confidence_level":0.95,"lower_bound":1851353.834480451,"upper_bound":1853590.6722080144},"point_estimate":1852321.3994739174,"standard_error":576.5217623259282},"std_dev":{"confidence_interval":{"confidence_level":0.95,"lower_bound":3377.877353026652,"upper_bound":18264.988248358994},"point_estimate":11129.627360354994,"standard_error":4934.190515007922}}