{"mean":{"confidence_interval":{"confidence_level":0.95,"lower_bound":1899043.892394242,"upper_bound":1902525.9645215175},"point_estimate":1900467.9882023863,"standard_error":905.3687596965101},"median":{"confidence_interval":{"confidence_level":0.95,"lower_bound":1898435.0,"upper_bound":1899245.0945945946},"point_estimate":1898799.822222222,"standard_error":205.1818700745321},"median_abs_dev":{"confidence_interval":{"confidence_level":0.95,"lower_bound":1289.5136076858296,"upper_bound":2311.731750184175},"point_estimate":1790.0692156880941,"standard_error":244.87227104844328},"slope":{"confidence_interval":{"confidence_level":0.95,"lower_bound":1899057.2229591175,"upper_bound":1901145.7553981824},"point_estimate":1900009.3689581794,"standard_error":534.012173039388},"std_dev":{"confidence_interval":{"confidence_level":0.95,"lower_bound":3282.3755873872046,"upper_bound":14486.868835850615},"point_estimate":9069.798195092973,"standard_error":3495.545799070888}}