{"mean":{"confidence_interval":{"confidence_level":0.95,"lower_bound":2535548.674462502,"upper_bound":2536397.7726625022},"point_estimate":2535941.0270000026,"standard_error":216.1639376736401},"median":{"confidence_interval":{"confidence_level":0.95,"lower_bound":2535295.05,"upper_bound":2535972.55},"point_estimate":2535600.05,"standard_error":160.25241644488128},"median_abs_dev":{"confidence_interval":{"confidence_level":0.95,"lower_bound":1049.0136113760093,"upper_bound":1738.3855341373494},"point_estimate":1297.3120419679692,"standard_error":173.41970373778136},"slope":null,"std_dev":{"confidence_interval":{"confidence_level":0.95,"lower_bound":1422.8031966918238,"upper_bound":3004.0992442091992},"point_estimate":2167.5827973819196,"standard_error":446.43795164309637}}