{"mean":{"confidence_interval":{"confidence_level":0.95,"lower_bound":5329074.617275005,"upper_bound":5330656.338450005},"point_estimate":5329815.036000005,"standard_error":402.5506543297261},"median":{"confidence_interval":{"confidence_level":0.95,"lower_bound":5328488.3,"upper_bound":5330408.25},"point_estimate":5329568.25,"standard_error":513.0194441122032},"median_abs_dev":{"confidence_interval":{"confidence_level":0.95,"lower_bound":2275.790959596634,"upper_bound":3565.949456692018},"point_estimate":2965.1999473571777,"standard_error":326.87310078455766},"slope":null,"std_dev":{"confidence_interval":{"confidence_level":0.95,"lower_bound":2702.797464492587,"upper_bound":5598.158874241556},"point_estimate":4037.0175373001125,"standard_error":835.6328161477993}}