{"mean":{"confidence_interval":{"confidence_level":0.95,"lower_bound":1858186.6028400392,"upper_bound":1862890.8960829782},"point_estimate":1860278.248668491,"standard_error":1209.5088709714444},"median":{"confidence_interval":{"confidence_level":0.95,"lower_bound":1856712.0,"upper_bound":1858420.7142857143},"point_estimate":1857244.012345679,"standard_error":443.7694962940065},"median_abs_dev":{"confidence_interval":{"confidence_level":0.95,"lower_bound":2154.534597445025,"upper_bound":3433.449497044024},"point_estimate":2885.991701549208,"standard_error":331.63929330633766},"slope":{"confidence_interval":{"confidence_level":0.95,"lower_bound":1858638.2839562215,"upper_bound":1863385.2182696534},"point_estimate":1860803.2983419537,"standard_error":1217.6872204403955},"std_dev":{"confidence_interval":{"confidence_level":0.95,"lower_bound":5489.96593254625,"upper_bound":17451.950064817593},"point_estimate":12191.000609549545,"standard_error":3024.351210091406}}