{"mean":{"confidence_interval":{"confidence_level":0.95,"lower_bound":1856818.747811349,"upper_bound":1859493.5135005126},"point_estimate":1857907.8475118245,"standard_error":699.9429869892024},"median":{"confidence_interval":{"confidence_level":0.95,"lower_bound":1856346.04,"upper_bound":1857550.0},"point_estimate":1856825.9591694537,"standard_error":337.13855152123506},"median_abs_dev":{"confidence_interval":{"confidence_level":0.95,"lower_bound":1764.245942382705,"upper_bound":3063.0447098617533},"point_estimate":2344.4145366630046,"standard_error":325.572224855994},"slope":{"confidence_interval":{"confidence_level":0.95,"lower_bound":1856609.3386850539,"upper_bound":1857746.8182578497},"point_estimate":1857184.5291236886,"standard_error":289.7251783878775},"std_dev":{"confidence_interval":{"confidence_level":0.95,"lower_bound":2600.381579525373,"upper_bound":11266.832407766924},"point_estimate":7016.702656859588,"standard_error":2789.477268201517}}