{"mean":{"confidence_interval":{"confidence_level":0.95,"lower_bound":1872519.8301234597,"upper_bound":1884517.0765972482},"point_estimate":1877474.122367228,"standard_error":3133.351189219547},"median":{"confidence_interval":{"confidence_level":0.95,"lower_bound":1870784.8399579143,"upper_bound":1872312.328674565},"point_estimate":1871503.1507815479,"standard_error":434.21349048783355},"median_abs_dev":{"confidence_interval":{"confidence_level":0.95,"lower_bound":2116.327455457604,"upper_bound":3748.1086740220308},"point_estimate":3037.006188414199,"standard_error":416.5060989825861},"slope":{"confidence_interval":{"confidence_level":0.95,"lower_bound":1870867.9366555489,"upper_bound":1874962.0327001861},"point_estimate":1872319.0002837298,"standard_error":1111.2169090072175},"std_dev":{"confidence_interval":{"confidence_level":0.95,"lower_bound":5576.8541194057525,"upper_bound":50141.80432313887},"point_estimate":31527.28687925506,"standard_error":12019.106486167513}}