{"mean":{"confidence_interval":{"confidence_level":0.95,"lower_bound":2535661.0408875,"upper_bound":2560532.399949998},"point_estimate":2547896.1424999996,"standard_error":6373.245879933813},"median":{"confidence_interval":{"confidence_level":0.95,"lower_bound":2513275.8,"upper_bound":2561909.4},"point_estimate":2528381.85,"standard_error":12471.539572551317},"median_abs_dev":{"confidence_interval":{"confidence_level":0.95,"lower_bound":45107.47594743217,"upper_bound":85655.6743551823},"point_estimate":63704.46686401957,"standard_error":9732.36259707454},"slope":null,"std_dev":{"confidence_interval":{"confidence_level":0.95,"lower_bound":56443.41719336283,"upper_bound":71287.46427290986},"point_estimate":64299.75350631681,"standard_error":3773.984529698529}}