{"mean":{"confidence_interval":{"confidence_level":0.95,"lower_bound":2689602.861802632,"upper_bound":2690572.944486843},"point_estimate":2690067.4126315797,"standard_error":247.61669175335513},"median":{"confidence_interval":{"confidence_level":0.95,"lower_bound":2688982.263157895,"upper_bound":2689921.6842105263},"point_estimate":2689542.421052632,"standard_error":252.15728154683103},"median_abs_dev":{"confidence_interval":{"confidence_level":0.95,"lower_bound":1334.4180078878378,"upper_bound":2259.053186209833},"point_estimate":1833.273883242992,"standard_error":242.49657162466454},"slope":null,"std_dev":{"confidence_interval":{"confidence_level":0.95,"lower_bound":1979.763357944562,"upper_bound":2933.3932565273635},"point_estimate":2484.4476836684753,"standard_error":243.6061551128965}}