{"mean":{"confidence_interval":{"confidence_level":0.95,"lower_bound":1905869.4591157848,"upper_bound":1911349.0032938428},"point_estimate":1908103.7388978293,"standard_error":1436.5508304905825},"median":{"confidence_interval":{"confidence_level":0.95,"lower_bound":1904662.4864864864,"upper_bound":1906377.3023255814},"point_estimate":1905321.1804276316,"standard_error":443.21317897807495},"median_abs_dev":{"confidence_interval":{"confidence_level":0.95,"lower_bound":1776.0012279260895,"upper_bound":3646.2448498621043},"point_estimate":2848.124784051002,"standard_error":518.4732090933132},"slope":{"confidence_interval":{"confidence_level":0.95,"lower_bound":1905840.1300480934,"upper_bound":1907801.0073327934},"point_estimate":1906703.1889286241,"standard_error":502.33520403991963},"std_dev":{"confidence_interval":{"confidence_level":0.95,"lower_bound":3187.1595272739055,"upper_bound":23236.499737752893},"point_estimate":14420.885381616608,"standard_error":5701.1675585917155}}