{"mean":{"confidence_interval":{"confidence_level":0.95,"lower_bound":2623621.225325003,"upper_bound":2624736.249925003},"point_estimate":2624152.2880000025,"standard_error":283.4606645372694},"median":{"confidence_interval":{"confidence_level":0.95,"lower_bound":2623088.55,"upper_bound":2624048.55},"point_estimate":2623761.05,"standard_error":232.21480912472836},"median_abs_dev":{"confidence_interval":{"confidence_level":0.95,"lower_bound":1490.0871035453895,"upper_bound":2527.832955121994},"point_estimate":2160.963591634951,"standard_error":273.3015150454044},"slope":null,"std_dev":{"confidence_interval":{"confidence_level":0.95,"lower_bound":2036.1732391960222,"upper_bound":3586.6881229611017},"point_estimate":2841.539368615164,"standard_error":397.3293136954101}}