{"mean":{"confidence_interval":{"confidence_level":0.95,"lower_bound":3042168.5966176465,"upper_bound":3096623.920147057},"point_estimate":3068893.2223529406,"standard_error":13884.429235873627},"median":{"confidence_interval":{"confidence_level":0.95,"lower_bound":3004010.5,"upper_bound":3077711.117647059},"point_estimate":3038978.382352941,"standard_error":19017.32886944768},"median_abs_dev":{"confidence_interval":{"confidence_level":0.95,"lower_bound":96011.84758647832,"upper_bound":176313.1457677578},"point_estimate":142225.597445579,"standard_error":20477.171898988414},"slope":null,"std_dev":{"confidence_interval":{"confidence_level":0.95,"lower_bound":116383.49618952611,"upper_bound":162241.27015423338},"point_estimate":139344.4866866837,"standard_error":11741.999206658958}}