{"mean":{"confidence_interval":{"confidence_level":0.95,"lower_bound":-0.0030286408580880216,"upper_bound":-0.0011074159147916906},"point_estimate":-0.002058968013939344,"standard_error":0.00048664008409051335},"median":{"confidence_interval":{"confidence_level":0.95,"lower_bound":-0.00227676163753876,"upper_bound":-0.0013452273355987199},"point_estimate":-0.0017263596419602178,"standard_error":0.00024259256086204924}}