{"mean":{"confidence_interval":{"confidence_level":0.95,"lower_bound":0.002245593035041571,"upper_bound":0.003527905760794664},"point_estimate":0.0028881005395762216,"standard_error":0.0003300921192569845},"median":{"confidence_interval":{"confidence_level":0.95,"lower_bound":0.002238107857542193,"upper_bound":0.0035390091336851004},"point_estimate":0.0028470708248446996,"standard_error":0.00032923625590266283}}