{"mean":{"confidence_interval":{"confidence_level":0.95,"lower_bound":0.00008234396206296957,"upper_bound":0.0009040837234443531},"point_estimate":0.000468660730054804,"standard_error":0.0002127243785600561},"median":{"confidence_interval":{"confidence_level":0.95,"lower_bound":-0.00013380255716466394,"upper_bound":0.0007691913552534402},"point_estimate":0.0003224816955502696,"standard_error":0.00022724375756032796}}