{"mean":{"confidence_interval":{"confidence_level":0.95,"lower_bound":-0.00005352790081784286,"upper_bound":0.0016728677314586098},"point_estimate":0.000712381350335578,"standard_error":0.0004274540360663953},"median":{"confidence_interval":{"confidence_level":0.95,"lower_bound":-0.000212022996532224,"upper_bound":0.00032161092480409437},"point_estimate":0.00011719281939592818,"standard_error":0.000138408165469473}}