{"mean":{"confidence_interval":{"confidence_level":0.95,"lower_bound":-0.0006582249305286863,"upper_bound":0.0008772523024582034},"point_estimate":0.00011864090459967613,"standard_error":0.0003931336039336786},"median":{"confidence_interval":{"confidence_level":0.95,"lower_bound":-0.00031739026970357655,"upper_bound":0.00036085534318196493},"point_estimate":-0.000039482502012022636,"standard_error":0.00017266768036302183}}