{"mean":{"confidence_interval":{"confidence_level":0.95,"lower_bound":0.0003906951934997407,"upper_bound":0.002089443249147632},"point_estimate":0.0012999459908256128,"standard_error":0.00043083166930039},"median":{"confidence_interval":{"confidence_level":0.95,"lower_bound":0.0008941719212746447,"upper_bound":0.001966048467516862},"point_estimate":0.001370383891885485,"standard_error":0.00028071290835642666}}