{"mean":{"confidence_interval":{"confidence_level":0.95,"lower_bound":-0.00098150496270403,"upper_bound":0.0014989266317517735},"point_estimate":0.00015652823995404574,"standard_error":0.000606745673806325},"median":{"confidence_interval":{"confidence_level":0.95,"lower_bound":-0.0006016130940739162,"upper_bound":0.0002981168750830765},"point_estimate":-0.00016289014203474395,"standard_error":0.00023100367485245798}}