{"mean":{"confidence_interval":{"confidence_level":0.95,"lower_bound":-0.0003754741283929713,"upper_bound":0.0028624728732973706},"point_estimate":0.0011865482964685814,"standard_error":0.0008191900332724032},"median":{"confidence_interval":{"confidence_level":0.95,"lower_bound":0.0003277801246766021,"upper_bound":0.0009633929234778016},"point_estimate":0.0006618637453659204,"standard_error":0.0001544363554534908}}