{"mean":{"confidence_interval":{"confidence_level":0.95,"lower_bound":-0.0011203327979502238,"upper_bound":0.001433695068081391},"point_estimate":-0.000020693555356054993,"standard_error":0.0006510346832062962},"median":{"confidence_interval":{"confidence_level":0.95,"lower_bound":-0.0008448686275663864,"upper_bound":-0.00009951588493029018},"point_estimate":-0.000390145258233221,"standard_error":0.00018640629201907403}}