{"mean":{"confidence_interval":{"confidence_level":0.95,"lower_bound":0.0001464419587158263,"upper_bound":0.000930775664997896},"point_estimate":0.0005520460068320077,"standard_error":0.00019921027675622824},"median":{"confidence_interval":{"confidence_level":0.95,"lower_bound":0.00034394017451333525,"upper_bound":0.0011366747412484557},"point_estimate":0.0008726595744081855,"standard_error":0.00020490690292236988}}