{"mean":{"confidence_interval":{"confidence_level":0.95,"lower_bound":6794.652574957229,"upper_bound":6822.170385722711},"point_estimate":6807.88233249324,"standard_error":7.005712607461855},"median":{"confidence_interval":{"confidence_level":0.95,"lower_bound":6788.822222222222,"upper_bound":6817.381578947368},"point_estimate":6804.3984929078015,"standard_error":7.084346561729336},"median_abs_dev":{"confidence_interval":{"confidence_level":0.95,"lower_bound":40.1938589114158,"upper_bound":60.23041277093442},"point_estimate":49.58676160447496,"standard_error":5.208743080659344},"slope":{"confidence_interval":{"confidence_level":0.95,"lower_bound":6788.527003062562,"upper_bound":6811.587644222131},"point_estimate":6799.902250135461,"standard_error":5.909858236802228},"std_dev":{"confidence_interval":{"confidence_level":0.95,"lower_bound":48.83554625964568,"upper_bound":91.26977669136083},"point_estimate":70.71774166839396,"standard_error":10.988408802808006}}