{"mean":{"confidence_interval":{"confidence_level":0.95,"lower_bound":152611.76699107635,"upper_bound":152911.6275188332},"point_estimate":152761.52878727508,"standard_error":76.11489563726582},"median":{"confidence_interval":{"confidence_level":0.95,"lower_bound":152452.4802631579,"upper_bound":153019.13007575757},"point_estimate":152728.91890756303,"standard_error":137.48807132717494},"median_abs_dev":{"confidence_interval":{"confidence_level":0.95,"lower_bound":737.0002845532836,"upper_bound":1090.5709894150082},"point_estimate":1007.9026304016157,"standard_error":90.02480478821252},"slope":{"confidence_interval":{"confidence_level":0.95,"lower_bound":152813.17785688912,"upper_bound":153163.70245939813},"point_estimate":153001.12465789862,"standard_error":89.63335315066426},"std_dev":{"confidence_interval":{"confidence_level":0.95,"lower_bound":686.6217186302033,"upper_bound":833.9011503617252},"point_estimate":764.6534886266078,"standard_error":37.46960516645131}}