{"mean":{"confidence_interval":{"confidence_level":0.95,"lower_bound":6711.5327191019915,"upper_bound":6738.806984972437},"point_estimate":6724.737207213483,"standard_error":6.987780987551748},"median":{"confidence_interval":{"confidence_level":0.95,"lower_bound":6704.747026169706,"upper_bound":6729.213675213675},"point_estimate":6722.917735042734,"standard_error":7.2320155831532436},"median_abs_dev":{"confidence_interval":{"confidence_level":0.95,"lower_bound":44.463245769465686,"upper_bound":75.7336886316547},"point_estimate":60.23244756722547,"standard_error":7.956445750560602},"slope":{"confidence_interval":{"confidence_level":0.95,"lower_bound":6705.378546278821,"upper_bound":6745.18293026271},"point_estimate":6724.169616123495,"standard_error":10.195758017807153},"std_dev":{"confidence_interval":{"confidence_level":0.95,"lower_bound":53.88669365218331,"upper_bound":86.19991456998619},"point_estimate":70.44530652404518,"standard_error":8.292378169582607}}