{"mean":{"confidence_interval":{"confidence_level":0.95,"lower_bound":6649.157011829997,"upper_bound":6670.152136197429},"point_estimate":6659.372388337605,"standard_error":5.353566071474125},"median":{"confidence_interval":{"confidence_level":0.95,"lower_bound":6635.96435272045,"upper_bound":6665.879658947455},"point_estimate":6644.698235269605,"standard_error":7.6998360793799705},"median_abs_dev":{"confidence_interval":{"confidence_level":0.95,"lower_bound":34.03655561950627,"upper_bound":53.76304762492162},"point_estimate":43.71378289219876,"standard_error":4.9483901108379404},"slope":{"confidence_interval":{"confidence_level":0.95,"lower_bound":6664.461143826221,"upper_bound":6692.311378092848},"point_estimate":6678.48600334201,"standard_error":7.118526228169495},"std_dev":{"confidence_interval":{"confidence_level":0.95,"lower_bound":42.86130923099091,"upper_bound":64.14145863098233},"point_estimate":53.95362112950947,"standard_error":5.445598608644229}}