{"mean":{"confidence_interval":{"confidence_level":0.95,"lower_bound":25482.920581887734,"upper_bound":25517.90546319319},"point_estimate":25499.653920104425,"standard_error":8.957415818697642},"median":{"confidence_interval":{"confidence_level":0.95,"lower_bound":25481.237781954886,"upper_bound":25501.898564593303},"point_estimate":25489.538894095596,"standard_error":4.705783901123567},"median_abs_dev":{"confidence_interval":{"confidence_level":0.95,"lower_bound":31.53583454502658,"upper_bound":74.26590368151737},"point_estimate":48.81465804428993,"standard_error":11.010950149012466},"slope":{"confidence_interval":{"confidence_level":0.95,"lower_bound":25496.587169113172,"upper_bound":25525.71004808716},"point_estimate":25510.09509759931,"standard_error":7.444777758272406},"std_dev":{"confidence_interval":{"confidence_level":0.95,"lower_bound":67.23161619415328,"upper_bound":110.72296625812908},"point_estimate":89.96935707573877,"standard_error":11.155672174320381}}