{"mean":{"confidence_interval":{"confidence_level":0.95,"lower_bound":25520.89584495134,"upper_bound":25727.08532990597},"point_estimate":25604.423002325784,"standard_error":54.067741382845085},"median":{"confidence_interval":{"confidence_level":0.95,"lower_bound":25484.840909090908,"upper_bound":25520.052030947776},"point_estimate":25500.790640394087,"standard_error":8.212040064264515},"median_abs_dev":{"confidence_interval":{"confidence_level":0.95,"lower_bound":45.45957796154276,"upper_bound":89.42926186059131},"point_estimate":65.07747429919038,"standard_error":10.786018004749055},"slope":{"confidence_interval":{"confidence_level":0.95,"lower_bound":25536.012702627595,"upper_bound":25744.986286817373},"point_estimate":25613.851859424747,"standard_error":56.019072833750826},"std_dev":{"confidence_interval":{"confidence_level":0.95,"lower_bound":115.27558542448357,"upper_bound":880.1772706615789},"point_estimate":543.755796067851,"standard_error":216.66288485804046}}