{"mean":{"confidence_interval":{"confidence_level":0.95,"lower_bound":33555.946750965726,"upper_bound":33600.44609452292},"point_estimate":33576.79665563115,"standard_error":11.378870903277681},"median":{"confidence_interval":{"confidence_level":0.95,"lower_bound":33539.2475,"upper_bound":33582.78192401961},"point_estimate":33549.15318627451,"standard_error":12.398805646501827},"median_abs_dev":{"confidence_interval":{"confidence_level":0.95,"lower_bound":55.1731192276335,"upper_bound":89.49370551457072},"point_estimate":73.68374603705269,"standard_error":9.107072513643356},"slope":{"confidence_interval":{"confidence_level":0.95,"lower_bound":33560.82162338067,"upper_bound":33588.11722358762},"point_estimate":33574.50914339195,"standard_error":6.952013103199498},"std_dev":{"confidence_interval":{"confidence_level":0.95,"lower_bound":72.81558996182244,"upper_bound":148.65954226997687},"point_estimate":113.98340117513746,"standard_error":18.93448035724515}}