{"mean":{"confidence_interval":{"confidence_level":0.95,"lower_bound":6736.113503320555,"upper_bound":6760.655199929494},"point_estimate":6748.2594407085235,"standard_error":6.2535740787460865},"median":{"confidence_interval":{"confidence_level":0.95,"lower_bound":6738.386446886447,"upper_bound":6761.277768742885},"point_estimate":6748.191576381365,"standard_error":6.108946913258109},"median_abs_dev":{"confidence_interval":{"confidence_level":0.95,"lower_bound":36.10826190522768,"upper_bound":62.63511211466062},"point_estimate":49.57461493747529,"standard_error":6.55998446274692},"slope":{"confidence_interval":{"confidence_level":0.95,"lower_bound":6722.969513357503,"upper_bound":6758.094578797199},"point_estimate":6739.143590501415,"standard_error":8.976585758145527},"std_dev":{"confidence_interval":{"confidence_level":0.95,"lower_bound":50.38149720759451,"upper_bound":75.28819988704531},"point_estimate":62.98947376575042,"standard_error":6.383971419415616}}