{"mean":{"confidence_interval":{"confidence_level":0.95,"lower_bound":27886.497597379082,"upper_bound":27912.874777506462},"point_estimate":27897.001586605933,"standard_error":6.965492802801593},"median":{"confidence_interval":{"confidence_level":0.95,"lower_bound":27882.90567052143,"upper_bound":27893.34457571138},"point_estimate":27888.156833997968,"standard_error":2.9282744247471233},"median_abs_dev":{"confidence_interval":{"confidence_level":0.95,"lower_bound":14.52728837417303,"upper_bound":26.789312150657977},"point_estimate":20.0953503742292,"standard_error":3.0910256032025467},"slope":{"confidence_interval":{"confidence_level":0.95,"lower_bound":27886.863936238962,"upper_bound":27898.391379028242},"point_estimate":27892.34512585587,"standard_error":2.939956511661988},"std_dev":{"confidence_interval":{"confidence_level":0.95,"lower_bound":23.396768999100185,"upper_bound":115.20763804936972},"point_estimate":70.44644637575828,"standard_error":30.56003935547884}}