{"mean":{"confidence_interval":{"confidence_level":0.95,"lower_bound":25500.357448309365,"upper_bound":25542.990027162683},"point_estimate":25520.726439784612,"standard_error":10.877538899966755},"median":{"confidence_interval":{"confidence_level":0.95,"lower_bound":25482.80876068376,"upper_bound":25508.79618128964},"point_estimate":25490.884476584022,"standard_error":6.8929840300583765},"median_abs_dev":{"confidence_interval":{"confidence_level":0.95,"lower_bound":38.66739938709676,"upper_bound":75.59989535406325},"point_estimate":54.74582666723761,"standard_error":9.422003548612643},"slope":{"confidence_interval":{"confidence_level":0.95,"lower_bound":25516.537641781004,"upper_bound":25575.03344560245},"point_estimate":25543.57429235461,"standard_error":14.997304996269099},"std_dev":{"confidence_interval":{"confidence_level":0.95,"lower_bound":83.31403556301343,"upper_bound":132.29912356045608},"point_estimate":109.74461073946283,"standard_error":12.56273066796245}}