{"mean":{"confidence_interval":{"confidence_level":0.95,"lower_bound":136111.87392570745,"upper_bound":137566.27636282612},"point_estimate":136818.82790194944,"standard_error":370.75282056926585},"median":{"confidence_interval":{"confidence_level":0.95,"lower_bound":134719.0,"upper_bound":137640.36426401546},"point_estimate":136085.09134615384,"standard_error":730.7224977486206},"median_abs_dev":{"confidence_interval":{"confidence_level":0.95,"lower_bound":2815.278250942668,"upper_bound":4598.339837056326},"point_estimate":3899.978529363317,"standard_error":429.1352143727475},"slope":{"confidence_interval":{"confidence_level":0.95,"lower_bound":137500.7585158173,"upper_bound":138715.6841101302},"point_estimate":138111.58587705038,"standard_error":309.7410629817672},"std_dev":{"confidence_interval":{"confidence_level":0.95,"lower_bound":3099.7385222642865,"upper_bound":4243.533509735859},"point_estimate":3703.5843485652163,"standard_error":291.6564346363343}}