{"mean":{"confidence_interval":{"confidence_level":0.95,"lower_bound":6564.629976108713,"upper_bound":6603.515672270524},"point_estimate":6581.796086359445,"standard_error":9.990006103004863},"median":{"confidence_interval":{"confidence_level":0.95,"lower_bound":6554.3877764127765,"upper_bound":6567.506043956044},"point_estimate":6562.268472222222,"standard_error":3.385421241995982},"median_abs_dev":{"confidence_interval":{"confidence_level":0.95,"lower_bound":24.695100471319797,"upper_bound":52.06393083347119},"point_estimate":33.36153396911784,"standard_error":7.263293860625957},"slope":{"confidence_interval":{"confidence_level":0.95,"lower_bound":6561.132632180154,"upper_bound":6600.20899883622},"point_estimate":6576.0095197280925,"standard_error":10.349776565153327},"std_dev":{"confidence_interval":{"confidence_level":0.95,"lower_bound":44.17178643901601,"upper_bound":150.82548257647156},"point_estimate":100.50671151023032,"standard_error":28.519731093364758}}