{"mean":{"confidence_interval":{"confidence_level":0.95,"lower_bound":25521.515806175947,"upper_bound":25560.970383103406},"point_estimate":25540.534169597333,"standard_error":10.11827484674419},"median":{"confidence_interval":{"confidence_level":0.95,"lower_bound":25512.6643412737,"upper_bound":25530.214876033056},"point_estimate":25520.794760611563,"standard_error":4.463532152574024},"median_abs_dev":{"confidence_interval":{"confidence_level":0.95,"lower_bound":32.24204724061509,"upper_bound":70.02789561778236},"point_estimate":48.09447591705693,"standard_error":9.72790507609249},"slope":{"confidence_interval":{"confidence_level":0.95,"lower_bound":25531.473422129406,"upper_bound":25583.196044758177},"point_estimate":25555.441585770517,"standard_error":13.239082734214652},"std_dev":{"confidence_interval":{"confidence_level":0.95,"lower_bound":78.30544639303923,"upper_bound":121.38004911812986},"point_estimate":101.6806532227499,"standard_error":11.002013657087536}}