{"mean":{"confidence_interval":{"confidence_level":0.95,"lower_bound":6570.583164370139,"upper_bound":6600.3261316567505},"point_estimate":6584.416172057056,"standard_error":7.593776562203905},"median":{"confidence_interval":{"confidence_level":0.95,"lower_bound":6553.51304347826,"upper_bound":6573.877777777778},"point_estimate":6564.317499580748,"standard_error":5.4070517590709315},"median_abs_dev":{"confidence_interval":{"confidence_level":0.95,"lower_bound":29.99281666264355,"upper_bound":53.709243213136155},"point_estimate":42.314494017409835,"standard_error":5.937399018479033},"slope":{"confidence_interval":{"confidence_level":0.95,"lower_bound":6566.138001182143,"upper_bound":6588.446828203543},"point_estimate":6576.420343135806,"standard_error":5.717064627387262},"std_dev":{"confidence_interval":{"confidence_level":0.95,"lower_bound":50.84832979029101,"upper_bound":99.5637766610508},"point_estimate":76.45426525418466,"standard_error":12.483011077648072}}