{"mean":{"confidence_interval":{"confidence_level":0.95,"lower_bound":27958.327921894797,"upper_bound":27979.991248762402},"point_estimate":27968.53354854863,"standard_error":5.538164522302353},"median":{"confidence_interval":{"confidence_level":0.95,"lower_bound":27951.949494949495,"upper_bound":27965.33451536643},"point_estimate":27957.68002395927,"standard_error":3.3960814077312853},"median_abs_dev":{"confidence_interval":{"confidence_level":0.95,"lower_bound":25.03093340579759,"upper_bound":47.75342115864679},"point_estimate":35.99855578286299,"standard_error":5.884026501623215},"slope":{"confidence_interval":{"confidence_level":0.95,"lower_bound":27960.904869362486,"upper_bound":27978.722231694974},"point_estimate":27969.321514211122,"standard_error":4.529352170652945},"std_dev":{"confidence_interval":{"confidence_level":0.95,"lower_bound":37.976268027067725,"upper_bound":72.07154756863783},"point_estimate":55.44091901115827,"standard_error":8.813812083499526}}