{"mean":{"confidence_interval":{"confidence_level":0.95,"lower_bound":6682.603011937945,"upper_bound":6709.267086537774},"point_estimate":6695.631823600058,"standard_error":6.815280064155237},"median":{"confidence_interval":{"confidence_level":0.95,"lower_bound":6673.039831552622,"upper_bound":6711.742723021081},"point_estimate":6698.804487179487,"standard_error":8.622301052173826},"median_abs_dev":{"confidence_interval":{"confidence_level":0.95,"lower_bound":48.29211454943588,"upper_bound":77.53253495828412},"point_estimate":65.3233463834667,"standard_error":7.381871409689138},"slope":{"confidence_interval":{"confidence_level":0.95,"lower_bound":6670.238600243825,"upper_bound":6708.960205746867},"point_estimate":6687.908499619192,"standard_error":9.885908386405555},"std_dev":{"confidence_interval":{"confidence_level":0.95,"lower_bound":54.87592519031989,"upper_bound":81.56208795113788},"point_estimate":68.57911128411395,"standard_error":6.856589277029808}}