{"mean":{"confidence_interval":{"confidence_level":0.95,"lower_bound":6557.449716549984,"upper_bound":6601.850038519111},"point_estimate":6577.14458101668,"standard_error":11.421232561324915},"median":{"confidence_interval":{"confidence_level":0.95,"lower_bound":6538.576086956522,"upper_bound":6562.027035651408},"point_estimate":6552.116171328671,"standard_error":5.568360667564555},"median_abs_dev":{"confidence_interval":{"confidence_level":0.95,"lower_bound":31.909968876279933,"upper_bound":58.360431774151685},"point_estimate":43.489093534891055,"standard_error":6.728590324509379},"slope":{"confidence_interval":{"confidence_level":0.95,"lower_bound":6560.464788841385,"upper_bound":6610.828041613603},"point_estimate":6582.689098862125,"standard_error":12.973397288438198},"std_dev":{"confidence_interval":{"confidence_level":0.95,"lower_bound":53.92593511084206,"upper_bound":169.4655563783303},"point_estimate":114.94262691050854,"standard_error":30.46842869923601}}