{"mean":{"confidence_interval":{"confidence_level":0.95,"lower_bound":6765.17032638098,"upper_bound":6795.6819167739395},"point_estimate":6779.826474558504,"standard_error":7.775771206448486},"median":{"confidence_interval":{"confidence_level":0.95,"lower_bound":6756.112942612943,"upper_bound":6777.0766299249535},"point_estimate":6768.828679163973,"standard_error":5.390315143192976},"median_abs_dev":{"confidence_interval":{"confidence_level":0.95,"lower_bound":41.73586481329814,"upper_bound":65.74099076099756},"point_estimate":54.59532767127181,"standard_error":5.884598927577497},"slope":{"confidence_interval":{"confidence_level":0.95,"lower_bound":6753.847735506656,"upper_bound":6781.775509383698},"point_estimate":6767.008992281548,"standard_error":7.110277313525363},"std_dev":{"confidence_interval":{"confidence_level":0.95,"lower_bound":58.9007963935507,"upper_bound":96.91660121194657},"point_estimate":77.9909488361899,"standard_error":9.843164823030344}}