{"mean":{"confidence_interval":{"confidence_level":0.95,"lower_bound":27984.387638210857,"upper_bound":28003.02307639856},"point_estimate":27993.499302875083,"standard_error":4.755906948238985},"median":{"confidence_interval":{"confidence_level":0.95,"lower_bound":27975.77160218254,"upper_bound":27997.938271604937},"point_estimate":27986.05664983165,"standard_error":6.030909149016781},"median_abs_dev":{"confidence_interval":{"confidence_level":0.95,"lower_bound":31.986995726524782,"upper_bound":52.429090072981985},"point_estimate":41.91989887263092,"standard_error":5.1394739084509},"slope":{"confidence_interval":{"confidence_level":0.95,"lower_bound":27984.261688801427,"upper_bound":28005.934058608254},"point_estimate":27995.006709029112,"standard_error":5.516582803304724},"std_dev":{"confidence_interval":{"confidence_level":0.95,"lower_bound":38.99230344274353,"upper_bound":55.96839553966655},"point_estimate":47.75561641659127,"standard_error":4.338040947534093}}