{"mean":{"confidence_interval":{"confidence_level":0.95,"lower_bound":27696.482388365934,"upper_bound":27846.351552407654},"point_estimate":27775.330148012377,"standard_error":38.41445194384524},"median":{"confidence_interval":{"confidence_level":0.95,"lower_bound":27874.548128342245,"upper_bound":27896.367424242424},"point_estimate":27881.854706614897,"standard_error":4.927581158997196},"median_abs_dev":{"confidence_interval":{"confidence_level":0.95,"lower_bound":46.523692718264186,"upper_bound":79.47297766502952},"point_estimate":61.224639822135536,"standard_error":8.20328524767178},"slope":{"confidence_interval":{"confidence_level":0.95,"lower_bound":27411.173854303106,"upper_bound":27749.435691170653},"point_estimate":27577.539290406654,"standard_error":86.49600251876006},"std_dev":{"confidence_interval":{"confidence_level":0.95,"lower_bound":272.8682697883241,"upper_bound":471.9793985264085},"point_estimate":386.0979273350379,"standard_error":50.67023478191182}}