{"mean":{"confidence_interval":{"confidence_level":0.95,"lower_bound":27889.915918557483,"upper_bound":27924.832497692343},"point_estimate":27904.877567170326,"standard_error":9.022558184273523},"median":{"confidence_interval":{"confidence_level":0.95,"lower_bound":27879.01204819277,"upper_bound":27893.95795795796},"point_estimate":27884.899921197793,"standard_error":4.108072798831073},"median_abs_dev":{"confidence_interval":{"confidence_level":0.95,"lower_bound":34.78097171584799,"upper_bound":56.92487004096602},"point_estimate":46.044430145512216,"standard_error":5.800900274381498},"slope":{"confidence_interval":{"confidence_level":0.95,"lower_bound":27877.603924836923,"upper_bound":27894.82202456976},"point_estimate":27885.86894898445,"standard_error":4.404751617900251},"std_dev":{"confidence_interval":{"confidence_level":0.95,"lower_bound":43.34976473571287,"upper_bound":140.67310467107802},"point_estimate":90.83799226784478,"standard_error":30.866315967721878}}