{"mean":{"confidence_interval":{"confidence_level":0.95,"lower_bound":27176.087645182302,"upper_bound":27214.859145691284},"point_estimate":27194.835716680413,"standard_error":9.890640065126457},"median":{"confidence_interval":{"confidence_level":0.95,"lower_bound":27171.162190082643,"upper_bound":27215.772727272728},"point_estimate":27190.733197358197,"standard_error":11.597343490842407},"median_abs_dev":{"confidence_interval":{"confidence_level":0.95,"lower_bound":58.33047638213264,"upper_bound":101.20564407953077},"point_estimate":78.32611254391101,"standard_error":10.89106181783579},"slope":{"confidence_interval":{"confidence_level":0.95,"lower_bound":27189.87592816573,"upper_bound":27216.118106556776},"point_estimate":27203.208243481065,"standard_error":6.681421948693655},"std_dev":{"confidence_interval":{"confidence_level":0.95,"lower_bound":74.50009451075039,"upper_bound":123.8533378201314},"point_estimate":99.59163452739489,"standard_error":12.653705543816057}}