{"mean":{"confidence_interval":{"confidence_level":0.95,"lower_bound":6789.284484614581,"upper_bound":6825.029799550527},"point_estimate":6806.6502851422665,"standard_error":9.142796484955474},"median":{"confidence_interval":{"confidence_level":0.95,"lower_bound":6787.467948717948,"upper_bound":6816.400495231108},"point_estimate":6802.690728557505,"standard_error":8.19842835738101},"median_abs_dev":{"confidence_interval":{"confidence_level":0.95,"lower_bound":66.26485410273303,"upper_bound":106.07551756122655},"point_estimate":86.57648687670371,"standard_error":10.083280419808553},"slope":{"confidence_interval":{"confidence_level":0.95,"lower_bound":6814.515919461987,"upper_bound":6851.0527701533465},"point_estimate":6832.806074577607,"standard_error":9.324492691165277},"std_dev":{"confidence_interval":{"confidence_level":0.95,"lower_bound":71.52103506686409,"upper_bound":115.2309068748969},"point_estimate":91.84659226006188,"standard_error":11.58272046523132}}