{"mean":{"confidence_interval":{"confidence_level":0.95,"lower_bound":34511.63760046338,"upper_bound":34973.797612994196},"point_estimate":34738.69948998961,"standard_error":118.00638547423196},"median":{"confidence_interval":{"confidence_level":0.95,"lower_bound":34396.90715654078,"upper_bound":34770.89166666667},"point_estimate":34537.196382080976,"standard_error":93.65670010493805},"median_abs_dev":{"confidence_interval":{"confidence_level":0.95,"lower_bound":588.0787122545576,"upper_bound":1043.133099473113},"point_estimate":829.6780970533408,"standard_error":122.5356891548521},"slope":{"confidence_interval":{"confidence_level":0.95,"lower_bound":34557.39239377972,"upper_bound":35035.703922168206},"point_estimate":34774.84574306684,"standard_error":121.79608845949012},"std_dev":{"confidence_interval":{"confidence_level":0.95,"lower_bound":902.5403095216035,"upper_bound":1468.6061248617755},"point_estimate":1190.9338079727893,"standard_error":145.7034004946392}}