{"mean":{"confidence_interval":{"confidence_level":0.95,"lower_bound":6531.648342722353,"upper_bound":6564.668242596344},"point_estimate":6546.018480065317,"standard_error":8.47000112358743},"median":{"confidence_interval":{"confidence_level":0.95,"lower_bound":6519.446396396396,"upper_bound":6540.429026217229},"point_estimate":6533.5559903381645,"standard_error":6.00688406474948},"median_abs_dev":{"confidence_interval":{"confidence_level":0.95,"lower_bound":31.06540251984172,"upper_bound":53.10517996751956},"point_estimate":42.250233278591246,"standard_error":5.844239104407228},"slope":{"confidence_interval":{"confidence_level":0.95,"lower_bound":6542.092047551308,"upper_bound":6581.034446106798},"point_estimate":6560.23033160928,"standard_error":9.997644953111218},"std_dev":{"confidence_interval":{"confidence_level":0.95,"lower_bound":41.58101538353646,"upper_bound":128.7639605888637},"point_estimate":85.3415673908067,"standard_error":25.13189482245647}}