{"mean":{"confidence_interval":{"confidence_level":0.95,"lower_bound":6659.3863214343655,"upper_bound":6683.527099680506},"point_estimate":6671.039089778864,"standard_error":6.170111029523037},"median":{"confidence_interval":{"confidence_level":0.95,"lower_bound":6652.710350015044,"upper_bound":6677.573426573426},"point_estimate":6672.700857623908,"standard_error":7.239735329170191},"median_abs_dev":{"confidence_interval":{"confidence_level":0.95,"lower_bound":38.208949330704904,"upper_bound":63.90663717981104},"point_estimate":51.62256391868108,"standard_error":6.4317140620717295},"slope":{"confidence_interval":{"confidence_level":0.95,"lower_bound":6682.084899537015,"upper_bound":6700.441678105977},"point_estimate":6691.51825669823,"standard_error":4.684098984389013},"std_dev":{"confidence_interval":{"confidence_level":0.95,"lower_bound":46.58615449515254,"upper_bound":80.58466394675533},"point_estimate":62.258069755201966,"standard_error":9.226163123322289}}