{"mean":{"confidence_interval":{"confidence_level":0.95,"lower_bound":6801.905784461575,"upper_bound":6845.839504596354},"point_estimate":6821.2656084627115,"standard_error":11.305218866387689},"median":{"confidence_interval":{"confidence_level":0.95,"lower_bound":6793.650124069479,"upper_bound":6825.574239713775},"point_estimate":6803.753983130272,"standard_error":8.991768867514127},"median_abs_dev":{"confidence_interval":{"confidence_level":0.95,"lower_bound":43.462892506855646,"upper_bound":71.76713949078339},"point_estimate":55.474943099715894,"standard_error":7.301735522142752},"slope":{"confidence_interval":{"confidence_level":0.95,"lower_bound":6785.995700146503,"upper_bound":6818.760268839359},"point_estimate":6801.561714428619,"standard_error":8.374090013720142},"std_dev":{"confidence_interval":{"confidence_level":0.95,"lower_bound":58.41144246446867,"upper_bound":170.6259403800568},"point_estimate":113.58222898638992,"standard_error":33.35959306419005}}