{"mean":{"confidence_interval":{"confidence_level":0.95,"lower_bound":6624.513992917253,"upper_bound":6665.211186485227},"point_estimate":6643.532195962663,"standard_error":10.409479536906588},"median":{"confidence_interval":{"confidence_level":0.95,"lower_bound":6606.766666666666,"upper_bound":6638.588},"point_estimate":6620.651069651742,"standard_error":7.80935413088636},"median_abs_dev":{"confidence_interval":{"confidence_level":0.95,"lower_bound":38.56065658515621,"upper_bound":69.7443779590759},"point_estimate":48.75124884379496,"standard_error":8.048500879644543},"slope":{"confidence_interval":{"confidence_level":0.95,"lower_bound":6633.361474775531,"upper_bound":6679.25578249583},"point_estimate":6653.905225062805,"standard_error":11.842132917739015},"std_dev":{"confidence_interval":{"confidence_level":0.95,"lower_bound":70.3361391154837,"upper_bound":137.41302926845492},"point_estimate":104.82664610754267,"standard_error":17.40516253737613}}