{"mean":{"confidence_interval":{"confidence_level":0.95,"lower_bound":25677.36399472162,"upper_bound":25737.261973396024},"point_estimate":25706.76713558222,"standard_error":15.259019313343588},"median":{"confidence_interval":{"confidence_level":0.95,"lower_bound":25672.044397463003,"upper_bound":25726.576467803032},"point_estimate":25707.984090909093,"standard_error":14.749149820084154},"median_abs_dev":{"confidence_interval":{"confidence_level":0.95,"lower_bound":83.32696133056763,"upper_bound":156.73189574422344},"point_estimate":115.62541537148367,"standard_error":19.218496605473014},"slope":{"confidence_interval":{"confidence_level":0.95,"lower_bound":25669.454680741805,"upper_bound":25719.305278736898},"point_estimate":25694.078411542647,"standard_error":12.681240580911878},"std_dev":{"confidence_interval":{"confidence_level":0.95,"lower_bound":126.42243495997614,"upper_bound":177.9082771480878},"point_estimate":153.29252987409035,"standard_error":13.115847711223212}}