{"mean":{"confidence_interval":{"confidence_level":0.95,"lower_bound":6751.8037746738655,"upper_bound":6803.5788267139515},"point_estimate":6775.782488050076,"standard_error":13.251594356918748},"median":{"confidence_interval":{"confidence_level":0.95,"lower_bound":6755.609334485739,"upper_bound":6791.093573093573},"point_estimate":6774.961436549672,"standard_error":9.047094757025418},"median_abs_dev":{"confidence_interval":{"confidence_level":0.95,"lower_bound":47.93872166023358,"upper_bound":96.78292600072412},"point_estimate":65.95747582098986,"standard_error":12.92945449407881},"slope":{"confidence_interval":{"confidence_level":0.95,"lower_bound":6732.164775840708,"upper_bound":6779.612495314788},"point_estimate":6753.772396812586,"standard_error":12.074211561926646},"std_dev":{"confidence_interval":{"confidence_level":0.95,"lower_bound":79.90024076311285,"upper_bound":183.97161324581737},"point_estimate":133.2733795455334,"standard_error":27.21333112519551}}